ride_id,vehicle_type,distance_km,duration_min,avg_speed_kmph,max_speed_kmph,battery_start_percent,battery_end_percent,sudden_stop_count,terrain_elevation_gain_m,temperature_c,rider_age_group,gps_signal_quality,incident_type
1,E-Scooter,4.49,29.33,11.07,11.42,67.0,51.2,1,87.3,27.3,18-25,0.721,Normal
2,E-Bike,0.61,5.3,11.28,17.18,86.6,84.8,2,2.5,19.0,18-25,0.873,Normal
3,E-Bike,5.05,22.46,14.94,20.26,24.7,6.4,1,12.0,18.8,26-35,0.759,Battery_Critical
4,E-Bike,1.81,11.04,10.82,13.04,29.2,26.6,0,58.3,25.4,18-25,0.785,Mechanical_Fault
5,E-Scooter,4.33,22.52,11.77,15.32,38.7,30.7,2,29.4,13.5,46-60,0.856,Hard_Braking
6,E-Scooter,3.97,16.58,16.58,23.43,35.4,13.9,0,12.5,27.4,26-35,0.987,Normal
7,E-Scooter,3.71,35.87,6.14,10.44,71.5,58.7,2,1.5,35.1,36-45,0.748,Normal
8,E-Scooter,7.15,40.97,12.38,19.34,33.6,14.0,0,9.2,27.7,36-45,0.685,Normal
9,E-Scooter,1.72,3.39,21.49,23.92,73.8,68.5,1,0.9,26.4,36-45,0.785,Normal
10,E-Scooter,3.19,8.9,25.9,31.38,84.7,71.4,4,11.2,25.2,36-45,0.938,Hard_Braking
11,E-Bike,6.65,33.99,11.99,17.49,49.0,24.4,1,5.8,38.7,18-25,0.746,Battery_Critical
12,E-Scooter,2.56,5.64,18.13,24.76,58.1,51.3,1,25.0,25.1,26-35,0.816,Normal
13,E-Bike,3.96,21.66,10.9,14.68,20.3,14.9,1,6.4,28.6,46-60,0.607,Mechanical_Fault
14,E-Scooter,5.09,13.71,21.82,31.98,21.5,4.5,4,7.3,37.7,36-45,0.769,Battery_Critical
15,E-Scooter,3.46,15.03,13.31,18.19,83.8,68.4,1,25.1,19.1,46-60,0.874,Normal
16,E-Scooter,2.56,6.78,18.5,22.07,74.3,65.0,1,36.6,23.6,36-45,0.93,Mechanical_Fault
17,E-Scooter,3.0,8.5,18.31,20.25,88.4,84.3,1,28.2,33.7,26-35,0.944,Normal
18,E-Bike,1.43,4.18,11.98,20.66,99.2,94.0,0,5.9,27.8,18-25,0.733,Normal
19,E-Scooter,2.73,11.72,14.16,16.79,72.2,66.8,0,6.8,22.5,36-45,0.597,Normal
20,E-Bike,2.7,8.48,16.27,24.87,28.4,16.9,2,11.8,31.6,26-35,0.81,Hard_Braking
21,E-Bike,5.96,20.31,13.9,22.41,68.2,46.0,2,19.1,25.2,18-25,0.716,Hard_Braking
22,E-Scooter,5.55,26.78,15.32,19.63,97.2,82.0,0,37.4,30.4,18-25,0.903,Normal
23,E-Bike,2.03,4.08,16.41,27.47,54.8,43.5,3,48.2,18.6,60+,0.555,Hard_Braking
24,E-Bike,4.15,23.15,14.88,18.49,55.6,37.9,2,10.3,22.1,46-60,0.655,Normal
25,E-Scooter,2.02,13.66,17.29,17.46,67.6,62.2,2,11.4,31.6,18-25,0.954,Normal
26,E-Bike,2.14,5.93,12.43,14.85,98.9,85.3,0,22.0,24.2,26-35,0.728,Normal
27,E-Bike,3.14,14.52,16.4,23.58,26.2,19.7,0,37.3,7.8,18-25,0.86,Normal
28,E-Scooter,2.0,6.07,19.83,27.27,97.5,91.0,1,19.8,32.0,36-45,0.863,Hard_Braking
29,E-Bike,3.44,13.88,17.65,20.6,25.6,10.1,0,12.2,23.3,18-25,0.5,Battery_Critical
30,E-Bike,2.5,21.35,8.27,14.24,65.1,63.1,1,0.9,36.1,26-35,0.397,Improper_Parking
31,E-Bike,3.27,24.03,8.17,14.17,73.5,61.6,2,7.0,30.7,18-25,0.959,Normal
32,E-Scooter,2.93,11.77,16.65,20.22,69.8,55.3,1,24.1,24.4,26-35,0.746,Normal
33,E-Bike,5.14,26.65,11.42,12.2,73.2,53.9,2,16.1,20.4,26-35,0.757,Normal
34,E-Scooter,10.17,29.33,20.22,26.31,55.7,22.9,1,3.2,29.5,26-35,0.376,Improper_Parking
35,E-Scooter,6.64,17.91,20.35,22.85,72.1,55.8,1,97.7,26.7,36-45,0.712,Mechanical_Fault
36,E-Scooter,3.8,5.14,27.26,36.25,29.0,19.3,1,27.4,26.9,26-35,0.55,Battery_Critical
37,E-Scooter,1.25,2.0,18.06,26.2,49.0,50.3,2,1.7,38.5,26-35,0.801,Normal
38,E-Bike,6.62,38.08,13.55,16.01,94.0,73.4,1,42.0,12.0,36-45,0.946,Normal
39,E-Bike,6.7,25.52,13.64,15.56,47.3,27.3,1,1.7,27.0,18-25,0.666,Normal
40,E-Scooter,2.7,8.37,17.67,26.66,50.5,44.0,1,48.4,30.4,46-60,0.811,Normal
41,E-Scooter,2.46,8.02,14.13,16.02,96.6,82.1,2,9.1,25.7,46-60,0.709,Normal
42,E-Scooter,2.89,11.18,13.45,24.43,99.8,94.8,0,23.7,22.1,18-25,0.856,Mechanical_Fault
43,E-Bike,3.58,13.11,13.82,21.58,38.5,26.8,1,9.7,24.9,46-60,0.727,Normal
44,E-Scooter,1.36,3.39,15.45,19.87,55.3,52.6,2,22.4,33.1,36-45,0.768,Hard_Braking
45,E-Bike,0.59,2.75,12.24,19.64,35.7,37.6,3,36.9,5.3,46-60,0.81,Hard_Braking
46,E-Scooter,2.28,5.0,19.55,21.73,84.8,71.1,2,6.0,28.3,36-45,0.66,Hard_Braking
47,E-Bike,1.91,10.11,12.52,25.59,35.4,29.5,1,28.1,31.0,36-45,0.951,Normal
48,E-Bike,4.58,18.68,12.54,19.49,21.4,5.8,2,20.7,31.2,36-45,0.818,Battery_Critical
49,E-Scooter,2.0,5.95,17.15,22.16,77.4,71.2,0,1.2,21.1,18-25,0.879,Normal
50,E-Bike,1.18,2.0,14.53,17.59,67.8,66.4,1,33.8,27.1,18-25,0.686,Normal
51,E-Bike,3.07,18.84,12.37,20.93,27.5,7.3,1,29.5,27.9,18-25,0.784,Battery_Critical
52,E-Scooter,6.7,19.52,23.5,25.62,57.9,35.0,0,34.4,20.8,36-45,0.853,Normal
53,E-Scooter,2.15,11.92,13.2,17.88,90.5,84.7,3,19.7,26.4,36-45,0.875,Hard_Braking
54,E-Scooter,1.21,8.35,10.27,18.49,45.1,36.9,2,5.7,23.6,36-45,0.615,Normal
55,E-Scooter,3.27,7.35,21.48,28.31,86.6,81.1,0,1.2,12.2,26-35,0.839,Normal
56,E-Scooter,1.99,4.09,21.22,21.47,55.2,45.4,2,73.5,31.0,36-45,0.92,Normal
57,E-Scooter,5.54,39.64,8.74,18.67,42.0,23.0,1,15.7,8.9,26-35,0.801,Normal
58,E-Bike,10.4,42.44,14.86,17.62,83.6,59.3,1,44.3,26.7,18-25,0.612,Mechanical_Fault
59,E-Bike,0.66,2.0,10.48,11.09,26.0,15.8,0,9.0,21.7,46-60,0.82,Normal
60,E-Scooter,0.36,2.67,14.83,16.24,84.2,83.4,1,24.6,21.0,18-25,0.882,Mechanical_Fault
61,E-Bike,5.52,30.05,11.32,17.03,54.4,44.0,1,10.5,25.2,46-60,0.574,Normal
62,E-Scooter,2.68,13.81,11.08,20.99,49.8,37.9,2,13.3,21.0,46-60,0.82,Hard_Braking
63,E-Scooter,1.56,7.15,16.42,20.54,50.5,47.4,2,3.2,29.8,18-25,0.871,Hard_Braking
64,E-Scooter,1.65,4.82,16.02,18.38,60.0,47.6,1,53.0,18.3,36-45,0.646,Normal
65,E-Scooter,9.01,28.85,18.9,26.32,37.5,7.5,0,53.8,37.8,36-45,0.551,Battery_Critical
66,E-Bike,0.68,5.9,16.96,22.81,88.7,83.9,1,37.3,20.1,36-45,0.809,Normal
67,E-Scooter,1.22,2.0,20.71,25.27,91.4,92.2,4,14.9,33.6,18-25,0.815,Hard_Braking
68,E-Bike,1.15,7.13,13.32,17.49,56.7,47.5,2,6.8,14.5,36-45,0.725,Hard_Braking
69,E-Scooter,2.8,19.09,12.3,19.48,82.8,74.8,2,69.1,21.0,18-25,0.924,Mechanical_Fault
70,E-Bike,3.01,17.28,10.53,14.85,69.1,65.0,0,14.7,17.6,26-35,0.757,Normal
71,E-Scooter,6.3,20.47,19.5,25.63,51.6,33.5,1,37.7,36.4,26-35,0.714,Mechanical_Fault
72,E-Bike,2.58,9.13,15.18,17.9,52.0,41.6,0,2.3,30.3,18-25,0.715,Normal
73,E-Bike,2.46,16.17,9.26,19.75,57.0,51.1,1,18.4,42.0,18-25,0.917,Normal
74,E-Scooter,4.46,8.69,20.57,21.47,75.5,68.6,4,17.8,33.7,18-25,0.673,Hard_Braking
75,E-Scooter,3.9,10.06,21.3,27.62,98.6,88.3,0,18.8,15.2,36-45,0.632,Normal
76,E-Scooter,1.95,16.01,17.54,21.52,45.5,39.5,4,10.2,11.1,18-25,0.649,Improper_Parking
77,E-Bike,3.42,8.8,17.09,21.85,44.4,34.9,1,79.2,19.4,18-25,0.952,Mechanical_Fault
78,E-Scooter,7.07,26.14,17.53,26.29,68.3,53.8,0,25.7,20.7,26-35,0.852,Normal
79,E-Scooter,5.62,9.73,24.75,31.56,32.5,16.2,3,6.1,22.1,18-25,0.561,Hard_Braking
80,E-Scooter,3.01,5.06,17.61,23.1,99.8,92.2,2,11.7,25.7,36-45,0.634,Battery_Critical
81,E-Scooter,3.82,13.71,14.7,18.3,84.5,70.5,1,17.7,9.5,26-35,0.757,Normal
82,E-Scooter,0.3,2.0,16.61,24.68,59.7,59.1,0,11.3,18.7,46-60,0.661,Normal
83,E-Bike,2.59,13.85,10.92,12.73,66.3,55.8,3,6.0,24.9,36-45,0.58,Hard_Braking
84,E-Scooter,4.62,15.51,18.76,25.14,60.0,44.7,2,14.5,27.6,18-25,0.621,Hard_Braking
85,E-Bike,2.02,11.31,10.04,10.72,62.5,58.9,3,1.1,17.9,26-35,0.713,Hard_Braking
86,E-Bike,0.86,2.0,15.0,20.2,84.9,87.3,0,21.4,34.1,18-25,0.926,Normal
87,E-Scooter,4.79,13.48,17.89,23.66,65.1,43.8,1,21.9,19.0,18-25,0.645,Normal
88,E-Scooter,1.94,2.01,15.53,23.43,24.6,21.2,1,20.4,23.5,46-60,0.77,Normal
89,E-Scooter,0.77,7.04,14.95,26.62,26.4,19.5,2,43.8,22.2,18-25,0.647,Normal
90,E-Scooter,3.42,14.08,14.23,21.3,94.4,91.4,3,19.4,3.2,36-45,0.959,Hard_Braking
91,E-Bike,2.2,27.49,5.58,5.64,56.6,52.7,2,4.3,18.7,18-25,0.485,Normal
92,E-Scooter,4.28,8.99,20.86,24.45,91.6,81.8,2,33.6,31.5,46-60,0.76,Battery_Critical
93,E-Bike,4.0,30.93,7.8,16.3,74.0,61.0,1,7.3,19.5,36-45,0.787,Improper_Parking
94,E-Scooter,2.73,13.29,10.6,16.45,70.3,65.0,1,17.9,22.4,46-60,0.825,Normal
95,E-Bike,4.72,20.7,17.73,21.92,27.1,13.6,1,7.3,29.5,26-35,0.825,Battery_Critical
96,E-Scooter,4.31,11.22,21.84,28.08,43.4,28.3,1,2.8,25.3,18-25,0.674,Hard_Braking
97,E-Bike,3.9,18.77,13.28,14.4,33.8,24.4,2,18.8,10.7,18-25,0.662,Mechanical_Fault
98,E-Scooter,4.25,14.03,17.89,22.67,60.7,44.5,1,5.6,4.0,26-35,0.835,Normal
99,E-Scooter,2.29,10.36,19.07,26.65,69.9,60.7,1,12.5,25.1,36-45,0.724,Hard_Braking
100,E-Scooter,2.58,5.5,20.84,25.78,40.3,31.3,1,3.3,10.0,26-35,0.825,Normal
101,E-Scooter,1.6,2.0,21.71,23.42,89.7,81.8,2,160.0,26.0,26-35,0.364,Mechanical_Fault
102,E-Scooter,2.76,7.71,19.95,29.01,94.2,85.5,1,55.1,37.8,26-35,0.608,Normal
103,E-Bike,0.46,2.0,15.19,22.81,66.7,59.7,1,21.7,27.8,26-35,0.806,Normal
104,E-Scooter,3.51,18.78,13.54,19.34,44.9,38.1,0,8.2,31.6,36-45,0.894,Normal
105,E-Bike,0.57,5.87,16.16,23.97,83.4,75.8,2,0.2,23.8,26-35,0.422,Hard_Braking
106,E-Bike,2.68,16.24,16.22,22.54,66.8,56.2,1,5.0,21.6,18-25,0.679,Normal
107,E-Scooter,5.3,11.77,24.13,24.19,49.2,38.0,0,18.3,16.9,36-45,0.5,Battery_Critical
108,E-Scooter,1.6,4.75,18.79,21.45,39.3,41.6,1,57.1,24.4,18-25,0.605,Normal
109,E-Bike,2.13,13.96,11.28,17.85,49.4,48.6,0,11.2,36.1,36-45,0.773,Normal
110,E-Scooter,2.63,7.58,16.73,23.56,75.3,68.7,1,11.0,25.5,18-25,0.915,Normal
111,E-Scooter,0.53,2.0,16.28,21.33,92.5,87.9,3,22.8,23.7,18-25,0.871,Improper_Parking
112,E-Scooter,2.92,7.18,14.99,25.59,61.4,52.1,1,9.6,10.6,18-25,0.835,Normal
113,E-Scooter,1.23,6.27,13.6,17.74,66.7,63.7,2,37.7,22.6,46-60,0.851,Normal
114,E-Scooter,2.61,10.22,12.43,16.99,92.0,80.8,1,31.2,21.8,36-45,0.657,Normal
115,E-Bike,4.38,24.23,10.53,16.11,32.0,25.7,2,30.0,29.8,18-25,0.581,Normal
116,E-Scooter,4.49,8.77,24.68,37.13,46.8,35.6,2,1.0,36.7,26-35,0.687,Hard_Braking
117,E-Scooter,4.49,21.34,13.88,18.38,69.0,59.6,1,54.3,38.3,18-25,0.966,Normal
118,E-Bike,1.11,8.14,13.87,19.59,44.6,37.5,2,9.5,41.0,36-45,0.842,Normal
119,E-Scooter,1.67,4.09,19.63,24.99,69.2,69.1,0,41.0,26.7,36-45,0.81,Normal
120,E-Bike,0.3,7.51,14.05,17.05,39.3,38.4,1,12.1,36.8,18-25,0.728,Battery_Critical
121,E-Bike,2.91,12.85,11.5,14.36,32.7,23.8,3,12.2,25.7,36-45,0.815,Hard_Braking
122,E-Scooter,0.95,5.44,13.4,18.25,35.5,30.9,1,21.2,12.1,36-45,0.847,Normal
123,E-Bike,2.12,5.52,18.97,28.48,46.5,37.3,0,35.4,11.6,18-25,0.952,Normal
124,E-Bike,4.37,12.62,17.9,24.65,27.5,12.8,0,7.3,24.0,26-35,0.669,Battery_Critical
125,E-Scooter,2.6,11.48,16.64,19.24,78.1,72.5,1,29.3,23.9,26-35,0.685,Hard_Braking
126,E-Scooter,2.86,6.6,23.8,31.31,53.0,48.4,2,32.0,28.9,18-25,0.754,Hard_Braking
127,E-Bike,2.16,6.78,17.37,20.71,59.3,52.2,0,3.2,20.8,18-25,0.442,Battery_Critical
128,E-Scooter,0.71,2.32,11.1,18.94,40.5,35.8,1,28.4,22.4,26-35,0.89,Normal
129,E-Scooter,3.19,12.92,16.05,19.17,86.5,78.5,3,66.4,21.2,60+,0.462,Hard_Braking
130,E-Bike,1.64,4.02,16.08,21.42,56.0,50.6,2,8.8,17.4,26-35,0.678,Normal
131,E-Scooter,4.43,15.26,17.98,21.39,38.0,22.8,3,67.7,18.0,60+,0.805,Hard_Braking
132,E-Scooter,1.66,2.0,22.22,31.01,84.5,77.9,0,29.3,27.0,18-25,0.73,Normal
133,E-Scooter,6.31,14.58,19.31,22.49,59.4,39.3,0,33.3,15.0,26-35,0.66,Mechanical_Fault
134,E-Scooter,0.53,2.0,14.16,16.11,85.0,82.7,2,8.0,29.4,36-45,0.661,Normal
135,E-Scooter,3.05,8.45,20.02,24.47,61.3,45.6,1,21.5,39.0,46-60,0.711,Normal
136,E-Bike,2.15,7.74,15.43,18.67,41.0,38.7,0,9.1,32.3,18-25,0.534,Normal
137,E-Bike,2.56,11.02,18.68,29.9,78.2,76.1,0,37.0,19.5,26-35,0.685,Normal
138,E-Bike,7.1,37.05,10.3,16.64,28.9,7.3,0,2.8,12.0,36-45,0.933,Battery_Critical
139,E-Scooter,1.56,4.57,20.69,24.28,63.1,59.8,1,0.9,22.2,26-35,0.735,Normal
140,E-Scooter,3.5,5.87,30.63,34.67,23.8,14.2,1,34.7,17.7,18-25,0.725,Hard_Braking
141,E-Scooter,1.88,15.21,13.1,22.13,29.1,18.0,3,0.5,24.9,46-60,0.794,Hard_Braking
142,E-Bike,1.15,4.21,17.97,21.12,54.1,54.8,2,67.8,24.1,36-45,0.759,Normal
143,E-Scooter,0.78,8.9,7.59,14.82,93.4,82.8,4,47.2,16.1,26-35,0.88,Hard_Braking
144,E-Scooter,1.8,5.15,14.63,19.21,92.8,84.5,3,60.9,19.6,36-45,0.898,Hard_Braking
145,E-Scooter,2.03,5.75,14.28,20.77,50.7,55.4,0,11.2,9.3,46-60,0.915,Normal
146,E-Scooter,4.02,6.25,22.65,27.13,33.8,22.4,1,52.5,20.0,26-35,0.327,Improper_Parking
147,E-Bike,1.95,9.6,13.72,19.66,89.0,82.2,2,66.2,20.3,36-45,0.716,Mechanical_Fault
148,E-Scooter,3.07,4.72,22.17,28.49,59.0,54.0,0,14.1,23.3,26-35,0.877,Normal
149,E-Bike,2.89,5.86,13.64,17.65,99.5,97.6,0,25.9,36.0,46-60,0.651,Normal
150,E-Bike,3.4,11.83,16.14,25.91,85.3,76.5,2,76.8,17.0,36-45,0.722,Hard_Braking
151,E-Bike,8.39,41.01,11.31,20.24,94.2,68.5,1,5.1,16.7,46-60,,Normal
152,E-Scooter,2.44,4.26,25.55,34.38,33.6,34.6,1,44.0,29.4,18-25,0.55,Normal
153,E-Bike,4.57,25.3,10.36,13.8,81.3,59.3,2,2.1,21.4,18-25,0.947,Improper_Parking
154,E-Bike,2.52,20.53,11.62,12.05,89.5,85.0,2,0.7,28.0,18-25,0.778,Hard_Braking
155,E-Scooter,3.08,10.67,14.27,16.73,98.8,90.8,0,8.2,21.6,36-45,0.802,Normal
156,E-Scooter,4.75,9.17,22.17,26.88,49.4,34.8,2,9.8,20.1,18-25,0.635,Hard_Braking
157,E-Bike,4.61,25.2,10.09,13.99,52.7,44.9,0,17.5,31.6,26-35,0.703,Normal
158,E-Bike,1.37,9.22,10.98,16.25,96.8,90.3,5,36.1,24.4,36-45,0.854,Hard_Braking
159,E-Bike,0.66,2.24,14.41,18.72,60.4,57.4,1,15.2,31.3,60+,0.916,Improper_Parking
160,E-Bike,6.35,32.77,13.47,14.43,23.4,0.0,0,11.3,13.5,26-35,0.925,Battery_Critical
161,E-Bike,3.35,15.55,10.34,15.73,66.9,51.2,3,7.3,16.2,18-25,0.868,Normal
162,E-Bike,3.23,23.21,8.63,11.04,77.6,63.7,1,23.8,24.7,26-35,0.683,Normal
163,E-Scooter,6.34,26.51,15.77,22.55,90.7,72.2,2,14.3,37.1,26-35,0.608,Hard_Braking
164,E-Scooter,1.13,2.15,16.12,24.32,34.4,23.3,0,4.9,27.7,26-35,0.548,Normal
165,E-Bike,8.24,27.79,18.66,20.49,45.8,25.6,1,13.0,30.0,26-35,0.823,Normal
166,E-Scooter,2.36,10.02,16.54,22.19,60.5,55.9,2,1.8,2.7,26-35,0.751,Normal
167,E-Scooter,2.99,24.69,7.62,7.71,42.4,26.7,2,2.4,15.4,26-35,0.68,Hard_Braking
168,E-Scooter,0.3,3.92,15.19,22.01,63.2,61.1,0,8.3,29.5,46-60,0.493,Normal
169,E-Scooter,1.92,8.67,19.49,19.66,73.3,68.7,0,5.3,10.2,36-45,0.765,Normal
170,E-Scooter,2.08,15.75,8.54,12.65,49.1,39.1,1,24.1,12.7,36-45,0.544,Normal
171,E-Scooter,2.03,6.59,20.38,21.88,23.0,21.6,0,0.7,41.9,26-35,0.672,Normal
172,E-Bike,1.13,6.36,12.02,18.37,93.0,93.3,1,64.2,37.4,18-25,0.759,Normal
173,E-Scooter,7.3,15.66,25.11,32.05,47.5,32.1,4,15.7,25.3,36-45,0.812,Hard_Braking
174,E-Bike,1.19,4.39,13.95,22.06,91.3,87.0,1,21.5,27.3,36-45,0.886,Normal
175,E-Bike,9.9,39.11,14.85,16.64,66.3,38.6,0,9.8,31.3,36-45,0.698,Improper_Parking
176,E-Bike,2.4,13.36,17.76,21.26,44.3,34.6,2,23.3,35.4,46-60,0.877,Hard_Braking
177,E-Bike,7.56,28.77,15.41,20.09,43.7,25.7,0,1.7,18.5,18-25,0.804,Normal
178,E-Bike,0.67,7.2,18.29,26.12,23.1,12.0,4,18.3,19.0,36-45,0.785,Battery_Critical
179,E-Bike,0.85,9.45,13.72,15.79,49.7,46.3,5,41.5,30.1,36-45,0.63,Hard_Braking
180,E-Bike,8.28,44.23,10.49,14.25,47.1,20.2,1,7.6,27.9,36-45,0.939,Improper_Parking
181,E-Bike,2.46,11.33,15.77,21.74,37.0,32.6,1,4.3,29.4,26-35,0.528,Mechanical_Fault
182,E-Scooter,3.59,9.86,19.95,21.52,72.1,67.4,1,24.9,24.9,36-45,0.353,Improper_Parking
183,E-Scooter,1.5,7.76,18.33,24.94,61.9,60.9,2,0.7,25.0,36-45,0.681,Normal
184,E-Scooter,2.89,7.04,17.58,23.04,97.6,85.3,2,23.6,14.5,46-60,,Hard_Braking
185,E-Scooter,4.09,10.89,19.81,21.92,21.3,9.8,1,12.3,23.4,26-35,0.678,Battery_Critical
186,E-Scooter,2.09,10.91,15.31,19.01,69.6,69.7,0,6.1,32.2,60+,0.368,Improper_Parking
187,E-Scooter,2.25,10.66,17.56,20.11,34.2,27.3,3,7.9,9.0,18-25,0.784,Normal
188,E-Bike,4.72,14.82,19.19,19.59,82.5,66.8,0,11.6,42.0,26-35,0.697,Normal
189,E-Scooter,5.83,27.41,15.89,20.6,30.4,10.9,1,0.7,24.2,46-60,0.864,Battery_Critical
190,E-Scooter,2.12,12.36,19.29,25.2,57.0,51.1,0,4.5,32.9,18-25,0.856,Normal
191,E-Scooter,5.56,24.64,16.37,17.04,67.9,43.2,0,9.4,31.9,46-60,0.955,Normal
192,E-Scooter,4.92,17.88,14.14,21.55,32.3,19.3,2,15.3,28.6,26-35,0.813,Normal
193,E-Bike,1.46,2.0,13.85,19.99,73.7,68.9,1,43.6,30.2,26-35,0.703,Mechanical_Fault
194,E-Scooter,6.93,36.98,11.43,15.85,81.8,60.6,2,23.7,32.1,36-45,,Mechanical_Fault
195,E-Scooter,0.53,2.83,14.74,16.67,98.9,100.0,5,10.5,20.8,26-35,0.841,Hard_Braking
196,E-Bike,3.55,9.53,16.96,17.16,44.7,31.7,2,3.3,35.0,18-25,0.718,Normal
197,E-Bike,1.54,7.5,19.34,24.82,68.4,68.1,3,7.5,10.7,18-25,0.967,Hard_Braking
198,E-Scooter,2.58,7.01,22.4,28.22,41.2,34.4,1,16.0,32.8,26-35,0.669,Hard_Braking
199,E-Scooter,5.51,15.41,18.46,25.35,54.7,40.7,0,7.2,26.7,36-45,0.578,Normal
200,E-Bike,2.45,14.34,11.68,17.49,76.7,69.9,1,16.9,39.8,36-45,0.964,Normal
201,E-Scooter,2.52,8.74,15.6,24.09,40.3,31.7,1,45.9,35.9,26-35,0.935,Normal
202,E-Bike,2.5,10.4,16.39,23.65,72.7,63.5,1,80.8,29.0,18-25,0.789,Mechanical_Fault
203,E-Scooter,3.32,7.23,18.08,20.81,63.4,50.3,1,11.3,19.7,26-35,0.853,Hard_Braking
204,E-Scooter,5.38,54.38,6.35,11.68,20.1,3.4,3,4.3,22.8,46-60,0.89,Battery_Critical
205,E-Bike,6.48,41.23,10.13,14.26,33.0,19.1,0,14.0,25.8,26-35,0.939,Mechanical_Fault
206,E-Scooter,10.93,30.2,18.99,26.42,22.4,0.0,0,7.7,33.0,26-35,0.701,Battery_Critical
207,E-Scooter,0.36,2.0,14.82,22.08,40.1,36.7,1,6.8,34.5,46-60,0.573,Battery_Critical
208,E-Bike,1.14,2.0,13.18,19.56,93.2,98.1,1,3.9,29.2,36-45,0.942,Normal
209,E-Bike,2.57,8.22,9.66,10.53,42.8,30.5,1,33.9,23.2,26-35,0.851,Mechanical_Fault
210,E-Scooter,0.47,2.79,21.6,27.88,45.3,41.6,1,0.4,22.1,36-45,0.87,Normal
211,E-Scooter,2.78,11.1,17.02,24.39,21.4,13.2,1,79.6,15.6,18-25,0.653,Battery_Critical
212,E-Scooter,2.41,9.67,28.52,33.7,78.8,75.2,2,72.5,26.7,26-35,0.294,Improper_Parking
213,E-Scooter,0.79,2.0,22.43,24.58,40.6,34.4,3,18.0,23.0,,0.804,Hard_Braking
214,E-Scooter,3.74,11.53,24.11,27.03,25.7,9.0,2,37.9,25.4,26-35,0.895,Battery_Critical
215,E-Bike,0.48,3.66,13.86,23.36,23.3,22.8,1,3.0,14.9,18-25,0.638,Hard_Braking
216,E-Scooter,3.81,12.62,18.94,26.41,80.1,62.2,4,2.2,30.7,26-35,0.622,Hard_Braking
217,E-Scooter,1.95,9.77,14.68,20.75,97.3,83.0,1,10.7,20.0,60+,0.592,Normal
218,E-Scooter,0.82,2.0,18.48,23.1,44.6,38.0,1,7.3,25.3,26-35,0.555,Normal
219,E-Scooter,13.95,40.73,21.32,21.33,34.6,0.0,2,3.8,21.5,18-25,0.902,Battery_Critical
220,E-Bike,1.27,2.0,16.29,21.48,71.2,64.9,2,34.4,23.3,,0.909,Mechanical_Fault
221,E-Bike,4.49,20.03,12.71,18.32,86.3,71.0,0,7.9,26.9,26-35,0.875,Normal
222,E-Bike,1.65,12.45,10.36,10.46,51.8,49.6,0,47.7,30.4,26-35,0.839,Normal
223,E-Bike,5.19,24.19,16.54,21.22,90.0,74.9,1,36.9,16.0,18-25,0.883,Normal
224,E-Bike,8.27,41.12,11.98,13.09,96.2,73.8,1,39.3,15.2,36-45,0.881,Normal
225,E-Scooter,2.61,9.16,15.4,22.54,84.3,86.5,2,7.4,26.1,,0.598,Normal
226,E-Scooter,10.29,40.16,15.9,20.06,29.0,0.0,3,49.2,26.5,18-25,0.634,Battery_Critical
227,E-Scooter,4.33,15.0,20.86,27.48,92.5,77.3,2,25.7,23.4,26-35,0.657,Hard_Braking
228,E-Bike,12.2,80.0,8.85,10.58,99.4,70.6,0,49.1,11.4,36-45,0.644,Normal
229,E-Scooter,8.22,25.43,16.49,21.48,95.1,71.3,1,40.4,29.6,26-35,0.403,Improper_Parking
230,E-Bike,4.87,31.54,8.73,18.51,29.9,16.5,0,19.5,37.4,18-25,0.928,Normal
231,E-Bike,3.73,22.52,13.14,17.04,63.4,42.7,3,3.2,29.3,18-25,0.819,Hard_Braking
232,E-Scooter,8.01,48.4,10.42,22.88,47.4,25.5,0,0.8,22.4,18-25,0.813,Normal
233,E-Scooter,5.94,22.22,16.14,19.89,53.4,37.3,5,58.4,14.2,18-25,0.826,Hard_Braking
234,E-Scooter,2.95,8.89,17.76,21.99,80.9,67.9,3,10.3,26.3,46-60,0.831,Hard_Braking
235,E-Bike,2.05,7.99,11.76,15.21,47.8,46.5,5,4.1,23.0,36-45,0.837,Hard_Braking
236,E-Bike,2.79,7.03,17.29,24.52,61.8,48.7,0,3.3,20.2,26-35,0.645,Normal
237,E-Scooter,2.95,10.33,18.87,25.55,94.6,88.4,1,9.6,30.7,26-35,0.532,Normal
238,E-Scooter,3.2,11.19,16.9,16.92,22.7,13.8,1,47.6,12.7,36-45,0.531,Battery_Critical
239,E-Bike,3.27,10.89,11.01,15.91,23.7,14.7,2,15.0,21.6,18-25,0.728,Battery_Critical
240,E-Bike,1.14,3.89,15.99,21.87,57.9,51.3,3,87.7,31.1,36-45,0.675,Hard_Braking
241,E-Bike,5.24,17.12,15.69,17.52,46.6,30.4,0,18.1,25.5,18-25,0.894,Battery_Critical
242,E-Scooter,9.33,27.62,18.25,20.59,95.6,64.1,1,10.5,14.2,18-25,0.93,Improper_Parking
243,E-Scooter,7.89,19.15,21.36,23.14,27.8,7.8,3,9.3,19.6,36-45,0.669,Battery_Critical
244,E-Scooter,0.55,2.0,19.87,25.1,46.8,45.3,1,17.2,21.6,18-25,0.613,Normal
245,E-Bike,3.72,18.07,12.21,15.83,91.9,82.5,2,77.3,31.5,46-60,0.677,Mechanical_Fault
246,E-Bike,3.96,24.62,11.64,12.97,29.2,16.7,3,17.1,32.5,18-25,0.736,Normal
247,E-Scooter,3.17,9.24,15.93,21.24,98.0,81.2,1,7.2,14.1,26-35,0.518,Mechanical_Fault
248,E-Bike,2.33,11.97,16.48,17.19,38.8,31.8,0,8.0,39.0,18-25,0.828,Normal
249,E-Scooter,0.58,2.0,17.01,21.83,24.8,14.0,1,5.2,20.5,18-25,0.814,Normal
250,E-Bike,9.12,29.84,17.11,21.23,88.6,56.0,3,8.4,29.4,26-35,0.847,Hard_Braking
251,E-Scooter,0.41,2.33,22.07,28.7,79.6,79.8,5,0.0,42.0,46-60,0.786,Hard_Braking
252,E-Bike,3.15,16.15,12.21,19.76,57.5,51.6,1,10.1,22.2,26-35,0.873,Battery_Critical
253,E-Scooter,2.16,10.63,17.96,20.37,22.2,13.6,1,1.4,14.9,18-25,0.301,Improper_Parking
254,E-Bike,2.78,12.18,14.75,19.39,99.1,87.8,1,1.2,19.7,36-45,0.7,Normal
255,E-Bike,1.63,8.86,11.01,22.83,48.8,41.8,0,54.9,24.4,18-25,0.955,Mechanical_Fault
256,E-Scooter,2.02,2.0,21.06,21.65,43.2,34.2,2,0.1,29.9,36-45,0.975,Normal
257,E-Scooter,5.22,17.29,19.4,26.48,71.4,51.0,4,26.1,6.8,18-25,0.749,Hard_Braking
258,E-Bike,2.77,27.1,5.38,7.47,48.7,38.2,0,14.4,22.2,26-35,0.869,Normal
259,E-Bike,1.32,14.89,7.45,8.83,53.1,48.9,1,15.6,27.3,18-25,0.78,Normal
260,E-Scooter,2.46,2.03,12.99,15.92,51.0,35.7,1,17.7,19.4,18-25,0.823,Normal
261,E-Scooter,0.8,2.0,26.33,31.66,69.6,67.0,0,32.9,20.3,36-45,0.835,Normal
262,E-Bike,5.03,40.79,7.55,14.57,33.2,24.7,0,0.6,30.4,18-25,0.925,Normal
263,E-Bike,2.2,6.91,17.22,18.21,46.3,41.3,1,11.4,19.3,36-45,0.905,Mechanical_Fault
264,E-Bike,8.64,34.2,14.39,18.07,65.0,41.2,0,50.2,31.4,36-45,0.61,Hard_Braking
265,E-Scooter,1.93,4.86,20.79,28.31,92.4,91.3,3,13.3,28.1,18-25,0.896,Hard_Braking
266,E-Scooter,5.52,21.61,14.22,17.67,81.9,62.3,1,5.4,29.5,36-45,0.987,Hard_Braking
267,E-Scooter,3.09,2.27,16.74,20.19,96.0,88.0,2,31.5,30.4,36-45,0.642,Normal
268,E-Scooter,3.36,19.88,10.54,10.76,39.2,31.4,0,36.9,18.6,46-60,0.689,Normal
269,E-Bike,2.08,9.26,13.08,20.38,24.5,16.2,1,13.7,17.5,18-25,0.618,Normal
270,E-Scooter,5.31,20.16,16.93,23.54,50.2,34.5,1,20.2,34.0,36-45,0.903,Improper_Parking
271,E-Bike,1.02,3.66,15.19,23.26,21.6,21.2,2,12.3,12.1,26-35,0.919,Normal
272,E-Scooter,2.04,14.03,12.16,24.78,99.1,93.2,0,23.6,30.6,18-25,0.772,Normal
273,E-Bike,2.09,9.85,9.05,12.07,94.9,85.4,0,35.9,33.1,36-45,0.859,Normal
274,E-Bike,11.26,49.88,13.78,16.36,96.9,63.1,1,1.6,17.7,18-25,0.737,Normal
275,E-Bike,7.89,29.53,14.18,15.35,45.6,18.4,1,57.3,23.8,18-25,0.737,Mechanical_Fault
276,E-Scooter,3.02,6.66,15.45,19.32,71.4,64.1,4,44.9,32.2,26-35,0.811,Hard_Braking
277,E-Scooter,2.4,19.74,9.58,16.39,95.4,86.3,1,5.7,28.3,26-35,0.871,Normal
278,E-Scooter,2.91,5.85,16.14,17.45,90.7,78.7,2,7.5,29.2,26-35,0.623,Improper_Parking
279,E-Scooter,3.91,12.96,15.91,19.38,55.1,41.5,1,6.3,25.2,46-60,0.893,Normal
280,E-Scooter,7.06,22.48,19.48,19.87,39.1,14.1,1,5.2,29.4,36-45,0.677,Battery_Critical
281,E-Scooter,5.77,16.74,18.52,23.06,52.6,34.3,1,8.9,28.6,18-25,0.919,Normal
282,E-Scooter,0.3,2.0,13.64,14.81,33.1,36.9,0,1.5,14.4,46-60,0.933,Normal
283,E-Scooter,5.49,21.02,13.96,19.81,29.4,15.1,2,1.4,28.6,18-25,0.945,Normal
284,E-Bike,1.22,5.63,12.5,17.52,72.5,67.5,3,5.2,34.4,26-35,0.803,Hard_Braking
285,E-Bike,3.51,23.25,8.3,17.01,81.0,61.0,1,4.1,17.7,36-45,0.863,Normal
286,E-Bike,6.97,36.54,14.05,17.43,32.1,9.5,1,32.4,31.3,26-35,0.859,Battery_Critical
287,E-Scooter,0.65,4.34,17.59,17.97,48.8,50.4,0,55.0,28.5,36-45,0.609,Normal
288,E-Bike,4.43,22.42,12.32,18.38,28.3,13.2,1,3.0,28.7,18-25,,Battery_Critical
289,E-Scooter,3.86,21.62,13.85,20.82,40.1,28.3,1,5.0,22.8,26-35,0.861,Normal
290,E-Bike,0.45,2.0,11.02,15.46,95.0,95.5,0,42.0,21.8,36-45,0.716,Normal
291,E-Scooter,0.5,2.0,20.2,27.3,68.0,58.5,0,20.0,6.9,60+,0.742,Normal
292,E-Scooter,1.6,2.32,19.47,27.36,61.4,57.8,2,29.0,37.1,60+,0.943,Normal
293,E-Bike,4.28,23.33,12.47,18.72,70.2,61.5,0,43.4,38.4,18-25,0.729,Normal
294,E-Bike,5.86,25.23,12.3,19.02,39.8,19.8,0,13.0,21.5,18-25,0.62,Normal
295,E-Scooter,3.13,10.86,19.99,22.55,86.4,83.1,1,15.7,11.0,46-60,0.796,Normal
296,E-Scooter,5.65,18.19,14.94,15.1,52.9,34.9,1,11.5,18.9,18-25,0.668,Normal
297,E-Scooter,1.88,6.57,19.17,22.26,40.0,34.2,0,24.0,30.9,46-60,0.765,Normal
298,E-Scooter,2.54,6.92,17.88,25.34,43.4,41.1,1,35.6,24.8,18-25,0.928,Mechanical_Fault
299,E-Scooter,4.68,12.35,17.64,21.7,64.7,53.0,1,3.9,41.6,36-45,0.955,Normal
300,E-Bike,5.8,35.2,10.28,12.39,32.2,11.6,1,39.7,16.9,26-35,0.385,Improper_Parking
301,E-Scooter,7.18,36.37,12.98,20.74,97.5,77.5,3,13.3,22.0,26-35,0.951,Hard_Braking
302,E-Bike,1.53,7.8,10.51,17.08,37.1,38.6,3,3.3,21.0,26-35,0.832,Hard_Braking
303,E-Scooter,0.32,2.72,16.06,19.73,69.4,68.2,1,8.3,25.1,26-35,0.705,Hard_Braking
304,E-Scooter,1.33,4.79,12.35,19.29,39.0,35.9,0,0.9,31.5,46-60,0.906,Normal
305,E-Scooter,1.36,3.15,16.99,23.97,84.6,76.1,1,6.7,26.9,18-25,0.793,Normal
306,E-Bike,4.22,19.19,12.48,19.87,70.2,57.0,1,4.5,23.4,18-25,0.831,Normal
307,E-Scooter,2.96,12.25,17.4,24.58,20.8,3.8,3,31.1,32.1,18-25,0.326,Battery_Critical
308,E-Bike,0.97,5.24,9.61,15.94,91.6,87.5,1,19.5,19.9,18-25,0.864,Normal
309,E-Scooter,4.43,18.19,17.51,20.3,87.0,79.3,1,25.6,25.9,60+,0.571,Normal
310,E-Bike,6.22,21.89,18.51,24.04,87.0,67.0,2,9.7,17.9,26-35,0.811,Normal
311,E-Bike,4.26,19.14,14.84,22.99,22.7,9.7,1,102.0,19.5,18-25,0.679,Mechanical_Fault
312,E-Scooter,4.06,12.66,20.97,27.14,45.7,37.4,0,21.5,31.7,18-25,0.653,Mechanical_Fault
313,E-Scooter,8.39,36.3,15.6,23.58,51.2,22.7,0,46.8,31.9,46-60,0.876,Normal
314,E-Bike,5.83,23.41,16.33,28.55,22.2,0.0,1,14.7,19.3,18-25,0.702,Battery_Critical
315,E-Scooter,5.61,17.87,15.61,21.3,69.6,48.7,0,31.3,26.1,36-45,0.764,Normal
316,E-Scooter,1.85,3.57,23.7,27.03,65.9,68.5,2,11.7,21.1,36-45,0.67,Normal
317,E-Scooter,1.53,10.99,10.68,14.11,34.6,34.7,3,5.2,28.1,18-25,0.829,Hard_Braking
318,E-Scooter,5.17,15.91,21.81,26.86,24.7,7.0,2,13.4,34.0,36-45,0.72,Battery_Critical
319,E-Bike,5.23,42.04,8.47,15.98,36.0,31.3,1,5.8,14.0,36-45,0.836,Normal
320,E-Scooter,3.02,5.99,26.55,34.13,90.4,81.8,0,8.3,14.6,18-25,0.721,Hard_Braking
321,E-Scooter,3.71,14.91,11.08,15.52,20.8,10.4,3,13.9,12.3,18-25,0.868,Battery_Critical
322,E-Scooter,5.17,21.45,14.42,20.86,55.0,42.7,0,7.6,26.0,26-35,0.469,Normal
323,E-Bike,7.93,36.38,12.07,19.17,98.3,71.6,0,24.3,23.6,26-35,0.654,Normal
324,E-Bike,4.4,27.02,12.23,19.62,58.7,46.3,1,2.0,14.3,36-45,0.778,Normal
325,E-Bike,2.67,21.2,6.85,17.08,43.9,45.9,3,13.4,29.1,36-45,0.858,Hard_Braking
326,E-Bike,3.12,14.19,10.96,17.54,49.5,37.1,0,4.7,36.8,36-45,0.972,Normal
327,E-Scooter,4.86,24.33,12.09,17.35,46.2,30.0,2,23.1,20.3,18-25,0.856,Normal
328,E-Scooter,0.3,2.0,16.06,17.92,92.1,84.7,0,6.0,38.9,26-35,0.8,Normal
329,E-Scooter,4.19,8.96,18.46,24.25,87.3,73.0,1,69.0,24.1,36-45,0.852,Hard_Braking
330,E-Scooter,6.86,20.32,23.38,34.53,51.8,27.9,1,1.9,25.1,26-35,0.51,Normal
331,E-Bike,4.58,15.11,13.61,24.05,35.9,15.3,1,6.2,27.1,60+,0.975,Hard_Braking
332,E-Bike,1.3,2.35,16.02,21.57,91.2,88.2,0,50.3,39.3,26-35,0.859,Mechanical_Fault
333,E-Bike,5.29,21.66,15.72,23.11,60.9,46.4,1,8.5,22.0,36-45,0.845,Mechanical_Fault
334,E-Bike,1.49,6.73,13.65,22.48,40.5,34.3,0,9.1,19.1,18-25,0.882,Normal
335,E-Scooter,2.74,10.53,17.3,24.6,45.5,35.5,3,12.5,26.5,18-25,0.625,Hard_Braking
336,E-Scooter,1.94,17.13,7.94,9.76,92.8,82.2,0,53.5,31.0,36-45,0.83,Normal
337,E-Scooter,4.82,38.29,7.86,10.71,34.1,21.3,1,21.0,8.2,36-45,0.749,Normal
338,E-Scooter,0.59,2.0,16.86,27.54,35.4,25.9,1,10.3,23.9,26-35,0.376,Improper_Parking
339,E-Bike,3.23,23.21,8.63,11.04,77.6,63.7,1,23.8,24.7,26-35,0.683,Normal
340,E-Scooter,3.52,22.12,14.95,16.91,89.5,74.1,2,13.5,27.6,36-45,0.699,Hard_Braking
341,E-Bike,3.84,16.12,16.19,17.17,54.5,42.6,1,7.2,20.8,26-35,0.939,Mechanical_Fault
342,E-Bike,4.13,16.5,14.47,22.04,64.8,53.4,0,10.6,24.7,18-25,0.869,Normal
343,E-Bike,1.12,12.33,10.22,13.59,25.4,17.2,1,4.7,28.6,18-25,0.664,Normal
344,E-Bike,3.04,15.12,11.89,22.0,31.0,16.8,2,14.1,13.6,18-25,0.836,Hard_Braking
345,E-Bike,5.92,27.19,12.0,14.36,79.6,62.8,1,19.3,20.4,26-35,0.524,Normal
346,E-Bike,2.64,22.87,6.82,12.28,75.2,63.2,3,2.5,16.5,26-35,0.749,Hard_Braking
347,E-Scooter,5.64,20.05,20.45,26.22,86.5,64.8,1,18.4,30.6,46-60,0.721,Mechanical_Fault
348,E-Scooter,4.45,12.75,24.3,35.81,94.0,83.4,3,46.4,22.9,36-45,0.615,Hard_Braking
349,E-Scooter,4.62,9.24,21.3,27.09,67.9,53.2,1,4.2,21.9,46-60,0.694,Normal
350,E-Bike,0.82,2.0,10.84,14.34,36.3,34.1,1,19.9,22.3,60+,0.628,Normal
351,E-Scooter,0.46,2.0,15.54,18.68,25.2,23.4,0,22.6,31.6,36-45,0.833,Battery_Critical
352,E-Bike,1.11,9.18,9.18,13.0,51.1,51.9,3,16.3,18.2,18-25,0.981,Hard_Braking
353,E-Scooter,1.46,2.0,21.41,22.32,96.2,100.0,2,23.1,26.7,18-25,0.886,Normal
354,E-Scooter,2.12,6.42,23.76,28.9,94.2,87.5,2,12.3,14.5,26-35,0.752,Normal
355,E-Scooter,1.75,8.69,12.88,19.3,23.4,17.9,1,9.1,13.0,26-35,0.679,Battery_Critical
356,E-Scooter,0.3,3.82,16.88,22.27,92.3,90.1,2,14.3,27.9,26-35,0.778,Hard_Braking
357,E-Scooter,3.83,9.63,16.66,19.5,64.8,46.0,2,0.4,30.7,18-25,0.54,Normal
358,E-Bike,3.47,21.96,10.1,14.66,33.4,20.4,1,50.8,24.3,18-25,0.687,Mechanical_Fault
359,E-Bike,1.02,2.0,20.26,20.35,40.0,40.4,1,11.2,19.6,46-60,0.668,Normal
360,E-Scooter,5.1,23.3,12.89,19.85,84.0,72.4,2,0.1,25.2,18-25,0.554,Hard_Braking
361,E-Bike,0.46,2.0,12.18,15.17,48.8,46.8,2,65.2,14.0,18-25,0.859,Mechanical_Fault
362,E-Scooter,2.99,17.15,10.42,15.84,34.2,24.5,2,7.5,23.7,36-45,0.628,Normal
363,E-Scooter,0.98,2.0,22.92,25.04,63.3,58.9,3,6.2,19.3,18-25,0.803,Hard_Braking
364,E-Scooter,3.51,19.69,10.89,18.4,58.6,42.8,1,24.7,17.9,46-60,0.77,Normal
365,E-Scooter,0.85,2.0,13.41,18.74,24.0,15.0,2,2.7,27.7,18-25,0.786,Battery_Critical
366,E-Scooter,1.14,10.44,11.64,14.85,63.1,58.9,1,32.2,20.2,26-35,0.77,Normal
367,E-Bike,6.22,23.08,16.03,21.12,88.9,70.0,3,47.2,30.9,26-35,0.892,Normal
368,E-Scooter,6.4,32.56,12.84,19.8,28.3,14.5,2,13.0,33.4,36-45,0.768,Hard_Braking
369,E-Scooter,3.05,10.26,15.47,21.11,98.2,91.2,0,37.5,11.1,18-25,0.909,Normal
370,E-Scooter,3.7,13.27,14.46,14.85,22.2,7.5,4,26.0,33.6,18-25,0.467,Battery_Critical
371,E-Bike,5.69,23.78,14.5,19.2,74.4,60.6,2,11.5,23.8,18-25,0.901,Normal
372,E-Bike,1.36,9.92,9.28,17.43,46.3,47.4,1,4.9,31.1,26-35,0.672,Normal
373,E-Bike,2.7,13.17,14.44,18.91,79.3,76.4,2,5.1,31.1,18-25,0.954,Hard_Braking
374,E-Bike,4.11,19.53,13.63,15.91,92.3,82.7,3,2.0,24.3,36-45,0.91,Hard_Braking
375,E-Bike,5.16,22.1,14.6,15.75,40.6,28.0,2,7.0,28.8,18-25,0.741,Normal
376,E-Scooter,4.99,18.86,16.58,19.92,94.5,83.3,2,47.8,16.3,18-25,0.898,Normal
377,E-Scooter,2.95,8.95,20.62,30.79,91.9,84.7,0,7.5,42.0,18-25,0.92,Improper_Parking
378,E-Scooter,4.71,21.51,12.25,17.54,31.9,11.6,2,5.7,34.0,18-25,0.766,Battery_Critical
379,E-Scooter,5.29,20.21,16.75,21.09,87.4,69.4,0,25.6,26.3,60+,0.814,Normal
380,E-Bike,9.52,59.19,10.61,13.76,26.1,4.2,2,36.7,16.7,18-25,0.964,Battery_Critical
381,E-Bike,0.86,7.9,11.25,13.5,78.1,77.8,2,0.3,23.7,26-35,0.632,Hard_Braking
382,E-Bike,6.05,24.13,15.75,19.88,59.6,35.8,2,4.3,30.5,26-35,0.735,Mechanical_Fault
383,E-Scooter,3.19,14.36,21.69,28.73,61.9,48.5,0,79.7,18.9,26-35,0.835,Normal
384,E-Scooter,1.6,7.42,19.69,26.12,65.2,55.2,1,21.4,25.2,26-35,,Normal
385,E-Bike,2.84,21.07,10.66,19.77,65.2,63.4,6,17.7,15.2,18-25,0.844,Hard_Braking
386,E-Scooter,1.77,3.66,12.79,14.34,61.3,60.5,0,5.0,21.0,46-60,0.558,Normal
387,E-Scooter,11.17,32.28,25.05,27.13,83.4,52.0,3,4.4,30.8,26-35,0.748,Improper_Parking
388,E-Bike,0.66,3.2,14.81,15.47,43.3,34.9,1,12.4,19.4,18-25,0.768,Normal
389,E-Scooter,2.79,7.28,16.77,18.65,93.3,87.1,0,20.0,30.9,60+,0.509,Normal
390,E-Scooter,0.8,7.78,19.21,23.01,34.9,31.7,1,6.9,13.8,26-35,0.76,Normal
391,E-Scooter,3.29,11.6,16.76,24.61,97.9,97.1,3,19.7,27.7,18-25,0.85,Hard_Braking
392,E-Scooter,1.52,2.07,21.86,27.25,98.5,94.0,2,4.9,11.0,18-25,0.573,Hard_Braking
393,E-Scooter,2.19,13.23,10.27,10.42,25.2,9.2,0,19.2,26.0,18-25,0.815,Battery_Critical
394,E-Scooter,4.91,23.77,14.42,21.33,71.6,62.9,0,8.0,31.1,26-35,0.659,Normal
395,E-Scooter,2.93,12.94,12.74,13.56,77.8,65.5,2,5.9,32.4,18-25,0.431,Hard_Braking
396,E-Scooter,1.96,2.36,22.64,30.87,56.1,49.6,1,24.8,31.3,18-25,0.639,Normal
397,E-Bike,3.5,16.21,15.01,15.79,82.1,72.1,1,6.4,9.4,18-25,0.874,Normal
398,E-Scooter,13.1,61.89,13.66,17.58,20.9,0.0,2,6.8,20.8,26-35,0.813,Battery_Critical
399,E-Scooter,1.08,3.47,17.79,22.58,36.3,26.8,1,22.4,26.1,18-25,0.698,Normal
400,E-Scooter,1.02,2.0,14.88,17.3,51.6,45.8,4,17.0,20.4,18-25,0.412,Improper_Parking
401,E-Scooter,3.17,9.68,17.86,22.72,60.7,44.3,1,17.6,26.7,36-45,0.569,Normal
402,E-Scooter,3.19,9.22,19.95,27.23,88.0,79.6,1,41.4,29.4,18-25,0.513,Normal
403,E-Scooter,2.17,9.26,18.07,22.62,61.9,49.7,2,2.1,16.6,26-35,0.805,Hard_Braking
404,E-Bike,4.4,20.86,11.87,19.74,82.5,73.9,2,16.4,17.0,26-35,0.547,Mechanical_Fault
405,E-Scooter,3.05,16.58,14.25,17.65,27.3,24.4,2,19.1,13.1,26-35,0.865,Normal
406,E-Bike,8.18,44.58,11.87,15.7,87.1,64.8,0,31.2,19.9,18-25,0.82,Battery_Critical
407,E-Bike,1.95,12.77,12.05,19.32,38.2,39.1,1,22.8,19.8,18-25,0.89,Normal
408,E-Bike,0.38,2.0,12.77,14.01,42.4,35.5,1,6.0,24.5,26-35,0.95,Normal
409,E-Scooter,1.64,6.7,15.15,23.3,88.9,87.1,0,10.3,29.1,46-60,0.853,Normal
410,E-Scooter,1.1,4.09,17.35,19.13,58.2,54.2,1,1.5,19.6,18-25,0.925,Normal
411,E-Scooter,4.15,10.71,24.03,27.81,64.6,54.1,3,17.7,26.7,36-45,0.811,Hard_Braking
412,E-Bike,0.86,7.73,14.5,15.17,84.3,88.3,0,9.5,19.6,26-35,0.704,Normal
413,E-Scooter,2.55,15.47,16.98,24.53,48.2,40.2,1,62.7,17.5,26-35,0.8,Normal
414,E-Scooter,4.05,12.75,15.27,20.74,55.7,38.7,3,4.2,15.7,36-45,0.923,Hard_Braking
415,E-Scooter,3.74,19.38,13.08,15.65,68.6,59.9,1,25.0,23.5,18-25,0.784,Normal
416,E-Bike,3.91,12.52,16.96,17.67,24.0,5.7,2,22.3,24.6,26-35,0.689,Battery_Critical
417,E-Scooter,5.5,22.95,15.52,23.83,89.4,81.2,0,9.9,23.3,26-35,0.224,Improper_Parking
418,E-Bike,0.84,5.73,16.03,22.58,68.7,74.1,1,16.0,37.6,60+,0.737,Mechanical_Fault
419,E-Scooter,3.11,15.58,15.12,24.1,46.6,37.2,3,5.9,21.3,26-35,0.686,Hard_Braking
420,E-Scooter,4.63,18.75,16.76,21.66,77.9,67.1,1,4.6,27.8,18-25,0.702,Hard_Braking
421,E-Bike,3.48,9.02,19.26,26.53,53.0,47.1,1,8.9,37.7,26-35,0.924,Normal
422,E-Scooter,1.43,10.91,11.62,16.08,62.3,58.3,1,11.1,17.2,18-25,0.907,Improper_Parking
423,E-Scooter,6.53,11.05,20.32,29.98,75.5,57.2,1,4.1,34.0,26-35,0.808,Normal
424,E-Scooter,2.44,6.32,16.48,24.92,26.3,23.9,2,4.3,20.9,60+,0.428,Hard_Braking
425,E-Scooter,4.68,19.31,15.87,21.46,64.7,54.6,0,7.5,12.2,18-25,0.781,Normal
426,E-Scooter,1.12,2.0,17.89,20.33,65.7,61.9,0,0.7,12.5,18-25,0.944,Normal
427,E-Scooter,2.67,9.54,21.33,31.43,34.6,30.8,1,9.5,13.3,26-35,0.779,Normal
428,E-Scooter,4.74,23.65,12.9,22.82,41.0,27.0,2,1.1,17.0,26-35,0.789,Hard_Braking
429,E-Bike,0.82,2.0,14.45,16.99,38.1,34.0,2,69.8,33.9,46-60,0.864,Mechanical_Fault
430,E-Bike,3.05,13.63,12.43,15.83,24.8,22.3,2,6.9,25.4,18-25,0.592,Hard_Braking
431,E-Bike,3.54,24.34,8.3,12.33,81.7,68.3,1,50.6,26.3,18-25,0.581,Normal
432,E-Bike,0.35,3.05,18.2,26.07,92.7,95.2,0,28.9,8.9,26-35,0.802,Normal
433,E-Bike,3.67,18.7,13.89,21.88,54.4,38.6,0,58.7,9.7,60+,0.683,Normal
434,E-Scooter,7.22,25.24,15.93,16.62,63.0,36.9,0,10.3,28.7,18-25,0.597,Normal
435,E-Scooter,2.72,13.53,12.01,14.22,84.3,77.9,1,34.2,23.2,46-60,0.834,Normal
436,E-Bike,6.31,36.54,11.29,18.36,87.2,61.1,0,44.8,40.6,36-45,0.725,Normal
437,E-Bike,4.36,16.39,17.14,21.1,57.1,44.1,0,4.0,13.2,18-25,0.369,Improper_Parking
438,E-Bike,6.47,27.97,14.53,18.62,24.7,9.4,1,12.0,27.8,18-25,0.519,Battery_Critical
439,E-Bike,3.82,15.28,12.79,18.17,23.1,16.9,1,4.7,20.1,18-25,0.712,Normal
440,E-Bike,5.84,26.32,15.43,26.8,71.8,49.5,2,10.9,7.1,26-35,0.75,Normal
441,E-Scooter,5.18,14.13,19.84,24.95,92.6,78.4,1,8.3,32.1,46-60,0.754,Normal
442,E-Bike,3.87,23.57,16.62,19.46,49.4,39.2,3,11.2,27.7,26-35,0.935,Hard_Braking
443,E-Scooter,3.18,2.25,21.81,31.54,32.2,20.4,3,10.2,7.6,18-25,0.787,Hard_Braking
444,E-Scooter,6.34,29.3,12.81,22.34,30.2,12.6,2,25.2,32.9,26-35,0.794,Battery_Critical
445,E-Scooter,4.32,13.56,18.1,26.18,27.1,7.5,0,8.6,29.1,18-25,,Battery_Critical
446,E-Bike,2.68,16.74,9.0,17.58,44.5,36.1,4,17.6,15.8,18-25,0.748,Hard_Braking
447,E-Scooter,1.4,8.6,18.86,21.69,76.6,67.7,0,14.0,36.4,26-35,0.718,Normal
448,E-Scooter,5.51,28.01,11.73,17.74,23.5,6.4,1,36.2,14.8,18-25,0.791,Battery_Critical
449,E-Scooter,4.87,34.36,8.8,12.2,22.9,11.8,4,7.4,38.9,26-35,0.728,Battery_Critical
450,E-Scooter,2.68,12.31,10.82,18.67,26.9,19.7,0,23.4,23.1,18-25,0.874,Battery_Critical
451,E-Scooter,1.74,9.4,10.56,14.49,47.5,41.3,2,63.1,23.4,26-35,0.642,Hard_Braking
452,E-Scooter,5.07,18.13,15.88,21.13,59.4,44.4,0,8.5,29.8,46-60,0.826,Normal
453,E-Scooter,0.75,5.87,11.8,20.02,78.0,75.7,3,14.0,22.7,36-45,0.982,Hard_Braking
454,E-Scooter,7.76,27.49,19.76,25.45,29.8,8.0,6,32.6,20.8,60+,0.729,Battery_Critical
455,E-Scooter,0.62,6.66,17.06,24.27,38.8,34.6,2,31.1,29.5,18-25,0.43,Mechanical_Fault
456,E-Bike,5.52,16.8,15.99,17.69,34.4,24.3,2,5.9,16.1,26-35,0.653,Normal
457,E-Bike,5.99,42.16,8.69,14.54,60.9,37.1,0,23.7,29.4,46-60,0.843,Normal
458,E-Bike,3.27,11.88,13.96,15.91,54.1,38.4,6,2.2,29.4,26-35,0.603,Hard_Braking
459,E-Bike,4.38,13.54,15.54,18.8,95.7,84.7,4,32.7,20.2,36-45,0.933,Hard_Braking
460,E-Bike,2.05,13.79,8.9,13.36,95.0,89.8,1,65.8,12.0,26-35,0.685,Normal
461,E-Scooter,3.07,19.45,9.92,12.88,58.6,50.5,2,22.4,22.2,18-25,0.757,Improper_Parking
462,E-Bike,2.33,5.77,15.28,21.85,34.3,27.3,1,2.0,13.9,18-25,0.885,Normal
463,E-Bike,5.66,27.89,11.9,17.36,42.5,26.5,1,38.3,27.0,18-25,0.752,Normal
464,E-Scooter,1.9,3.56,16.64,22.57,85.8,75.0,4,2.9,18.5,18-25,0.838,Hard_Braking
465,E-Scooter,5.76,21.16,12.67,12.81,43.6,25.1,2,1.1,15.8,60+,0.802,Normal
466,E-Scooter,2.32,12.23,17.06,24.55,99.3,94.3,3,13.2,21.5,46-60,0.545,Hard_Braking
467,E-Bike,2.44,14.29,9.71,13.25,26.1,12.6,1,15.2,19.1,36-45,0.728,Battery_Critical
468,E-Scooter,14.0,51.13,16.04,19.22,47.7,3.9,0,49.1,25.1,18-25,0.738,Battery_Critical
469,E-Bike,4.62,31.26,9.39,12.26,28.9,8.2,1,0.1,27.4,18-25,0.771,Battery_Critical
470,E-Scooter,4.93,15.96,19.29,22.2,68.3,47.3,2,40.2,18.0,36-45,0.799,Hard_Braking
471,E-Scooter,2.92,29.88,5.61,6.59,39.7,29.9,1,26.0,20.1,18-25,0.677,Normal
472,E-Bike,1.81,6.79,16.26,24.2,60.5,51.7,0,9.8,31.4,36-45,0.779,Normal
473,E-Scooter,0.65,2.0,13.98,24.36,22.8,20.1,3,94.9,29.5,18-25,0.775,Normal
474,E-Scooter,0.38,2.0,12.81,16.6,56.1,56.5,2,15.5,27.6,60+,0.875,Normal
475,E-Scooter,1.24,5.38,13.71,22.31,56.7,51.3,3,5.3,32.6,18-25,0.837,Improper_Parking
476,E-Scooter,0.85,2.31,16.11,20.67,88.2,79.0,0,5.4,30.6,26-35,0.686,Normal
477,E-Scooter,1.42,4.11,18.36,18.84,58.4,49.2,2,22.6,19.7,46-60,0.713,Normal
478,E-Scooter,2.98,15.42,11.3,24.4,87.3,80.5,2,0.9,30.1,36-45,0.527,Hard_Braking
479,E-Scooter,3.45,9.97,16.64,21.3,48.3,32.2,0,6.6,20.0,18-25,0.946,Normal
480,E-Scooter,2.57,9.53,16.01,23.93,66.2,54.0,0,40.8,33.9,,0.746,Normal
481,E-Scooter,2.97,6.24,21.53,26.21,36.6,27.4,2,19.4,11.7,60+,0.908,Normal
482,E-Bike,5.32,15.16,13.59,17.65,28.1,22.8,0,2.7,26.5,26-35,0.973,Normal
483,E-Bike,1.26,7.48,13.1,19.7,92.1,80.6,3,3.1,17.6,18-25,0.567,Hard_Braking
484,E-Scooter,2.54,6.36,23.17,24.53,25.1,12.1,0,6.6,19.8,18-25,0.919,Normal
485,E-Bike,6.2,32.79,12.53,13.25,20.6,10.2,1,1.3,12.1,36-45,0.756,Battery_Critical
486,E-Scooter,0.85,2.0,18.67,26.18,80.2,77.4,0,23.7,5.8,26-35,0.615,Normal
487,E-Bike,1.24,6.73,14.93,20.46,99.5,95.4,0,12.2,18.3,18-25,0.481,Improper_Parking
488,E-Scooter,2.92,10.4,16.31,27.56,24.0,20.4,1,2.0,22.1,18-25,0.755,Hard_Braking
489,E-Scooter,1.65,2.56,25.48,29.36,77.8,72.5,2,18.7,11.7,26-35,0.66,Hard_Braking
490,E-Bike,9.37,34.49,14.66,16.05,60.5,30.1,2,5.9,17.4,36-45,0.888,Improper_Parking
491,E-Bike,0.46,2.0,16.49,23.22,85.8,88.7,1,8.8,31.9,26-35,0.671,Normal
492,E-Scooter,1.37,2.0,22.42,29.4,84.6,80.4,3,42.3,24.7,18-25,0.708,Normal
493,E-Scooter,2.82,15.86,13.78,18.87,83.4,69.0,0,12.8,30.2,36-45,,Normal
494,E-Scooter,3.09,14.96,18.7,22.01,67.9,57.4,3,0.5,24.1,18-25,0.757,Hard_Braking
495,E-Bike,4.0,12.37,16.98,18.68,32.8,22.9,0,77.7,32.4,18-25,0.794,Normal
496,E-Bike,1.6,5.23,13.6,17.78,56.4,52.2,1,6.3,24.6,36-45,0.789,Normal
497,E-Scooter,3.0,11.25,16.79,24.54,47.9,34.1,0,25.2,13.8,26-35,0.536,Mechanical_Fault
498,E-Bike,3.38,14.69,10.98,14.06,32.5,18.3,5,17.3,20.0,36-45,0.707,Hard_Braking
499,E-Bike,8.85,40.31,12.85,15.8,41.5,16.4,0,2.6,20.2,26-35,0.861,Normal
500,E-Scooter,5.06,14.96,16.84,24.73,81.6,63.3,2,11.2,32.9,36-45,0.654,Normal
501,E-Scooter,2.76,10.75,11.66,17.47,71.6,63.4,1,15.2,32.9,18-25,0.965,Normal
502,E-Scooter,6.9,35.18,12.71,17.36,88.1,62.2,6,31.2,15.2,,0.946,Hard_Braking
503,E-Scooter,5.49,12.21,21.82,24.33,85.8,70.2,0,0.9,14.5,60+,0.819,Normal
504,E-Scooter,3.06,14.05,17.9,24.96,37.1,29.5,1,1.1,18.7,60+,0.858,Normal
505,E-Bike,1.64,6.24,14.42,21.57,92.1,91.3,1,84.2,26.9,46-60,0.864,Normal
506,E-Bike,4.22,22.59,14.48,16.0,78.4,62.9,0,28.4,9.2,18-25,0.759,Normal
507,E-Scooter,1.26,6.68,11.15,15.7,28.2,19.7,2,11.2,16.7,26-35,0.739,Normal
508,E-Bike,0.75,2.0,14.99,18.13,53.5,45.8,2,29.1,23.4,18-25,0.783,Hard_Braking
509,E-Bike,2.64,18.59,7.21,8.31,95.8,86.9,2,30.9,12.6,18-25,0.812,Hard_Braking
510,E-Scooter,4.05,14.43,17.27,25.16,20.5,3.2,2,8.4,21.9,18-25,0.98,Battery_Critical
511,E-Scooter,2.85,10.74,18.22,18.36,54.1,49.8,2,25.1,23.1,18-25,0.738,Hard_Braking
512,E-Scooter,4.0,14.5,13.78,19.16,58.0,43.6,0,13.4,27.5,18-25,0.851,Normal
513,E-Bike,0.66,2.0,12.41,17.39,79.3,80.3,3,25.7,31.6,46-60,0.655,Hard_Braking
514,E-Scooter,3.23,4.39,23.16,31.2,47.1,39.7,1,3.9,20.5,46-60,0.764,Hard_Braking
515,E-Bike,2.23,7.49,11.06,15.66,64.8,62.5,3,20.0,21.0,36-45,0.416,Improper_Parking
516,E-Bike,8.33,42.01,12.13,13.17,61.1,37.2,1,1.5,12.7,26-35,0.917,Normal
517,E-Scooter,0.3,2.0,14.4,17.48,91.7,95.1,1,42.0,16.6,26-35,0.624,Normal
518,E-Scooter,3.2,18.42,14.99,17.13,23.8,7.3,1,2.1,15.9,18-25,0.975,Battery_Critical
519,E-Scooter,4.4,21.52,15.49,16.92,36.7,22.2,0,22.2,8.9,18-25,0.613,Normal
520,E-Bike,3.86,20.09,15.2,25.89,41.6,33.7,6,37.0,17.7,26-35,0.785,Hard_Braking
521,E-Scooter,3.58,9.36,23.63,29.99,89.1,78.3,2,20.5,28.0,46-60,0.581,Mechanical_Fault
522,E-Scooter,3.24,12.26,21.63,24.09,50.4,44.8,3,1.8,9.7,18-25,0.481,Hard_Braking
523,E-Scooter,4.02,3.89,18.44,23.98,60.5,42.3,0,1.9,28.6,46-60,0.575,Normal
524,E-Bike,1.78,8.36,12.54,17.23,94.4,81.3,2,14.0,24.3,36-45,0.969,Normal
525,E-Scooter,1.52,6.56,12.07,20.15,54.6,47.0,1,31.3,15.5,18-25,0.63,Normal
526,E-Bike,1.66,14.04,7.24,12.76,78.4,69.8,2,22.0,27.5,36-45,0.776,Hard_Braking
527,E-Bike,2.71,9.1,14.65,20.89,43.7,36.3,2,32.4,11.1,26-35,0.996,Normal
528,E-Scooter,1.76,5.31,19.25,27.12,99.3,89.6,2,29.8,19.4,36-45,0.951,Hard_Braking
529,E-Scooter,4.32,16.23,13.69,15.84,54.4,44.0,0,29.5,34.0,46-60,0.827,Normal
530,E-Scooter,3.83,13.39,13.06,20.76,39.0,26.4,4,21.9,37.1,26-35,0.82,Hard_Braking
531,E-Scooter,2.11,10.26,13.87,18.63,91.1,85.6,1,32.0,25.0,36-45,0.481,Normal
532,E-Bike,0.32,5.12,14.47,21.43,87.2,87.5,0,75.3,39.2,18-25,0.84,Mechanical_Fault
533,E-Bike,6.41,33.85,13.17,22.29,73.4,53.5,2,35.4,24.3,26-35,0.82,Mechanical_Fault
534,E-Scooter,2.53,11.6,16.26,21.29,36.7,29.5,0,14.8,28.5,18-25,0.49,Normal
535,E-Scooter,5.11,16.82,16.86,20.75,36.6,16.7,2,18.3,9.6,26-35,0.795,Hard_Braking
536,E-Scooter,5.48,27.98,14.26,21.43,88.5,70.0,2,12.3,20.2,26-35,0.46,Normal
537,E-Bike,1.97,6.13,10.75,18.1,23.4,13.7,2,59.5,30.8,26-35,0.783,Battery_Critical
538,E-Scooter,1.84,12.66,11.59,13.16,51.9,45.2,1,36.3,20.7,26-35,0.923,Normal
539,E-Bike,0.56,2.0,11.63,13.51,70.6,68.2,3,3.6,32.8,18-25,0.813,Hard_Braking
540,E-Scooter,1.41,5.96,18.39,27.22,79.8,80.0,3,3.0,27.6,46-60,0.505,Hard_Braking
541,E-Scooter,2.53,13.86,19.14,32.11,49.1,47.7,0,1.8,25.3,26-35,0.915,Normal
542,E-Scooter,0.43,2.0,22.17,25.24,71.0,77.0,1,41.8,21.3,18-25,0.942,Mechanical_Fault
543,E-Bike,2.21,10.47,19.24,25.85,86.1,83.4,2,3.4,42.0,18-25,0.576,Hard_Braking
544,E-Scooter,2.38,7.46,14.35,20.05,28.2,20.2,1,9.3,19.1,46-60,0.969,Normal
545,E-Scooter,1.74,5.99,17.83,22.66,92.2,89.9,1,35.2,5.7,26-35,0.854,Normal
546,E-Scooter,12.77,40.47,16.21,18.07,41.8,3.4,1,9.1,22.4,36-45,0.979,Battery_Critical
547,E-Bike,3.41,18.66,11.48,16.07,86.3,75.7,2,1.3,32.2,60+,0.696,Normal
548,E-Bike,0.97,6.41,13.78,18.86,60.2,60.5,2,16.4,21.9,26-35,0.697,Normal
549,E-Scooter,2.19,7.93,13.47,16.45,87.4,76.7,2,25.5,28.3,46-60,0.539,Normal
550,E-Scooter,0.74,2.0,17.02,22.39,75.1,75.5,3,22.9,25.0,36-45,0.787,Hard_Braking
551,E-Scooter,1.18,2.0,17.08,27.45,42.9,39.6,3,6.8,11.3,18-25,0.972,Hard_Braking
552,E-Scooter,3.83,13.68,17.04,23.54,22.4,9.2,2,37.3,25.4,18-25,0.792,Battery_Critical
553,E-Scooter,0.67,2.0,23.48,28.53,65.2,67.7,1,0.7,28.6,18-25,0.901,Normal
554,E-Scooter,0.82,2.32,20.62,23.91,72.3,68.8,1,4.5,36.1,36-45,0.734,Normal
555,E-Bike,4.35,19.2,11.36,15.86,89.8,76.6,2,8.9,28.3,46-60,0.678,Normal
556,E-Scooter,4.88,14.57,20.25,23.75,49.3,27.6,1,9.8,18.8,26-35,0.743,Normal
557,E-Scooter,3.78,16.29,18.11,23.57,99.5,83.4,3,2.7,19.8,26-35,0.859,Hard_Braking
558,E-Bike,4.66,28.03,10.45,11.36,36.3,24.9,1,22.0,28.4,36-45,0.88,Normal
559,E-Scooter,0.38,3.98,13.09,18.93,92.0,83.9,0,6.5,28.4,18-25,0.941,Normal
560,E-Scooter,0.87,2.0,20.86,27.72,88.1,83.9,2,28.3,33.7,46-60,0.963,Normal
561,E-Scooter,2.73,11.47,16.56,20.27,37.8,28.8,3,44.5,37.3,18-25,0.481,Hard_Braking
562,E-Scooter,1.11,3.18,16.63,18.94,60.1,53.6,4,3.2,16.5,26-35,0.841,Hard_Braking
563,E-Scooter,2.39,5.93,17.03,17.59,86.9,74.8,2,33.0,23.2,36-45,0.826,Normal
564,E-Scooter,0.82,2.07,15.03,16.78,43.0,38.9,0,0.5,16.9,18-25,0.835,Normal
565,E-Bike,3.81,25.7,11.55,13.64,91.1,80.6,1,13.9,29.2,18-25,0.828,Normal
566,E-Bike,0.6,7.87,16.81,18.43,40.9,37.0,2,0.3,31.6,36-45,0.773,Normal
567,E-Scooter,2.23,18.02,11.1,15.98,73.1,64.2,1,4.4,34.9,46-60,0.94,Normal
568,E-Scooter,1.8,20.81,15.93,24.97,67.4,56.8,2,35.9,18.1,36-45,0.675,Normal
569,E-Bike,3.0,10.55,17.38,19.34,82.5,66.6,1,6.9,18.6,18-25,0.865,Normal
570,E-Scooter,2.45,5.55,15.27,18.94,87.0,84.2,3,14.3,35.0,26-35,0.605,Hard_Braking
571,E-Scooter,1.95,6.34,23.9,29.15,93.9,86.3,1,19.9,28.4,46-60,0.592,Hard_Braking
572,E-Scooter,2.79,10.14,14.23,21.5,64.5,61.3,0,30.6,17.2,46-60,0.636,Normal
573,E-Bike,2.59,8.1,14.45,16.01,26.9,13.6,1,6.7,11.8,60+,0.752,Normal
574,E-Bike,6.24,23.87,15.86,22.85,77.5,56.4,0,31.7,21.5,26-35,0.844,Normal
575,E-Scooter,2.7,13.78,13.22,18.93,65.0,53.9,2,31.8,25.2,18-25,0.844,Normal
576,E-Scooter,2.77,11.05,19.52,21.98,49.7,41.0,1,52.9,17.0,18-25,0.542,Mechanical_Fault
577,E-Scooter,3.35,10.14,19.25,25.5,88.9,82.4,2,53.0,27.7,26-35,0.776,Hard_Braking
578,E-Scooter,1.4,5.39,13.92,22.24,29.0,21.9,2,4.1,15.5,26-35,0.901,Hard_Braking
579,E-Scooter,4.07,12.3,20.25,24.3,36.2,24.0,1,0.6,32.9,18-25,0.858,Hard_Braking
580,E-Scooter,4.5,22.48,15.2,16.39,57.0,48.4,1,18.2,21.0,60+,0.694,Normal
581,E-Scooter,3.98,13.25,15.53,17.09,66.2,47.7,0,36.1,8.7,36-45,0.684,Normal
582,E-Bike,0.3,2.0,13.18,16.98,56.8,58.6,0,13.7,17.3,36-45,0.873,Normal
583,E-Bike,2.22,6.47,11.76,19.33,25.5,16.8,5,14.6,11.5,36-45,0.854,Hard_Braking
584,E-Scooter,3.01,13.18,18.0,20.76,80.5,70.5,0,32.5,7.5,36-45,0.866,Normal
585,E-Scooter,1.45,4.51,18.87,24.08,54.4,49.8,0,10.4,26.3,36-45,0.768,Normal
586,E-Scooter,0.3,2.0,15.38,18.09,93.8,91.4,2,32.3,29.3,26-35,0.575,Hard_Braking
587,E-Bike,2.73,10.74,19.89,30.33,35.1,34.7,2,52.6,26.9,18-25,0.912,Normal
588,E-Scooter,0.59,2.0,21.33,23.02,46.6,39.6,5,3.1,12.7,46-60,0.678,Hard_Braking
589,E-Bike,5.29,23.09,15.27,22.9,31.3,22.8,2,5.5,20.9,26-35,0.952,Hard_Braking
590,E-Scooter,10.91,38.27,20.09,25.6,22.6,0.0,1,35.2,22.7,60+,0.894,Battery_Critical
591,E-Scooter,1.42,8.18,14.4,19.2,72.6,72.3,1,3.3,24.9,26-35,0.943,Battery_Critical
592,E-Bike,9.6,39.14,15.96,26.73,70.9,43.1,1,11.6,25.1,36-45,0.625,Normal
593,E-Scooter,6.01,22.98,19.98,66.65,50.0,37.4,2,15.2,21.5,26-35,0.653,Normal
594,E-Scooter,8.57,26.93,19.03,22.46,77.6,47.8,1,1.7,27.1,60+,0.398,Improper_Parking
595,E-Bike,1.25,4.64,11.6,76.76,34.1,31.1,2,9.1,25.2,18-25,0.653,Improper_Parking
596,E-Bike,2.62,12.03,13.29,21.05,77.1,65.4,2,26.0,37.6,36-45,0.914,Hard_Braking
597,E-Bike,2.08,3.72,13.81,21.51,95.4,92.9,0,10.5,6.3,18-25,0.975,Normal
598,E-Scooter,4.55,17.58,19.81,29.23,39.4,24.4,1,41.3,22.2,18-25,0.686,Normal
599,E-Scooter,1.13,2.0,15.8,23.86,80.2,76.8,1,3.1,19.2,60+,0.875,Hard_Braking
600,E-Scooter,4.0,10.31,21.75,28.44,35.3,20.3,2,5.0,25.4,18-25,0.844,Hard_Braking
601,E-Scooter,0.9,2.94,20.75,26.71,58.5,62.3,1,29.3,27.7,18-25,0.95,Mechanical_Fault
602,E-Bike,6.38,38.29,9.44,16.83,27.8,4.7,0,5.0,15.9,26-35,0.843,Battery_Critical
603,E-Bike,2.42,18.66,6.65,7.62,31.6,24.8,3,1.8,16.6,26-35,0.82,Hard_Braking
604,E-Bike,1.7,8.92,10.74,18.77,75.1,68.9,1,28.0,21.1,26-35,0.615,Normal
605,E-Bike,1.15,5.88,10.89,11.0,91.0,87.0,0,22.4,10.7,60+,0.667,Normal
606,E-Scooter,8.06,17.88,22.55,25.12,20.2,0.0,1,35.3,12.4,36-45,0.962,Battery_Critical
607,E-Bike,6.79,33.52,12.47,16.44,61.3,39.6,4,1.8,8.3,26-35,0.641,Hard_Braking
608,E-Bike,0.46,2.71,17.31,21.46,90.8,94.7,2,0.7,20.4,18-25,0.658,Normal
609,E-Scooter,6.6,18.76,21.32,29.51,77.9,55.3,0,49.4,19.6,18-25,0.489,Normal
610,E-Scooter,10.38,28.1,20.51,21.56,75.4,44.1,2,0.8,27.4,46-60,0.888,Hard_Braking
611,E-Scooter,4.16,11.19,17.37,23.79,39.4,28.9,0,38.0,17.5,18-25,0.803,Normal
612,E-Scooter,3.05,8.31,21.04,28.36,35.4,22.8,1,6.2,31.9,36-45,0.747,Normal
613,E-Bike,4.03,17.45,13.87,22.65,88.4,80.6,1,7.5,24.0,46-60,0.708,Normal
614,E-Scooter,3.47,13.3,18.03,22.83,25.1,7.5,3,24.9,25.5,36-45,0.368,Battery_Critical
615,E-Bike,3.79,10.96,16.19,22.98,79.7,66.6,1,2.0,24.1,46-60,0.673,Normal
616,E-Scooter,3.15,17.16,11.46,20.09,99.8,88.0,1,0.0,31.3,18-25,0.557,Normal
617,E-Scooter,1.33,8.44,15.76,19.92,55.0,42.9,2,8.7,28.0,36-45,0.93,Normal
618,E-Scooter,0.6,2.0,20.73,21.0,59.8,59.9,2,0.6,22.0,26-35,0.809,Hard_Braking
619,E-Scooter,1.75,8.02,17.31,22.74,96.4,89.8,1,25.4,13.3,26-35,0.789,Normal
620,E-Scooter,1.38,9.81,17.05,21.41,73.1,70.5,2,10.1,24.0,36-45,0.735,Normal
621,E-Bike,0.67,2.0,11.62,19.07,80.2,80.0,2,0.7,23.7,36-45,0.705,Hard_Braking
622,E-Scooter,5.53,17.35,24.45,33.31,87.9,73.7,1,16.7,19.6,18-25,0.884,Normal
623,E-Bike,6.54,29.12,14.39,14.67,23.5,7.0,0,0.1,28.1,36-45,0.926,Battery_Critical
624,E-Bike,4.05,18.79,12.28,18.32,59.5,49.1,0,2.0,29.5,36-45,0.574,Normal
625,E-Scooter,3.55,13.24,18.41,18.52,87.5,81.7,3,1.1,19.2,36-45,0.751,Battery_Critical
626,E-Scooter,4.25,3.66,21.67,22.51,34.4,18.9,0,22.3,33.8,26-35,0.788,Normal
627,E-Scooter,2.55,9.97,15.71,19.79,88.9,84.3,2,16.3,23.4,,0.705,Normal
628,E-Scooter,2.35,5.45,21.92,30.45,79.3,70.6,0,9.0,21.1,60+,0.874,Normal
629,E-Scooter,2.48,8.8,19.48,28.99,38.1,23.9,4,18.8,15.4,36-45,0.577,Hard_Braking
630,E-Scooter,4.42,18.8,20.23,24.27,52.4,43.8,1,23.0,18.0,18-25,0.581,Normal
631,E-Bike,6.25,19.33,12.42,15.55,44.8,26.3,0,50.7,7.9,36-45,0.895,Normal
632,E-Bike,2.38,13.76,9.4,18.46,27.6,15.8,3,1.0,23.6,18-25,0.682,Hard_Braking
633,E-Bike,1.28,2.71,14.24,26.11,92.0,85.3,0,8.0,32.8,26-35,0.935,Mechanical_Fault
634,E-Scooter,1.25,7.07,16.51,21.52,47.8,43.8,0,2.3,40.2,18-25,0.742,Mechanical_Fault
635,E-Scooter,4.29,15.36,17.23,22.02,21.2,8.1,2,19.4,30.4,46-60,0.606,Battery_Critical
636,E-Bike,4.7,19.27,16.97,19.18,81.0,61.6,2,1.2,22.7,18-25,0.717,Hard_Braking
637,E-Scooter,3.71,16.79,12.17,18.83,91.6,83.4,0,17.1,31.4,18-25,0.687,Normal
638,E-Bike,1.05,6.34,13.11,20.53,69.7,68.9,0,14.6,15.0,36-45,0.646,Mechanical_Fault
639,E-Scooter,4.6,10.98,23.65,33.28,28.2,14.5,2,1.8,18.2,18-25,0.919,Battery_Critical
640,E-Bike,2.98,24.17,9.03,11.66,95.7,81.5,3,16.6,19.5,26-35,0.877,Hard_Braking
641,E-Scooter,3.13,9.38,16.03,22.52,28.0,12.5,0,12.5,16.2,36-45,0.778,Normal
642,E-Bike,1.95,2.69,15.27,20.9,94.5,80.1,1,10.1,21.5,26-35,0.814,Normal
643,E-Bike,4.79,15.87,14.08,25.25,98.8,82.0,0,16.1,24.4,36-45,0.784,Normal
644,E-Bike,2.91,36.65,5.04,7.69,58.1,47.9,0,43.4,18.8,46-60,0.95,Normal
645,E-Scooter,5.65,35.04,10.19,14.53,42.9,27.7,1,124.1,18.0,46-60,0.659,Mechanical_Fault
646,E-Scooter,6.33,17.95,19.91,22.24,68.5,54.3,3,60.2,32.6,18-25,0.705,Mechanical_Fault
647,E-Scooter,0.89,6.23,13.88,21.5,56.2,49.9,1,9.6,38.6,18-25,0.651,Battery_Critical
648,E-Scooter,4.8,14.54,21.25,29.87,52.4,39.8,1,24.3,26.8,18-25,0.611,Normal
649,E-Scooter,4.87,16.95,16.37,20.73,41.5,36.1,0,0.8,13.4,26-35,0.919,Normal
650,E-Scooter,0.51,7.04,21.13,31.2,96.2,92.7,1,1.4,27.5,18-25,0.718,Normal
651,E-Bike,2.59,13.69,13.03,21.91,24.3,22.7,1,3.4,27.9,46-60,0.878,Normal
652,E-Bike,2.91,15.04,14.61,21.45,35.9,26.3,0,1.9,26.4,,0.936,Normal
653,E-Scooter,0.32,3.07,10.63,14.52,42.0,40.6,3,25.7,32.4,26-35,0.796,Hard_Braking
654,E-Scooter,2.96,4.27,17.15,26.94,65.9,58.9,1,50.5,26.8,36-45,0.826,Normal
655,E-Scooter,0.87,2.0,22.71,28.12,38.6,36.1,2,5.7,31.4,46-60,0.666,Hard_Braking
656,E-Bike,6.53,23.06,19.34,28.19,29.0,12.8,0,9.3,15.8,26-35,0.623,Battery_Critical
657,E-Bike,1.48,2.0,18.89,25.69,88.1,78.0,2,31.4,13.1,26-35,0.759,Hard_Braking
658,E-Scooter,1.72,4.92,19.36,22.48,88.9,82.3,1,4.0,3.7,46-60,0.956,Improper_Parking
659,E-Bike,0.81,2.0,15.34,17.84,20.4,16.1,0,5.0,27.4,36-45,0.963,Normal
660,E-Scooter,5.36,21.26,19.52,19.77,94.4,79.2,1,5.5,10.2,26-35,0.36,Improper_Parking
661,E-Scooter,3.61,19.11,11.41,18.79,74.1,64.8,1,13.7,25.9,46-60,0.817,Normal
662,E-Bike,2.27,16.07,9.23,14.13,92.6,84.3,1,13.8,24.8,36-45,0.693,Normal
663,E-Bike,6.45,30.22,12.35,17.46,94.8,68.5,0,6.9,35.1,26-35,0.897,Normal
664,E-Scooter,2.78,12.24,26.72,31.48,40.6,35.2,1,21.4,7.3,26-35,0.627,Battery_Critical
665,E-Bike,1.16,2.0,12.71,17.52,70.4,68.1,1,41.6,21.8,36-45,0.855,Normal
666,E-Bike,9.21,38.29,15.22,20.09,23.5,0.0,0,27.2,15.7,46-60,0.644,Battery_Critical
667,E-Scooter,3.09,15.86,18.71,21.41,41.7,35.7,1,29.6,23.0,18-25,0.779,Normal
668,E-Bike,1.77,10.57,15.54,21.03,64.6,60.7,0,21.0,23.2,26-35,0.521,Normal
669,E-Scooter,2.11,10.07,11.28,17.11,37.2,30.6,0,8.8,7.8,36-45,0.88,Normal
670,E-Bike,0.67,8.12,9.66,14.8,74.5,72.9,1,85.5,16.3,26-35,0.704,Mechanical_Fault
671,E-Scooter,4.89,8.24,23.68,27.98,78.9,65.7,2,45.3,27.2,26-35,0.551,Hard_Braking
672,E-Scooter,2.25,6.04,22.58,28.18,29.0,22.5,2,18.5,24.4,18-25,0.775,Hard_Braking
673,E-Bike,5.63,27.39,13.77,20.95,92.6,74.8,1,70.3,24.0,18-25,0.877,Normal
674,E-Scooter,5.55,29.48,11.74,13.16,46.9,25.5,2,2.9,23.8,26-35,0.876,Battery_Critical
675,E-Scooter,1.14,5.91,17.68,25.69,75.1,66.5,2,16.1,25.8,26-35,0.87,Hard_Braking
676,E-Bike,1.89,7.22,17.69,19.61,44.4,33.3,1,3.9,1.4,18-25,0.789,Normal
677,E-Bike,2.75,32.95,5.58,7.51,77.3,66.2,4,1.1,23.8,36-45,0.862,Hard_Braking
678,E-Bike,3.13,23.23,7.95,12.2,23.9,9.0,1,38.2,31.8,18-25,0.528,Battery_Critical
679,E-Scooter,3.72,6.66,19.07,23.59,34.3,25.2,0,20.7,30.7,26-35,0.587,Normal
680,E-Scooter,0.68,2.0,18.8,24.63,94.2,87.8,1,11.2,26.3,18-25,0.855,Mechanical_Fault
681,E-Scooter,6.48,21.35,16.76,20.16,23.8,9.3,1,24.5,22.0,36-45,0.8,Battery_Critical
682,E-Scooter,6.14,24.42,16.39,21.53,69.4,49.7,2,10.5,27.9,18-25,0.441,Hard_Braking
683,E-Scooter,0.91,5.49,17.76,27.39,39.0,37.1,1,0.1,28.5,18-25,0.859,Normal
684,E-Bike,0.3,2.0,14.61,20.83,83.0,82.8,2,25.8,35.1,36-45,0.758,Normal
685,E-Scooter,1.78,11.01,9.51,12.7,53.7,56.2,1,29.9,32.9,26-35,0.945,Normal
686,E-Scooter,3.51,8.18,25.16,31.53,58.5,42.2,1,25.6,30.8,26-35,0.728,Hard_Braking
687,E-Scooter,6.91,38.9,9.81,16.64,85.5,65.9,0,57.0,13.2,18-25,0.684,Normal
688,E-Bike,0.86,5.08,13.87,17.1,29.3,29.6,2,22.8,33.7,26-35,0.398,Improper_Parking
689,E-Scooter,1.42,7.96,17.63,24.47,42.9,37.0,0,3.2,23.2,18-25,0.695,Normal
690,E-Bike,0.63,5.19,17.3,19.59,35.7,23.9,2,22.9,33.9,46-60,0.957,Normal
691,E-Scooter,8.64,32.09,16.34,23.24,59.4,30.5,0,7.3,26.3,46-60,0.763,Normal
692,E-Scooter,1.2,7.73,9.57,15.1,96.2,93.0,1,14.2,41.2,18-25,0.41,Improper_Parking
693,E-Bike,10.03,48.04,12.22,15.67,66.1,37.6,2,25.4,15.5,26-35,0.675,Improper_Parking
694,E-Scooter,0.93,4.67,17.25,20.67,33.8,37.2,0,17.5,33.2,18-25,0.471,Normal
695,E-Scooter,2.43,13.04,15.18,20.54,84.7,75.7,1,10.2,38.2,18-25,0.954,Normal
696,E-Bike,6.3,54.45,6.67,14.87,24.2,2.2,1,7.7,22.3,26-35,0.624,Battery_Critical
697,E-Bike,1.36,2.0,12.92,18.02,68.0,66.9,4,8.4,20.9,36-45,0.521,Hard_Braking
698,E-Bike,1.38,5.34,10.55,12.52,26.7,21.2,0,19.1,23.4,26-35,0.977,Normal
699,E-Bike,2.17,13.97,14.45,14.9,41.3,37.2,0,11.3,29.9,36-45,0.906,Normal
700,E-Scooter,3.53,15.77,14.97,19.32,39.0,23.8,2,25.2,25.3,60+,0.822,Normal
701,E-Scooter,1.71,10.93,12.56,16.63,91.4,82.2,2,21.3,16.4,18-25,0.733,Battery_Critical
702,E-Bike,6.69,77.97,5.0,6.4,27.9,10.4,4,32.1,29.2,46-60,0.907,Hard_Braking
703,E-Scooter,1.42,4.73,15.81,20.51,57.6,52.7,4,90.5,25.7,18-25,0.487,Mechanical_Fault
704,E-Scooter,2.76,7.55,18.77,24.29,61.5,51.5,1,50.1,24.4,26-35,0.676,Mechanical_Fault
705,E-Scooter,3.25,6.0,24.39,36.36,35.5,29.3,1,3.4,29.9,18-25,0.84,Normal
706,E-Scooter,7.64,35.87,16.81,23.08,58.7,39.2,4,7.5,35.8,26-35,0.845,Hard_Braking
707,E-Scooter,6.31,17.77,19.92,22.05,76.2,54.5,1,134.2,27.9,26-35,0.884,Mechanical_Fault
708,E-Scooter,1.3,4.17,17.1,17.71,91.3,80.5,3,6.8,15.6,26-35,0.86,Hard_Braking
709,E-Bike,0.95,2.89,14.95,16.19,74.0,70.4,2,1.7,30.6,18-25,0.76,Normal
710,E-Scooter,0.7,5.4,12.75,17.01,43.0,43.0,0,15.5,27.6,18-25,0.503,Normal
711,E-Bike,4.65,18.74,15.34,20.85,70.3,54.6,1,8.9,22.6,36-45,0.681,Normal
712,E-Bike,2.57,11.33,16.16,20.9,83.1,68.9,0,21.7,31.7,36-45,0.633,Normal
713,E-Scooter,0.9,3.72,13.66,20.33,27.9,20.9,0,6.0,39.9,18-25,0.729,Hard_Braking
714,E-Bike,3.39,10.06,16.98,22.59,27.8,10.7,1,7.2,21.0,18-25,0.791,Battery_Critical
715,E-Bike,0.33,2.0,12.36,16.48,84.4,83.8,3,3.9,20.0,18-25,0.675,Hard_Braking
716,E-Bike,4.78,10.75,16.65,17.26,55.0,42.5,3,0.2,7.2,18-25,0.832,Hard_Braking
717,E-Bike,4.58,24.12,12.05,20.19,34.4,22.4,2,23.6,23.3,26-35,0.746,Hard_Braking
718,E-Bike,5.45,16.97,17.4,26.26,93.5,77.5,2,25.3,13.3,60+,0.684,Hard_Braking
719,E-Scooter,1.99,6.83,19.48,25.73,35.1,26.1,0,30.2,31.6,46-60,0.858,Normal
720,E-Scooter,4.14,10.59,22.91,24.23,52.6,36.2,0,17.7,22.5,60+,0.946,Normal
721,E-Bike,7.73,27.96,13.85,20.22,67.0,43.5,1,1.5,17.4,60+,0.693,Hard_Braking
722,E-Scooter,4.61,16.85,15.36,18.46,51.6,39.3,0,6.3,32.1,18-25,0.83,Normal
723,E-Scooter,2.6,5.79,24.05,30.76,36.1,31.6,0,68.8,22.5,26-35,0.627,Mechanical_Fault
724,E-Bike,1.36,2.12,11.94,19.26,98.4,97.2,0,21.3,23.8,36-45,0.787,Normal
725,E-Bike,1.13,5.97,9.22,13.61,61.9,59.2,1,22.7,32.3,36-45,0.686,Normal
726,E-Scooter,2.01,2.0,27.56,36.24,79.1,75.7,2,6.4,18.0,36-45,0.906,Normal
727,E-Scooter,11.8,38.54,19.71,22.32,95.3,58.5,4,13.7,25.0,26-35,0.785,Hard_Braking
728,E-Bike,5.32,23.71,13.75,16.33,60.6,42.9,3,10.0,23.1,36-45,0.848,Hard_Braking
729,E-Bike,1.05,9.22,13.96,17.14,27.1,27.9,2,2.2,26.8,26-35,0.709,Normal
730,E-Scooter,5.53,23.87,20.87,28.6,56.0,39.7,0,5.4,26.7,46-60,0.798,Normal
731,E-Scooter,1.54,2.0,13.12,17.87,42.1,40.4,5,39.6,-0.5,26-35,0.851,Hard_Braking
732,E-Bike,0.96,2.32,18.12,23.82,87.8,87.4,0,36.4,18.9,18-25,0.661,Mechanical_Fault
733,E-Scooter,4.29,17.1,16.62,25.11,73.9,62.3,3,86.2,16.8,26-35,0.651,Hard_Braking
734,E-Scooter,6.55,21.8,19.0,26.42,52.7,33.3,0,8.9,31.9,18-25,0.639,Normal
735,E-Bike,3.64,18.08,15.69,25.35,97.0,90.2,4,15.4,20.8,26-35,,Hard_Braking
736,E-Bike,4.38,17.04,13.95,22.52,93.3,80.6,1,8.7,20.3,46-60,0.962,Normal
737,E-Bike,3.15,17.74,13.13,22.73,48.4,38.9,0,29.9,20.5,46-60,0.817,Normal
738,E-Scooter,8.0,24.93,15.52,19.15,44.4,18.3,2,30.3,27.1,46-60,0.612,Hard_Braking
739,E-Scooter,2.71,8.66,16.39,24.97,47.3,42.4,0,4.7,35.9,18-25,0.534,Normal
740,E-Bike,6.4,29.71,11.92,19.06,95.8,75.1,2,27.6,31.1,26-35,0.918,Hard_Braking
741,E-Scooter,1.28,4.53,11.4,13.14,84.3,77.9,2,43.6,28.8,18-25,0.363,Improper_Parking
742,E-Scooter,5.05,16.75,19.74,21.72,61.7,46.2,0,7.7,20.1,46-60,0.939,Normal
743,E-Bike,2.54,11.49,15.0,23.14,20.2,13.3,3,7.7,19.7,26-35,0.577,Battery_Critical
744,E-Scooter,1.03,5.26,15.83,17.36,90.7,90.0,3,20.7,21.5,18-25,0.822,Hard_Braking
745,E-Bike,1.68,4.81,12.59,12.67,97.8,90.2,5,2.2,18.9,36-45,0.765,Hard_Braking
746,E-Bike,10.32,33.31,17.86,23.83,21.2,0.0,3,0.3,27.1,60+,0.719,Battery_Critical
747,E-Scooter,2.52,12.01,12.16,16.78,93.4,87.5,2,14.6,20.5,18-25,0.785,Normal
748,E-Scooter,3.48,12.56,13.67,17.82,36.2,25.2,1,79.5,16.8,18-25,0.215,Improper_Parking
749,E-Scooter,2.6,4.76,12.31,15.54,66.3,58.6,3,30.4,27.8,18-25,0.995,Hard_Braking
750,E-Bike,2.13,15.15,11.67,17.32,50.7,44.5,3,44.0,21.3,60+,0.455,Hard_Braking
751,E-Scooter,3.2,9.9,21.27,24.2,91.6,86.4,1,48.7,18.3,26-35,0.777,Normal
752,E-Scooter,2.47,9.34,17.13,25.81,27.8,22.3,2,8.2,23.8,46-60,0.778,Normal
753,E-Scooter,1.07,3.24,12.37,14.57,37.1,35.7,1,5.1,30.5,26-35,0.754,Normal
754,E-Scooter,4.29,16.97,19.69,22.24,87.9,79.4,0,7.9,26.9,26-35,0.873,Normal
755,E-Scooter,3.89,9.35,17.52,22.49,32.6,19.0,0,9.8,24.0,36-45,0.801,Normal
756,E-Bike,2.19,8.79,11.24,17.66,46.0,36.6,3,11.5,26.2,46-60,0.845,Hard_Braking
757,E-Scooter,4.91,18.84,18.02,23.86,57.4,47.9,0,3.1,32.3,26-35,0.578,Normal
758,E-Bike,5.39,15.85,16.3,19.5,63.9,41.9,0,9.6,27.0,18-25,0.772,Normal
759,E-Scooter,2.46,12.64,13.08,21.2,26.0,24.3,1,2.3,28.3,18-25,0.688,Normal
760,E-Scooter,6.86,11.76,22.54,24.18,92.5,68.0,3,12.5,23.3,36-45,0.8,Improper_Parking
761,E-Scooter,2.03,10.24,15.64,18.17,50.2,45.7,1,12.9,25.4,18-25,0.991,Normal
762,E-Scooter,7.29,39.79,11.2,22.08,23.6,4.1,3,17.8,28.9,18-25,0.813,Battery_Critical
763,E-Scooter,5.67,30.73,11.86,16.68,65.5,45.1,1,13.5,19.8,18-25,0.777,Normal
764,E-Scooter,3.67,5.5,24.2,30.21,95.1,77.9,1,9.0,27.0,18-25,0.696,Hard_Braking
765,E-Bike,3.66,25.48,8.79,16.4,88.8,82.2,2,45.8,20.2,26-35,0.83,Hard_Braking
766,E-Bike,0.73,2.68,14.24,14.82,85.3,78.3,3,2.8,18.8,26-35,0.675,Hard_Braking
767,E-Scooter,12.72,31.62,24.38,27.8,85.4,45.4,1,1.3,26.9,46-60,0.602,Normal
768,E-Scooter,9.56,50.61,10.99,18.7,57.1,31.0,1,15.4,21.9,18-25,0.805,Battery_Critical
769,E-Scooter,2.45,10.6,25.61,35.06,81.6,70.0,1,44.4,20.6,36-45,0.828,Hard_Braking
770,E-Bike,1.56,4.18,14.22,17.94,78.7,78.6,0,9.1,31.2,26-35,0.939,Normal
771,E-Scooter,1.45,7.22,14.92,21.49,46.5,42.6,3,19.1,11.2,26-35,0.904,Hard_Braking
772,E-Bike,7.02,29.04,15.52,21.51,57.1,41.4,1,20.6,25.9,36-45,0.825,Normal
773,E-Bike,1.76,7.92,18.89,28.96,98.9,98.1,2,33.6,42.0,18-25,0.872,Normal
774,E-Bike,2.11,12.04,14.6,19.98,58.1,45.6,0,17.0,27.1,18-25,0.969,Normal
775,E-Scooter,0.67,2.0,16.63,20.5,57.4,50.8,3,8.0,31.5,36-45,0.598,Hard_Braking
776,E-Bike,3.23,10.48,17.62,24.51,24.9,12.4,1,12.1,18.9,26-35,0.808,Battery_Critical
777,E-Scooter,4.18,14.57,18.4,21.02,46.0,30.8,0,13.5,19.5,36-45,0.774,Normal
778,E-Scooter,4.25,10.83,20.26,21.87,64.5,49.6,1,0.3,37.8,18-25,0.966,Hard_Braking
779,E-Scooter,0.9,4.3,13.16,15.92,32.1,25.3,2,8.6,29.9,18-25,0.497,Mechanical_Fault
780,E-Scooter,5.51,19.23,17.43,22.37,29.8,18.9,0,8.4,23.5,26-35,0.71,Normal
781,E-Scooter,2.39,10.2,13.04,22.14,97.8,91.5,4,16.3,17.7,36-45,0.491,Hard_Braking
782,E-Scooter,2.57,5.75,20.23,20.4,92.6,86.1,2,55.9,8.5,18-25,0.502,Hard_Braking
783,E-Bike,2.27,16.39,17.43,20.09,74.2,71.0,3,2.8,21.4,26-35,0.634,Hard_Braking
784,E-Bike,3.12,19.24,11.49,16.62,45.3,35.1,3,14.7,25.3,18-25,0.737,Normal
785,E-Scooter,2.31,4.04,19.54,20.67,65.7,63.5,3,10.9,21.4,36-45,0.736,Hard_Braking
786,E-Scooter,1.39,3.14,15.35,18.83,26.7,18.3,0,75.4,30.4,18-25,0.702,Mechanical_Fault
787,E-Scooter,5.68,15.28,16.82,19.93,30.9,13.4,0,13.1,31.5,36-45,0.678,Mechanical_Fault
788,E-Bike,0.72,5.59,11.5,17.19,33.8,30.3,3,7.9,16.6,26-35,0.528,Normal
789,E-Scooter,14.0,55.43,14.71,19.66,62.9,24.9,0,4.8,17.2,36-45,0.808,Improper_Parking
790,E-Scooter,5.88,23.51,12.95,13.99,50.6,37.3,1,0.2,17.0,46-60,0.819,Battery_Critical
791,E-Bike,1.17,7.37,10.96,13.78,56.5,54.2,1,7.1,30.5,26-35,0.845,Normal
792,E-Bike,2.53,10.79,14.4,19.57,64.7,55.6,2,11.2,25.4,26-35,0.418,Improper_Parking
793,E-Scooter,3.8,10.31,22.45,26.25,30.6,20.6,2,26.3,15.4,26-35,0.701,Hard_Braking
794,E-Scooter,4.65,17.83,13.45,22.18,44.1,29.0,1,68.4,21.8,18-25,0.65,Mechanical_Fault
795,E-Scooter,4.13,16.18,12.88,18.24,89.5,81.3,2,10.9,27.0,26-35,0.762,Normal
796,E-Scooter,4.69,15.81,19.74,21.37,81.2,64.9,0,22.7,12.9,26-35,0.926,Normal
797,E-Scooter,4.71,29.37,11.92,17.19,64.8,45.0,5,8.9,25.7,18-25,0.833,Hard_Braking
798,E-Bike,1.11,6.58,18.24,25.86,48.9,43.5,0,2.7,28.2,26-35,0.863,Normal
799,E-Bike,2.49,8.12,14.36,16.43,50.0,41.5,2,6.9,23.2,60+,0.928,Hard_Braking
800,E-Bike,0.52,3.14,17.7,23.78,67.2,71.4,2,5.3,22.3,60+,0.896,Hard_Braking
801,E-Scooter,0.64,6.61,11.55,12.97,44.6,37.1,1,19.1,12.1,18-25,0.823,Mechanical_Fault
802,E-Bike,11.06,41.83,14.6,20.0,29.2,0.0,1,12.9,18.3,18-25,0.743,Battery_Critical
803,E-Bike,2.51,4.2,15.48,23.1,96.7,81.4,1,2.3,19.7,18-25,0.813,Hard_Braking
804,E-Bike,0.75,8.16,15.17,18.54,84.7,86.7,0,8.5,22.7,18-25,0.818,Normal
805,E-Bike,4.03,17.84,10.5,19.17,50.8,39.1,3,29.6,33.0,18-25,0.949,Hard_Braking
806,E-Bike,1.94,10.03,12.77,18.08,29.8,26.6,4,3.3,11.7,18-25,0.726,Hard_Braking
807,E-Scooter,3.87,12.58,14.76,17.67,47.6,33.2,0,13.4,42.0,18-25,0.692,Normal
808,E-Bike,2.41,11.41,14.87,18.07,24.2,10.6,0,12.0,19.2,36-45,0.872,Battery_Critical
809,E-Scooter,0.64,2.0,23.38,31.82,74.7,79.0,1,0.8,33.9,18-25,0.611,Normal
810,E-Scooter,1.66,8.69,13.17,17.99,50.0,49.4,2,1.0,20.3,26-35,0.668,Normal
811,E-Scooter,3.77,11.93,22.67,25.92,85.4,67.9,1,10.8,14.9,36-45,0.725,Normal
812,E-Scooter,3.73,11.88,14.85,20.99,44.5,33.1,2,2.9,14.6,36-45,0.941,Normal
813,E-Bike,3.57,18.88,12.0,13.59,26.9,17.1,0,5.3,24.8,26-35,0.768,Normal
814,E-Scooter,2.11,7.53,14.46,21.33,38.3,25.9,0,71.2,23.5,18-25,0.849,Normal
815,E-Bike,8.98,36.45,15.89,21.42,71.2,43.7,1,1.4,10.6,18-25,0.727,Normal
816,E-Scooter,3.01,8.16,15.68,20.6,33.5,17.7,1,6.9,38.9,60+,0.654,Battery_Critical
817,E-Scooter,2.44,4.88,15.27,20.82,86.5,81.6,1,8.8,14.8,18-25,0.577,Normal
818,E-Scooter,2.16,8.91,14.4,20.41,43.9,42.6,1,20.8,17.6,26-35,0.675,Normal
819,E-Scooter,3.21,7.0,22.48,28.06,63.8,55.9,3,4.9,24.0,26-35,0.923,Hard_Braking
820,E-Bike,1.52,10.11,10.33,16.23,49.9,48.4,3,0.2,21.6,46-60,0.822,Hard_Braking
821,E-Bike,2.73,14.47,15.8,26.1,86.8,85.7,1,0.9,24.6,18-25,0.953,Normal
822,E-Bike,2.4,5.68,13.11,15.08,68.8,58.9,0,26.6,28.4,18-25,0.905,Mechanical_Fault
823,E-Bike,0.38,5.22,12.83,18.23,32.8,26.4,3,11.2,17.1,26-35,0.805,Hard_Braking
824,E-Bike,1.51,5.43,16.03,21.04,22.8,18.5,2,18.0,38.3,36-45,0.72,Normal
825,E-Scooter,2.23,13.24,12.14,16.56,42.0,39.0,1,11.0,22.8,18-25,0.763,Normal
826,E-Bike,4.72,43.11,6.64,10.87,74.3,60.0,1,2.1,16.9,18-25,0.255,Improper_Parking
827,E-Scooter,3.63,12.43,18.14,24.72,79.9,75.5,1,11.3,17.4,18-25,0.869,Battery_Critical
828,E-Scooter,7.67,41.01,11.37,18.66,92.7,69.7,3,25.4,25.7,60+,0.69,Hard_Braking
829,E-Bike,4.94,24.92,12.86,18.48,82.0,61.8,1,20.2,10.3,18-25,0.786,Normal
830,E-Bike,5.32,30.67,9.58,13.51,69.6,54.9,2,43.6,5.8,36-45,0.761,Normal
831,E-Scooter,0.96,2.0,23.64,27.83,51.5,50.8,1,14.3,18.2,36-45,0.777,Normal
832,E-Bike,0.82,10.19,11.88,19.17,85.6,86.5,2,11.3,15.9,26-35,0.786,Hard_Braking
833,E-Scooter,0.98,6.7,8.94,16.36,42.1,44.5,1,3.3,38.4,18-25,0.913,Normal
834,E-Bike,4.01,28.56,12.21,16.59,54.4,50.5,0,27.8,26.9,26-35,0.725,Normal
835,E-Bike,4.91,22.58,13.95,15.8,21.7,8.1,0,5.8,30.6,18-25,0.846,Battery_Critical
836,E-Scooter,0.39,2.0,22.54,28.21,87.1,89.0,1,0.2,19.3,26-35,0.724,Normal
837,E-Scooter,2.4,8.35,17.55,22.05,35.6,28.2,1,1.4,16.9,36-45,0.864,Normal
838,E-Scooter,8.46,26.82,19.25,22.2,43.5,22.3,2,6.2,33.2,46-60,0.582,Normal
839,E-Bike,4.82,25.69,11.22,18.75,28.9,11.7,1,0.0,9.4,46-60,0.738,Battery_Critical
840,E-Scooter,2.5,10.83,14.65,19.12,91.7,78.0,0,25.7,28.9,26-35,0.639,Normal
841,E-Bike,3.1,10.78,15.03,15.04,53.0,39.7,1,33.0,35.0,36-45,0.723,Normal
842,E-Scooter,4.11,12.02,24.83,26.35,96.0,85.9,0,39.1,25.5,36-45,0.829,Normal
843,E-Bike,5.77,19.28,13.43,16.89,41.3,23.0,5,18.8,27.5,26-35,0.551,Hard_Braking
844,E-Bike,3.74,15.46,12.27,15.92,66.6,59.6,0,18.0,31.4,46-60,0.626,Normal
845,E-Scooter,5.5,20.75,16.49,19.39,84.3,71.1,0,15.3,34.6,26-35,0.916,Normal
846,E-Bike,2.79,12.18,14.41,16.99,71.4,59.4,1,18.3,23.4,18-25,0.9,Normal
847,E-Scooter,1.9,6.31,22.13,25.25,41.1,35.7,1,12.0,23.9,46-60,0.665,Normal
848,E-Bike,1.85,6.8,15.9,18.85,60.2,50.4,0,6.2,24.8,46-60,0.939,Normal
849,E-Scooter,4.53,13.99,15.26,22.4,29.4,18.1,1,20.4,26.8,26-35,0.806,Normal
850,E-Scooter,4.87,19.58,13.08,14.82,71.6,54.6,2,6.0,17.8,18-25,0.64,Hard_Braking
851,E-Scooter,2.51,10.37,20.03,22.13,81.1,72.5,1,5.3,19.3,36-45,0.796,Improper_Parking
852,E-Scooter,1.44,3.71,17.96,20.6,99.9,100.0,0,30.6,30.0,,0.837,Normal
853,E-Scooter,1.88,14.54,14.04,23.19,36.1,23.7,4,42.4,26.1,18-25,0.668,Hard_Braking
854,E-Scooter,1.01,5.95,14.12,14.88,83.3,80.6,1,0.3,36.0,46-60,0.655,Normal
855,E-Bike,0.51,3.86,12.02,15.43,68.9,66.8,0,18.3,20.9,26-35,0.658,Normal
856,E-Bike,0.3,4.55,15.07,15.13,22.7,21.1,0,7.8,25.9,18-25,0.839,Normal
857,E-Bike,3.59,10.69,18.67,25.38,61.1,48.5,1,9.3,3.4,46-60,0.82,Normal
858,E-Scooter,1.33,3.22,17.48,23.92,35.3,39.0,1,25.4,30.1,26-35,0.909,Normal
859,E-Scooter,4.69,25.7,11.61,13.73,26.1,18.4,2,18.3,4.4,18-25,0.79,Hard_Braking
860,E-Bike,1.36,7.93,12.93,15.93,40.9,36.7,1,6.3,23.5,18-25,0.735,Normal
861,E-Scooter,2.73,9.68,13.96,19.54,59.3,52.1,2,2.6,33.9,36-45,0.713,Mechanical_Fault
862,E-Bike,2.61,15.66,12.73,18.08,79.7,62.2,1,26.8,32.3,18-25,0.865,Normal
863,E-Bike,1.13,7.04,14.4,22.61,28.9,23.5,2,3.5,26.5,26-35,0.634,Hard_Braking
864,E-Scooter,1.72,8.27,19.97,25.69,33.3,22.2,2,36.5,21.1,36-45,0.857,Hard_Braking
865,E-Scooter,3.9,15.34,17.39,21.84,24.7,16.0,0,23.1,20.1,18-25,0.926,Normal
866,E-Bike,2.25,12.11,12.97,15.93,38.6,31.8,1,7.6,26.0,18-25,0.868,Normal
867,E-Bike,1.15,10.75,11.34,14.3,47.0,40.6,0,5.2,22.9,36-45,0.73,Normal
868,E-Scooter,2.75,6.68,18.3,23.49,79.1,74.9,4,4.5,38.3,26-35,0.502,Hard_Braking
869,E-Scooter,4.55,13.34,18.82,22.21,94.7,89.2,0,51.9,21.5,46-60,0.96,Normal
870,E-Bike,1.78,8.95,19.35,25.21,56.9,55.1,3,52.8,30.1,26-35,0.646,Hard_Braking
871,E-Bike,11.31,39.75,16.36,17.16,60.8,26.9,0,14.6,21.8,18-25,0.681,Normal
872,E-Bike,1.75,13.46,10.46,14.67,94.3,88.8,4,13.7,21.2,36-45,0.815,Hard_Braking
873,E-Bike,3.56,17.51,11.76,16.96,41.1,30.8,2,5.6,31.3,18-25,0.763,Mechanical_Fault
874,E-Scooter,2.56,10.03,19.02,19.99,83.0,74.9,4,10.6,15.6,36-45,0.891,Hard_Braking
875,E-Scooter,13.05,45.66,18.65,23.82,33.0,0.0,0,16.8,22.4,18-25,0.745,Battery_Critical
876,E-Scooter,4.42,16.61,15.46,21.94,35.0,27.9,1,66.2,25.0,18-25,0.758,Normal
877,E-Scooter,2.61,7.9,16.15,22.95,72.9,61.6,2,4.4,24.4,18-25,0.503,Normal
878,E-Bike,4.14,12.14,17.57,19.49,30.5,20.5,1,20.1,26.0,60+,0.815,Normal
879,E-Bike,2.82,15.81,9.78,16.24,84.4,72.8,2,90.6,24.3,36-45,0.902,Mechanical_Fault
880,E-Bike,8.48,45.92,11.59,17.38,23.0,0.0,1,17.7,22.3,60+,0.823,Battery_Critical
881,E-Scooter,5.26,22.36,15.96,19.71,51.7,38.9,0,6.5,29.3,18-25,0.618,Normal
882,E-Scooter,8.01,35.52,14.02,22.36,76.4,56.3,3,2.2,19.3,26-35,0.781,Hard_Braking
883,E-Scooter,3.7,13.84,17.45,21.46,93.3,84.1,1,1.8,23.4,36-45,0.851,Hard_Braking
884,E-Bike,1.82,8.55,16.01,19.38,87.7,85.4,0,19.0,26.1,18-25,0.753,Normal
885,E-Scooter,3.41,9.35,23.56,26.36,28.9,22.0,0,1.0,35.6,26-35,0.847,Normal
886,E-Bike,3.49,19.19,8.66,14.67,63.2,53.4,2,3.0,28.3,26-35,0.931,Mechanical_Fault
887,E-Scooter,3.79,16.76,13.16,17.17,35.9,23.8,1,26.4,28.7,46-60,0.751,Normal
888,E-Scooter,8.17,36.74,12.56,15.09,85.7,60.5,5,17.5,23.6,26-35,0.797,Hard_Braking
889,E-Scooter,1.97,4.38,13.89,23.98,81.9,78.9,1,16.1,18.6,18-25,0.519,Normal
890,E-Bike,3.41,11.03,12.55,18.43,74.4,70.8,4,91.4,3.8,18-25,0.744,Hard_Braking
891,E-Scooter,4.84,18.38,17.21,18.39,69.5,56.3,0,4.6,24.9,60+,0.768,Normal
892,E-Scooter,1.05,3.36,13.18,20.6,38.2,33.1,3,34.2,21.8,26-35,0.71,Mechanical_Fault
893,E-Scooter,2.08,10.28,11.27,17.18,56.7,47.9,4,21.2,25.3,26-35,0.88,Hard_Braking
894,E-Bike,2.74,7.27,15.44,17.44,52.9,49.7,1,14.8,23.0,18-25,0.864,Mechanical_Fault
895,E-Scooter,0.47,5.55,11.19,15.77,95.1,97.6,2,4.7,26.6,18-25,0.745,Hard_Braking
896,E-Bike,1.87,13.41,15.16,15.93,90.4,77.5,1,40.9,24.9,36-45,0.978,Mechanical_Fault
897,E-Scooter,2.41,13.29,17.51,22.12,22.9,10.5,3,0.2,33.8,26-35,0.682,Battery_Critical
898,E-Scooter,3.4,10.64,15.23,19.69,69.1,56.8,1,19.0,35.6,26-35,0.839,Normal
899,E-Scooter,1.62,11.6,14.15,16.04,71.5,65.0,0,7.5,30.3,26-35,0.43,Hard_Braking
900,E-Bike,1.02,6.07,14.71,23.87,56.5,63.0,2,27.2,29.7,36-45,0.881,Normal
901,E-Scooter,4.15,20.16,12.12,16.4,53.1,39.1,5,7.9,35.3,18-25,0.704,Hard_Braking
902,E-Scooter,4.2,16.45,19.62,27.87,26.5,13.3,2,21.1,27.1,18-25,0.74,Battery_Critical
903,E-Scooter,0.96,5.08,16.32,19.55,86.9,85.7,0,35.4,31.0,18-25,0.657,Battery_Critical
904,E-Scooter,1.51,2.0,14.12,14.72,97.0,88.0,0,56.6,26.6,18-25,0.526,Normal
905,E-Scooter,7.94,50.24,9.38,17.39,62.3,41.6,3,28.8,30.3,46-60,0.81,Hard_Braking
906,E-Scooter,1.34,11.48,17.74,19.03,27.1,17.9,0,1.8,12.3,18-25,0.725,Normal
907,E-Scooter,5.17,19.97,17.17,22.87,24.7,6.3,1,6.2,35.4,18-25,0.382,Battery_Critical
908,E-Bike,2.64,9.71,14.45,19.4,68.7,63.4,1,4.8,28.0,18-25,0.713,Hard_Braking
909,E-Scooter,1.96,2.0,21.59,27.63,28.5,22.9,1,6.7,14.0,18-25,0.895,Normal
910,E-Scooter,3.41,13.86,15.86,18.85,64.4,57.9,1,1.3,17.5,46-60,0.449,Battery_Critical
911,E-Scooter,7.78,33.31,13.8,17.41,42.4,23.2,2,0.9,18.7,26-35,0.743,Mechanical_Fault
912,E-Scooter,4.42,27.03,10.37,19.33,41.3,26.9,1,29.4,22.6,,0.922,Mechanical_Fault
913,E-Scooter,1.28,2.37,13.8,18.41,98.2,96.2,2,14.1,35.2,26-35,0.881,Normal
914,E-Scooter,7.93,19.33,21.03,24.14,93.7,64.1,1,22.7,32.1,46-60,0.745,Normal
915,E-Bike,0.3,2.0,15.24,21.93,28.4,24.4,0,8.6,19.7,18-25,0.792,Improper_Parking
916,E-Bike,0.49,2.0,10.29,17.41,97.5,93.4,3,37.3,30.7,26-35,0.592,Hard_Braking
917,E-Scooter,3.57,13.12,19.64,20.5,30.8,21.8,1,8.5,22.8,18-25,0.568,Normal
918,E-Scooter,0.86,8.43,20.78,22.18,32.1,34.0,3,13.6,7.0,60+,0.657,Hard_Braking
919,E-Bike,1.76,13.39,11.29,17.3,97.3,93.9,2,18.3,16.3,26-35,0.941,Normal
920,E-Scooter,0.72,3.77,19.81,23.11,38.7,32.9,0,4.3,25.9,26-35,0.776,Normal
921,E-Scooter,7.16,24.17,26.63,31.18,21.9,0.0,2,1.0,35.5,18-25,0.787,Battery_Critical
922,E-Scooter,2.33,6.83,12.85,17.82,58.9,54.6,3,57.0,37.9,18-25,0.892,Mechanical_Fault
923,E-Scooter,5.46,11.35,21.33,25.41,38.0,19.1,1,4.9,31.3,60+,0.848,Hard_Braking
924,E-Bike,4.52,32.56,9.17,13.96,91.1,70.5,1,10.7,31.2,46-60,0.775,Normal
925,E-Scooter,0.83,3.97,15.5,18.47,48.6,45.2,3,73.9,28.8,46-60,0.606,Hard_Braking
926,E-Scooter,0.57,2.0,15.27,16.87,87.5,89.4,2,20.6,37.0,18-25,0.707,Normal
927,E-Scooter,0.3,2.28,15.43,16.0,38.0,35.0,1,2.7,35.4,26-35,0.702,Battery_Critical
928,E-Bike,0.98,2.52,11.97,13.53,90.3,89.1,2,71.8,24.8,18-25,0.513,Mechanical_Fault
929,E-Scooter,5.21,16.29,19.75,24.33,93.0,87.4,1,46.6,25.6,46-60,0.659,Normal
930,E-Scooter,5.0,22.36,16.05,16.97,44.3,29.9,0,13.3,36.4,36-45,0.863,Normal
931,E-Bike,0.93,6.14,8.71,9.84,95.7,91.3,1,83.2,36.4,26-35,0.456,Mechanical_Fault
932,E-Scooter,1.23,7.4,17.15,20.74,45.7,43.1,1,45.8,17.8,26-35,0.872,Normal
933,E-Bike,4.42,15.32,15.93,16.76,70.5,55.3,0,9.7,20.3,26-35,0.462,Normal
934,E-Scooter,5.12,12.41,24.79,26.75,92.8,77.9,1,4.0,39.7,60+,0.485,Hard_Braking
935,E-Scooter,2.05,6.42,18.43,24.41,54.0,46.9,0,39.2,13.3,36-45,0.855,Normal
936,E-Scooter,5.06,16.2,15.7,22.3,95.5,89.3,1,35.8,28.7,18-25,0.902,Mechanical_Fault
937,E-Scooter,5.28,22.12,16.23,18.34,37.9,21.9,0,19.7,14.8,46-60,0.72,Normal
938,E-Scooter,5.61,21.05,19.29,24.26,40.0,28.6,4,8.5,32.7,,0.707,Hard_Braking
939,E-Bike,1.41,2.0,17.16,20.98,97.8,96.8,3,40.7,24.7,18-25,0.631,Mechanical_Fault
940,E-Scooter,0.69,2.0,20.79,31.13,75.6,71.1,3,36.6,25.3,18-25,0.998,Hard_Braking
941,E-Bike,1.64,15.99,7.75,11.08,46.2,50.8,1,3.0,26.2,36-45,0.72,Normal
942,E-Bike,3.98,19.21,15.14,15.61,35.9,26.5,2,12.0,28.9,26-35,0.564,Battery_Critical
943,E-Scooter,3.28,18.92,19.08,23.16,87.5,82.5,1,5.8,18.9,26-35,0.845,Normal
944,E-Bike,1.67,11.79,13.16,23.43,29.8,27.4,3,34.6,38.1,26-35,0.888,Hard_Braking
945,E-Scooter,2.41,4.57,21.08,26.5,71.9,67.5,2,5.0,29.6,18-25,0.783,Hard_Braking
946,E-Scooter,1.73,2.0,23.68,24.06,24.9,17.2,5,9.9,21.7,26-35,0.55,Hard_Braking
947,E-Scooter,1.29,5.94,23.12,27.82,35.8,35.9,3,13.6,27.8,26-35,0.881,Battery_Critical
948,E-Scooter,3.91,16.64,14.47,19.81,64.5,56.7,0,17.9,18.7,26-35,0.576,Normal
949,E-Bike,0.48,2.56,9.34,10.5,47.2,43.7,2,21.3,27.6,18-25,0.544,Mechanical_Fault
950,E-Scooter,2.13,8.67,21.61,22.33,44.0,39.8,1,13.4,23.0,18-25,0.772,Improper_Parking
951,E-Bike,0.66,5.87,15.02,18.86,63.7,60.3,1,9.6,28.9,18-25,0.518,Normal
952,E-Bike,3.44,19.71,15.09,19.99,94.4,82.3,1,12.9,15.8,26-35,0.861,Hard_Braking
953,E-Scooter,4.97,18.54,19.94,27.38,44.8,30.7,1,10.8,13.9,46-60,0.599,Normal
954,E-Scooter,0.59,4.36,9.34,9.67,20.7,17.0,2,1.9,37.6,60+,0.558,Hard_Braking
955,E-Scooter,3.49,8.69,15.96,18.71,72.9,64.0,1,7.6,30.6,46-60,0.841,Normal
956,E-Scooter,2.39,11.6,13.84,14.3,54.7,48.6,1,31.2,24.3,46-60,0.91,Battery_Critical
957,E-Bike,4.95,17.78,12.65,16.51,71.5,57.6,1,15.7,20.9,26-35,0.637,Normal
958,E-Scooter,1.49,2.0,19.35,19.4,38.7,23.7,0,33.2,6.9,26-35,0.601,Normal
959,E-Scooter,4.11,19.08,14.47,17.52,48.0,36.9,0,9.6,29.5,18-25,0.918,Normal
960,E-Bike,3.07,10.47,14.42,20.85,64.9,52.4,1,25.5,26.2,46-60,0.491,Normal
961,E-Bike,0.67,3.2,15.0,20.54,26.2,24.8,1,41.2,14.8,36-45,0.922,Normal
962,E-Scooter,6.44,18.07,17.56,21.16,96.7,84.1,1,0.8,14.0,46-60,0.456,Hard_Braking
963,E-Bike,5.1,25.37,11.92,17.96,41.6,31.3,2,9.2,22.6,46-60,0.914,Hard_Braking
964,E-Scooter,4.79,11.44,19.38,25.24,24.0,14.8,0,7.8,19.5,26-35,0.742,Normal
965,E-Bike,0.9,5.36,14.6,19.23,63.5,60.5,1,19.9,38.6,46-60,0.75,Normal
966,E-Bike,1.86,3.94,15.91,27.65,78.0,74.6,0,10.6,34.3,18-25,0.847,Normal
967,E-Bike,2.08,8.0,13.68,16.04,48.2,32.8,0,7.1,20.9,26-35,0.874,Normal
968,E-Bike,0.87,2.0,11.05,21.48,31.0,30.7,3,50.4,25.3,26-35,0.714,Mechanical_Fault
969,E-Bike,6.6,28.77,15.82,22.1,61.2,48.7,0,12.4,28.9,18-25,0.9,Normal
970,E-Scooter,2.12,2.25,20.73,26.22,92.6,86.0,2,37.8,24.8,18-25,0.796,Hard_Braking
971,E-Scooter,0.92,6.97,18.23,23.69,98.1,94.1,3,23.2,19.9,26-35,0.913,Hard_Braking
972,E-Scooter,0.93,2.0,20.09,26.52,73.7,70.1,1,1.2,21.4,36-45,0.915,Normal
973,E-Bike,2.81,9.78,13.21,21.72,28.6,17.5,3,40.7,31.3,60+,0.762,Hard_Braking
974,E-Scooter,1.83,10.15,12.31,28.49,85.0,82.2,6,7.5,18.8,18-25,0.73,Hard_Braking
975,E-Scooter,3.71,12.38,23.13,27.07,55.4,48.0,1,12.2,30.5,18-25,0.831,Normal
976,E-Bike,1.49,12.05,5.66,14.06,99.4,90.1,4,56.7,20.3,18-25,0.511,Hard_Braking
977,E-Scooter,3.57,14.63,16.88,21.33,74.8,64.8,0,47.6,16.5,36-45,0.612,Normal
978,E-Scooter,3.44,14.48,15.43,16.62,61.0,50.5,2,5.3,22.4,26-35,0.615,Normal
979,E-Scooter,5.53,14.86,21.28,28.91,67.7,56.7,0,1.8,20.4,46-60,0.761,Normal
980,E-Bike,4.72,17.89,16.75,22.68,45.4,28.3,2,28.2,31.6,46-60,0.503,Hard_Braking
981,E-Scooter,4.25,10.38,23.15,25.4,55.4,38.5,0,2.6,25.0,,0.616,Battery_Critical
982,E-Scooter,5.5,37.12,9.54,14.88,34.5,18.8,3,8.0,7.4,18-25,0.665,Improper_Parking
983,E-Bike,0.35,2.0,12.76,17.53,91.4,91.1,0,4.1,17.5,26-35,0.496,Normal
984,E-Scooter,1.42,7.75,15.61,23.62,50.0,48.5,4,59.8,41.2,26-35,0.556,Hard_Braking
985,E-Bike,0.54,2.15,18.19,26.37,58.2,59.5,1,31.3,37.7,36-45,0.603,Normal
986,E-Bike,5.48,39.19,7.51,8.05,63.9,44.8,0,7.7,15.7,36-45,0.903,Normal
987,E-Bike,3.16,13.44,15.4,18.8,76.6,66.0,0,33.1,24.9,36-45,0.383,Improper_Parking
988,E-Bike,1.58,9.43,13.45,21.76,84.2,79.9,1,64.0,22.2,46-60,0.873,Mechanical_Fault
989,E-Scooter,7.47,36.91,10.76,24.46,66.0,43.3,2,55.6,23.5,60+,0.937,Normal
990,E-Scooter,2.61,3.8,18.32,20.32,58.4,54.9,5,9.4,18.3,26-35,0.826,Hard_Braking
991,E-Scooter,1.79,2.0,15.92,18.57,89.7,87.7,3,12.3,14.2,36-45,0.855,Hard_Braking
992,E-Scooter,2.53,7.57,19.01,21.42,96.0,84.4,0,1.4,14.6,26-35,0.937,Normal
993,E-Scooter,2.0,11.27,17.23,20.2,20.3,10.7,2,63.3,25.3,26-35,0.707,Battery_Critical
994,E-Scooter,5.29,13.36,17.44,23.26,57.9,40.4,1,6.4,25.8,18-25,0.741,Normal
995,E-Scooter,2.89,12.01,16.1,21.35,51.2,39.5,1,1.7,24.2,18-25,0.601,Normal
996,E-Scooter,0.48,3.09,19.78,24.72,60.2,62.0,3,18.6,31.7,26-35,0.935,Battery_Critical
997,E-Bike,2.11,12.41,11.39,16.22,62.3,51.5,1,1.4,17.2,18-25,0.906,Normal
998,E-Scooter,0.61,3.28,21.61,26.0,45.2,39.1,1,10.7,12.7,26-35,0.78,Normal
999,E-Scooter,4.63,17.23,18.04,18.71,85.8,71.1,2,5.9,33.7,26-35,0.945,Normal
1000,E-Scooter,2.29,6.97,18.76,24.87,61.2,56.2,1,4.1,35.1,36-45,0.836,Battery_Critical
1001,E-Bike,5.48,19.93,14.48,20.8,66.2,55.1,1,3.1,29.1,36-45,0.975,Normal
1002,E-Scooter,2.12,12.48,14.98,16.1,55.5,50.6,0,10.4,22.9,26-35,0.562,Normal
1003,E-Bike,4.43,15.84,14.56,21.51,59.3,50.1,2,6.0,15.4,26-35,0.729,Normal
1004,E-Bike,3.34,18.99,13.03,14.94,74.7,67.6,4,4.8,34.4,18-25,0.713,Hard_Braking
1005,E-Bike,2.93,16.48,13.57,17.84,94.8,78.7,2,14.8,39.3,18-25,0.84,Improper_Parking
1006,E-Bike,5.59,27.09,11.23,15.73,33.4,20.1,2,32.8,20.9,36-45,0.718,Normal
1007,E-Bike,3.49,15.46,13.22,13.89,65.9,60.0,3,9.5,28.2,,0.78,Hard_Braking
1008,E-Scooter,1.31,2.08,11.99,13.31,28.9,26.5,1,3.0,28.4,18-25,0.769,Mechanical_Fault
1009,E-Scooter,5.45,27.61,13.2,17.34,88.9,62.7,0,4.0,38.6,26-35,0.725,Normal
1010,E-Bike,1.76,8.46,19.55,22.67,63.6,58.8,2,12.1,14.0,18-25,0.888,Hard_Braking
1011,E-Scooter,2.36,13.57,17.49,17.83,41.2,42.9,2,12.4,13.4,18-25,0.824,Normal
1012,E-Scooter,1.46,4.67,16.09,19.46,57.4,55.2,1,12.3,27.6,46-60,0.545,Normal
1013,E-Scooter,5.12,16.78,16.68,21.65,55.0,43.8,0,11.0,35.7,18-25,0.681,Normal
1014,E-Scooter,3.85,19.57,14.37,16.8,37.8,29.5,1,27.7,34.8,46-60,0.573,Normal
1015,E-Scooter,1.18,2.0,23.05,28.08,26.2,18.6,2,1.7,16.4,36-45,0.794,Normal
1016,E-Scooter,3.37,17.44,14.5,20.82,29.5,21.2,1,19.8,38.4,18-25,0.618,Battery_Critical
1017,E-Scooter,1.95,13.33,9.53,16.5,40.1,30.6,3,4.4,33.0,60+,0.971,Improper_Parking
1018,E-Bike,4.84,20.98,15.14,18.84,71.8,59.0,0,13.7,14.1,36-45,0.642,Normal
1019,E-Bike,3.14,12.72,16.62,29.48,58.0,41.1,0,40.1,16.5,60+,0.812,Normal
1020,E-Scooter,0.98,2.0,14.39,18.73,45.0,44.2,2,32.1,30.9,18-25,0.708,Normal
1021,E-Bike,2.16,10.74,13.79,17.9,59.7,53.4,1,19.4,28.3,18-25,0.884,Normal
1022,E-Bike,3.83,21.86,15.75,19.63,42.6,26.9,1,40.8,22.3,18-25,0.295,Improper_Parking
1023,E-Scooter,2.09,11.46,18.67,25.9,62.2,54.4,1,14.2,30.4,18-25,0.728,Normal
1024,E-Bike,1.72,8.09,15.95,22.06,86.6,77.4,1,16.6,37.8,46-60,0.858,Normal
1025,E-Bike,5.92,44.62,8.84,14.69,37.3,24.2,1,34.7,29.6,18-25,0.607,Mechanical_Fault
1026,E-Scooter,6.34,20.41,15.65,15.7,79.6,62.4,2,3.7,24.9,26-35,0.588,Mechanical_Fault
1027,E-Scooter,1.29,5.57,21.81,28.02,31.4,28.7,4,1.1,16.0,26-35,0.768,Hard_Braking
1028,E-Scooter,2.32,14.41,17.15,22.34,24.5,26.5,0,46.7,28.8,18-25,0.429,Normal
1029,E-Scooter,1.13,4.03,15.21,16.89,89.4,87.4,1,21.2,25.1,36-45,0.638,Normal
1030,E-Scooter,0.3,2.0,15.82,23.13,59.2,61.4,1,19.7,22.0,18-25,0.7,Hard_Braking
1031,E-Scooter,1.0,3.44,20.3,23.02,27.3,21.4,0,20.5,21.9,36-45,0.723,Normal
1032,E-Bike,2.76,12.16,13.36,17.59,78.2,76.9,1,0.5,26.1,18-25,0.891,Normal
1033,E-Bike,3.23,19.39,9.17,9.99,85.8,79.6,2,32.5,20.9,36-45,0.782,Normal
1034,E-Bike,7.2,41.39,10.38,12.42,78.7,57.4,0,36.6,28.2,18-25,0.676,Normal
1035,E-Scooter,3.01,10.95,20.9,23.78,67.5,64.1,0,26.2,16.7,36-45,0.743,Normal
1036,E-Scooter,2.59,10.25,12.83,21.02,98.5,97.1,3,12.1,42.0,26-35,0.7,Hard_Braking
1037,E-Bike,11.0,49.91,14.45,14.58,27.7,0.0,0,5.8,20.4,36-45,0.514,Battery_Critical
1038,E-Bike,1.47,11.83,11.99,19.25,91.3,84.9,0,21.4,22.0,18-25,0.786,Normal
1039,E-Scooter,1.46,3.71,16.91,18.77,38.7,42.6,0,40.4,41.2,26-35,0.732,Normal
1040,E-Bike,3.79,22.6,12.66,23.34,48.3,33.6,1,52.0,23.7,46-60,0.941,Mechanical_Fault
1041,E-Scooter,1.31,3.61,12.66,16.99,84.2,80.9,0,26.9,19.4,60+,0.889,Normal
1042,E-Bike,2.21,7.32,16.59,19.37,58.1,55.1,0,4.4,20.3,18-25,0.734,Normal
1043,E-Scooter,3.24,8.74,19.43,21.11,60.5,47.6,2,4.9,19.7,36-45,0.876,Normal
1044,E-Scooter,4.26,15.37,20.93,25.31,65.8,49.8,0,52.3,25.0,36-45,0.861,Normal
1045,E-Scooter,5.81,18.97,17.24,23.65,60.2,39.7,2,13.8,32.5,18-25,0.838,Normal
1046,E-Scooter,0.67,2.0,15.14,23.97,78.8,79.1,1,5.7,27.6,18-25,0.871,Normal
1047,E-Scooter,4.75,22.87,14.05,16.12,63.0,46.7,2,15.3,26.8,36-45,0.745,Normal
1048,E-Scooter,6.71,36.66,11.26,20.9,60.9,35.4,0,32.8,35.8,26-35,0.913,Mechanical_Fault
1049,E-Scooter,3.77,15.99,12.2,21.01,31.5,21.0,3,7.3,21.8,46-60,0.895,Hard_Braking
1050,E-Bike,1.04,6.77,8.91,13.38,99.0,97.6,3,4.1,10.4,26-35,0.77,Normal
1051,E-Bike,0.49,2.0,13.7,17.58,59.1,63.1,1,1.0,39.4,18-25,0.974,Hard_Braking
1052,E-Scooter,4.29,12.14,15.43,17.39,93.0,78.5,2,14.2,29.0,46-60,0.707,Mechanical_Fault
1053,E-Scooter,1.78,4.55,18.09,21.08,60.2,56.8,3,19.3,37.8,36-45,0.757,Hard_Braking
1054,E-Bike,3.36,16.9,10.74,13.46,75.0,58.5,0,0.3,25.5,26-35,0.772,Normal
1055,E-Scooter,3.93,17.72,16.9,19.78,25.5,14.1,0,20.6,31.3,60+,0.93,Battery_Critical
1056,E-Scooter,3.72,15.29,17.12,78.86,90.6,81.3,1,3.3,36.9,46-60,0.61,Normal
1057,E-Bike,2.79,16.66,14.93,17.33,43.9,35.4,1,7.5,24.9,36-45,0.726,Normal
1058,E-Scooter,3.03,16.11,20.13,21.86,67.8,55.7,2,1.5,26.1,18-25,0.492,Normal
1059,E-Bike,0.49,4.59,10.71,14.04,81.1,86.6,2,23.2,40.1,36-45,0.766,Mechanical_Fault
1060,E-Scooter,1.63,4.95,11.48,23.54,53.7,50.9,0,14.4,23.4,18-25,0.93,Normal
1061,E-Bike,0.31,2.0,14.17,15.8,27.7,22.7,3,80.6,18.6,18-25,0.588,Mechanical_Fault
1062,E-Scooter,3.5,2.4,20.91,27.99,98.4,87.5,0,36.5,9.1,26-35,0.806,Normal
1063,E-Bike,2.58,18.78,9.14,17.88,41.9,32.3,0,4.0,18.3,26-35,0.801,Normal
1064,E-Scooter,1.89,2.0,23.34,32.43,87.6,84.3,3,26.5,21.1,18-25,0.737,Hard_Braking
1065,E-Scooter,3.93,10.98,15.74,26.83,59.4,49.7,4,8.2,19.7,36-45,0.664,Hard_Braking
1066,E-Scooter,2.8,11.91,14.96,17.56,84.9,74.6,1,20.0,19.9,18-25,0.889,Battery_Critical
1067,E-Scooter,0.9,10.72,16.46,18.57,43.4,42.2,2,1.1,20.5,18-25,0.567,Normal
1068,E-Bike,2.49,20.73,7.71,12.34,76.5,70.0,5,46.2,19.7,26-35,0.613,Hard_Braking
1069,E-Scooter,2.87,12.18,12.68,22.48,32.0,22.5,0,6.6,25.0,26-35,0.565,Normal
1070,E-Bike,0.49,2.34,9.54,16.96,65.2,62.6,1,8.7,17.9,36-45,0.724,Normal
1071,E-Scooter,1.77,4.57,18.06,20.7,26.6,15.5,1,5.8,42.0,26-35,0.698,Battery_Critical
1072,E-Scooter,3.03,14.16,12.32,17.94,63.0,56.9,1,15.2,28.9,36-45,0.921,Mechanical_Fault
1073,E-Bike,3.9,15.59,15.84,23.33,87.2,67.2,2,3.7,15.6,46-60,0.923,Hard_Braking
1074,E-Bike,6.33,44.43,9.88,16.77,49.6,35.9,0,0.7,30.9,18-25,0.847,Normal
1075,E-Scooter,1.69,4.41,15.88,23.01,53.0,48.0,2,3.6,34.7,18-25,0.921,Normal
1076,E-Bike,0.67,3.9,14.45,22.0,84.9,80.5,1,8.4,18.4,36-45,0.839,Normal
1077,E-Bike,2.87,11.38,14.71,19.27,78.0,62.6,2,4.0,34.2,18-25,0.695,Normal
1078,E-Scooter,2.18,8.27,14.52,17.52,42.3,39.1,2,20.3,25.1,26-35,0.902,Hard_Braking
1079,E-Scooter,7.14,33.51,14.29,17.57,99.6,70.9,0,3.5,18.8,60+,0.491,Normal
1080,E-Scooter,7.79,54.36,9.12,17.18,81.5,52.2,0,34.9,29.6,36-45,0.784,Improper_Parking
1081,E-Bike,3.19,11.68,14.65,23.57,59.2,51.4,2,16.9,21.7,26-35,0.827,Normal
1082,E-Scooter,2.51,6.83,16.64,18.05,90.3,84.0,2,9.8,14.9,18-25,0.957,Hard_Braking
1083,E-Scooter,1.69,6.43,11.74,16.36,83.9,81.4,2,28.7,27.7,36-45,0.9,Normal
1084,E-Bike,6.16,16.26,16.15,23.61,63.0,42.2,0,27.5,23.0,26-35,0.853,Normal
1085,E-Scooter,2.36,7.72,20.0,22.03,55.6,42.9,1,25.7,14.7,18-25,0.793,Normal
1086,E-Scooter,1.82,3.4,22.32,32.81,20.1,17.6,0,11.5,11.5,26-35,0.814,Battery_Critical
1087,E-Bike,0.91,2.77,11.05,16.2,61.5,60.1,1,10.6,16.8,18-25,0.866,Normal
1088,E-Bike,1.92,2.0,15.91,16.55,21.5,15.8,3,11.0,35.9,46-60,0.686,Normal
1089,E-Scooter,1.76,9.03,12.71,19.09,67.4,63.9,1,43.4,26.0,18-25,0.742,Normal
1090,E-Scooter,5.55,18.72,19.6,19.9,38.9,22.6,1,6.6,13.5,18-25,0.375,Improper_Parking
1091,E-Scooter,4.09,22.76,10.87,13.69,65.3,50.9,0,12.8,17.5,26-35,0.773,Normal
1092,E-Scooter,1.61,9.34,15.08,21.46,99.1,88.6,2,7.9,32.9,18-25,0.743,Improper_Parking
1093,E-Bike,0.36,2.0,11.87,14.17,50.0,57.2,0,49.7,24.1,26-35,0.866,Mechanical_Fault
1094,E-Scooter,3.94,7.35,23.54,27.48,46.1,36.8,3,4.0,8.0,18-25,0.819,Hard_Braking
1095,E-Scooter,4.74,12.08,17.89,24.49,89.3,75.3,0,27.1,32.3,18-25,0.647,Normal
1096,E-Bike,7.3,31.96,14.3,22.99,27.6,0.0,3,4.9,16.1,26-35,0.758,Battery_Critical
1097,E-Bike,3.27,16.3,13.4,19.35,78.4,63.5,2,8.5,25.2,46-60,0.783,Normal
1098,E-Bike,4.19,21.02,12.09,19.51,35.1,20.4,0,7.3,35.1,18-25,0.74,Normal
1099,E-Scooter,2.88,15.39,12.25,15.83,50.1,44.0,2,6.0,27.1,46-60,0.863,Normal
1100,E-Bike,0.78,5.94,9.48,14.39,32.7,27.0,2,0.2,24.6,26-35,0.957,Hard_Braking
1101,E-Scooter,7.01,26.76,16.13,26.01,56.6,31.0,0,25.7,27.3,36-45,0.751,Normal
1102,E-Scooter,1.26,3.96,19.76,29.17,73.4,69.7,2,58.1,33.5,18-25,0.619,Normal
1103,E-Bike,1.97,13.99,12.03,15.97,41.8,34.7,0,5.7,19.4,18-25,0.853,Normal
1104,E-Scooter,7.98,21.03,22.11,24.46,91.1,63.5,1,9.7,17.0,18-25,0.386,Improper_Parking
1105,E-Bike,2.84,33.24,5.0,11.72,48.9,42.9,1,15.6,35.5,26-35,0.738,Mechanical_Fault
1106,E-Bike,1.28,6.51,15.13,18.33,45.8,49.1,1,15.2,14.9,18-25,0.595,Normal
1107,E-Scooter,2.57,7.47,16.57,22.46,86.3,75.2,1,2.3,26.2,18-25,0.69,Hard_Braking
1108,E-Bike,3.35,14.91,12.86,22.5,98.0,86.5,3,2.5,22.7,18-25,0.8,Improper_Parking
1109,E-Bike,1.86,6.29,15.64,20.56,85.3,82.9,2,10.4,16.8,46-60,0.712,Hard_Braking
1110,E-Scooter,8.2,23.83,20.24,29.95,32.3,9.4,0,2.3,22.3,36-45,0.826,Battery_Critical
1111,E-Scooter,0.89,6.01,8.73,11.83,88.6,87.3,4,4.0,33.4,18-25,0.74,Hard_Braking
1112,E-Bike,10.23,42.41,13.08,20.39,94.6,68.5,0,1.0,25.1,46-60,0.643,Normal
1113,E-Scooter,2.03,6.31,22.35,28.74,90.8,82.0,3,9.6,27.7,36-45,0.908,Hard_Braking
1114,E-Bike,2.33,11.03,12.78,17.53,31.7,23.3,3,65.0,39.7,26-35,0.467,Normal
1115,E-Bike,8.08,38.4,12.58,17.96,58.4,33.2,1,18.8,14.4,26-35,0.755,Improper_Parking
1116,E-Bike,3.69,21.27,12.35,21.72,52.4,46.5,1,0.6,32.1,60+,0.74,Normal
1117,E-Scooter,0.83,5.2,13.83,17.46,57.2,55.5,0,66.7,24.4,36-45,0.705,Mechanical_Fault
1118,E-Scooter,3.05,16.01,10.52,15.14,64.0,57.4,0,3.0,24.9,46-60,0.93,Improper_Parking
1119,E-Scooter,1.97,7.48,21.19,26.61,31.8,24.9,3,10.4,9.8,18-25,0.583,Hard_Braking
1120,E-Scooter,7.28,27.29,14.32,22.82,43.3,17.9,0,16.6,27.7,36-45,0.795,Normal
1121,E-Bike,2.69,9.86,13.82,20.71,63.8,53.8,2,19.3,32.1,36-45,0.202,Improper_Parking
1122,E-Scooter,3.94,16.91,11.76,14.78,22.0,5.5,0,2.5,20.4,36-45,0.672,Battery_Critical
1123,E-Scooter,6.54,30.43,13.89,18.43,48.0,33.9,2,14.0,11.7,18-25,0.764,Mechanical_Fault
1124,E-Scooter,8.24,32.57,16.99,25.21,85.2,61.2,3,16.2,13.4,18-25,0.88,Mechanical_Fault
1125,E-Bike,2.83,12.09,14.18,20.63,48.8,37.7,2,28.2,29.0,60+,0.713,Normal
1126,E-Scooter,3.68,14.76,15.66,16.53,30.6,13.6,5,21.0,21.6,46-60,0.724,Hard_Braking
1127,E-Scooter,1.18,3.03,16.22,22.38,64.8,67.3,1,2.7,22.0,18-25,0.841,Normal
1128,E-Bike,6.42,39.42,9.17,14.67,84.5,65.6,1,2.0,5.7,18-25,0.917,Normal
1129,E-Scooter,1.85,11.71,9.42,17.51,72.1,72.6,5,18.7,29.1,36-45,0.755,Hard_Braking
1130,E-Bike,2.15,9.09,12.0,21.83,49.1,41.3,1,2.1,23.7,60+,0.898,Normal
1131,E-Bike,6.65,23.46,13.91,18.35,44.4,19.0,0,13.7,22.1,18-25,0.948,Battery_Critical
1132,E-Bike,8.07,29.36,16.12,23.19,22.5,0.0,0,28.4,14.9,18-25,0.843,Battery_Critical
1133,E-Scooter,3.33,11.22,19.03,23.22,30.6,22.6,1,8.2,28.7,60+,0.489,Normal
1134,E-Bike,1.67,2.33,17.68,18.37,87.2,79.6,1,11.4,14.3,46-60,0.82,Normal
1135,E-Scooter,2.22,5.51,20.63,24.61,57.8,56.6,2,31.6,11.1,26-35,0.828,Hard_Braking
1136,E-Bike,1.95,3.09,15.22,17.44,57.3,49.6,1,39.4,29.9,26-35,0.725,Normal
1137,E-Bike,2.6,13.78,12.56,17.22,41.4,33.1,1,37.5,12.5,36-45,0.434,Hard_Braking
1138,E-Bike,1.97,8.49,12.83,16.33,34.2,21.7,0,6.3,29.4,,0.575,Normal
1139,E-Scooter,1.15,2.0,17.92,23.84,24.0,19.0,0,31.1,19.3,26-35,0.667,Normal
1140,E-Bike,1.06,9.12,15.16,19.56,79.5,67.1,2,17.3,19.1,36-45,0.886,Normal
1141,E-Scooter,3.09,8.35,20.45,68.02,75.7,68.2,3,36.5,25.8,18-25,0.699,Hard_Braking
1142,E-Scooter,1.6,7.35,17.62,23.3,30.5,26.2,3,134.4,23.7,36-45,0.7,Mechanical_Fault
1143,E-Scooter,1.53,5.48,19.85,23.69,24.3,16.5,1,1.3,27.0,18-25,0.75,Normal
1144,E-Scooter,1.85,5.08,18.47,22.8,91.2,92.0,0,11.8,27.4,36-45,0.822,Normal
1145,E-Scooter,0.31,3.36,14.64,19.49,31.6,27.1,2,36.2,32.5,36-45,0.887,Mechanical_Fault
1146,E-Scooter,2.28,9.92,11.32,18.14,86.1,75.9,2,3.2,9.0,18-25,0.559,Normal
1147,E-Bike,2.59,18.13,10.57,15.75,71.2,68.2,1,1.7,31.7,36-45,0.843,Normal
1148,E-Bike,1.91,8.05,16.63,22.12,34.4,27.1,5,2.7,27.2,36-45,0.864,Hard_Braking
1149,E-Scooter,1.47,9.34,17.36,18.99,80.8,78.9,1,1.3,25.1,18-25,0.585,Normal
1150,E-Scooter,5.49,16.01,19.87,24.91,73.0,53.4,1,1.7,22.7,18-25,0.719,Normal
1151,E-Bike,0.4,2.0,14.28,19.91,95.6,87.6,1,1.4,14.6,26-35,0.883,Hard_Braking
1152,E-Bike,3.01,10.41,12.51,17.65,72.2,56.9,3,14.7,20.2,18-25,0.924,Normal
1153,E-Scooter,1.41,7.72,15.56,23.82,24.2,19.2,0,10.3,8.9,46-60,0.529,Normal
1154,E-Scooter,2.9,10.75,20.09,22.42,39.1,25.7,3,22.4,20.2,26-35,0.608,Improper_Parking
1155,E-Bike,5.89,22.14,13.21,19.89,56.2,41.0,2,8.4,26.6,18-25,0.789,Normal
1156,E-Scooter,8.02,33.21,13.77,17.62,45.7,14.5,3,0.6,25.4,36-45,0.609,Hard_Braking
1157,E-Scooter,0.36,2.0,13.85,14.11,61.2,57.5,3,31.8,26.3,18-25,0.941,Hard_Braking
1158,E-Bike,7.35,40.28,11.77,14.8,90.9,68.3,2,28.7,12.2,46-60,0.887,Battery_Critical
1159,E-Scooter,4.01,11.62,19.3,25.91,65.1,50.5,1,10.5,28.7,46-60,0.523,Normal
1160,E-Scooter,1.35,6.72,14.75,21.94,39.2,35.9,4,17.9,38.4,36-45,0.708,Hard_Braking
1161,E-Bike,0.3,3.77,7.78,10.15,25.4,21.7,2,8.6,29.8,26-35,0.48,Hard_Braking
1162,E-Scooter,6.96,17.26,20.0,25.77,88.3,71.5,0,4.9,7.9,46-60,0.724,Normal
1163,E-Scooter,5.0,26.6,12.67,19.83,73.4,51.4,1,0.1,31.7,18-25,0.866,Normal
1164,E-Bike,0.85,4.82,11.79,17.3,67.9,56.3,0,7.0,33.7,18-25,0.781,Normal
1165,E-Bike,1.76,7.94,12.39,19.66,72.4,69.3,2,10.3,21.8,26-35,0.758,Hard_Braking
1166,E-Bike,7.24,23.13,17.47,20.39,25.2,7.9,3,49.5,30.9,18-25,0.857,Battery_Critical
1167,E-Bike,3.6,16.88,13.58,18.49,78.7,70.4,2,70.1,27.8,36-45,0.571,Normal
1168,E-Scooter,6.13,19.56,18.8,20.84,50.1,33.0,1,63.1,29.2,18-25,0.742,Normal
1169,E-Scooter,6.31,25.68,17.74,19.81,55.9,37.9,0,8.8,20.5,36-45,0.952,Mechanical_Fault
1170,E-Scooter,1.72,5.1,13.01,24.41,32.5,25.8,1,21.4,28.5,36-45,0.95,Normal
1171,E-Bike,0.89,5.52,13.85,18.5,26.5,17.8,2,13.7,10.6,26-35,0.852,Battery_Critical
1172,E-Scooter,6.82,32.67,12.47,18.9,70.7,48.0,1,16.2,29.3,26-35,0.684,Normal
1173,E-Scooter,2.85,7.83,15.6,24.01,86.6,78.4,0,2.6,32.2,26-35,0.881,Normal
1174,E-Bike,5.26,29.5,11.13,17.45,95.6,82.6,0,45.4,25.2,18-25,,Normal
1175,E-Bike,0.3,3.17,6.67,11.19,88.1,84.5,0,5.8,32.3,26-35,0.441,Battery_Critical
1176,E-Scooter,0.75,7.15,19.37,28.45,68.0,68.0,2,19.3,5.0,26-35,0.933,Hard_Braking
1177,E-Scooter,0.45,5.67,16.59,23.0,27.2,26.2,0,20.2,26.2,26-35,0.753,Normal
1178,E-Bike,1.72,2.0,14.83,19.32,99.1,91.1,0,2.0,12.5,46-60,0.678,Normal
1179,E-Bike,1.54,2.0,19.32,23.93,93.8,89.6,0,5.9,13.4,26-35,0.81,Normal
1180,E-Bike,4.37,12.21,14.01,17.62,95.8,75.9,2,6.2,10.4,18-25,0.917,Hard_Braking
1181,E-Scooter,2.29,12.08,15.31,19.57,20.2,16.1,0,2.8,21.5,26-35,0.592,Normal
1182,E-Bike,1.2,3.28,19.67,23.88,20.7,12.7,1,60.8,25.0,26-35,0.824,Normal
1183,E-Scooter,9.05,37.07,15.38,15.42,95.5,68.5,2,111.0,29.2,18-25,0.871,Mechanical_Fault
1184,E-Bike,1.12,2.71,12.22,23.37,74.4,71.5,0,10.9,8.5,46-60,0.677,Normal
1185,E-Bike,7.05,40.5,10.27,13.78,47.1,28.4,3,36.8,28.6,26-35,0.859,Hard_Braking
1186,E-Bike,12.81,65.78,11.04,16.93,59.7,23.1,1,22.5,19.1,26-35,0.849,Battery_Critical
1187,E-Scooter,1.67,12.64,6.47,14.0,21.7,18.3,2,11.0,26.7,18-25,0.581,Mechanical_Fault
1188,E-Bike,0.6,2.15,19.85,21.43,80.2,77.0,2,2.5,25.5,26-35,0.603,Normal
1189,E-Bike,2.9,31.26,5.68,6.91,57.0,50.1,2,5.7,33.8,26-35,0.836,Normal
1190,E-Bike,1.12,6.52,20.57,27.71,70.7,55.7,2,47.5,6.7,26-35,0.812,Battery_Critical
1191,E-Scooter,9.11,26.53,19.42,22.17,73.1,42.2,1,7.0,25.2,26-35,0.801,Normal
1192,E-Scooter,0.76,3.51,16.89,21.76,38.6,39.7,1,33.9,36.3,18-25,0.781,Normal
1193,E-Bike,1.6,2.0,13.25,17.65,93.3,85.7,0,2.4,22.7,26-35,0.787,Normal
1194,E-Scooter,2.88,11.05,22.07,24.26,41.5,37.7,3,6.1,32.2,18-25,0.878,Hard_Braking
1195,E-Bike,7.17,42.65,10.15,13.85,95.7,76.1,0,27.1,30.0,18-25,0.958,Normal
1196,E-Scooter,2.86,6.37,23.26,29.06,45.7,39.2,1,5.3,10.5,26-35,0.87,Normal
1197,E-Scooter,3.39,17.08,14.96,19.89,24.1,16.2,3,2.2,38.0,18-25,0.617,Normal
1198,E-Bike,5.39,19.41,13.95,21.52,45.9,26.5,1,7.1,42.0,26-35,0.575,Normal
1199,E-Bike,3.48,19.02,10.16,11.83,21.3,12.0,2,13.0,25.4,18-25,0.977,Battery_Critical
1200,E-Bike,0.78,6.65,12.44,19.31,59.6,66.6,1,14.3,27.2,26-35,0.597,Normal
1201,E-Bike,3.65,18.48,14.35,19.75,24.7,10.2,2,6.9,21.6,46-60,0.67,Battery_Critical
1202,E-Bike,0.88,6.14,10.51,16.93,24.1,18.6,3,37.9,34.6,18-25,0.676,Hard_Braking
1203,E-Bike,1.93,13.31,7.57,15.44,72.2,65.1,2,2.8,21.9,26-35,0.654,Normal
1204,E-Scooter,6.09,27.91,12.02,12.58,91.1,72.6,2,45.9,32.9,36-45,0.766,Mechanical_Fault
1205,E-Scooter,5.51,14.98,19.85,22.51,52.9,34.4,0,9.7,32.9,18-25,0.942,Normal
1206,E-Bike,2.91,15.13,12.8,20.31,61.9,54.2,1,13.2,22.2,18-25,0.913,Hard_Braking
1207,E-Scooter,2.48,8.25,22.11,27.89,57.5,48.8,2,30.0,32.3,36-45,0.619,Normal
1208,E-Scooter,2.98,7.95,18.94,19.4,95.3,88.3,2,35.1,42.0,46-60,0.679,Battery_Critical
1209,E-Bike,0.66,2.0,13.42,21.7,70.2,67.8,0,14.9,27.5,36-45,0.762,Normal
1210,E-Scooter,6.69,29.88,16.21,17.34,56.1,40.1,1,7.0,21.6,26-35,0.684,Normal
1211,E-Scooter,2.26,8.79,14.47,15.28,22.4,10.0,1,1.5,25.1,36-45,0.989,Battery_Critical
1212,E-Bike,4.54,21.57,13.36,18.3,59.9,43.9,1,22.4,11.1,18-25,0.738,Normal
1213,E-Scooter,5.04,20.32,15.79,24.29,88.6,83.5,1,29.9,18.9,60+,0.599,Normal
1214,E-Scooter,1.4,7.57,17.66,27.41,94.4,85.9,1,12.1,34.0,26-35,0.892,Normal
1215,E-Bike,5.44,24.61,13.16,13.43,51.0,34.3,1,30.5,31.6,26-35,0.628,Normal
1216,E-Scooter,14.0,44.52,19.73,26.81,69.6,22.8,0,3.5,29.1,36-45,0.677,Normal
1217,E-Scooter,3.48,16.08,18.29,20.94,42.9,34.5,4,30.2,36.2,26-35,0.613,Hard_Braking
1218,E-Scooter,0.34,2.0,19.38,26.29,78.3,78.8,1,32.6,14.2,26-35,0.885,Normal
1219,E-Bike,1.65,18.24,5.63,8.09,25.6,15.4,1,17.2,39.7,26-35,0.778,Normal
1220,E-Scooter,4.9,5.04,25.3,30.94,93.5,79.1,1,26.7,32.8,36-45,0.754,Normal
1221,E-Scooter,2.66,6.42,19.75,22.59,81.6,79.1,1,52.4,15.5,46-60,0.865,Improper_Parking
1222,E-Bike,4.13,20.09,9.88,12.38,89.8,88.1,0,60.4,19.2,36-45,0.62,Normal
1223,E-Bike,3.01,14.32,11.09,17.45,20.2,6.0,0,0.2,11.0,18-25,0.728,Battery_Critical
1224,E-Scooter,2.36,8.84,17.86,23.98,48.9,47.0,5,0.5,31.9,36-45,0.755,Hard_Braking
1225,E-Scooter,3.33,13.2,17.47,20.28,97.8,85.3,1,15.8,16.1,46-60,0.624,Normal
1226,E-Scooter,0.9,2.0,15.89,20.84,99.1,89.6,1,11.7,5.0,,0.533,Normal
1227,E-Bike,1.87,12.03,9.83,10.66,34.2,27.7,3,2.7,22.9,26-35,0.611,Improper_Parking
1228,E-Bike,3.53,19.61,10.83,18.68,84.5,71.9,2,19.0,21.9,36-45,0.613,Hard_Braking
1229,E-Scooter,6.84,26.38,14.27,20.7,60.1,45.3,1,6.2,25.1,36-45,0.595,Normal
1230,E-Scooter,3.76,24.39,12.37,18.62,38.1,26.4,2,81.1,28.6,36-45,0.977,Normal
1231,E-Scooter,4.37,16.34,14.83,19.77,99.1,86.9,2,6.0,21.4,36-45,0.591,Normal
1232,E-Bike,2.38,11.94,8.64,12.85,65.2,56.0,2,21.1,21.9,26-35,0.514,Hard_Braking
1233,E-Bike,5.11,29.89,9.97,10.52,92.8,77.0,3,13.9,22.3,26-35,0.392,Improper_Parking
1234,E-Scooter,0.78,2.0,19.36,20.83,93.7,94.7,4,0.6,26.4,36-45,0.762,Hard_Braking
1235,E-Scooter,2.42,14.1,16.96,22.36,69.7,69.3,0,3.1,19.4,46-60,0.834,Normal
1236,E-Scooter,2.62,11.31,19.08,23.11,53.2,42.5,1,16.6,24.6,26-35,0.846,Normal
1237,E-Bike,4.77,22.58,15.74,19.89,32.4,18.0,1,14.8,14.4,18-25,0.468,Mechanical_Fault
1238,E-Scooter,2.87,12.91,13.87,17.56,43.2,37.8,2,28.4,17.7,26-35,0.686,Normal
1239,E-Scooter,0.82,2.0,14.56,17.77,22.1,22.5,1,8.4,9.3,36-45,0.619,Normal
1240,E-Scooter,4.59,13.75,19.71,23.52,69.2,48.4,4,2.2,23.2,26-35,0.72,Hard_Braking
1241,E-Scooter,13.65,78.29,10.83,16.5,63.6,24.8,1,2.6,22.1,18-25,0.658,Normal
1242,E-Scooter,1.32,2.0,19.93,23.71,67.4,65.0,3,51.4,19.4,26-35,0.547,Hard_Braking
1243,E-Bike,7.39,45.65,8.99,9.11,53.7,28.3,2,10.5,26.0,18-25,0.385,Improper_Parking
1244,E-Bike,1.48,10.26,14.21,20.79,85.1,77.9,0,2.1,29.0,36-45,0.75,Normal
1245,E-Scooter,2.5,7.22,20.32,24.85,63.9,53.3,2,45.1,27.3,26-35,0.869,Normal
1246,E-Scooter,2.2,15.41,14.91,16.33,77.3,65.5,3,7.1,19.7,26-35,0.528,Normal
1247,E-Scooter,2.72,11.17,19.33,21.53,57.3,55.3,1,40.6,20.1,18-25,0.808,Normal
1248,E-Scooter,2.44,14.04,8.95,14.94,64.5,56.7,2,15.9,24.1,26-35,0.73,Mechanical_Fault
1249,E-Scooter,4.43,22.31,13.34,18.47,57.2,43.9,4,2.8,20.1,18-25,0.716,Hard_Braking
1250,E-Scooter,4.24,11.97,18.83,30.33,32.1,22.1,4,11.2,27.3,18-25,0.83,Hard_Braking
1251,E-Scooter,2.08,7.61,16.13,23.58,86.5,76.8,3,21.2,33.4,18-25,0.73,Hard_Braking
1252,E-Scooter,0.72,3.64,15.98,22.24,95.9,91.1,2,15.3,25.1,46-60,0.893,Hard_Braking
1253,E-Bike,5.24,27.85,12.0,14.48,49.9,33.1,1,85.5,38.8,36-45,0.926,Mechanical_Fault
1254,E-Scooter,1.25,5.71,18.79,25.6,62.1,57.3,0,37.8,33.4,46-60,0.94,Normal
1255,E-Scooter,0.93,2.0,15.45,19.74,31.0,25.6,2,0.6,21.2,18-25,0.898,Battery_Critical
1256,E-Bike,1.49,10.67,11.01,15.37,58.2,57.0,3,16.9,29.8,26-35,0.622,Hard_Braking
1257,E-Scooter,2.97,14.43,11.44,17.9,82.6,80.5,0,34.4,12.0,46-60,0.641,Normal
1258,E-Scooter,4.83,21.8,15.47,18.11,51.4,33.6,0,15.0,18.5,60+,0.898,Normal
1259,E-Scooter,4.74,12.96,19.22,25.74,87.4,79.9,2,8.2,32.3,36-45,0.828,Normal
1260,E-Scooter,0.4,2.0,17.79,22.42,44.8,38.7,1,38.9,26.7,36-45,0.752,Normal
1261,E-Scooter,2.37,2.8,22.0,24.8,40.4,35.6,3,6.6,16.9,18-25,0.838,Hard_Braking
1262,E-Bike,1.1,9.78,9.46,17.06,65.1,59.5,3,2.4,26.8,36-45,0.465,Hard_Braking
1263,E-Scooter,1.08,5.58,21.42,24.86,45.3,42.3,0,3.5,31.4,26-35,0.744,Normal
1264,E-Scooter,3.29,5.18,25.53,27.03,39.1,29.6,0,0.5,16.3,36-45,0.501,Normal
1265,E-Bike,10.99,57.15,11.99,14.05,45.8,13.6,1,18.6,28.3,26-35,0.761,Battery_Critical
1266,E-Bike,3.64,18.8,11.99,17.06,59.3,47.1,0,30.8,23.7,36-45,0.817,Normal
1267,E-Scooter,7.81,42.92,13.71,20.63,41.1,20.0,0,5.5,34.4,36-45,0.883,Normal
1268,E-Scooter,1.31,2.63,15.55,16.94,71.7,64.0,2,1.2,26.5,26-35,0.686,Normal
1269,E-Scooter,1.47,2.8,16.98,24.15,53.2,44.2,0,28.9,30.5,26-35,0.798,Normal
1270,E-Bike,2.12,11.04,8.01,15.72,49.9,45.3,3,5.3,22.8,36-45,0.753,Normal
1271,E-Scooter,2.97,10.72,15.62,18.65,48.1,44.6,0,2.0,29.9,46-60,0.947,Normal
1272,E-Bike,7.24,32.58,14.01,19.75,82.6,60.6,3,39.4,20.3,18-25,0.798,Mechanical_Fault
1273,E-Bike,1.46,8.18,15.03,21.95,58.2,55.0,1,3.5,20.8,18-25,0.726,Hard_Braking
1274,E-Bike,1.45,10.56,9.11,10.95,61.3,54.1,2,9.3,28.5,26-35,0.765,Normal
1275,E-Scooter,2.08,3.5,18.58,24.14,67.6,52.4,0,18.8,42.0,26-35,0.85,Normal
1276,E-Scooter,8.88,60.06,8.49,13.97,57.1,31.6,2,34.2,27.2,26-35,0.502,Mechanical_Fault
1277,E-Bike,1.64,4.77,17.5,25.04,42.4,34.4,2,51.7,18.9,18-25,0.811,Normal
1278,E-Bike,5.04,21.06,13.86,18.16,65.4,54.5,0,60.2,10.1,36-45,0.688,Normal
1279,E-Scooter,2.32,17.36,9.69,16.33,36.2,30.1,1,13.7,40.0,18-25,0.643,Normal
1280,E-Scooter,9.02,31.28,18.86,22.72,24.8,0.0,2,77.3,26.7,18-25,0.959,Battery_Critical
1281,E-Bike,2.39,9.35,18.48,24.77,29.0,25.9,1,2.0,24.2,26-35,0.715,Normal
1282,E-Bike,1.0,4.38,13.32,21.87,32.0,30.5,1,12.1,19.9,26-35,0.877,Normal
1283,E-Bike,2.31,15.01,10.33,17.12,88.8,84.5,2,23.2,31.9,18-25,0.438,Hard_Braking
1284,E-Scooter,1.56,7.33,20.76,29.51,20.8,19.3,3,23.5,18.6,46-60,0.489,Hard_Braking
1285,E-Scooter,2.36,10.11,15.68,22.37,89.5,79.6,1,0.3,15.0,36-45,0.644,Normal
1286,E-Scooter,7.01,26.77,15.1,22.81,60.8,32.1,2,33.7,34.1,36-45,0.681,Mechanical_Fault
1287,E-Bike,2.61,17.21,11.5,13.53,95.9,85.2,1,28.3,32.7,18-25,0.669,Normal
1288,E-Scooter,9.43,20.09,28.77,31.05,83.6,56.3,1,20.9,16.5,26-35,0.41,Improper_Parking
1289,E-Bike,1.53,7.75,13.1,15.7,51.7,44.8,0,10.3,12.7,26-35,0.835,Normal
1290,E-Bike,1.31,7.87,10.94,17.02,52.0,44.6,2,5.3,12.9,18-25,0.871,Mechanical_Fault
1291,E-Scooter,3.07,16.75,12.42,17.12,96.4,89.0,3,4.3,14.1,26-35,0.851,Hard_Braking
1292,E-Scooter,3.09,3.31,26.06,28.76,41.2,39.8,0,7.6,31.6,36-45,0.953,Normal
1293,E-Bike,2.25,7.45,13.96,19.28,26.3,12.4,1,46.3,25.3,46-60,0.777,Battery_Critical
1294,E-Bike,2.76,7.44,16.11,23.0,49.1,45.3,3,10.1,20.8,18-25,0.828,Hard_Braking
1295,E-Scooter,4.32,22.04,12.46,14.69,82.6,70.5,2,2.2,18.9,18-25,0.896,Normal
1296,E-Bike,1.18,9.77,13.72,18.79,79.9,73.7,4,9.0,30.0,46-60,0.873,Hard_Braking
1297,E-Scooter,4.44,15.28,19.19,21.63,98.2,76.9,1,6.4,33.0,18-25,0.689,Normal
1298,E-Bike,0.63,3.19,16.64,23.38,97.1,94.3,3,53.2,35.7,26-35,0.862,Mechanical_Fault
1299,E-Bike,2.93,9.76,16.79,19.12,44.9,35.8,1,12.6,17.0,18-25,0.594,Mechanical_Fault
1300,E-Scooter,1.67,8.81,12.11,13.82,73.3,65.2,0,11.5,21.8,46-60,0.836,Normal
1301,E-Bike,2.79,17.07,10.77,14.68,47.5,39.4,0,24.2,27.6,26-35,0.81,Battery_Critical
1302,E-Scooter,9.66,58.14,9.21,13.4,36.0,0.0,3,3.1,26.9,46-60,0.447,Battery_Critical
1303,E-Bike,3.15,9.75,14.37,16.07,38.3,32.1,1,5.8,27.2,26-35,0.841,Normal
1304,E-Scooter,5.87,21.86,15.86,20.6,94.4,78.7,2,8.0,12.9,26-35,0.836,Battery_Critical
1305,E-Scooter,6.89,24.4,16.37,18.6,49.1,32.6,3,2.7,21.1,18-25,0.634,Hard_Braking
1306,E-Scooter,4.79,16.41,14.25,22.15,67.6,54.8,1,7.5,26.4,26-35,0.505,Normal
1307,E-Scooter,4.84,18.26,17.96,26.94,83.3,73.0,7,16.9,27.9,26-35,0.738,Hard_Braking
1308,E-Scooter,7.57,23.77,14.49,22.21,47.6,23.3,1,1.4,24.5,26-35,0.966,Normal
1309,E-Scooter,2.23,11.79,21.14,26.53,61.9,49.3,4,2.9,25.1,60+,0.462,Hard_Braking
1310,E-Scooter,3.37,9.21,15.48,21.66,59.0,53.7,1,28.9,30.1,46-60,0.905,Normal
1311,E-Bike,5.16,31.54,9.45,11.1,81.6,58.5,1,23.2,24.7,26-35,0.665,Normal
1312,E-Bike,7.26,31.98,12.98,21.5,27.9,2.3,2,41.2,21.7,18-25,0.795,Battery_Critical
1313,E-Bike,2.45,10.33,13.17,18.66,81.6,77.6,1,28.9,25.4,36-45,0.737,Mechanical_Fault
1314,E-Scooter,4.4,15.25,16.11,19.64,94.8,79.2,3,26.6,25.3,26-35,0.804,Hard_Braking
1315,E-Scooter,5.34,10.83,25.12,34.11,43.3,26.6,1,10.4,9.3,60+,0.876,Hard_Braking
1316,E-Bike,3.18,21.89,13.38,14.4,80.5,69.6,2,0.8,30.6,26-35,0.743,Hard_Braking
1317,E-Scooter,8.18,34.86,14.52,24.11,73.3,45.5,0,2.6,33.4,18-25,0.758,Normal
1318,E-Scooter,2.12,9.78,18.56,26.78,89.0,81.1,2,12.9,34.3,18-25,0.879,Hard_Braking
1319,E-Scooter,3.01,10.41,14.23,16.66,79.1,60.2,1,54.1,33.8,46-60,0.822,Normal
1320,E-Scooter,7.86,29.81,15.4,16.32,31.5,12.2,1,6.8,34.9,18-25,0.711,Normal
1321,E-Scooter,10.31,32.13,18.77,25.46,44.6,11.6,1,48.5,28.4,46-60,0.834,Battery_Critical
1322,E-Scooter,4.98,19.36,20.22,21.95,38.1,19.9,2,41.3,15.2,26-35,0.676,Normal
1323,E-Bike,5.0,30.53,9.79,11.29,33.0,15.0,0,30.5,29.2,18-25,0.759,Normal
1324,E-Bike,2.07,10.94,11.5,19.61,32.5,26.1,0,19.1,22.5,36-45,0.437,Battery_Critical
1325,E-Scooter,9.3,33.92,18.83,20.59,48.4,22.6,1,0.6,36.1,26-35,0.881,Normal
1326,E-Scooter,2.01,7.36,13.76,14.45,36.8,32.2,2,3.0,20.0,36-45,0.746,Hard_Braking
1327,E-Bike,2.2,10.68,14.44,18.52,78.5,67.2,2,13.1,34.5,46-60,0.908,Hard_Braking
1328,E-Scooter,1.27,4.99,12.46,13.86,26.4,24.6,1,3.4,25.9,18-25,0.701,Normal
1329,E-Scooter,2.41,8.77,20.79,28.45,51.7,48.8,2,14.2,28.4,26-35,0.694,Normal
1330,E-Scooter,3.05,9.82,18.27,25.99,66.7,63.5,1,7.3,17.0,46-60,0.75,Normal
1331,E-Scooter,1.33,5.59,21.61,26.54,55.8,53.8,2,16.3,22.7,26-35,0.876,Normal
1332,E-Bike,8.05,29.05,20.34,25.84,74.5,52.0,1,1.4,24.2,18-25,0.646,Normal
1333,E-Bike,12.23,51.25,13.21,19.15,23.5,0.0,0,3.3,28.5,46-60,0.766,Battery_Critical
1334,E-Bike,5.22,18.12,18.88,24.08,58.6,43.3,1,40.1,22.3,26-35,0.847,Normal
1335,E-Bike,3.31,13.11,13.56,18.3,76.2,67.6,4,0.8,28.3,36-45,0.92,Hard_Braking
1336,E-Scooter,2.65,7.34,20.62,24.04,86.2,79.3,3,3.9,17.4,46-60,0.679,Hard_Braking
1337,E-Scooter,5.5,12.65,20.75,26.05,75.4,60.1,1,12.1,31.2,36-45,0.804,Normal
1338,E-Scooter,1.69,5.54,17.33,24.28,91.6,85.2,1,31.3,34.6,26-35,0.73,Normal
1339,E-Scooter,4.44,20.22,15.04,25.52,90.1,78.2,2,0.8,16.2,26-35,0.63,Hard_Braking
1340,E-Scooter,2.99,14.2,15.99,24.15,63.1,55.3,0,1.0,16.8,26-35,0.858,Normal
1341,E-Scooter,3.94,26.73,11.41,14.51,80.9,68.8,0,19.8,14.6,46-60,0.776,Hard_Braking
1342,E-Scooter,4.26,6.07,24.77,30.0,74.4,61.7,1,8.3,22.5,26-35,0.529,Normal
1343,E-Bike,1.43,8.77,14.32,22.17,56.3,55.6,0,6.9,33.6,18-25,0.417,Improper_Parking
1344,E-Bike,7.74,39.55,11.7,14.47,67.2,45.9,1,28.5,24.4,46-60,0.82,Normal
1345,E-Bike,2.32,7.15,14.62,24.39,43.3,33.3,1,4.2,34.7,46-60,0.558,Battery_Critical
1346,E-Scooter,8.81,36.85,14.1,17.04,75.9,46.8,1,10.4,27.5,36-45,0.893,Normal
1347,E-Scooter,7.19,24.89,18.56,21.09,83.5,67.7,1,10.7,12.0,36-45,0.668,Normal
1348,E-Scooter,1.78,4.24,14.43,16.87,25.0,27.7,0,9.3,21.7,18-25,0.913,Normal
1349,E-Scooter,1.24,7.09,20.56,22.76,53.8,48.9,2,23.2,18.3,36-45,0.909,Normal
1350,E-Scooter,3.19,13.73,14.1,19.08,83.9,81.2,1,10.6,24.9,,0.83,Normal
1351,E-Scooter,5.06,19.62,20.81,21.71,24.5,10.8,2,10.3,18.9,36-45,0.892,Battery_Critical
1352,E-Scooter,4.57,14.67,16.95,20.4,65.6,54.5,0,0.6,26.3,36-45,0.706,Normal
1353,E-Scooter,2.89,11.79,22.49,28.35,20.7,9.2,1,9.2,11.8,26-35,0.611,Battery_Critical
1354,E-Bike,2.65,13.35,13.21,19.22,99.5,86.7,2,42.8,27.2,36-45,0.743,Hard_Braking
1355,E-Scooter,4.83,17.42,20.55,27.41,77.6,65.9,3,6.3,21.4,26-35,0.85,Hard_Braking
1356,E-Bike,2.83,12.57,12.3,14.71,49.9,44.9,0,6.4,25.5,26-35,0.69,Normal
1357,E-Scooter,0.3,2.0,17.41,25.14,35.2,42.9,2,18.7,36.8,18-25,0.638,Hard_Braking
1358,E-Bike,6.09,32.57,11.25,22.5,89.9,72.5,6,8.5,16.5,46-60,0.89,Hard_Braking
1359,E-Bike,1.35,3.89,13.3,17.89,28.7,30.8,0,6.7,39.9,46-60,0.833,Normal
1360,E-Bike,3.63,20.33,10.84,11.12,89.5,79.5,4,48.9,23.8,18-25,0.879,Hard_Braking
1361,E-Scooter,0.38,2.46,21.91,25.33,94.7,91.8,1,34.0,24.5,18-25,0.545,Improper_Parking
1362,E-Bike,3.85,29.4,8.63,9.88,65.2,55.1,1,2.2,29.2,36-45,0.688,Battery_Critical
1363,E-Scooter,2.42,12.33,13.87,18.27,45.6,37.0,1,111.2,13.1,36-45,0.753,Mechanical_Fault
1364,E-Bike,1.91,4.36,18.62,20.81,56.9,51.9,1,21.3,14.6,26-35,0.735,Mechanical_Fault
1365,E-Bike,2.43,18.24,12.6,15.63,80.6,76.9,3,60.0,18.7,18-25,0.762,Hard_Braking
1366,E-Scooter,2.94,7.31,17.16,24.7,23.7,20.6,1,42.6,23.5,18-25,0.857,Normal
1367,E-Scooter,3.61,19.23,11.55,15.87,70.0,60.7,0,5.6,12.6,26-35,0.83,Normal
1368,E-Bike,2.02,11.7,10.73,14.62,26.4,16.9,3,6.8,14.4,46-60,0.66,Hard_Braking
1369,E-Scooter,2.04,6.09,16.07,23.02,49.8,45.7,0,0.3,19.5,18-25,0.549,Normal
1370,E-Bike,1.47,2.94,14.27,20.88,35.3,31.9,1,2.8,35.1,46-60,0.761,Normal
1371,E-Bike,1.64,12.44,13.06,21.36,34.4,30.0,1,3.4,26.3,60+,0.774,Normal
1372,E-Scooter,0.67,5.45,14.17,20.08,40.1,33.6,0,38.7,20.3,46-60,0.862,Hard_Braking
1373,E-Scooter,2.06,7.81,19.15,21.13,42.2,39.7,0,1.1,28.5,36-45,0.931,Normal
1374,E-Scooter,1.46,6.27,18.82,26.96,46.6,41.1,2,33.5,19.4,26-35,0.721,Normal
1375,E-Bike,2.71,18.75,8.74,17.98,79.2,74.5,4,15.1,42.0,26-35,0.508,Mechanical_Fault
1376,E-Scooter,2.26,5.3,16.04,19.53,46.0,34.5,2,46.9,32.4,26-35,0.608,Mechanical_Fault
1377,E-Bike,4.08,13.63,18.88,19.63,39.8,23.8,1,1.6,22.8,26-35,0.945,Normal
1378,E-Scooter,2.9,14.49,12.65,21.09,48.0,40.1,2,4.9,42.0,36-45,0.767,Hard_Braking
1379,E-Bike,0.65,5.42,11.28,20.19,42.8,39.4,0,6.6,32.0,18-25,0.776,Normal
1380,E-Scooter,2.32,8.85,23.16,25.38,65.0,58.9,2,73.2,15.7,26-35,0.641,Mechanical_Fault
1381,E-Scooter,1.78,4.02,16.75,24.44,32.8,32.0,1,18.5,34.5,26-35,0.655,Normal
1382,E-Bike,6.6,67.41,5.84,12.35,67.3,51.6,0,15.7,30.1,36-45,0.949,Normal
1383,E-Bike,1.76,10.14,9.61,11.08,31.8,30.5,2,7.1,17.7,26-35,0.919,Normal
1384,E-Scooter,6.91,22.1,16.55,21.06,71.6,50.2,0,52.3,28.3,18-25,0.672,Normal
1385,E-Bike,1.57,5.03,15.22,17.17,21.1,9.6,1,5.2,30.3,36-45,0.913,Battery_Critical
1386,E-Bike,2.69,15.46,11.94,19.84,58.2,45.5,3,3.7,23.1,46-60,0.749,Hard_Braking
1387,E-Scooter,5.43,20.62,18.0,22.67,28.2,17.4,1,27.3,31.3,46-60,0.77,Battery_Critical
1388,E-Scooter,4.37,18.77,14.84,17.94,58.4,41.5,2,5.4,8.7,18-25,0.666,Hard_Braking
1389,E-Scooter,3.6,10.24,17.59,22.87,42.2,29.5,0,3.1,30.0,46-60,0.857,Normal
1390,E-Bike,1.1,2.0,15.88,16.25,24.5,18.6,2,3.3,18.9,18-25,0.757,Normal
1391,E-Bike,4.46,20.54,15.16,19.25,77.4,63.8,0,17.1,32.5,46-60,0.948,Normal
1392,E-Bike,4.45,15.43,16.49,23.02,23.2,4.4,1,23.3,23.2,18-25,0.622,Battery_Critical
1393,E-Scooter,1.14,4.5,13.07,17.22,74.9,72.8,0,56.1,22.2,36-45,0.964,Normal
1394,E-Bike,3.53,19.14,15.52,24.77,71.2,61.2,3,31.6,19.4,36-45,0.959,Hard_Braking
1395,E-Scooter,2.4,3.45,20.66,31.77,51.3,47.0,3,2.1,3.5,46-60,0.782,Hard_Braking
1396,E-Scooter,2.33,10.19,15.54,17.02,23.9,14.4,2,6.7,10.2,18-25,0.792,Battery_Critical
1397,E-Bike,2.33,8.92,13.35,21.6,57.0,49.8,3,17.9,23.2,18-25,0.84,Hard_Braking
1398,E-Bike,3.53,9.19,14.51,18.59,59.7,53.1,0,34.7,29.4,60+,0.864,Normal
1399,E-Scooter,3.78,12.28,18.13,25.28,28.8,21.7,0,13.0,31.5,18-25,0.662,Normal
1400,E-Bike,1.15,6.4,9.98,19.16,82.2,81.6,2,3.9,8.0,26-35,0.919,Hard_Braking
1401,E-Scooter,5.51,21.03,15.1,22.05,20.9,5.5,1,120.1,37.2,26-35,0.802,Battery_Critical
1402,E-Scooter,1.6,5.52,19.5,26.77,32.1,36.0,2,26.6,17.6,26-35,0.716,Hard_Braking
1403,E-Scooter,3.22,7.55,17.41,20.04,44.1,39.8,2,53.0,27.5,18-25,0.969,Hard_Braking
1404,E-Scooter,5.85,14.66,22.98,31.26,53.1,28.4,1,3.7,14.8,26-35,0.421,Hard_Braking
1405,E-Scooter,5.27,23.26,13.94,14.54,86.2,71.2,4,10.5,11.3,18-25,0.891,Improper_Parking
1406,E-Bike,1.98,22.44,5.73,8.1,71.6,68.1,1,2.5,29.9,26-35,0.75,Normal
1407,E-Scooter,2.17,4.25,27.8,32.18,33.8,27.1,0,19.8,26.1,18-25,0.752,Normal
1408,E-Scooter,8.88,27.04,22.29,26.61,20.6,0.0,0,14.4,25.1,36-45,0.764,Battery_Critical
1409,E-Scooter,5.96,19.58,16.02,22.89,67.5,47.8,1,11.2,42.0,36-45,0.615,Normal
1410,E-Bike,1.21,8.89,13.35,17.08,49.5,43.0,3,13.0,14.0,18-25,0.621,Hard_Braking
1411,E-Scooter,0.95,2.0,17.32,20.69,79.5,70.9,2,36.0,20.6,26-35,0.933,Hard_Braking
1412,E-Scooter,1.35,2.0,22.25,27.17,87.1,78.2,0,8.5,16.3,18-25,0.584,Normal
1413,E-Bike,2.13,10.83,11.56,16.81,60.4,53.1,6,47.2,16.7,18-25,0.672,Hard_Braking
1414,E-Scooter,1.2,6.96,17.9,18.86,94.0,88.4,0,18.0,31.1,26-35,0.895,Normal
1415,E-Scooter,4.07,7.72,25.39,29.55,59.5,46.4,1,5.2,23.3,46-60,0.702,Battery_Critical
1416,E-Scooter,3.41,14.79,14.81,20.72,45.7,37.6,0,17.5,19.1,18-25,0.782,Normal
1417,E-Scooter,5.64,45.88,7.3,12.22,85.4,64.2,0,20.6,27.8,26-35,0.529,Normal
1418,E-Bike,1.82,2.71,14.57,16.31,47.8,37.3,0,1.7,21.2,26-35,0.579,Normal
1419,E-Scooter,7.78,41.4,11.27,14.99,95.0,76.6,1,6.1,23.1,26-35,0.727,Battery_Critical
1420,E-Scooter,4.41,15.29,17.58,20.05,54.5,34.5,1,34.8,37.9,26-35,0.891,Normal
1421,E-Scooter,7.24,25.85,16.13,23.17,69.9,54.4,3,6.0,21.4,26-35,0.763,Hard_Braking
1422,E-Scooter,1.83,6.13,21.06,27.91,25.4,22.4,0,7.5,31.7,18-25,0.88,Normal
1423,E-Bike,0.3,2.0,14.13,22.56,81.8,80.0,1,13.5,27.4,26-35,0.803,Normal
1424,E-Scooter,5.72,24.41,18.93,27.83,87.4,64.9,0,40.1,20.3,18-25,0.904,Normal
1425,E-Scooter,4.33,11.83,24.18,31.03,51.7,41.1,0,8.1,25.6,18-25,0.938,Normal
1426,E-Scooter,0.52,5.14,12.08,20.88,93.5,94.2,0,32.4,21.7,26-35,0.75,Normal
1427,E-Scooter,1.97,2.8,20.49,24.23,92.0,88.1,2,18.7,12.7,18-25,0.936,Hard_Braking
1428,E-Bike,0.77,5.82,16.5,19.87,72.3,70.1,1,32.4,6.7,46-60,0.559,Hard_Braking
1429,E-Bike,1.8,5.2,15.76,19.67,38.9,36.6,1,11.5,38.5,26-35,0.792,Normal
1430,E-Bike,4.56,10.43,15.7,22.05,41.6,23.6,1,0.2,30.3,18-25,0.547,Normal
1431,E-Bike,3.84,10.93,14.96,24.47,95.7,87.8,2,5.9,18.4,46-60,0.801,Hard_Braking
1432,E-Scooter,8.42,27.81,16.57,23.9,78.3,51.0,1,4.6,25.6,60+,0.61,Normal
1433,E-Bike,3.76,20.97,12.35,17.83,40.0,31.4,2,58.1,36.4,26-35,0.654,Normal
1434,E-Bike,8.96,34.39,16.15,28.06,39.0,12.3,0,20.8,31.3,36-45,0.399,Improper_Parking
1435,E-Scooter,2.72,3.55,23.41,28.05,78.9,68.2,2,9.9,21.5,26-35,0.721,Hard_Braking
1436,E-Scooter,1.79,2.0,19.66,26.73,58.8,50.6,2,73.2,27.7,46-60,0.811,Normal
1437,E-Scooter,3.95,14.71,13.96,15.48,46.9,38.6,0,99.7,40.9,26-35,0.723,Normal
1438,E-Scooter,6.31,28.54,16.33,21.62,26.4,3.8,2,1.8,36.6,46-60,0.857,Battery_Critical
1439,E-Bike,6.3,35.12,10.9,11.5,77.7,57.8,1,0.5,28.5,26-35,0.73,Normal
1440,E-Bike,2.21,3.21,19.19,22.04,34.5,24.8,4,31.1,25.2,18-25,0.665,Hard_Braking
1441,E-Scooter,1.82,6.49,10.93,17.55,99.4,90.8,0,3.5,18.3,18-25,0.851,Normal
1442,E-Scooter,6.08,12.45,22.48,27.69,88.0,66.8,2,28.2,27.0,36-45,0.842,Normal
1443,E-Scooter,0.3,2.0,16.68,25.88,67.1,62.3,2,14.5,39.1,18-25,0.964,Normal
1444,E-Bike,1.86,7.91,13.91,21.15,47.8,43.1,1,31.8,25.4,18-25,0.823,Normal
1445,E-Scooter,1.59,4.79,12.95,17.67,36.8,29.6,3,6.3,32.5,26-35,0.875,Hard_Braking
1446,E-Scooter,4.62,13.95,18.96,23.49,29.6,15.2,1,74.2,20.9,26-35,0.857,Normal
1447,E-Bike,2.76,16.03,13.98,19.79,98.6,93.2,0,38.3,5.9,18-25,0.291,Improper_Parking
1448,E-Scooter,0.81,8.66,14.48,18.79,64.7,67.3,0,63.2,37.3,36-45,0.708,Normal
1449,E-Bike,3.93,23.26,11.76,16.65,68.7,53.2,2,131.9,20.4,46-60,0.71,Mechanical_Fault
1450,E-Bike,6.12,26.5,14.83,23.8,32.1,14.9,1,3.5,20.6,26-35,0.88,Normal
1451,E-Scooter,0.36,2.0,10.4,16.85,22.6,29.0,1,1.5,27.9,18-25,0.654,Normal
1452,E-Bike,1.24,3.54,11.42,20.54,50.5,46.2,1,10.1,17.5,26-35,0.786,Normal
1453,E-Bike,2.95,13.78,16.57,20.14,59.4,43.8,2,9.5,14.7,18-25,0.937,Hard_Braking
1454,E-Bike,1.72,14.83,12.54,22.88,76.5,70.9,1,30.8,24.5,18-25,0.795,Hard_Braking
1455,E-Bike,13.46,57.23,15.06,20.47,94.3,54.3,1,3.0,30.2,26-35,0.747,Normal
1456,E-Bike,3.49,20.09,9.31,11.79,57.0,44.9,1,18.4,21.6,26-35,0.79,Improper_Parking
1457,E-Scooter,3.59,14.43,18.99,22.41,51.8,41.3,1,44.0,27.9,18-25,0.431,Hard_Braking
1458,E-Bike,1.01,7.37,18.43,26.98,20.3,18.8,2,32.4,19.7,36-45,0.484,Hard_Braking
1459,E-Scooter,1.06,4.32,11.47,19.02,62.3,59.7,1,5.2,31.3,,0.686,Normal
1460,E-Scooter,1.19,3.01,19.74,28.57,86.6,82.3,2,16.7,13.9,36-45,0.678,Hard_Braking
1461,E-Bike,4.37,18.28,13.07,18.31,46.8,38.2,1,55.5,29.4,26-35,0.971,Normal
1462,E-Bike,0.8,7.3,7.9,10.94,50.8,45.0,0,0.1,24.8,18-25,0.629,Normal
1463,E-Bike,2.84,15.4,12.63,21.53,29.3,25.5,4,29.6,22.8,18-25,0.875,Hard_Braking
1464,E-Bike,0.63,3.8,10.61,16.3,26.7,29.5,0,21.7,38.0,36-45,0.531,Normal
1465,E-Scooter,2.99,14.42,10.72,14.25,65.5,59.3,1,12.7,20.0,26-35,0.627,Normal
1466,E-Scooter,6.03,18.24,16.74,22.4,72.8,55.9,0,16.1,36.0,26-35,0.807,Normal
1467,E-Scooter,4.73,15.56,15.56,20.52,96.5,76.1,0,59.0,24.4,26-35,0.964,Mechanical_Fault
1468,E-Bike,2.88,8.98,19.45,29.01,57.6,57.7,3,20.4,32.9,26-35,0.723,Hard_Braking
1469,E-Scooter,1.29,10.99,10.72,20.34,43.4,36.5,1,15.9,37.9,18-25,0.544,Normal
1470,E-Bike,2.08,7.56,16.84,19.75,80.4,77.3,0,2.4,11.0,18-25,0.659,Normal
1471,E-Bike,1.25,3.82,13.34,20.36,68.7,69.7,1,117.2,21.2,18-25,0.884,Mechanical_Fault
1472,E-Bike,1.91,11.07,13.79,20.18,34.5,29.0,0,2.5,25.1,26-35,0.687,Normal
1473,E-Scooter,3.29,9.56,17.99,24.85,74.8,61.2,3,50.4,17.1,36-45,0.968,Normal
1474,E-Scooter,3.48,9.46,15.37,23.5,77.3,61.2,0,49.3,10.2,36-45,0.746,Mechanical_Fault
1475,E-Bike,1.28,8.58,14.16,16.95,27.3,18.1,0,14.4,23.6,18-25,0.746,Normal
1476,E-Scooter,3.15,14.03,16.43,24.77,65.7,56.5,1,2.6,6.9,36-45,0.655,Mechanical_Fault
1477,E-Scooter,3.26,16.99,11.37,14.09,62.5,52.3,1,58.1,33.8,46-60,0.867,Normal
1478,E-Bike,1.66,10.4,7.4,12.62,59.4,53.3,3,19.3,31.1,26-35,0.739,Hard_Braking
1479,E-Bike,1.59,12.69,12.77,22.7,36.8,31.1,3,5.4,22.0,46-60,0.795,Hard_Braking
1480,E-Bike,3.78,24.91,12.32,15.93,85.7,78.3,0,8.8,6.7,36-45,0.782,Normal
1481,E-Scooter,1.38,6.03,19.34,20.73,99.2,100.0,2,12.1,26.9,46-60,0.813,Improper_Parking
1482,E-Scooter,8.54,24.55,21.12,25.71,97.4,72.9,0,16.9,17.3,46-60,0.617,Mechanical_Fault
1483,E-Scooter,2.7,12.2,14.29,14.48,41.5,30.0,3,3.0,19.8,26-35,0.52,Normal
1484,E-Bike,5.8,27.02,14.6,14.79,88.0,74.7,1,27.4,23.8,18-25,0.97,Mechanical_Fault
1485,E-Bike,3.3,12.56,12.79,16.71,22.1,17.9,3,17.1,23.3,46-60,0.717,Hard_Braking
1486,E-Scooter,5.83,18.35,21.68,28.73,73.5,56.9,1,11.1,28.5,18-25,0.669,Normal
1487,E-Scooter,2.9,11.99,21.3,23.69,27.3,14.3,0,18.6,22.9,18-25,0.727,Normal
1488,E-Scooter,4.36,17.71,15.05,15.81,57.4,43.7,1,155.9,23.9,18-25,0.95,Mechanical_Fault
1489,E-Scooter,8.9,37.92,16.2,21.09,55.1,19.7,3,56.9,6.8,46-60,0.936,Hard_Braking
1490,E-Bike,3.19,12.53,12.42,18.3,89.4,82.5,2,21.2,17.7,36-45,0.854,Hard_Braking
1491,E-Scooter,4.09,16.46,20.39,23.53,98.2,89.8,0,7.8,30.5,26-35,0.695,Normal
1492,E-Bike,2.87,13.89,15.71,16.47,32.6,16.6,1,2.1,27.5,36-45,0.925,Normal
1493,E-Bike,2.3,12.75,10.86,17.05,99.0,92.5,1,3.4,26.4,26-35,0.838,Normal
1494,E-Scooter,2.52,15.35,13.64,18.68,33.3,23.5,0,9.2,24.3,46-60,0.855,Normal
1495,E-Scooter,2.85,8.59,20.64,25.87,52.7,47.2,1,22.6,23.2,18-25,0.936,Normal
1496,E-Scooter,4.08,16.46,13.72,14.07,80.5,67.8,2,3.8,15.7,18-25,0.947,Normal
1497,E-Scooter,2.29,12.23,17.03,17.08,65.7,58.0,2,13.1,22.0,26-35,0.849,Normal
1498,E-Scooter,6.95,15.61,23.7,26.96,37.7,18.8,1,4.0,24.0,46-60,0.888,Improper_Parking
1499,E-Scooter,1.46,2.0,17.01,18.66,77.2,70.2,2,1.6,38.2,26-35,0.782,Mechanical_Fault
1500,E-Scooter,0.71,2.0,17.59,24.83,63.6,65.3,1,34.4,41.3,18-25,0.697,Normal
1501,E-Scooter,0.47,2.0,13.03,15.33,99.0,96.7,1,42.5,30.1,36-45,0.795,Mechanical_Fault
1502,E-Bike,2.04,12.85,11.86,12.46,90.4,89.8,3,6.4,19.2,46-60,0.55,Mechanical_Fault
1503,E-Scooter,4.87,15.55,13.55,20.43,95.0,82.3,0,34.3,17.8,18-25,0.791,Battery_Critical
1504,E-Scooter,5.44,16.73,21.3,21.68,34.3,15.5,4,7.5,17.9,36-45,0.42,Improper_Parking
1505,E-Bike,2.08,9.9,11.94,17.33,60.6,57.7,1,20.5,17.6,36-45,0.737,Hard_Braking
1506,E-Bike,6.32,16.36,18.62,25.41,99.8,81.0,1,31.5,18.9,36-45,0.984,Normal
1507,E-Scooter,3.57,8.63,23.78,31.65,46.5,42.7,1,7.2,27.4,18-25,0.919,Hard_Braking
1508,E-Scooter,2.77,3.95,19.6,24.58,56.7,51.5,3,6.5,23.9,36-45,0.876,Hard_Braking
1509,E-Scooter,2.09,10.94,21.72,25.17,67.7,52.3,1,24.7,30.9,18-25,0.812,Normal
1510,E-Bike,1.07,2.53,12.24,18.37,89.3,84.9,3,5.5,25.5,36-45,0.657,Hard_Braking
1511,E-Scooter,3.0,13.97,11.25,12.61,90.3,83.2,3,8.4,9.2,36-45,0.79,Hard_Braking
1512,E-Scooter,4.02,15.67,15.05,19.23,77.0,65.4,1,52.8,12.5,18-25,0.735,Mechanical_Fault
1513,E-Bike,1.54,7.94,12.26,20.9,95.6,93.3,3,23.2,21.4,18-25,0.677,Hard_Braking
1514,E-Bike,6.12,25.63,14.14,20.29,59.4,50.0,1,35.3,34.0,26-35,0.651,Normal
1515,E-Bike,0.44,2.0,17.14,23.92,82.3,82.2,2,22.1,32.7,36-45,0.884,Hard_Braking
1516,E-Bike,2.19,16.76,8.1,11.34,38.4,32.9,1,39.3,33.3,36-45,0.813,Mechanical_Fault
1517,E-Scooter,2.09,9.11,13.43,14.82,63.6,55.4,1,11.1,23.0,18-25,0.83,Hard_Braking
1518,E-Bike,5.61,29.79,13.88,20.57,62.7,52.2,3,6.8,19.8,46-60,0.678,Hard_Braking
1519,E-Scooter,4.02,11.5,17.58,19.1,81.3,73.7,4,25.8,16.7,26-35,0.905,Hard_Braking
1520,E-Scooter,3.38,8.96,21.3,22.66,98.5,95.0,1,2.9,25.4,18-25,0.88,Normal
1521,E-Bike,1.54,9.66,13.45,15.37,85.2,84.7,0,7.3,40.7,18-25,0.872,Normal
1522,E-Bike,2.26,10.81,10.68,13.8,76.4,67.3,1,92.2,26.9,46-60,0.663,Mechanical_Fault
1523,E-Bike,4.37,12.5,14.31,18.57,75.2,68.2,0,18.1,25.6,36-45,0.615,Normal
1524,E-Bike,4.74,24.98,11.24,11.4,81.2,62.1,1,8.9,30.0,26-35,0.183,Improper_Parking
1525,E-Scooter,2.61,9.41,17.45,22.1,42.5,31.5,2,23.8,21.3,18-25,0.581,Mechanical_Fault
1526,E-Bike,5.1,29.38,10.03,11.96,59.4,35.5,2,4.8,31.8,18-25,0.677,Normal
1527,E-Scooter,1.77,12.25,22.34,34.4,30.0,23.1,1,4.8,19.7,60+,0.828,Normal
1528,E-Bike,3.52,14.14,14.72,24.6,64.4,50.8,1,50.3,35.9,26-35,0.72,Improper_Parking
1529,E-Bike,3.68,20.15,11.29,19.92,39.5,27.2,1,59.0,15.2,26-35,0.488,Normal
1530,E-Scooter,7.36,20.27,20.13,23.8,62.9,39.1,0,12.5,24.8,26-35,0.809,Normal
1531,E-Scooter,1.89,8.1,15.62,19.84,37.3,31.2,1,30.7,22.9,26-35,0.935,Normal
1532,E-Scooter,1.71,10.7,15.47,17.83,66.0,58.8,1,40.3,21.7,18-25,0.878,Normal
1533,E-Bike,0.3,2.0,15.22,20.85,24.0,23.9,0,29.8,31.4,26-35,0.867,Normal
1534,E-Scooter,4.96,22.32,14.97,22.66,71.7,59.0,2,27.5,13.9,36-45,0.969,Battery_Critical
1535,E-Scooter,5.7,43.99,7.03,12.18,30.5,15.2,1,52.1,12.8,26-35,0.859,Mechanical_Fault
1536,E-Bike,2.81,12.62,15.38,16.62,91.6,84.8,2,42.9,29.4,18-25,0.749,Hard_Braking
1537,E-Bike,4.39,15.33,14.38,19.7,73.5,54.4,2,37.7,24.3,18-25,0.332,Improper_Parking
1538,E-Scooter,4.55,14.95,18.59,25.71,30.3,24.1,2,21.9,22.3,18-25,0.646,Battery_Critical
1539,E-Bike,8.67,64.49,7.99,14.83,95.7,64.4,0,3.7,10.9,36-45,0.972,Normal
1540,E-Bike,4.19,22.52,12.83,13.2,47.7,32.7,0,5.4,22.0,18-25,0.877,Normal
1541,E-Scooter,0.31,2.0,13.95,20.36,65.5,65.0,2,11.6,15.1,18-25,0.424,Hard_Braking
1542,E-Scooter,6.43,23.43,17.74,20.0,33.3,9.9,3,7.1,14.2,18-25,0.654,Battery_Critical
1543,E-Bike,4.27,24.08,10.17,18.82,83.1,69.1,2,9.3,24.5,36-45,0.937,Improper_Parking
1544,E-Scooter,3.51,15.96,14.16,15.89,73.8,59.5,2,9.5,31.2,60+,0.686,Hard_Braking
1545,E-Scooter,7.29,21.09,21.13,30.07,64.3,47.0,3,12.4,31.6,26-35,0.875,Hard_Braking
1546,E-Scooter,4.33,12.59,17.61,17.77,64.7,48.5,4,12.7,21.6,36-45,0.761,Hard_Braking
1547,E-Bike,2.96,12.42,12.98,18.79,96.2,85.4,5,16.6,34.5,18-25,0.92,Hard_Braking
1548,E-Scooter,2.62,7.37,15.9,25.31,72.1,59.6,3,0.1,25.5,46-60,0.821,Hard_Braking
1549,E-Bike,2.91,13.48,14.2,20.21,51.5,42.7,3,19.1,21.0,18-25,0.792,Hard_Braking
1550,E-Bike,6.64,33.7,13.75,21.48,28.1,3.8,2,22.5,26.4,18-25,0.799,Battery_Critical
1551,E-Scooter,0.3,2.37,23.16,31.04,82.1,74.6,2,8.3,28.2,26-35,0.746,Hard_Braking
1552,E-Scooter,1.77,9.67,15.67,21.44,74.9,67.4,3,1.8,19.7,36-45,0.504,Hard_Braking
1553,E-Scooter,3.59,10.34,13.93,22.5,52.7,41.5,1,6.2,26.3,36-45,0.74,Normal
1554,E-Scooter,2.52,11.99,16.34,17.5,36.3,22.6,3,17.2,30.5,36-45,0.442,Hard_Braking
1555,E-Bike,4.68,62.75,5.0,9.44,81.5,68.9,1,18.9,24.5,18-25,0.519,Normal
1556,E-Bike,3.5,16.57,9.96,16.13,79.7,71.6,1,15.0,30.4,36-45,0.746,Normal
1557,E-Bike,1.51,8.76,15.05,20.63,51.9,46.5,2,80.4,23.5,36-45,0.463,Normal
1558,E-Bike,0.85,2.0,16.9,17.7,84.1,75.8,1,24.4,25.5,46-60,0.685,Normal
1559,E-Bike,6.35,56.71,6.71,9.52,45.8,29.2,0,11.4,24.9,46-60,0.73,Normal
1560,E-Scooter,0.3,3.03,18.37,24.69,98.9,100.0,2,0.9,29.9,,0.773,Normal
1561,E-Bike,4.19,11.4,17.6,26.66,29.3,11.0,0,12.6,32.3,46-60,0.795,Normal
1562,E-Bike,7.39,35.94,12.33,17.41,24.9,0.0,2,29.0,32.3,26-35,0.78,Battery_Critical
1563,E-Bike,2.41,23.48,9.6,13.51,33.8,24.5,2,19.4,28.2,18-25,0.92,Hard_Braking
1564,E-Scooter,6.12,10.82,24.62,26.82,79.1,57.6,2,27.5,16.9,36-45,0.936,Normal
1565,E-Bike,0.35,6.08,8.81,11.33,30.6,30.7,3,4.9,34.2,60+,0.83,Normal
1566,E-Bike,6.51,21.61,19.64,23.61,59.0,41.3,1,14.7,12.8,26-35,0.628,Mechanical_Fault
1567,E-Scooter,6.62,38.82,10.01,16.39,33.4,17.4,1,2.5,11.1,26-35,0.833,Battery_Critical
1568,E-Bike,5.56,47.95,6.78,10.83,35.7,14.9,1,23.1,27.9,26-35,0.841,Normal
1569,E-Scooter,1.97,11.16,10.0,18.3,64.9,61.4,2,19.7,12.6,36-45,0.863,Normal
1570,E-Bike,1.83,5.75,14.73,17.71,76.1,66.3,0,15.3,23.8,36-45,0.717,Normal
1571,E-Bike,5.94,26.48,13.0,22.66,84.2,65.6,0,26.7,23.0,46-60,0.808,Improper_Parking
1572,E-Scooter,7.81,37.09,12.99,18.16,62.5,35.8,0,61.7,16.7,18-25,0.453,Normal
1573,E-Bike,1.11,4.11,15.93,21.79,20.5,20.6,2,70.9,23.2,18-25,0.776,Mechanical_Fault
1574,E-Bike,1.05,8.59,10.81,14.69,67.1,63.9,0,59.4,25.1,46-60,0.826,Normal
1575,E-Scooter,1.36,2.0,15.81,19.0,57.5,57.8,3,26.5,9.6,36-45,0.26,Improper_Parking
1576,E-Scooter,5.33,18.81,15.33,21.39,63.8,45.4,2,20.0,33.3,46-60,0.711,Normal
1577,E-Scooter,3.43,17.54,13.52,17.56,45.6,31.9,0,6.3,18.3,26-35,0.89,Normal
1578,E-Bike,0.89,3.9,12.99,18.93,34.8,29.5,1,19.5,36.4,36-45,0.612,Battery_Critical
1579,E-Bike,3.39,18.86,13.22,17.2,63.6,49.5,4,3.5,25.1,18-25,0.894,Hard_Braking
1580,E-Bike,1.78,9.04,12.6,19.47,98.6,89.7,0,3.5,37.6,36-45,0.91,Normal
1581,E-Scooter,0.3,2.0,13.88,20.73,62.8,57.9,0,26.3,34.7,,0.789,Normal
1582,E-Scooter,0.39,2.0,14.79,25.95,35.7,38.0,1,70.5,20.1,36-45,0.647,Normal
1583,E-Scooter,2.48,8.41,25.02,29.99,50.2,38.5,0,8.8,21.5,18-25,0.735,Normal
1584,E-Bike,2.52,6.99,13.09,19.61,46.1,29.9,0,2.6,19.7,18-25,0.801,Normal
1585,E-Bike,2.78,8.01,15.63,17.6,93.3,83.8,4,7.5,18.4,18-25,0.752,Hard_Braking
1586,E-Scooter,0.77,4.11,21.03,22.56,79.5,76.5,0,14.6,10.7,26-35,0.677,Normal
1587,E-Bike,6.07,34.96,11.21,20.3,85.4,67.2,1,0.3,18.9,18-25,0.775,Normal
1588,E-Scooter,1.19,8.21,11.8,18.39,54.4,41.4,0,21.4,16.7,18-25,0.661,Normal
1589,E-Scooter,3.96,14.46,18.3,21.37,53.9,39.8,0,1.3,34.1,36-45,0.634,Battery_Critical
1590,E-Scooter,0.79,2.76,16.88,18.18,97.0,91.6,0,27.5,21.1,26-35,0.799,Normal
1591,E-Bike,4.74,13.62,15.71,17.82,46.6,32.7,3,18.8,20.9,,0.608,Mechanical_Fault
1592,E-Bike,1.97,9.79,13.08,20.66,76.7,68.6,1,56.7,28.0,26-35,0.719,Battery_Critical
1593,E-Scooter,2.32,8.09,15.23,18.76,31.5,21.9,0,26.8,33.1,36-45,0.816,Normal
1594,E-Scooter,1.97,9.89,15.8,20.29,78.6,67.1,1,16.1,23.9,46-60,0.873,Normal
1595,E-Scooter,3.34,13.78,13.92,19.14,85.7,79.8,1,17.8,23.5,36-45,0.611,Normal
1596,E-Scooter,4.39,13.07,20.06,25.43,60.9,49.3,0,29.1,21.3,18-25,0.615,Normal
1597,E-Bike,0.42,6.05,12.25,13.69,49.1,50.4,0,12.7,18.5,26-35,0.893,Normal
1598,E-Bike,2.39,9.31,13.52,19.9,56.4,46.3,2,2.1,16.5,36-45,0.802,Hard_Braking
1599,E-Scooter,2.92,13.03,13.8,17.99,33.9,22.6,0,8.4,26.2,60+,0.612,Normal
1600,E-Bike,4.58,27.07,10.56,11.53,98.5,84.9,0,0.8,29.5,18-25,0.5,Normal
1601,E-Bike,0.85,7.98,8.09,12.26,21.3,24.4,2,24.2,28.1,26-35,0.658,Hard_Braking
1602,E-Scooter,1.48,2.06,17.96,22.99,69.3,61.4,1,26.4,18.1,46-60,0.937,Normal
1603,E-Scooter,3.31,13.96,13.66,16.91,94.5,84.1,2,0.2,26.4,18-25,0.88,Normal
1604,E-Scooter,1.1,5.53,12.81,15.69,43.3,42.4,2,12.5,28.4,36-45,0.677,Hard_Braking
1605,E-Scooter,1.47,4.93,23.5,26.46,97.9,90.5,1,20.8,16.4,18-25,0.468,Normal
1606,E-Scooter,10.33,38.05,14.6,17.51,49.0,18.4,2,16.4,25.5,26-35,0.689,Mechanical_Fault
1607,E-Scooter,2.83,5.48,22.07,23.0,48.8,41.2,2,3.4,22.7,18-25,0.562,Hard_Braking
1608,E-Bike,0.84,4.58,12.6,19.57,57.7,51.4,0,7.1,11.5,46-60,0.965,Battery_Critical
1609,E-Bike,2.92,6.84,13.27,13.96,89.6,80.9,2,17.3,31.1,26-35,0.826,Normal
1610,E-Bike,2.13,7.29,15.45,19.88,63.3,56.5,1,0.1,22.2,46-60,0.786,Normal
1611,E-Bike,1.01,8.86,18.69,22.32,50.7,41.0,2,60.0,14.4,46-60,0.636,Hard_Braking
1612,E-Bike,0.84,2.0,12.99,25.47,75.7,73.8,1,2.1,22.4,18-25,,Normal
1613,E-Bike,5.06,22.55,12.8,19.77,83.7,64.1,2,3.4,18.0,46-60,0.629,Hard_Braking
1614,E-Scooter,3.69,11.58,20.43,24.22,63.0,51.8,0,19.9,27.9,26-35,0.53,Normal
1615,E-Scooter,2.14,7.38,16.73,20.46,57.5,52.7,1,8.3,19.6,36-45,0.555,Normal
1616,E-Scooter,2.63,8.66,18.77,22.63,35.8,26.6,2,20.5,24.4,46-60,0.424,Hard_Braking
1617,E-Bike,2.91,10.98,13.61,19.93,83.4,71.6,1,20.7,31.6,18-25,0.701,Normal
1618,E-Scooter,1.41,2.1,13.7,20.84,21.1,12.2,3,10.8,17.8,18-25,0.662,Battery_Critical
1619,E-Bike,1.07,13.12,10.66,14.63,68.7,61.8,2,6.1,28.1,36-45,0.928,Hard_Braking
1620,E-Scooter,7.52,27.2,16.11,17.42,47.1,23.6,0,1.9,13.3,18-25,0.879,Normal
1621,E-Scooter,0.49,3.82,14.72,21.05,39.9,41.4,3,30.7,22.6,26-35,0.763,Hard_Braking
1622,E-Scooter,2.31,4.45,15.41,22.59,82.8,70.4,1,3.8,16.4,18-25,0.525,Normal
1623,E-Bike,3.45,24.21,8.3,13.07,37.4,34.5,3,22.2,14.2,26-35,,Mechanical_Fault
1624,E-Bike,3.98,18.12,13.78,17.33,82.2,74.7,5,11.9,30.9,18-25,0.787,Improper_Parking
1625,E-Scooter,5.36,15.87,25.08,31.03,72.2,57.2,2,18.6,13.0,36-45,0.522,Hard_Braking
1626,E-Bike,2.29,14.45,10.47,15.0,80.9,70.0,0,1.0,33.2,26-35,0.899,Normal
1627,E-Scooter,6.96,17.73,21.18,26.06,71.2,41.5,3,5.0,30.1,18-25,0.855,Hard_Braking
1628,E-Bike,1.36,4.37,12.16,20.41,35.0,22.6,2,13.6,21.1,18-25,0.917,Hard_Braking
1629,E-Bike,1.72,9.55,16.51,22.94,69.8,65.9,3,17.3,18.7,36-45,0.891,Hard_Braking
1630,E-Scooter,3.43,14.73,12.28,20.93,50.3,37.4,2,9.7,25.8,18-25,0.166,Improper_Parking
1631,E-Bike,4.09,45.17,5.6,10.48,57.2,51.9,1,23.7,34.4,26-35,0.437,Mechanical_Fault
1632,E-Scooter,2.37,4.64,19.73,22.75,68.0,60.7,0,37.6,22.7,18-25,0.541,Normal
1633,E-Scooter,1.65,2.0,19.31,24.39,64.6,61.7,1,1.3,18.6,18-25,0.976,Normal
1634,E-Bike,2.22,13.37,13.12,18.5,63.9,53.5,3,32.5,26.9,26-35,0.849,Hard_Braking
1635,E-Bike,1.61,2.64,13.18,13.22,33.0,28.8,2,2.0,26.0,36-45,0.589,Hard_Braking
1636,E-Bike,2.44,8.33,12.35,19.07,42.7,35.1,2,47.7,37.6,46-60,0.702,Normal
1637,E-Bike,5.48,23.42,14.98,25.09,65.2,44.1,0,8.5,20.8,36-45,0.659,Normal
1638,E-Bike,3.3,16.02,13.47,16.3,75.6,67.3,2,21.5,18.9,60+,0.445,Mechanical_Fault
1639,E-Scooter,6.17,32.01,13.77,18.91,77.2,56.4,1,64.5,20.4,46-60,0.87,Normal
1640,E-Bike,2.58,8.18,16.88,20.6,33.5,22.0,3,6.3,33.5,26-35,0.789,Hard_Braking
1641,E-Bike,0.76,3.4,13.99,23.56,98.9,92.0,2,7.0,20.7,46-60,0.816,Hard_Braking
1642,E-Scooter,3.68,11.38,19.55,26.16,49.5,34.2,3,73.1,31.2,36-45,0.806,Normal
1643,E-Bike,2.26,12.14,10.27,11.23,79.9,73.1,1,12.2,7.6,36-45,0.612,Normal
1644,E-Scooter,1.87,13.86,14.77,16.47,76.2,77.7,1,11.4,33.3,46-60,0.972,Normal
1645,E-Scooter,0.8,2.0,18.99,20.97,26.0,21.8,1,1.4,17.0,26-35,0.694,Normal
1646,E-Scooter,0.85,3.72,8.14,13.86,81.5,74.8,0,5.8,36.3,18-25,0.974,Normal
1647,E-Scooter,5.77,17.02,21.29,25.65,94.8,80.5,1,32.1,9.3,36-45,0.647,Hard_Braking
1648,E-Scooter,3.44,18.47,13.46,16.93,23.9,19.2,1,11.4,19.0,36-45,0.791,Mechanical_Fault
1649,E-Scooter,3.05,7.38,22.79,27.99,26.3,20.0,0,34.4,35.0,18-25,0.693,Improper_Parking
1650,E-Scooter,2.46,9.32,17.99,18.66,90.5,87.3,2,5.9,38.2,18-25,0.784,Mechanical_Fault
1651,E-Bike,2.23,12.44,8.94,10.54,100.0,96.1,3,0.7,30.4,36-45,0.418,Improper_Parking
1652,E-Scooter,0.3,4.51,16.0,21.23,95.3,90.9,1,43.6,17.5,18-25,0.582,Normal
1653,E-Scooter,2.87,14.21,13.92,21.03,24.4,17.7,4,63.2,22.2,26-35,0.84,Hard_Braking
1654,E-Bike,8.19,33.18,16.33,17.44,29.2,8.0,2,26.9,18.4,18-25,0.819,Battery_Critical
1655,E-Bike,0.95,3.96,15.37,17.79,69.1,71.5,0,74.9,24.4,26-35,0.756,Mechanical_Fault
1656,E-Scooter,4.38,5.73,21.23,21.96,94.7,84.3,3,43.7,14.4,60+,0.666,Hard_Braking
1657,E-Scooter,1.89,8.21,15.87,27.51,40.5,38.1,4,7.9,20.7,36-45,0.641,Hard_Braking
1658,E-Bike,4.17,17.2,13.17,20.8,81.0,66.9,0,43.9,16.2,18-25,0.734,Normal
1659,E-Scooter,6.3,19.8,16.47,17.97,62.7,44.5,4,20.1,12.5,18-25,0.71,Hard_Braking
1660,E-Bike,0.62,2.29,13.82,20.01,20.4,20.1,1,13.3,20.9,26-35,0.718,Normal
1661,E-Bike,2.68,5.09,14.54,14.79,32.0,19.8,1,32.8,32.9,46-60,0.612,Hard_Braking
1662,E-Bike,2.69,12.59,13.73,17.16,69.7,57.2,2,21.2,22.6,46-60,0.768,Normal
1663,E-Scooter,1.14,5.87,20.68,21.45,54.0,51.5,3,1.3,31.2,18-25,0.904,Normal
1664,E-Scooter,1.14,3.72,18.6,27.5,31.7,31.2,2,40.3,23.8,26-35,0.715,Hard_Braking
1665,E-Bike,3.1,16.67,16.2,19.81,73.0,69.0,3,19.7,20.5,26-35,0.899,Normal
1666,E-Scooter,2.42,13.55,12.99,18.74,81.6,74.2,2,3.7,21.8,26-35,0.468,Battery_Critical
1667,E-Scooter,0.89,4.2,16.23,19.56,93.8,86.6,1,1.2,20.1,36-45,0.459,Normal
1668,E-Scooter,3.54,9.59,18.44,23.38,55.2,39.1,1,2.7,21.3,18-25,0.676,Normal
1669,E-Bike,2.69,11.44,9.87,17.51,43.6,37.0,3,39.1,16.9,26-35,0.636,Hard_Braking
1670,E-Scooter,1.51,10.07,11.38,16.88,32.8,25.6,1,34.8,22.5,26-35,0.807,Normal
1671,E-Scooter,3.91,26.0,12.08,12.65,76.8,67.2,1,19.9,18.1,26-35,0.464,Normal
1672,E-Scooter,3.74,11.01,19.04,30.36,72.3,65.5,1,0.7,24.4,18-25,0.377,Improper_Parking
1673,E-Bike,5.4,20.73,14.42,20.42,28.7,13.6,2,24.4,19.9,18-25,0.716,Normal
1674,E-Bike,1.92,11.37,11.62,19.98,41.6,39.5,1,11.9,18.0,36-45,0.457,Normal
1675,E-Scooter,0.99,2.0,14.16,16.95,28.0,27.2,0,10.0,26.4,18-25,0.868,Normal
1676,E-Bike,2.01,8.45,13.81,21.12,88.9,79.3,1,41.8,33.4,36-45,0.911,Battery_Critical
1677,E-Scooter,2.34,18.07,10.05,17.55,48.5,41.6,2,14.0,19.9,26-35,0.723,Hard_Braking
1678,E-Scooter,2.47,13.56,12.19,20.37,94.3,95.6,0,41.0,34.3,18-25,0.742,Normal
1679,E-Scooter,1.1,10.26,19.39,25.0,22.1,22.8,2,8.9,39.5,18-25,0.384,Improper_Parking
1680,E-Bike,5.54,18.81,18.52,22.14,43.1,27.5,2,12.0,16.5,36-45,0.841,Normal
1681,E-Scooter,3.85,12.81,16.11,20.31,67.8,57.5,1,5.9,30.9,36-45,0.791,Normal
1682,E-Scooter,0.47,2.0,20.58,24.12,60.4,59.8,0,24.7,17.5,18-25,0.838,Normal
1683,E-Scooter,2.24,6.56,16.22,20.45,56.4,56.1,1,4.9,28.7,36-45,0.739,Normal
1684,E-Scooter,1.07,7.92,10.31,17.22,25.5,16.8,1,9.8,29.3,26-35,0.897,Battery_Critical
1685,E-Scooter,2.59,9.21,20.96,23.31,51.9,40.0,2,80.8,15.0,18-25,0.666,Normal
1686,E-Bike,1.62,5.26,17.9,26.17,29.9,26.4,2,2.8,26.4,26-35,0.935,Normal
1687,E-Bike,0.42,2.0,12.66,19.78,21.6,25.0,2,1.7,38.3,26-35,0.817,Hard_Braking
1688,E-Scooter,2.35,16.04,9.34,10.6,66.0,59.6,0,14.0,34.0,18-25,0.909,Normal
1689,E-Bike,4.39,13.2,16.85,24.2,84.3,75.7,0,8.3,34.4,26-35,0.593,Normal
1690,E-Bike,2.54,11.91,13.32,18.43,30.0,20.6,1,0.4,14.7,46-60,0.931,Normal
1691,E-Bike,1.73,13.21,10.11,16.07,71.2,65.5,3,12.7,16.4,18-25,0.745,Hard_Braking
1692,E-Bike,4.81,16.28,16.12,24.46,80.7,66.2,0,48.2,26.8,36-45,0.868,Normal
1693,E-Bike,8.67,46.66,12.55,23.11,55.2,24.5,1,13.4,35.2,18-25,0.893,Normal
1694,E-Bike,5.18,21.67,12.31,18.54,36.3,11.3,1,40.7,33.0,18-25,0.878,Battery_Critical
1695,E-Scooter,2.45,9.76,16.27,20.54,65.3,57.4,1,15.5,29.3,18-25,0.757,Normal
1696,E-Bike,1.57,4.53,12.63,15.41,41.2,37.3,1,46.4,24.7,18-25,0.716,Normal
1697,E-Bike,1.07,2.66,15.88,21.94,50.8,49.0,2,44.4,31.1,18-25,0.778,Normal
1698,E-Scooter,1.09,6.82,15.67,20.85,24.8,24.5,0,17.6,26.5,26-35,0.606,Normal
1699,E-Bike,3.26,31.47,6.16,12.89,34.2,24.6,3,36.0,22.8,46-60,0.774,Battery_Critical
1700,E-Scooter,2.3,7.9,18.57,24.04,99.9,93.8,1,7.5,25.9,18-25,0.874,Normal
1701,E-Scooter,2.74,14.64,13.47,15.61,57.4,51.1,0,44.2,41.6,18-25,0.599,Normal
1702,E-Scooter,0.37,2.96,11.58,21.43,62.6,61.9,1,41.4,21.8,18-25,0.607,Normal
1703,E-Bike,3.72,13.64,14.85,22.94,56.4,41.3,2,33.1,42.0,36-45,0.557,Normal
1704,E-Scooter,3.12,11.35,15.84,20.52,76.9,72.2,1,11.3,29.6,18-25,0.562,Normal
1705,E-Bike,4.7,17.3,16.23,21.62,87.2,69.9,0,1.6,22.4,18-25,0.676,Normal
1706,E-Scooter,8.77,32.87,17.05,17.81,26.3,1.1,3,1.1,21.1,36-45,0.758,Battery_Critical
1707,E-Scooter,2.59,12.82,18.3,20.01,81.2,80.0,2,48.7,28.8,60+,0.681,Hard_Braking
1708,E-Scooter,2.38,14.84,12.54,13.97,74.2,65.5,2,33.7,35.6,26-35,0.878,Mechanical_Fault
1709,E-Scooter,4.59,18.33,15.59,16.27,48.1,36.6,1,18.2,13.3,18-25,0.79,Normal
1710,E-Bike,5.8,26.21,14.07,15.81,23.4,0.2,1,2.5,22.5,18-25,0.774,Battery_Critical
1711,E-Scooter,4.44,12.37,16.98,23.2,75.9,67.2,1,4.0,13.5,26-35,0.801,Mechanical_Fault
1712,E-Bike,1.83,13.28,11.83,16.41,31.4,23.0,0,36.2,14.4,46-60,0.554,Normal
1713,E-Scooter,4.4,13.3,20.68,30.56,35.9,18.1,2,19.3,22.2,60+,0.534,Mechanical_Fault
1714,E-Scooter,3.83,26.2,10.56,15.25,86.6,77.3,2,6.7,34.4,26-35,0.716,Normal
1715,E-Bike,3.3,19.92,14.69,19.28,98.2,85.3,6,6.4,26.6,26-35,0.789,Hard_Braking
1716,E-Bike,8.83,60.11,8.88,12.68,65.0,34.4,1,3.8,11.9,36-45,0.763,Normal
1717,E-Bike,3.42,20.8,13.93,20.95,86.0,70.3,2,21.4,42.0,26-35,0.657,Hard_Braking
1718,E-Bike,1.37,13.16,12.1,16.81,90.2,82.8,0,1.2,19.7,18-25,0.611,Improper_Parking
1719,E-Scooter,6.9,18.12,20.75,25.23,55.1,29.7,4,1.7,34.7,18-25,0.776,Hard_Braking
1720,E-Scooter,5.37,13.13,22.57,28.91,22.9,3.8,2,1.3,26.9,26-35,0.847,Battery_Critical
1721,E-Scooter,4.41,27.35,9.75,14.55,24.5,14.2,1,22.5,21.8,18-25,0.791,Battery_Critical
1722,E-Scooter,0.95,2.36,19.5,27.53,87.9,82.3,6,21.5,20.4,18-25,0.798,Hard_Braking
1723,E-Scooter,7.58,22.79,21.4,23.91,43.6,18.7,2,39.2,19.6,46-60,0.77,Mechanical_Fault
1724,E-Bike,1.2,8.77,13.47,19.22,89.7,88.9,0,2.7,19.8,36-45,0.563,Normal
1725,E-Bike,4.74,25.15,13.06,21.44,70.4,54.8,0,16.1,17.4,26-35,0.962,Normal
1726,E-Bike,4.1,28.06,11.42,17.35,72.7,60.5,2,19.6,24.5,26-35,0.801,Hard_Braking
1727,E-Scooter,2.91,10.56,15.06,18.15,25.3,10.3,3,31.7,21.0,26-35,0.919,Battery_Critical
1728,E-Scooter,0.92,2.0,14.83,18.17,47.6,37.1,0,10.2,20.3,26-35,0.525,Normal
1729,E-Scooter,1.9,11.99,12.91,17.05,95.2,89.6,2,2.8,19.1,18-25,0.75,Normal
1730,E-Scooter,3.42,12.04,15.27,20.79,26.3,11.2,3,1.8,17.8,18-25,0.941,Battery_Critical
1731,E-Scooter,3.1,11.55,15.5,17.72,72.8,59.6,1,2.1,16.1,18-25,0.83,Normal
1732,E-Scooter,2.01,5.66,19.7,29.62,44.0,38.3,3,38.4,19.8,18-25,0.838,Battery_Critical
1733,E-Scooter,2.97,5.32,18.85,21.89,88.8,76.1,5,14.9,28.0,60+,0.724,Hard_Braking
1734,E-Bike,5.6,38.87,9.93,15.69,25.5,6.6,2,4.7,28.7,36-45,0.781,Battery_Critical
1735,E-Bike,3.58,12.57,14.86,24.62,72.8,51.5,2,5.9,30.0,26-35,0.879,Hard_Braking
1736,E-Scooter,9.96,47.35,14.7,18.14,60.1,41.5,4,10.2,13.7,18-25,0.877,Hard_Braking
1737,E-Scooter,3.87,8.51,17.38,25.83,69.7,57.5,2,1.6,21.1,18-25,0.84,Normal
1738,E-Scooter,1.81,2.84,17.28,20.14,20.2,21.9,1,57.3,16.3,46-60,0.656,Mechanical_Fault
1739,E-Scooter,4.19,16.78,13.27,17.34,76.9,66.8,1,1.3,13.9,26-35,0.781,Normal
1740,E-Scooter,3.46,10.24,22.7,25.14,70.7,53.1,1,0.3,19.6,46-60,0.466,Normal
1741,E-Bike,6.84,46.34,8.34,13.29,95.5,78.5,3,1.7,24.8,,0.886,Improper_Parking
1742,E-Scooter,5.55,28.88,13.32,13.35,78.8,65.3,1,5.8,35.9,18-25,0.745,Normal
1743,E-Scooter,4.54,16.33,19.25,28.09,41.7,23.5,0,33.7,6.4,26-35,0.8,Normal
1744,E-Bike,5.2,20.68,15.33,16.93,86.7,69.2,0,41.2,31.7,26-35,0.574,Normal
1745,E-Scooter,1.53,2.0,16.96,20.14,45.4,39.4,1,61.5,30.7,18-25,0.614,Normal
1746,E-Bike,1.19,2.63,13.64,21.13,95.8,96.2,1,14.7,39.1,60+,0.485,Normal
1747,E-Bike,3.61,28.96,10.86,14.39,91.8,74.9,3,5.4,7.8,26-35,0.765,Hard_Braking
1748,E-Bike,4.33,18.12,12.94,22.13,82.7,73.3,3,12.1,26.9,46-60,0.458,Hard_Braking
1749,E-Bike,0.67,2.16,12.21,18.25,36.5,30.0,0,7.1,11.4,26-35,0.848,Normal
1750,E-Scooter,3.89,20.6,9.91,19.37,58.3,49.4,0,8.6,15.1,18-25,0.641,Normal
1751,E-Scooter,2.75,9.05,15.08,21.0,37.9,36.8,3,3.3,19.6,60+,0.753,Hard_Braking
1752,E-Scooter,6.06,27.74,14.57,18.63,67.3,53.9,1,5.6,8.9,26-35,0.647,Normal
1753,E-Scooter,4.3,10.48,22.54,28.85,85.1,74.9,4,5.3,28.3,46-60,0.536,Normal
1754,E-Scooter,3.08,8.41,18.36,20.89,77.2,71.2,5,9.8,7.3,46-60,0.882,Hard_Braking
1755,E-Bike,4.6,15.44,15.79,22.88,44.2,34.4,2,12.5,16.2,26-35,0.492,Normal
1756,E-Scooter,2.04,10.1,15.34,17.99,37.2,26.9,1,60.7,31.5,18-25,0.354,Improper_Parking
1757,E-Scooter,5.48,18.76,20.03,23.18,39.9,22.9,1,1.5,24.2,46-60,0.786,Normal
1758,E-Bike,8.24,30.57,15.67,21.24,36.5,7.2,0,37.4,15.7,60+,0.705,Battery_Critical
1759,E-Bike,5.91,30.18,12.75,22.05,48.5,35.1,2,28.6,13.8,18-25,0.902,Hard_Braking
1760,E-Bike,0.3,4.29,19.41,25.16,28.2,29.0,1,0.2,28.5,18-25,0.975,Normal
1761,E-Bike,1.85,8.77,17.42,22.08,37.7,33.2,0,7.9,13.7,26-35,0.882,Mechanical_Fault
1762,E-Scooter,0.74,3.21,15.68,19.77,78.5,79.7,0,2.3,22.7,36-45,0.789,Normal
1763,E-Scooter,8.95,48.35,11.46,21.6,39.8,16.3,1,7.4,17.1,18-25,0.562,Normal
1764,E-Bike,6.03,31.21,13.18,15.04,31.0,11.5,1,27.2,28.6,18-25,0.889,Battery_Critical
1765,E-Scooter,5.09,15.44,19.91,25.74,29.2,12.3,2,19.1,14.9,26-35,0.822,Battery_Critical
1766,E-Scooter,2.79,2.0,22.04,28.97,30.7,19.4,0,69.8,17.6,18-25,0.722,Normal
1767,E-Bike,2.28,14.75,12.71,16.51,85.2,83.4,4,19.8,22.7,26-35,0.689,Hard_Braking
1768,E-Scooter,0.48,2.0,23.52,27.6,22.3,31.4,2,8.3,21.6,26-35,0.825,Hard_Braking
1769,E-Scooter,1.58,7.49,21.54,24.07,46.7,41.0,1,8.9,32.6,46-60,0.671,Normal
1770,E-Scooter,2.99,8.48,15.71,27.0,34.5,27.6,3,42.0,16.2,18-25,0.94,Hard_Braking
1771,E-Bike,8.64,42.35,12.51,22.2,52.7,27.7,1,9.9,3.7,26-35,0.701,Normal
1772,E-Bike,7.38,40.22,11.45,14.09,45.0,21.0,2,0.1,33.8,26-35,0.798,Normal
1773,E-Scooter,1.73,5.75,18.9,26.33,41.6,37.4,2,5.0,26.4,36-45,0.852,Normal
1774,E-Bike,5.76,27.49,12.07,16.16,87.4,68.1,3,11.2,20.8,26-35,0.899,Improper_Parking
1775,E-Scooter,1.23,8.8,19.66,20.67,23.3,17.5,2,22.4,20.1,18-25,0.684,Battery_Critical
1776,E-Scooter,1.55,12.54,14.2,17.3,33.2,32.2,0,4.2,34.5,18-25,0.573,Mechanical_Fault
1777,E-Scooter,0.87,6.66,20.45,26.16,61.2,57.2,2,2.5,22.1,26-35,0.687,Normal
1778,E-Scooter,1.62,4.92,15.6,21.14,51.0,46.6,5,10.4,8.0,26-35,0.671,Hard_Braking
1779,E-Bike,1.09,3.23,10.24,67.11,92.9,91.0,0,3.0,26.8,18-25,0.718,Normal
1780,E-Scooter,3.9,10.37,19.93,25.88,57.2,49.3,2,6.2,18.0,26-35,0.58,Battery_Critical
1781,E-Scooter,1.56,3.87,19.51,31.42,45.3,43.8,2,7.8,11.7,18-25,0.667,Mechanical_Fault
1782,E-Scooter,2.03,11.18,8.41,11.05,46.7,45.1,1,8.0,17.1,18-25,0.844,Normal
1783,E-Bike,0.67,2.0,10.58,10.84,75.0,70.2,2,0.6,17.3,18-25,0.766,Battery_Critical
1784,E-Bike,7.6,31.8,12.71,13.02,48.9,24.5,1,4.7,28.9,36-45,0.723,Improper_Parking
1785,E-Scooter,2.35,13.69,15.07,22.23,83.7,72.3,2,20.5,35.5,46-60,0.824,Battery_Critical
1786,E-Bike,2.05,7.17,14.04,23.4,99.0,96.8,1,28.0,42.0,26-35,0.689,Normal
1787,E-Scooter,2.42,5.7,16.16,20.04,73.6,71.2,0,16.9,3.0,36-45,0.515,Normal
1788,E-Scooter,1.78,10.9,15.87,20.73,20.4,7.8,0,44.6,21.5,18-25,0.602,Battery_Critical
1789,E-Scooter,4.84,23.4,16.37,19.21,76.9,66.7,1,8.5,21.8,46-60,0.666,Normal
1790,E-Scooter,8.89,29.06,20.35,24.31,43.8,20.8,0,32.6,36.1,26-35,0.677,Normal
1791,E-Scooter,7.46,23.88,22.18,23.87,81.4,62.8,2,42.5,26.2,26-35,0.684,Mechanical_Fault
1792,E-Scooter,1.98,16.13,14.01,18.97,90.5,84.7,2,13.0,21.7,18-25,0.419,Improper_Parking
1793,E-Bike,4.31,34.8,7.78,11.41,88.8,71.1,2,27.6,23.4,18-25,0.456,Hard_Braking
1794,E-Bike,5.06,16.86,17.22,21.95,95.3,78.9,2,5.1,17.4,18-25,0.881,Mechanical_Fault
1795,E-Bike,3.33,7.12,18.65,23.58,32.3,23.3,2,33.8,24.7,36-45,0.691,Normal
1796,E-Bike,6.2,28.73,12.72,20.82,90.8,67.6,1,1.7,42.0,36-45,0.832,Normal
1797,E-Scooter,1.29,2.76,18.25,26.56,88.4,83.3,2,5.1,20.2,18-25,0.715,Hard_Braking
1798,E-Bike,2.63,14.2,10.58,14.82,62.8,54.8,1,3.9,22.9,26-35,0.814,Normal
1799,E-Scooter,1.23,6.68,14.39,18.02,45.5,41.6,2,9.9,32.7,60+,0.6,Normal
1800,E-Scooter,2.28,4.07,15.68,25.48,41.0,34.8,0,5.2,12.9,36-45,0.949,Normal
1801,E-Scooter,2.96,12.13,17.7,20.7,63.2,51.1,2,8.1,28.6,18-25,0.822,Normal
1802,E-Bike,5.08,11.77,17.12,23.77,98.3,91.7,4,12.5,40.8,26-35,0.928,Hard_Braking
1803,E-Bike,5.32,25.17,13.84,18.58,63.7,50.0,1,30.1,10.8,26-35,0.975,Hard_Braking
1804,E-Scooter,5.73,17.46,20.73,28.3,78.0,56.8,2,19.0,25.2,36-45,0.636,Improper_Parking
1805,E-Scooter,4.74,17.34,18.25,21.19,57.0,38.2,3,15.9,20.2,26-35,0.798,Normal
1806,E-Bike,3.64,27.86,7.26,17.38,90.0,79.5,4,10.1,28.7,18-25,0.665,Hard_Braking
1807,E-Bike,2.85,10.92,23.41,24.03,80.4,67.7,4,6.4,28.8,,0.665,Hard_Braking
1808,E-Scooter,10.69,19.62,24.47,30.24,99.9,68.0,4,3.2,21.4,26-35,0.791,Hard_Braking
1809,E-Bike,6.32,23.7,14.21,15.5,51.0,28.4,0,59.6,35.2,18-25,0.557,Mechanical_Fault
1810,E-Scooter,2.38,5.7,15.9,19.23,51.2,44.0,2,4.1,29.6,18-25,0.553,Normal
1811,E-Scooter,5.78,18.02,17.05,26.04,27.0,13.9,1,15.8,26.1,36-45,0.765,Improper_Parking
1812,E-Scooter,3.21,12.52,15.77,19.04,49.5,39.2,3,0.4,9.1,26-35,0.823,Hard_Braking
1813,E-Scooter,1.87,11.01,10.0,14.12,50.6,42.6,0,19.0,20.2,18-25,0.735,Battery_Critical
1814,E-Bike,7.91,40.15,12.81,19.74,64.2,46.6,1,24.9,28.7,36-45,0.85,Normal
1815,E-Bike,0.41,2.0,10.7,16.15,88.5,91.4,0,37.2,25.1,26-35,0.756,Normal
1816,E-Scooter,4.68,27.71,10.81,16.62,44.0,28.8,2,14.8,23.9,36-45,0.669,Hard_Braking
1817,E-Scooter,2.11,8.62,19.67,25.31,63.8,58.9,1,5.1,22.8,36-45,0.918,Normal
1818,E-Scooter,2.62,6.29,20.42,21.88,29.0,23.3,1,9.2,18.6,18-25,0.898,Normal
1819,E-Bike,1.31,11.03,11.89,13.68,87.3,89.1,0,14.4,29.6,18-25,0.498,Normal
1820,E-Scooter,0.84,2.9,12.37,16.5,81.8,77.0,2,1.8,21.9,36-45,0.808,Hard_Braking
1821,E-Bike,2.17,14.74,12.96,20.19,34.8,25.5,0,40.4,13.4,18-25,0.514,Normal
1822,E-Scooter,1.91,4.9,18.62,24.32,35.9,35.6,1,10.0,10.4,26-35,0.528,Normal
1823,E-Scooter,4.15,15.42,17.36,17.54,50.7,28.7,1,12.8,40.8,36-45,0.672,Normal
1824,E-Bike,9.31,48.79,11.25,12.53,62.9,38.7,0,26.1,21.8,36-45,0.954,Battery_Critical
1825,E-Bike,6.81,44.53,8.65,12.39,98.3,84.3,0,24.9,15.3,18-25,0.694,Normal
1826,E-Scooter,0.55,2.39,22.8,26.69,97.9,100.0,1,14.8,34.6,36-45,0.917,Hard_Braking
1827,E-Scooter,3.9,15.23,15.3,27.29,73.0,64.3,1,9.9,23.7,46-60,0.89,Normal
1828,E-Bike,4.23,11.3,15.18,20.5,82.6,68.7,3,34.4,6.7,36-45,0.77,Normal
1829,E-Scooter,4.55,32.0,9.06,13.95,78.2,62.5,2,30.0,17.6,26-35,0.859,Hard_Braking
1830,E-Scooter,2.53,4.52,23.66,26.23,63.1,58.2,0,8.2,17.0,26-35,0.843,Normal
1831,E-Scooter,2.86,10.01,11.54,13.89,41.0,28.5,0,9.6,31.9,36-45,0.883,Normal
1832,E-Scooter,2.3,4.89,17.37,25.96,24.6,22.6,1,65.8,16.5,18-25,0.731,Normal
1833,E-Scooter,3.36,12.69,19.71,25.87,56.7,47.5,1,11.3,20.3,18-25,0.92,Normal
1834,E-Scooter,2.53,7.86,20.29,26.03,23.6,17.2,0,5.0,29.3,26-35,0.709,Normal
1835,E-Bike,4.96,25.96,11.83,19.01,31.9,21.3,1,16.2,34.4,26-35,0.895,Normal
1836,E-Scooter,5.19,13.53,22.05,23.59,82.7,71.3,5,14.9,36.9,36-45,0.861,Hard_Braking
1837,E-Scooter,1.32,3.08,12.22,20.99,67.9,64.6,1,5.2,17.1,26-35,0.832,Normal
1838,E-Scooter,0.94,5.1,18.63,22.96,89.1,82.9,1,27.8,24.0,18-25,0.929,Normal
1839,E-Scooter,0.63,2.0,17.41,20.88,65.3,64.5,2,8.0,26.9,36-45,0.621,Normal
1840,E-Bike,0.86,5.01,9.88,11.98,80.9,85.1,0,4.0,22.7,26-35,0.838,Normal
1841,E-Bike,8.12,33.28,13.78,23.33,28.3,11.6,0,2.3,22.0,26-35,0.875,Normal
1842,E-Scooter,1.36,4.03,20.28,27.86,92.0,81.7,1,14.3,-4.4,26-35,0.826,Normal
1843,E-Scooter,4.71,16.24,19.19,22.76,87.3,73.1,4,5.4,22.2,26-35,0.672,Hard_Braking
1844,E-Scooter,4.73,27.69,9.55,9.73,77.2,60.2,0,0.9,26.4,26-35,0.715,Normal
1845,E-Scooter,7.64,28.39,16.28,22.79,82.3,56.7,0,78.4,19.8,18-25,0.631,Mechanical_Fault
1846,E-Scooter,1.35,2.0,14.46,18.56,80.4,73.1,3,14.3,24.8,26-35,0.876,Hard_Braking
1847,E-Scooter,1.87,5.75,21.93,24.08,29.9,26.1,3,15.1,29.1,18-25,0.938,Hard_Braking
1848,E-Scooter,0.51,2.0,16.44,16.8,76.1,73.7,0,13.0,18.8,26-35,0.748,Normal
1849,E-Scooter,5.96,16.78,15.3,17.16,31.9,14.9,3,34.0,42.0,18-25,0.578,Battery_Critical
1850,E-Scooter,0.4,2.0,17.47,23.1,32.9,30.7,1,34.4,36.3,26-35,0.607,Normal
1851,E-Bike,0.75,6.23,12.38,19.53,68.1,71.7,1,10.2,13.9,18-25,0.86,Normal
1852,E-Scooter,2.56,12.73,16.12,19.22,47.7,43.5,0,9.6,30.4,26-35,0.453,Normal
1853,E-Bike,1.18,4.55,7.83,13.12,85.4,80.0,1,13.1,25.0,26-35,0.47,Normal
1854,E-Scooter,6.32,22.27,13.5,20.7,32.2,5.8,1,30.4,18.0,26-35,0.588,Battery_Critical
1855,E-Bike,4.31,17.51,19.8,24.59,22.2,13.0,1,9.8,27.5,36-45,0.759,Normal
1856,E-Bike,4.65,32.82,8.32,16.9,73.4,57.1,2,6.3,24.3,36-45,0.622,Normal
1857,E-Scooter,1.77,7.4,16.56,26.8,52.2,47.3,1,64.2,24.6,36-45,0.848,Normal
1858,E-Scooter,1.53,5.19,11.95,18.58,28.8,24.6,1,24.6,31.4,18-25,0.472,Normal
1859,E-Bike,13.71,64.19,12.62,17.64,47.5,7.9,1,34.9,30.7,18-25,0.702,Battery_Critical
1860,E-Scooter,0.72,2.77,11.72,17.83,87.5,82.4,0,20.4,27.0,26-35,0.852,Normal
1861,E-Scooter,3.61,13.75,21.69,25.82,25.8,22.8,0,18.0,14.5,18-25,0.719,Improper_Parking
1862,E-Scooter,5.34,18.07,17.28,20.51,28.0,12.1,1,73.0,15.9,46-60,0.787,Battery_Critical
1863,E-Bike,1.81,9.54,10.53,10.66,87.0,81.3,1,26.4,38.1,26-35,0.923,Normal
1864,E-Scooter,5.01,10.86,23.98,26.63,74.1,58.9,1,14.0,20.8,46-60,0.373,Improper_Parking
1865,E-Bike,2.07,11.41,12.98,14.84,69.6,63.0,3,24.7,32.9,26-35,0.979,Hard_Braking
1866,E-Scooter,6.11,10.71,22.17,28.52,88.8,67.8,2,9.3,14.4,36-45,0.449,Hard_Braking
1867,E-Scooter,5.13,18.97,16.28,20.63,51.2,34.0,1,46.6,17.6,46-60,0.957,Normal
1868,E-Bike,0.95,2.0,13.45,19.24,75.9,66.5,3,55.0,11.0,18-25,0.665,Normal
1869,E-Bike,2.36,10.39,13.77,15.56,85.7,72.5,1,1.2,25.4,46-60,0.963,Normal
1870,E-Scooter,4.19,15.97,16.46,23.3,38.3,28.3,4,2.7,34.2,18-25,0.76,Hard_Braking
1871,E-Scooter,1.46,4.21,19.86,24.88,71.0,66.4,2,8.1,25.7,46-60,0.766,Hard_Braking
1872,E-Scooter,3.3,9.46,17.64,21.6,73.0,56.8,2,10.5,11.2,18-25,0.301,Improper_Parking
1873,E-Bike,7.26,44.14,9.43,12.58,30.5,7.3,0,5.6,25.4,26-35,0.703,Battery_Critical
1874,E-Scooter,4.14,22.86,10.41,11.29,73.5,60.1,2,20.1,40.2,26-35,0.941,Mechanical_Fault
1875,E-Scooter,0.36,8.21,22.9,30.48,30.5,21.5,0,29.3,24.7,26-35,0.433,Hard_Braking
1876,E-Scooter,2.46,14.78,13.92,21.26,85.3,78.3,1,31.8,27.2,36-45,0.676,Normal
1877,E-Scooter,1.13,2.0,24.0,27.26,87.6,84.2,2,2.1,11.4,46-60,0.88,Hard_Braking
1878,E-Scooter,7.17,26.03,16.61,24.33,81.1,59.7,1,6.4,29.4,18-25,0.927,Normal
1879,E-Bike,1.43,7.34,9.37,16.23,62.5,60.7,1,0.7,33.6,18-25,0.882,Normal
1880,E-Bike,1.85,9.07,9.96,13.47,45.7,37.6,4,40.7,31.1,36-45,0.844,Hard_Braking
1881,E-Bike,3.55,23.96,10.26,15.46,31.7,29.4,0,32.8,16.8,18-25,0.671,Normal
1882,E-Scooter,0.91,2.04,12.95,18.82,24.2,21.0,3,28.3,28.2,26-35,0.774,Hard_Braking
1883,E-Scooter,0.3,4.34,17.97,26.38,91.9,92.1,0,13.3,29.0,46-60,0.725,Normal
1884,E-Scooter,9.29,30.42,18.15,21.36,99.9,72.8,0,14.2,24.5,18-25,0.783,Mechanical_Fault
1885,E-Scooter,1.81,7.16,12.79,17.49,63.3,55.8,0,9.1,29.7,18-25,0.708,Normal
1886,E-Scooter,5.89,21.54,15.13,19.99,51.5,37.3,0,2.2,36.7,26-35,0.908,Normal
1887,E-Bike,4.76,24.43,11.58,20.67,47.1,24.3,0,13.8,30.9,18-25,0.917,Normal
1888,E-Scooter,0.74,2.0,19.17,19.39,91.3,89.7,2,7.5,25.4,46-60,0.616,Normal
1889,E-Scooter,4.0,9.11,19.09,26.04,41.4,20.2,1,21.2,18.5,18-25,0.981,Improper_Parking
1890,E-Bike,4.71,25.34,13.53,20.23,62.9,50.8,4,51.1,27.6,26-35,0.501,Hard_Braking
1891,E-Bike,1.16,7.52,12.03,18.79,90.8,83.9,4,46.8,25.8,26-35,0.769,Hard_Braking
1892,E-Scooter,2.57,11.06,12.87,16.77,37.6,26.1,1,0.1,40.4,18-25,0.929,Normal
1893,E-Bike,1.99,11.36,16.66,17.56,28.0,21.4,2,36.5,29.0,46-60,0.596,Mechanical_Fault
1894,E-Bike,7.36,39.68,10.2,10.46,98.6,71.7,1,1.4,19.1,36-45,0.718,Normal
1895,E-Scooter,1.59,5.84,19.5,24.1,39.9,36.5,2,5.1,28.9,18-25,0.913,Normal
1896,E-Scooter,2.01,10.99,19.32,23.15,89.1,77.6,0,15.1,21.2,26-35,0.527,Normal
1897,E-Scooter,1.4,2.0,18.67,27.69,52.8,46.4,0,20.4,31.4,26-35,0.863,Normal
1898,E-Scooter,4.67,18.24,16.22,22.57,61.2,52.8,2,23.3,19.6,26-35,0.47,Hard_Braking
1899,E-Scooter,6.05,18.93,20.52,24.99,74.1,50.8,1,15.0,25.0,46-60,0.982,Normal
1900,E-Scooter,4.18,12.13,28.24,30.09,63.6,56.5,0,4.6,22.0,18-25,0.623,Battery_Critical
1901,E-Bike,4.18,20.12,14.87,16.42,57.0,44.8,1,56.6,39.8,18-25,0.745,Mechanical_Fault
1902,E-Bike,0.3,2.0,16.05,20.31,77.0,80.8,1,36.8,28.0,46-60,0.891,Normal
1903,E-Scooter,2.5,4.99,17.89,23.14,61.5,54.5,3,40.6,28.1,26-35,0.786,Hard_Braking
1904,E-Scooter,3.97,9.43,17.06,22.91,85.1,76.3,2,24.2,12.2,46-60,0.648,Normal
1905,E-Scooter,2.53,3.57,18.73,25.86,78.5,67.0,3,4.1,19.3,18-25,0.738,Hard_Braking
1906,E-Scooter,5.98,8.01,26.01,27.92,80.8,67.3,0,59.4,5.6,26-35,0.909,Normal
1907,E-Bike,1.21,7.5,10.21,18.81,35.2,29.6,3,23.8,20.8,36-45,0.358,Improper_Parking
1908,E-Scooter,4.62,12.28,19.21,20.98,88.5,74.3,4,2.6,28.6,26-35,0.792,Hard_Braking
1909,E-Scooter,4.44,21.17,12.88,20.19,25.0,11.4,3,16.5,5.9,26-35,0.963,Hard_Braking
1910,E-Bike,3.49,15.66,10.49,19.37,80.9,66.0,0,22.5,23.5,,0.539,Normal
1911,E-Bike,3.55,14.3,18.95,25.63,56.8,44.6,1,14.0,9.0,18-25,0.686,Normal
1912,E-Scooter,2.69,10.34,12.33,16.34,95.5,78.3,2,1.6,22.9,18-25,0.639,Hard_Braking
1913,E-Scooter,1.12,4.15,17.85,22.52,51.1,46.4,1,2.0,22.5,36-45,0.759,Normal
1914,E-Scooter,4.33,16.57,18.43,26.09,69.2,55.5,1,14.5,36.9,26-35,0.926,Normal
1915,E-Scooter,7.5,28.77,16.13,22.01,31.2,15.7,0,1.5,40.4,18-25,0.81,Battery_Critical
1916,E-Bike,8.73,35.09,15.66,17.77,65.6,45.7,0,1.4,42.0,36-45,0.845,Hard_Braking
1917,E-Scooter,3.32,11.8,18.77,19.22,81.9,71.2,2,3.8,25.6,18-25,0.419,Improper_Parking
1918,E-Bike,1.8,8.36,15.0,15.85,26.3,20.6,3,7.9,18.1,36-45,0.799,Normal
1919,E-Bike,5.39,40.06,8.98,10.23,63.4,50.5,2,11.6,20.0,26-35,0.511,Normal
1920,E-Bike,4.37,18.81,11.78,19.66,70.7,50.6,3,41.2,16.7,18-25,0.744,Mechanical_Fault
1921,E-Bike,2.1,9.05,14.31,15.52,90.9,84.3,2,28.6,25.6,36-45,0.92,Normal
1922,E-Scooter,0.81,2.0,15.27,21.54,46.0,42.5,1,48.7,17.3,26-35,0.863,Normal
1923,E-Bike,2.88,15.81,11.99,17.76,82.6,76.8,1,13.8,25.5,36-45,0.654,Normal
1924,E-Bike,3.68,14.89,12.39,19.19,77.6,62.0,1,91.1,35.9,36-45,0.724,Mechanical_Fault
1925,E-Scooter,1.45,5.04,14.15,14.16,72.6,65.0,0,1.6,24.3,26-35,0.479,Normal
1926,E-Bike,2.22,14.03,10.5,15.9,38.3,30.8,4,28.1,27.1,26-35,0.624,Mechanical_Fault
1927,E-Bike,3.15,13.85,17.34,18.21,30.2,20.4,0,11.3,21.3,36-45,0.62,Normal
1928,E-Scooter,5.91,20.91,14.07,15.53,20.7,1.5,0,13.0,16.2,26-35,0.708,Battery_Critical
1929,E-Scooter,7.64,32.66,12.62,15.8,47.3,21.1,0,20.8,31.5,26-35,0.697,Normal
1930,E-Bike,1.88,5.78,16.63,17.27,78.8,72.8,0,13.9,22.6,26-35,0.876,Normal
1931,E-Bike,2.64,23.14,6.1,18.82,72.7,66.7,2,32.4,28.2,36-45,0.865,Normal
1932,E-Scooter,2.2,13.48,10.07,15.61,49.1,46.8,1,3.8,30.1,18-25,0.634,Normal
1933,E-Scooter,0.75,6.7,12.48,26.34,24.2,27.6,1,98.3,26.2,18-25,0.812,Mechanical_Fault
1934,E-Scooter,3.25,11.45,16.93,20.44,69.1,55.0,1,4.6,8.0,36-45,0.833,Hard_Braking
1935,E-Bike,8.75,34.47,14.7,18.72,40.4,11.8,1,42.2,36.1,26-35,0.245,Improper_Parking
1936,E-Bike,3.15,22.74,8.84,11.95,40.3,27.7,2,11.9,24.9,36-45,0.521,Hard_Braking
1937,E-Scooter,1.88,6.01,18.69,19.89,29.8,21.9,1,3.5,33.4,18-25,0.631,Normal
1938,E-Bike,0.88,2.0,13.54,15.94,25.6,18.2,0,21.9,31.5,60+,0.697,Normal
1939,E-Scooter,10.15,37.84,17.46,24.66,20.3,0.0,0,5.6,9.6,26-35,0.72,Battery_Critical
1940,E-Bike,0.5,5.85,9.0,10.87,59.2,56.9,2,25.7,18.2,26-35,0.812,Improper_Parking
1941,E-Scooter,0.39,2.0,16.6,27.06,45.7,41.6,4,42.0,17.7,18-25,0.744,Hard_Braking
1942,E-Scooter,2.29,9.13,16.65,26.01,42.8,43.7,2,7.0,14.0,26-35,0.736,Hard_Braking
1943,E-Scooter,2.25,4.47,15.36,20.57,97.7,100.0,1,4.1,19.5,26-35,0.854,Hard_Braking
1944,E-Scooter,3.95,22.21,12.88,19.0,59.4,48.5,3,22.4,25.1,18-25,0.854,Hard_Braking
1945,E-Bike,0.68,8.03,7.88,12.92,52.5,55.0,3,40.2,25.4,46-60,0.607,Hard_Braking
1946,E-Scooter,7.11,39.25,9.99,16.49,42.1,20.4,1,13.4,17.2,26-35,0.923,Normal
1947,E-Scooter,12.96,33.89,21.88,26.83,89.7,48.0,2,19.2,23.1,18-25,0.831,Improper_Parking
1948,E-Bike,1.64,8.97,11.24,11.79,28.9,20.2,0,16.1,30.8,18-25,0.842,Normal
1949,E-Scooter,5.48,28.89,11.12,13.81,42.3,26.0,1,58.8,15.2,26-35,0.643,Normal
1950,E-Scooter,7.34,36.21,12.94,17.95,32.9,12.3,0,13.3,12.8,26-35,0.827,Battery_Critical
1951,E-Scooter,1.75,3.72,23.31,32.8,60.1,58.7,0,28.8,14.6,18-25,0.733,Battery_Critical
1952,E-Bike,2.17,11.71,13.01,15.58,67.7,61.7,1,12.6,14.9,26-35,0.958,Normal
1953,E-Scooter,3.13,8.04,16.76,20.41,44.3,36.5,2,12.5,30.2,18-25,0.96,Hard_Braking
1954,E-Bike,0.87,10.4,7.32,11.18,77.0,71.0,2,10.5,40.1,26-35,0.893,Normal
1955,E-Scooter,2.27,7.3,13.58,17.04,23.4,19.4,1,21.3,27.7,,0.749,Normal
1956,E-Scooter,0.76,2.21,15.09,22.3,33.1,28.3,2,136.3,8.0,36-45,0.685,Normal
1957,E-Bike,2.08,9.4,14.91,19.58,92.6,88.9,4,32.2,28.4,36-45,0.776,Battery_Critical
1958,E-Scooter,12.09,29.21,26.88,33.25,90.0,51.1,1,5.4,25.5,36-45,0.659,Hard_Braking
1959,E-Scooter,4.03,20.42,14.88,20.23,57.7,42.5,0,8.2,25.8,36-45,0.865,Normal
1960,E-Bike,3.73,17.99,12.6,14.03,80.3,76.7,1,20.5,14.8,18-25,0.598,Improper_Parking
1961,E-Scooter,1.95,12.36,9.29,16.67,97.9,91.3,1,13.3,26.1,26-35,0.912,Mechanical_Fault
1962,E-Bike,4.5,22.08,11.76,14.35,86.4,75.5,2,18.6,22.7,18-25,0.675,Hard_Braking
1963,E-Scooter,1.6,7.71,11.05,17.13,91.7,88.3,0,15.6,9.4,18-25,0.9,Normal
1964,E-Scooter,1.69,7.24,15.06,26.62,43.1,31.0,1,2.2,22.3,60+,0.909,Normal
1965,E-Bike,1.88,9.68,13.28,20.06,25.6,15.9,1,0.6,19.0,36-45,0.86,Battery_Critical
1966,E-Scooter,3.71,13.56,19.1,23.49,40.9,31.1,1,25.6,30.6,60+,0.634,Normal
1967,E-Scooter,1.22,8.6,16.48,20.85,60.4,57.1,1,0.0,28.1,18-25,0.856,Normal
1968,E-Scooter,5.06,13.93,18.12,22.11,79.8,70.3,1,1.5,20.9,18-25,0.733,Normal
1969,E-Scooter,1.77,7.13,14.43,20.28,63.5,57.2,0,0.4,38.3,26-35,0.796,Normal
1970,E-Scooter,5.98,18.42,17.06,17.84,94.9,72.0,3,10.4,29.5,36-45,0.824,Hard_Braking
1971,E-Scooter,0.95,5.63,17.89,24.26,34.8,33.1,1,1.3,33.9,18-25,0.899,Normal
1972,E-Bike,4.27,21.66,12.29,18.34,82.8,73.1,0,10.1,29.6,36-45,0.482,Normal
1973,E-Scooter,0.72,8.3,18.08,26.04,72.3,68.7,0,5.7,19.5,36-45,0.445,Mechanical_Fault
1974,E-Scooter,1.22,3.8,14.83,18.28,49.2,43.5,0,0.4,30.1,60+,0.879,Normal
1975,E-Bike,5.03,42.33,7.5,11.83,29.6,19.7,0,33.6,15.5,18-25,0.954,Normal
1976,E-Bike,2.25,8.69,13.52,14.17,77.2,70.1,1,49.0,28.8,18-25,0.903,Normal
1977,E-Scooter,6.77,29.59,12.59,19.59,83.8,69.1,4,10.5,17.8,18-25,0.641,Hard_Braking
1978,E-Scooter,6.6,28.07,18.47,21.9,69.2,51.0,0,5.0,38.5,18-25,0.587,Normal
1979,E-Scooter,1.08,4.7,21.85,26.21,44.0,43.2,0,5.5,16.7,18-25,0.949,Normal
1980,E-Bike,2.45,11.14,14.63,20.77,85.5,72.6,3,18.8,31.9,26-35,0.863,Hard_Braking
1981,E-Scooter,1.9,3.97,20.06,23.23,81.8,76.6,2,0.3,24.9,26-35,0.747,Normal
1982,E-Scooter,5.58,21.49,17.22,20.42,95.4,82.1,1,0.1,16.2,18-25,0.727,Normal
1983,E-Scooter,3.71,16.95,14.08,14.77,28.5,20.8,3,2.6,29.9,46-60,0.491,Hard_Braking
1984,E-Scooter,2.03,3.69,21.87,25.35,26.4,23.0,0,2.2,31.6,18-25,0.828,Normal
1985,E-Bike,2.03,13.22,12.49,17.24,29.6,25.2,1,5.4,30.8,18-25,0.639,Normal
1986,E-Scooter,4.37,14.73,13.09,20.76,29.4,12.3,0,22.1,41.9,46-60,0.745,Battery_Critical
1987,E-Scooter,2.73,4.17,19.29,26.68,48.1,43.8,0,8.9,22.1,18-25,0.689,Normal
1988,E-Bike,1.77,3.84,14.25,15.53,37.2,28.8,1,11.5,32.6,46-60,0.697,Improper_Parking
1989,E-Bike,2.71,8.68,14.96,18.64,84.4,81.5,1,51.2,33.6,26-35,0.804,Battery_Critical
1990,E-Bike,3.77,16.05,13.4,21.26,65.5,52.3,0,17.6,8.9,46-60,0.678,Normal
1991,E-Scooter,4.23,18.81,11.38,15.95,55.0,46.9,0,1.2,23.7,26-35,0.499,Normal
1992,E-Scooter,1.82,7.51,19.27,23.09,43.7,41.8,3,18.7,28.1,18-25,0.885,Normal
1993,E-Bike,5.12,24.09,12.39,19.07,87.5,71.9,5,18.2,15.3,18-25,0.818,Hard_Braking
1994,E-Scooter,3.41,12.84,19.05,20.29,38.6,30.3,2,3.4,27.7,18-25,0.798,Normal
1995,E-Scooter,0.4,7.78,10.59,13.59,77.6,76.1,0,1.6,30.0,18-25,0.634,Normal
1996,E-Scooter,2.75,13.25,10.57,11.16,58.4,43.5,1,0.7,39.3,60+,0.758,Normal
1997,E-Scooter,1.9,9.19,16.95,21.66,65.1,59.4,1,49.1,21.4,46-60,0.315,Improper_Parking
1998,E-Scooter,0.31,2.0,21.24,23.45,78.5,75.6,1,23.0,11.7,18-25,0.897,Normal
1999,E-Scooter,2.93,19.43,11.58,16.55,69.5,54.0,0,4.9,11.9,18-25,0.93,Normal
2000,E-Scooter,1.25,4.45,14.41,22.78,94.0,90.9,0,0.9,22.4,36-45,0.424,Mechanical_Fault
2001,E-Bike,8.86,47.9,10.71,15.87,74.2,54.9,1,15.4,25.8,36-45,0.792,Normal
2002,E-Bike,0.65,2.68,10.84,18.42,94.3,94.8,4,1.0,31.5,18-25,0.775,Hard_Braking
2003,E-Scooter,3.27,9.04,20.16,28.12,23.9,14.6,1,43.7,19.7,26-35,0.818,Normal
2004,E-Scooter,6.66,17.42,20.03,24.54,70.9,51.3,1,135.2,23.5,46-60,0.861,Normal
2005,E-Bike,7.97,27.89,16.36,22.21,43.4,19.2,0,44.7,31.9,36-45,0.781,Normal
2006,E-Scooter,0.67,2.76,11.71,15.85,25.9,25.1,1,23.1,23.0,46-60,0.667,Normal
2007,E-Scooter,5.19,21.87,14.01,15.35,76.7,57.6,4,1.2,23.8,26-35,0.779,Hard_Braking
2008,E-Bike,4.28,19.12,13.66,23.26,30.8,13.2,1,73.8,30.0,18-25,0.596,Battery_Critical
2009,E-Scooter,2.71,33.57,5.71,9.09,25.7,21.4,1,13.2,25.2,26-35,0.88,Normal
2010,E-Scooter,3.79,23.85,8.27,13.57,79.3,66.7,0,7.6,20.4,46-60,0.624,Normal
2011,E-Scooter,1.54,5.93,18.95,23.61,75.9,69.1,1,14.7,19.9,26-35,0.678,Normal
2012,E-Scooter,6.18,24.93,15.63,23.47,70.2,56.4,1,9.3,25.6,36-45,0.5,Normal
2013,E-Scooter,7.66,35.08,14.24,20.0,84.3,63.3,1,2.8,19.5,26-35,0.843,Normal
2014,E-Scooter,4.64,16.39,18.43,26.03,52.0,41.7,2,4.0,27.6,18-25,0.879,Normal
2015,E-Scooter,2.45,23.53,7.12,11.98,64.8,59.2,3,63.2,17.3,60+,0.969,Mechanical_Fault
2016,E-Bike,1.55,8.96,14.33,25.02,93.8,91.5,1,0.7,27.1,18-25,0.289,Hard_Braking
2017,E-Scooter,5.57,17.13,16.74,25.03,98.0,77.5,1,11.8,35.4,36-45,0.859,Normal
2018,E-Bike,1.59,4.94,14.84,16.62,21.5,14.9,2,13.1,23.9,36-45,0.611,Mechanical_Fault
2019,E-Scooter,0.76,2.88,15.0,21.71,46.8,44.8,1,43.7,39.3,36-45,0.609,Mechanical_Fault
2020,E-Bike,13.76,80.0,9.11,19.71,26.7,0.0,0,3.9,26.8,26-35,0.903,Battery_Critical
2021,E-Scooter,2.37,9.48,21.31,22.31,32.7,23.9,5,16.6,39.2,36-45,0.968,Hard_Braking
2022,E-Scooter,4.05,13.19,15.31,21.8,59.2,53.3,1,39.9,28.9,26-35,0.596,Normal
2023,E-Scooter,1.14,7.03,9.13,13.97,74.2,74.3,2,18.1,21.2,26-35,0.924,Hard_Braking
2024,E-Scooter,1.7,7.1,13.81,20.84,76.0,66.6,4,9.7,22.4,60+,0.71,Hard_Braking
2025,E-Bike,1.97,8.12,14.36,20.47,28.5,22.0,2,15.8,23.8,26-35,0.669,Mechanical_Fault
2026,E-Scooter,3.26,5.34,23.22,25.42,90.2,84.3,1,21.3,20.2,26-35,0.768,Normal
2027,E-Scooter,0.66,2.0,19.99,20.6,55.5,56.5,1,13.1,31.2,36-45,0.912,Normal
2028,E-Scooter,6.53,20.31,16.3,23.4,32.5,14.1,2,38.5,28.0,46-60,0.787,Battery_Critical
2029,E-Bike,4.26,15.4,16.01,23.25,79.7,67.7,1,44.5,24.8,46-60,0.795,Normal
2030,E-Bike,1.28,8.1,8.66,14.16,58.6,52.4,0,2.2,21.1,60+,0.746,Normal
2031,E-Scooter,5.55,32.6,10.55,17.38,48.7,34.9,0,31.9,26.8,36-45,0.654,Normal
2032,E-Bike,4.86,24.17,12.06,12.46,99.8,79.8,2,20.1,24.9,36-45,0.496,Normal
2033,E-Scooter,1.96,13.56,14.45,20.01,28.4,21.2,0,14.1,29.7,46-60,0.532,Normal
2034,E-Scooter,1.46,4.87,23.64,33.25,64.2,56.2,3,14.4,30.2,26-35,0.823,Hard_Braking
2035,E-Scooter,4.15,11.45,21.18,27.34,76.3,60.5,2,13.2,24.6,36-45,0.902,Normal
2036,E-Bike,0.37,2.15,9.1,14.41,53.4,59.8,1,0.4,25.6,46-60,0.718,Normal
2037,E-Bike,6.55,32.23,14.47,15.64,66.3,38.3,0,0.5,8.3,18-25,0.407,Improper_Parking
2038,E-Scooter,1.9,10.3,10.69,15.91,39.6,34.8,0,11.2,34.7,26-35,0.731,Normal
2039,E-Bike,1.86,4.18,13.32,17.5,95.2,89.4,2,20.4,27.3,26-35,0.848,Battery_Critical
2040,E-Bike,1.73,3.7,20.1,24.82,90.9,87.8,3,5.9,21.5,26-35,0.712,Hard_Braking
2041,E-Scooter,8.43,25.99,19.67,23.12,64.5,37.4,1,21.0,25.1,26-35,0.529,Normal
2042,E-Scooter,0.81,2.0,10.49,17.11,86.7,93.4,2,9.2,13.9,26-35,0.774,Normal
2043,E-Bike,5.74,34.9,8.84,19.72,81.1,65.3,0,17.3,24.8,18-25,0.712,Normal
2044,E-Scooter,7.58,30.09,17.4,21.23,96.4,79.7,1,4.6,9.1,26-35,0.809,Normal
2045,E-Bike,1.17,3.97,16.79,22.63,63.4,69.6,1,31.8,28.8,46-60,0.663,Normal
2046,E-Scooter,4.32,17.44,13.96,18.92,73.2,51.7,2,78.0,27.5,26-35,0.85,Hard_Braking
2047,E-Bike,1.25,8.5,9.39,22.69,41.3,31.4,1,20.3,30.3,26-35,0.813,Normal
2048,E-Scooter,3.0,7.16,17.64,27.67,29.5,19.5,1,0.2,17.3,26-35,0.564,Normal
2049,E-Scooter,1.38,2.0,19.6,25.94,66.2,73.8,4,4.9,13.1,18-25,0.767,Hard_Braking
2050,E-Bike,2.34,13.61,14.79,15.05,40.8,34.1,1,13.8,23.6,18-25,0.867,Normal
2051,E-Bike,1.51,4.34,12.08,18.01,90.7,90.6,2,26.5,12.0,36-45,0.467,Hard_Braking
2052,E-Bike,2.38,12.34,11.28,18.77,52.7,44.6,0,13.6,19.6,26-35,0.825,Normal
2053,E-Bike,1.44,8.9,10.28,16.76,65.7,63.8,0,2.7,27.2,26-35,0.943,Normal
2054,E-Bike,0.88,3.43,11.22,19.09,74.7,75.7,2,10.8,21.7,26-35,0.891,Normal
2055,E-Bike,6.05,25.28,17.02,21.7,94.0,74.8,1,8.4,9.9,26-35,0.71,Normal
2056,E-Scooter,3.35,11.07,21.45,26.73,53.7,44.8,0,2.8,17.3,18-25,0.947,Normal
2057,E-Scooter,6.65,17.78,24.08,24.9,72.5,48.5,0,10.1,21.5,46-60,0.863,Normal
2058,E-Scooter,6.91,22.33,17.02,18.79,29.4,9.7,2,2.0,13.9,36-45,0.937,Battery_Critical
2059,E-Scooter,7.21,25.88,18.32,21.83,99.7,74.1,2,9.6,37.6,36-45,,Normal
2060,E-Bike,1.54,7.43,13.4,13.78,42.7,37.5,1,10.6,7.5,46-60,0.515,Normal
2061,E-Scooter,3.07,13.2,20.17,23.51,31.7,22.3,0,31.8,24.6,26-35,0.665,Normal
2062,E-Bike,4.74,18.54,16.04,20.93,93.4,80.4,1,25.2,29.1,18-25,0.565,Normal
2063,E-Scooter,3.82,9.3,18.35,23.8,76.1,65.8,1,5.1,38.6,18-25,0.789,Normal
2064,E-Scooter,3.96,10.77,19.2,21.11,35.3,21.7,3,26.6,26.4,46-60,0.794,Hard_Braking
2065,E-Bike,2.36,6.52,17.38,22.38,57.9,54.3,2,16.0,40.6,18-25,0.95,Battery_Critical
2066,E-Bike,1.4,8.84,16.05,19.88,29.4,26.3,0,8.5,15.1,26-35,0.559,Normal
2067,E-Scooter,0.37,2.0,23.34,32.2,71.7,74.8,0,5.3,27.4,18-25,0.479,Normal
2068,E-Scooter,0.83,4.6,11.0,15.53,27.1,22.3,2,17.6,12.5,18-25,0.822,Hard_Braking
2069,E-Scooter,1.04,4.1,16.31,19.5,86.6,88.8,3,17.1,28.3,26-35,0.818,Hard_Braking
2070,E-Scooter,9.33,23.59,21.72,22.75,84.8,55.8,0,14.4,30.4,26-35,0.827,Normal
2071,E-Scooter,0.81,2.0,21.28,27.86,51.4,52.2,1,30.2,28.1,26-35,0.481,Normal
2072,E-Scooter,2.71,10.7,23.55,25.11,83.0,72.0,0,1.6,16.1,26-35,0.63,Normal
2073,E-Scooter,4.13,20.31,16.0,24.2,32.9,17.7,1,20.6,32.6,26-35,0.87,Hard_Braking
2074,E-Scooter,1.64,3.22,15.6,15.9,96.2,91.1,1,4.4,15.8,26-35,0.616,Normal
2075,E-Scooter,2.02,7.91,13.76,18.57,75.8,71.8,2,19.0,31.6,,0.919,Normal
2076,E-Bike,4.56,19.83,15.75,25.07,43.1,27.2,1,12.5,16.7,26-35,0.827,Battery_Critical
2077,E-Scooter,1.94,4.73,19.16,24.97,31.9,30.8,2,0.7,41.8,36-45,0.585,Battery_Critical
2078,E-Scooter,2.26,7.76,15.9,21.96,39.3,34.3,1,19.4,32.0,26-35,0.556,Normal
2079,E-Scooter,4.71,12.9,16.66,25.54,28.7,20.7,1,1.4,29.0,46-60,0.888,Normal
2080,E-Scooter,6.48,29.02,15.97,18.55,41.7,20.7,0,15.1,25.4,26-35,0.541,Normal
2081,E-Bike,1.64,2.0,12.78,18.48,64.0,65.9,0,23.7,22.5,26-35,0.66,Normal
2082,E-Scooter,5.6,39.86,9.03,16.2,55.4,37.0,0,2.9,39.4,26-35,0.568,Normal
2083,E-Scooter,3.7,17.31,16.48,23.49,40.7,31.9,1,2.3,35.3,26-35,0.937,Normal
2084,E-Scooter,3.34,9.16,13.79,22.54,75.1,64.5,0,25.3,34.7,36-45,0.751,Normal
2085,E-Scooter,2.87,12.18,16.99,19.89,83.6,76.1,2,12.7,28.5,26-35,0.919,Hard_Braking
2086,E-Bike,0.3,3.0,15.22,17.32,94.7,85.4,3,46.5,9.9,18-25,0.841,Normal
2087,E-Bike,2.1,4.87,12.28,19.2,39.9,28.9,0,23.6,40.8,26-35,0.874,Normal
2088,E-Scooter,4.22,15.69,16.2,19.42,70.6,55.9,2,29.9,23.1,26-35,0.86,Hard_Braking
2089,E-Bike,4.34,17.64,16.22,22.74,71.3,55.8,1,9.9,36.5,46-60,0.698,Battery_Critical
2090,E-Scooter,1.38,6.82,17.05,22.39,62.9,60.4,2,0.2,20.2,60+,0.653,Normal
2091,E-Scooter,0.6,9.45,12.06,23.62,82.7,79.1,1,8.4,20.6,26-35,0.869,Normal
2092,E-Bike,6.81,61.56,7.24,12.27,54.4,36.9,0,5.6,26.5,26-35,0.875,Mechanical_Fault
2093,E-Scooter,3.17,6.45,23.71,29.46,95.5,85.3,4,20.4,23.1,18-25,0.906,Hard_Braking
2094,E-Bike,7.79,30.09,14.6,18.39,51.3,28.3,4,18.3,28.7,26-35,0.962,Hard_Braking
2095,E-Bike,3.44,9.23,18.08,19.56,49.6,38.4,2,51.2,12.5,60+,0.884,Normal
2096,E-Bike,6.36,22.33,18.7,21.69,72.9,53.8,2,2.6,19.7,18-25,0.547,Normal
2097,E-Scooter,2.89,12.75,15.54,20.23,48.1,32.7,2,10.0,10.9,18-25,0.924,Normal
2098,E-Scooter,3.64,12.72,15.79,24.87,73.8,60.1,4,20.8,24.1,26-35,0.852,Hard_Braking
2099,E-Scooter,3.05,7.7,18.54,25.89,77.0,63.4,1,10.5,23.6,18-25,,Normal
2100,E-Scooter,4.91,19.53,14.47,19.75,97.2,87.0,1,42.6,22.3,26-35,0.775,Normal
2101,E-Scooter,2.12,11.09,22.88,23.44,48.4,43.0,1,4.5,26.1,26-35,0.592,Normal
2102,E-Scooter,1.5,5.2,14.84,16.3,21.2,12.4,1,6.3,36.7,26-35,0.726,Battery_Critical
2103,E-Scooter,1.96,7.6,16.53,25.15,40.5,38.2,1,3.8,13.6,60+,0.965,Normal
2104,E-Bike,0.55,4.59,16.49,18.8,95.6,95.7,2,34.5,20.8,26-35,0.766,Normal
2105,E-Scooter,1.68,7.37,15.04,19.53,44.2,43.7,3,30.4,16.2,26-35,0.956,Hard_Braking
2106,E-Scooter,6.61,18.79,20.62,27.67,59.0,37.4,0,9.8,34.6,36-45,0.914,Normal
2107,E-Scooter,4.59,13.62,24.16,27.08,48.3,35.3,1,10.1,42.0,18-25,0.746,Hard_Braking
2108,E-Scooter,3.23,12.69,16.1,22.08,91.3,85.9,2,16.5,25.0,26-35,0.653,Hard_Braking
2109,E-Bike,1.95,10.24,13.32,21.01,52.2,47.2,2,37.9,26.6,26-35,0.532,Normal
2110,E-Scooter,10.23,32.3,19.8,26.49,83.8,54.6,0,0.6,40.9,46-60,0.798,Normal
2111,E-Scooter,5.98,29.79,13.1,13.85,73.3,59.8,1,1.5,33.1,46-60,0.884,Normal
2112,E-Bike,0.98,3.62,9.12,12.45,37.8,28.8,2,2.8,19.1,26-35,0.928,Hard_Braking
2113,E-Bike,6.12,23.17,14.02,17.6,64.8,40.0,2,3.2,12.1,26-35,0.743,Normal
2114,E-Scooter,3.28,16.79,10.16,11.87,69.3,59.9,3,5.6,19.5,36-45,0.759,Hard_Braking
2115,E-Bike,0.71,2.0,11.25,15.67,40.9,33.1,0,13.3,27.8,18-25,0.935,Normal
2116,E-Bike,4.38,20.41,11.98,15.67,87.6,70.1,0,17.1,30.1,18-25,0.432,Mechanical_Fault
2117,E-Bike,4.05,16.34,16.66,22.84,47.6,33.7,1,18.2,38.3,26-35,0.848,Normal
2118,E-Scooter,2.36,10.25,16.76,25.87,76.4,69.9,3,6.1,30.8,26-35,0.814,Hard_Braking
2119,E-Scooter,3.22,15.77,14.65,17.76,36.7,30.2,1,15.2,26.2,46-60,0.687,Improper_Parking
2120,E-Bike,0.59,3.53,16.2,18.4,78.1,79.9,2,6.6,30.4,36-45,0.923,Normal
2121,E-Bike,3.04,11.2,15.27,24.22,99.8,90.9,0,8.6,30.2,60+,0.523,Normal
2122,E-Bike,2.65,4.58,18.79,22.96,57.0,50.6,2,1.1,26.8,26-35,0.857,Normal
2123,E-Bike,5.24,19.46,12.83,15.88,92.4,80.3,0,2.1,25.2,46-60,0.775,Normal
2124,E-Bike,6.17,17.63,18.66,31.26,37.8,18.7,2,17.4,34.0,46-60,0.927,Battery_Critical
2125,E-Scooter,3.79,17.56,12.98,17.35,63.1,53.1,1,2.4,24.8,36-45,0.964,Battery_Critical
2126,E-Bike,1.47,9.08,14.42,18.49,55.4,55.7,1,14.6,32.0,,0.861,Normal
2127,E-Scooter,6.3,21.83,16.85,20.88,42.3,19.3,0,9.9,22.3,36-45,0.617,Improper_Parking
2128,E-Scooter,6.17,34.84,11.36,17.95,66.2,49.1,1,20.1,30.9,26-35,0.943,Battery_Critical
2129,E-Scooter,0.82,3.81,18.03,21.39,22.7,15.9,0,22.4,6.7,36-45,0.788,Battery_Critical
2130,E-Scooter,1.29,13.52,10.77,16.0,84.0,78.7,4,39.2,31.9,46-60,0.884,Hard_Braking
2131,E-Bike,6.61,32.58,12.98,18.35,75.4,48.8,1,10.1,37.3,60+,0.76,Mechanical_Fault
2132,E-Scooter,3.67,10.68,24.56,31.46,49.8,37.6,2,20.2,42.0,26-35,0.952,Hard_Braking
2133,E-Scooter,2.35,8.12,17.62,27.67,51.1,38.8,2,20.3,21.6,36-45,0.936,Mechanical_Fault
2134,E-Scooter,5.51,63.17,5.0,10.67,77.1,54.3,2,56.3,30.5,18-25,0.623,Mechanical_Fault
2135,E-Bike,4.99,24.82,12.79,16.76,38.1,24.0,3,18.2,35.2,36-45,0.782,Hard_Braking
2136,E-Scooter,3.03,8.29,19.68,22.24,85.2,73.6,1,20.9,21.4,36-45,0.432,Hard_Braking
2137,E-Bike,5.64,19.98,16.35,16.59,65.4,49.2,0,4.2,29.2,18-25,0.312,Improper_Parking
2138,E-Bike,9.19,39.4,14.99,22.09,73.1,46.0,0,5.1,33.9,26-35,0.61,Normal
2139,E-Scooter,1.53,4.02,16.28,25.37,27.4,20.0,1,3.0,13.5,18-25,,Normal
2140,E-Bike,1.04,6.21,18.24,25.05,21.2,28.1,2,34.0,24.0,36-45,0.804,Mechanical_Fault
2141,E-Scooter,1.16,2.0,18.08,22.08,47.3,48.0,2,2.3,31.1,26-35,0.938,Hard_Braking
2142,E-Bike,5.26,19.21,17.8,24.31,65.6,49.6,0,8.2,26.9,60+,0.68,Normal
2143,E-Bike,4.99,28.58,11.88,16.12,20.3,4.9,0,2.2,19.5,18-25,0.718,Battery_Critical
2144,E-Bike,3.26,12.78,14.82,21.38,49.0,39.6,1,42.6,40.4,46-60,0.874,Normal
2145,E-Bike,4.03,16.75,15.55,22.99,21.0,11.1,0,21.1,19.8,18-25,0.803,Battery_Critical
2146,E-Scooter,2.64,9.65,13.87,15.59,64.2,57.7,2,35.4,31.1,60+,0.865,Normal
2147,E-Scooter,8.97,39.1,13.54,13.75,52.1,26.9,0,0.7,23.8,26-35,0.93,Normal
2148,E-Scooter,4.32,14.08,18.97,22.83,63.6,49.7,0,17.9,-0.0,26-35,0.848,Normal
2149,E-Bike,1.39,12.66,13.54,14.9,31.0,29.3,2,6.0,38.3,36-45,0.868,Improper_Parking
2150,E-Scooter,2.39,9.01,23.28,24.47,43.9,39.6,3,2.5,22.1,36-45,0.619,Normal
2151,E-Scooter,2.31,10.84,13.68,22.87,51.5,49.9,0,44.8,40.1,18-25,0.831,Normal
2152,E-Bike,0.3,2.0,15.48,19.32,79.8,80.1,2,7.2,31.6,18-25,0.893,Battery_Critical
2153,E-Scooter,2.81,11.11,18.56,21.97,44.2,34.5,3,31.6,29.8,18-25,0.968,Hard_Braking
2154,E-Bike,5.58,22.5,16.18,23.45,26.7,2.3,1,11.9,17.3,46-60,0.667,Battery_Critical
2155,E-Bike,3.38,18.64,13.93,17.96,42.7,27.0,1,15.4,29.1,26-35,0.811,Normal
2156,E-Scooter,3.72,9.28,16.17,18.77,30.9,13.0,1,6.1,26.6,18-25,0.756,Normal
2157,E-Bike,10.17,48.13,12.88,15.73,76.0,47.2,3,1.5,27.4,36-45,0.761,Battery_Critical
2158,E-Bike,0.98,9.44,14.54,14.64,80.4,79.9,0,18.9,40.9,18-25,0.855,Normal
2159,E-Scooter,1.68,4.85,17.69,22.34,37.5,34.5,0,4.9,31.2,18-25,0.843,Normal
2160,E-Scooter,0.54,2.0,12.56,19.25,64.1,65.2,0,6.8,3.9,18-25,0.989,Normal
2161,E-Bike,2.59,15.72,11.29,20.37,60.4,56.4,0,2.1,35.7,26-35,0.756,Normal
2162,E-Scooter,8.13,38.57,11.85,21.22,39.6,15.1,3,1.4,27.1,26-35,0.881,Normal
2163,E-Bike,4.02,18.52,11.69,16.0,62.4,51.1,6,31.8,20.8,18-25,0.577,Hard_Braking
2164,E-Bike,2.18,7.28,12.86,19.15,51.4,47.4,1,16.7,37.4,36-45,0.538,Normal
2165,E-Bike,2.18,9.25,11.21,12.89,78.1,73.7,1,2.5,19.0,36-45,0.906,Improper_Parking
2166,E-Scooter,2.29,12.19,16.33,19.55,54.6,46.3,2,37.2,28.5,18-25,0.854,Battery_Critical
2167,E-Scooter,5.25,22.77,14.73,15.74,43.5,27.2,0,43.7,31.3,26-35,0.725,Normal
2168,E-Scooter,0.76,2.21,15.09,22.3,33.1,28.3,2,136.3,8.0,36-45,0.685,Normal
2169,E-Scooter,1.45,4.12,18.51,23.33,87.1,81.6,0,6.0,27.1,36-45,0.798,Hard_Braking
2170,E-Scooter,3.58,11.09,14.91,17.43,38.4,25.6,3,25.8,35.0,26-35,0.644,Hard_Braking
2171,E-Scooter,6.54,26.94,16.32,18.38,81.4,68.2,2,12.5,32.8,26-35,0.826,Hard_Braking
2172,E-Scooter,5.12,14.67,16.35,22.62,95.1,77.3,1,46.8,22.7,18-25,0.84,Normal
2173,E-Bike,3.88,14.52,14.3,19.31,66.1,59.2,1,2.0,12.1,46-60,0.511,Normal
2174,E-Bike,3.07,19.51,11.01,20.62,49.1,28.8,0,26.0,17.9,26-35,0.846,Normal
2175,E-Scooter,8.11,30.49,17.7,22.79,79.3,49.9,2,8.9,37.8,18-25,0.975,Hard_Braking
2176,E-Scooter,3.33,10.97,17.1,26.01,50.6,36.7,2,2.8,21.8,46-60,0.847,Normal
2177,E-Bike,4.62,35.45,7.93,14.38,50.3,35.7,2,28.0,20.2,18-25,0.839,Mechanical_Fault
2178,E-Scooter,1.86,11.34,18.07,23.08,53.2,40.5,2,25.0,32.0,18-25,0.942,Hard_Braking
2179,E-Bike,2.05,16.06,13.24,15.61,43.1,41.3,3,1.5,29.1,18-25,0.377,Improper_Parking
2180,E-Bike,0.86,3.63,17.07,25.2,36.1,33.7,1,46.0,32.7,26-35,0.885,Normal
2181,E-Scooter,2.88,10.82,17.27,18.41,31.4,18.1,0,7.9,10.8,18-25,0.6,Normal
2182,E-Scooter,3.52,9.73,22.49,22.64,34.3,21.8,0,28.5,23.3,26-35,0.811,Normal
2183,E-Bike,2.98,10.65,18.83,22.69,86.2,74.8,0,24.8,18.2,36-45,0.738,Normal
2184,E-Bike,0.31,2.0,8.95,15.99,71.5,65.5,0,7.2,32.6,26-35,0.865,Normal
2185,E-Bike,0.36,4.73,13.32,20.85,42.5,44.5,1,36.4,20.8,26-35,0.805,Normal
2186,E-Scooter,3.82,8.92,20.56,25.43,35.3,23.2,1,6.3,22.2,26-35,0.846,Normal
2187,E-Bike,0.98,5.23,9.71,14.23,86.5,83.2,1,29.5,19.6,46-60,0.906,Normal
2188,E-Bike,3.48,10.62,15.95,28.35,66.8,54.7,4,8.7,9.0,46-60,0.689,Hard_Braking
2189,E-Bike,0.94,2.0,15.79,23.03,37.0,38.2,2,11.7,29.4,18-25,0.619,Normal
2190,E-Bike,6.95,27.21,16.81,20.71,34.6,12.4,3,4.5,16.0,46-60,0.816,Battery_Critical
2191,E-Bike,3.9,22.68,17.67,21.29,65.9,52.7,2,59.6,28.0,18-25,0.499,Hard_Braking
2192,E-Scooter,8.32,37.52,14.11,17.67,23.0,0.0,0,48.0,20.2,26-35,0.946,Battery_Critical
2193,E-Bike,4.38,21.1,15.0,19.14,57.1,44.9,1,43.1,30.4,46-60,0.888,Mechanical_Fault
2194,E-Scooter,0.93,9.65,6.34,11.95,76.3,70.1,1,58.5,13.9,26-35,0.494,Normal
2195,E-Scooter,2.51,10.73,14.76,18.28,70.6,65.0,0,27.4,30.5,18-25,0.819,Battery_Critical
2196,E-Scooter,5.23,28.81,10.74,15.06,71.1,62.3,2,31.8,28.9,26-35,0.641,Hard_Braking
2197,E-Bike,3.4,16.83,14.76,15.59,50.8,45.5,2,31.2,30.6,46-60,0.908,Normal
2198,E-Scooter,2.87,10.68,20.12,26.64,35.1,26.4,0,36.3,29.2,60+,0.874,Normal
2199,E-Scooter,3.39,20.88,11.87,19.59,29.3,13.0,2,0.7,25.5,60+,0.866,Battery_Critical
2200,E-Bike,2.99,16.6,10.19,15.18,44.0,33.4,1,17.3,19.1,18-25,0.89,Battery_Critical
2201,E-Bike,4.06,19.01,14.73,16.03,34.0,22.4,4,20.3,42.0,46-60,,Hard_Braking
2202,E-Scooter,3.37,3.25,17.54,24.14,99.7,87.7,0,0.7,17.5,36-45,0.777,Normal
2203,E-Scooter,2.07,5.91,16.85,21.42,74.1,71.3,3,12.3,10.8,26-35,0.82,Hard_Braking
2204,E-Scooter,5.12,21.72,16.72,19.02,34.0,18.4,0,5.5,33.0,26-35,0.55,Normal
2205,E-Scooter,5.33,23.15,16.13,19.36,46.8,29.2,2,13.7,28.1,18-25,0.839,Normal
2206,E-Scooter,4.56,8.29,22.69,31.33,78.5,69.6,2,5.5,21.9,36-45,0.554,Hard_Braking
2207,E-Scooter,5.74,16.94,17.52,24.86,42.7,26.8,1,19.5,33.8,36-45,0.616,Normal
2208,E-Bike,2.1,14.7,10.55,20.48,76.4,68.8,0,7.1,17.5,18-25,0.337,Improper_Parking
2209,E-Bike,4.97,26.94,11.63,14.39,26.7,7.4,2,7.6,14.2,18-25,0.749,Battery_Critical
2210,E-Scooter,3.61,4.68,21.93,25.45,65.3,54.0,1,7.5,16.6,26-35,0.816,Hard_Braking
2211,E-Bike,4.41,14.01,15.3,15.45,56.0,40.3,2,47.6,19.5,18-25,0.824,Normal
2212,E-Scooter,6.01,17.65,22.2,29.47,45.1,21.7,0,45.4,26.8,46-60,0.578,Normal
2213,E-Bike,2.77,17.67,11.3,15.7,69.4,58.8,1,41.9,31.2,26-35,0.84,Normal
2214,E-Scooter,3.66,16.38,19.97,23.23,48.2,34.0,1,0.6,33.8,18-25,0.563,Normal
2215,E-Bike,1.52,7.65,15.61,23.17,59.0,56.1,0,43.0,21.1,18-25,0.809,Normal
2216,E-Bike,6.24,35.84,10.55,20.81,35.2,17.7,2,44.8,15.2,26-35,0.405,Improper_Parking
2217,E-Scooter,4.16,6.91,17.3,20.46,34.9,29.6,1,12.6,31.0,46-60,0.811,Normal
2218,E-Scooter,0.3,2.0,17.2,17.93,56.9,54.9,1,41.8,37.2,46-60,0.429,Mechanical_Fault
2219,E-Bike,7.16,42.37,10.44,18.22,86.3,70.2,3,21.5,28.9,26-35,0.579,Mechanical_Fault
2220,E-Scooter,7.24,22.19,18.76,22.33,74.7,58.5,3,27.6,39.3,36-45,0.929,Hard_Braking
2221,E-Bike,1.86,2.62,12.49,18.52,67.4,62.5,0,59.3,39.6,18-25,0.906,Mechanical_Fault
2222,E-Scooter,1.82,2.0,29.04,37.26,56.6,48.7,3,27.8,29.3,46-60,0.66,Hard_Braking
2223,E-Bike,4.89,29.61,10.24,16.62,94.0,78.2,1,35.1,20.6,26-35,0.971,Normal
2224,E-Scooter,1.22,6.55,17.8,23.38,99.9,96.8,2,0.8,4.5,46-60,0.832,Normal
2225,E-Scooter,4.09,10.78,18.52,23.45,82.2,73.4,1,21.2,21.0,18-25,0.787,Normal
2226,E-Bike,3.64,14.04,13.65,16.06,20.5,6.7,3,10.6,33.6,18-25,0.951,Battery_Critical
2227,E-Scooter,3.03,9.33,17.89,25.93,59.6,48.1,1,13.6,26.2,26-35,0.894,Normal
2228,E-Scooter,2.82,11.93,16.52,18.11,91.4,81.9,2,8.0,16.2,36-45,0.856,Hard_Braking
2229,E-Bike,4.79,21.92,11.73,15.98,43.1,22.3,0,38.7,11.4,26-35,0.564,Normal
2230,E-Scooter,0.52,2.0,10.34,15.21,45.3,43.4,4,10.6,26.1,26-35,0.908,Hard_Braking
2231,E-Bike,1.88,8.3,13.15,16.46,79.5,75.1,3,31.9,21.1,36-45,0.969,Hard_Braking
2232,E-Scooter,2.64,11.58,19.5,27.31,57.3,42.2,0,8.0,33.9,26-35,0.662,Normal
2233,E-Bike,2.09,7.76,15.73,18.83,53.6,49.9,3,22.0,17.5,36-45,0.617,Hard_Braking
2234,E-Bike,4.89,26.66,9.58,16.62,51.2,35.5,1,23.0,23.8,18-25,0.515,Normal
2235,E-Scooter,6.04,13.42,20.61,24.77,69.7,52.9,0,25.7,27.8,18-25,0.9,Normal
2236,E-Bike,1.51,9.97,9.26,13.74,40.7,33.5,2,41.4,19.0,36-45,0.951,Hard_Braking
2237,E-Scooter,3.47,14.73,16.41,20.19,72.0,60.6,0,40.9,23.2,26-35,,Normal
2238,E-Bike,1.23,15.85,9.1,12.5,30.9,32.0,0,103.4,21.5,60+,0.724,Mechanical_Fault
2239,E-Scooter,8.95,28.56,14.91,18.35,73.1,40.6,1,15.1,17.0,18-25,0.805,Normal
2240,E-Scooter,2.14,6.07,21.11,29.06,87.9,82.3,1,0.2,16.4,60+,0.519,Improper_Parking
2241,E-Bike,2.92,10.01,17.48,23.61,76.1,68.0,0,9.9,29.7,18-25,0.553,Battery_Critical
2242,E-Scooter,1.61,8.19,11.24,20.51,59.2,52.3,1,1.6,15.8,18-25,0.894,Normal
2243,E-Bike,3.42,15.16,12.31,17.65,82.8,85.9,1,26.9,33.7,36-45,0.388,Improper_Parking
2244,E-Bike,2.86,13.32,14.89,20.73,24.0,10.7,0,0.1,24.9,26-35,0.733,Battery_Critical
2245,E-Scooter,0.36,6.69,14.0,17.64,84.5,90.0,0,7.2,14.7,46-60,0.809,Normal
2246,E-Bike,1.95,8.02,15.82,17.37,87.3,81.1,2,14.6,22.2,18-25,0.793,Hard_Braking
2247,E-Scooter,7.52,24.9,20.11,27.55,91.5,69.5,1,57.1,23.3,36-45,0.618,Mechanical_Fault
2248,E-Scooter,3.87,10.36,22.0,30.75,89.0,77.9,3,16.4,31.0,36-45,0.699,Hard_Braking
2249,E-Scooter,3.17,14.58,13.86,18.98,60.5,44.5,0,65.6,15.9,26-35,0.821,Normal
2250,E-Bike,5.91,32.81,13.55,21.28,34.1,15.2,1,54.1,37.8,26-35,0.917,Battery_Critical
2251,E-Scooter,2.5,12.91,19.99,23.97,47.4,42.4,0,12.5,13.9,26-35,0.746,Normal
2252,E-Bike,3.68,15.28,13.26,18.83,89.1,74.6,1,1.4,22.6,18-25,0.724,Normal
2253,E-Bike,1.25,9.62,12.36,17.6,59.7,55.6,2,15.6,22.6,46-60,0.853,Hard_Braking
2254,E-Bike,8.5,33.1,17.33,18.24,70.0,51.4,3,0.5,21.3,26-35,0.94,Hard_Braking
2255,E-Bike,5.12,30.35,9.51,15.53,58.2,49.1,1,1.6,14.2,26-35,0.855,Normal
2256,E-Bike,1.27,2.71,13.77,21.23,34.5,21.3,2,7.8,19.5,46-60,0.64,Hard_Braking
2257,E-Bike,3.9,34.44,7.15,11.3,48.2,38.3,6,11.7,15.6,18-25,0.822,Hard_Braking
2258,E-Bike,0.85,6.8,9.77,10.06,31.7,27.3,0,15.9,37.1,26-35,0.926,Battery_Critical
2259,E-Scooter,2.2,12.56,14.74,18.49,60.7,48.8,1,44.6,25.8,26-35,0.481,Mechanical_Fault
2260,E-Scooter,1.18,9.63,17.5,19.89,33.7,30.5,5,13.8,34.5,26-35,0.863,Hard_Braking
2261,E-Scooter,5.93,18.25,20.23,25.01,65.3,48.7,1,78.8,20.4,36-45,0.682,Battery_Critical
2262,E-Scooter,6.56,26.61,18.52,22.87,66.9,47.4,3,0.4,12.6,26-35,0.854,Hard_Braking
2263,E-Bike,1.09,2.0,13.18,22.33,29.1,27.3,2,27.5,17.9,18-25,0.546,Normal
2264,E-Scooter,1.29,2.68,12.12,16.29,49.7,47.6,2,16.3,17.5,18-25,0.368,Improper_Parking
2265,E-Bike,1.21,2.0,14.02,18.21,45.0,44.4,1,35.1,17.5,18-25,0.756,Hard_Braking
2266,E-Bike,4.97,19.03,16.42,22.05,91.7,75.6,4,22.5,20.5,36-45,0.638,Hard_Braking
2267,E-Bike,7.78,49.91,8.93,14.96,28.0,6.1,2,4.3,42.0,46-60,0.6,Battery_Critical
2268,E-Scooter,2.72,16.27,12.62,19.93,41.2,31.2,4,5.6,33.2,36-45,0.64,Hard_Braking
2269,E-Scooter,2.06,12.66,10.72,15.67,45.9,45.5,2,0.2,36.2,36-45,0.751,Hard_Braking
2270,E-Scooter,3.75,12.9,15.08,23.45,99.3,87.5,0,8.2,27.5,46-60,0.943,Normal
2271,E-Scooter,6.76,36.35,11.05,20.39,22.4,5.0,1,51.7,20.8,18-25,0.777,Battery_Critical
2272,E-Bike,0.7,2.0,14.65,19.06,27.2,23.4,1,21.0,32.6,18-25,0.699,Battery_Critical
2273,E-Scooter,4.4,12.95,22.54,27.68,52.1,39.4,1,10.2,14.3,18-25,0.873,Battery_Critical
2274,E-Scooter,3.67,20.02,16.71,24.01,80.2,70.0,2,24.9,17.3,18-25,0.871,Hard_Braking
2275,E-Bike,2.09,14.43,9.31,12.13,86.9,76.1,2,12.0,28.3,18-25,0.925,Mechanical_Fault
2276,E-Scooter,1.17,4.25,23.27,27.48,65.9,63.3,1,4.4,18.2,26-35,0.869,Normal
2277,E-Bike,2.34,9.1,13.6,20.06,61.8,60.5,1,7.5,36.4,26-35,0.622,Normal
2278,E-Bike,3.13,17.24,11.15,11.94,54.6,49.4,0,23.5,29.0,26-35,0.919,Normal
2279,E-Bike,4.4,14.58,11.56,18.29,60.1,40.3,2,2.1,15.9,18-25,0.885,Battery_Critical
2280,E-Scooter,3.76,19.3,17.37,19.51,49.8,49.4,2,2.3,16.1,60+,0.917,Normal
2281,E-Scooter,2.06,9.26,19.82,23.04,60.0,52.2,3,0.3,18.2,26-35,0.739,Hard_Braking
2282,E-Bike,4.26,22.99,12.12,18.81,27.6,14.3,6,29.9,24.5,26-35,0.97,Hard_Braking
2283,E-Scooter,0.96,2.0,15.49,21.65,45.2,42.6,2,16.9,31.7,18-25,0.842,Hard_Braking
2284,E-Bike,7.53,52.6,9.41,15.11,66.3,39.5,3,10.5,19.6,36-45,0.75,Hard_Braking
2285,E-Scooter,8.9,34.51,16.06,26.39,42.2,19.9,3,17.3,21.2,18-25,0.93,Hard_Braking
2286,E-Bike,1.8,12.32,11.74,14.57,28.8,29.4,1,11.6,19.1,26-35,0.741,Normal
2287,E-Bike,2.04,12.25,11.58,14.24,73.9,67.9,2,10.6,36.4,26-35,0.798,Normal
2288,E-Bike,1.51,11.32,13.42,16.42,71.8,66.0,4,17.3,23.2,46-60,0.732,Hard_Braking
2289,E-Scooter,4.4,12.47,17.5,23.95,86.4,69.1,3,29.7,12.0,26-35,0.387,Improper_Parking
2290,E-Scooter,6.36,49.85,8.16,17.28,20.5,1.5,5,17.4,40.3,36-45,0.675,Battery_Critical
2291,E-Scooter,3.7,24.9,8.69,9.99,97.4,78.4,3,0.2,19.6,46-60,0.584,Hard_Braking
2292,E-Scooter,3.61,22.53,10.79,14.27,71.0,60.4,1,12.6,25.7,46-60,0.733,Normal
2293,E-Bike,1.86,9.64,12.75,20.17,63.2,55.9,1,2.5,18.9,,0.456,Mechanical_Fault
2294,E-Scooter,2.35,8.69,18.79,19.24,20.8,5.9,1,48.5,26.0,36-45,0.78,Battery_Critical
2295,E-Scooter,2.47,14.2,12.59,16.59,65.8,56.6,1,10.2,33.1,36-45,0.574,Normal
2296,E-Scooter,1.5,10.36,19.55,26.78,64.4,63.1,0,59.3,16.0,26-35,0.764,Normal
2297,E-Scooter,3.87,17.37,16.34,20.45,90.6,81.1,3,2.6,18.0,26-35,0.959,Normal
2298,E-Scooter,6.71,25.5,16.03,21.09,60.6,42.6,1,34.6,22.2,18-25,0.965,Normal
2299,E-Scooter,5.55,37.7,8.27,10.17,89.4,77.3,1,45.1,28.2,60+,0.875,Normal
2300,E-Scooter,1.9,12.65,13.46,15.6,69.4,59.1,2,13.8,22.2,26-35,0.855,Normal
2301,E-Bike,3.15,18.67,10.97,11.36,59.9,52.4,2,40.7,16.5,26-35,0.56,Normal
2302,E-Scooter,7.47,36.51,13.67,22.32,88.3,68.0,3,3.7,27.8,36-45,0.738,Normal
2303,E-Bike,2.38,14.05,11.69,18.62,27.9,22.6,0,15.2,27.5,18-25,0.806,Normal
2304,E-Bike,1.91,5.53,12.23,22.86,95.5,86.7,2,21.6,30.9,26-35,0.899,Normal
2305,E-Scooter,7.27,22.3,19.78,22.58,52.2,33.2,0,40.6,9.3,36-45,0.858,Normal
2306,E-Scooter,1.87,5.07,22.37,24.9,78.9,78.4,0,7.5,24.3,46-60,0.685,Normal
2307,E-Bike,4.06,24.78,8.42,10.79,73.3,69.6,2,2.1,29.1,18-25,0.583,Normal
2308,E-Bike,1.79,4.5,16.73,19.02,94.0,89.6,0,0.3,23.2,36-45,0.921,Normal
2309,E-Scooter,5.15,30.5,10.29,12.32,95.4,77.5,1,26.3,17.8,26-35,0.391,Improper_Parking
2310,E-Scooter,0.3,2.0,13.7,14.48,31.9,34.9,1,41.1,20.2,26-35,0.958,Hard_Braking
2311,E-Bike,3.2,10.13,14.76,20.59,97.4,84.4,0,28.5,30.3,36-45,0.509,Normal
2312,E-Scooter,1.69,2.95,17.44,18.15,63.3,59.9,3,17.3,22.0,26-35,0.563,Mechanical_Fault
2313,E-Bike,8.75,36.57,13.98,18.47,75.6,38.6,1,30.5,19.3,26-35,0.673,Normal
2314,E-Bike,8.32,45.39,11.13,17.54,89.5,61.9,0,7.6,8.2,36-45,0.873,Normal
2315,E-Scooter,2.6,16.56,15.27,21.37,37.5,27.2,3,10.8,17.1,36-45,0.801,Hard_Braking
2316,E-Scooter,0.3,3.39,17.25,20.05,31.8,32.9,0,44.9,26.2,46-60,0.741,Normal
2317,E-Scooter,1.54,7.17,14.65,19.11,29.3,26.3,2,3.6,21.5,36-45,0.589,Normal
2318,E-Scooter,2.08,12.53,13.7,16.41,45.8,44.2,0,1.0,22.2,18-25,0.95,Normal
2319,E-Bike,6.14,20.71,15.65,16.86,34.2,14.1,0,27.1,27.2,46-60,0.914,Battery_Critical
2320,E-Scooter,2.69,16.44,10.52,20.35,48.9,44.6,0,1.7,33.0,36-45,0.693,Hard_Braking
2321,E-Scooter,3.99,19.17,18.75,22.13,21.2,8.8,0,21.2,31.5,18-25,0.602,Battery_Critical
2322,E-Bike,4.83,22.47,15.3,19.1,64.0,55.5,1,3.5,31.7,18-25,0.69,Normal
2323,E-Bike,1.1,9.62,7.61,11.67,96.9,91.7,1,50.6,20.5,36-45,0.8,Normal
2324,E-Bike,1.25,6.37,10.98,16.23,67.1,64.0,1,2.3,15.4,18-25,0.754,Normal
2325,E-Bike,1.73,5.18,13.15,16.57,73.0,60.3,2,35.7,25.4,26-35,0.845,Mechanical_Fault
2326,E-Bike,2.36,12.05,11.14,17.94,74.4,67.8,3,41.5,23.7,26-35,0.768,Hard_Braking
2327,E-Bike,8.06,20.88,19.91,28.64,50.6,27.8,0,9.9,26.0,26-35,0.911,Normal
2328,E-Bike,2.26,5.51,13.19,16.75,70.0,67.5,0,1.1,15.0,36-45,0.813,Normal
2329,E-Scooter,2.6,7.29,15.4,17.44,60.1,54.8,0,34.8,42.0,36-45,0.912,Mechanical_Fault
2330,E-Scooter,6.89,23.34,19.24,24.68,31.5,7.6,2,3.1,22.1,26-35,0.809,Battery_Critical
2331,E-Scooter,1.44,12.53,11.11,13.35,91.7,87.7,1,14.8,35.3,18-25,0.88,Normal
2332,E-Bike,2.89,15.28,12.13,16.95,78.3,76.0,0,7.3,16.5,46-60,0.772,Normal
2333,E-Scooter,1.11,6.65,10.55,12.26,24.0,24.3,2,70.9,32.1,26-35,0.711,Mechanical_Fault
2334,E-Bike,2.92,16.46,10.17,10.99,98.4,88.6,1,10.7,30.2,26-35,0.792,Normal
2335,E-Scooter,5.46,20.75,17.9,27.77,74.8,53.3,0,3.5,14.7,26-35,0.833,Hard_Braking
2336,E-Bike,0.3,2.0,13.46,15.34,50.8,49.9,1,21.7,31.0,18-25,0.687,Normal
2337,E-Bike,7.77,24.01,20.7,23.1,65.3,39.0,2,16.8,25.7,26-35,0.663,Hard_Braking
2338,E-Bike,4.04,22.05,15.33,20.11,53.4,45.7,2,12.1,32.6,18-25,0.902,Mechanical_Fault
2339,E-Bike,2.42,15.11,7.8,12.06,29.9,26.8,2,33.9,42.0,60+,0.51,Battery_Critical
2340,E-Scooter,3.72,14.19,17.21,23.6,57.8,50.4,4,22.0,42.0,60+,0.599,Hard_Braking
2341,E-Bike,2.11,18.95,9.86,19.33,72.0,70.3,2,2.2,20.2,36-45,0.55,Battery_Critical
2342,E-Bike,2.92,16.32,13.29,14.58,34.7,24.8,0,37.6,27.8,18-25,0.655,Normal
2343,E-Bike,5.48,23.16,13.78,18.31,47.5,32.4,0,9.4,32.7,26-35,0.75,Normal
2344,E-Scooter,2.82,9.6,14.4,22.81,60.1,49.2,1,36.5,29.1,36-45,0.854,Normal
2345,E-Scooter,1.81,6.39,18.41,18.42,33.6,28.6,0,93.0,26.0,26-35,0.749,Mechanical_Fault
2346,E-Scooter,2.93,7.96,19.35,21.52,25.2,11.4,3,13.0,18.9,18-25,0.594,Battery_Critical
2347,E-Scooter,0.3,2.0,17.34,26.83,47.8,50.8,0,16.8,25.9,18-25,0.664,Normal
2348,E-Scooter,3.69,11.47,20.48,21.12,28.3,23.4,1,57.1,12.6,26-35,0.67,Mechanical_Fault
2349,E-Bike,3.06,11.98,13.32,20.95,24.9,16.1,1,19.7,35.4,36-45,0.855,Normal
2350,E-Scooter,3.29,9.72,20.7,21.08,77.7,68.3,2,14.4,32.3,26-35,0.876,Normal
2351,E-Scooter,1.65,4.34,17.54,19.06,39.1,37.0,0,4.3,14.3,18-25,0.661,Normal
2352,E-Scooter,4.78,13.2,20.0,25.85,57.0,44.0,1,11.2,16.9,36-45,0.695,Normal
2353,E-Bike,4.1,20.28,12.43,15.44,24.1,6.2,3,13.3,19.1,26-35,0.398,Improper_Parking
2354,E-Scooter,3.95,7.8,20.22,25.82,93.7,79.1,2,5.8,25.5,18-25,0.656,Hard_Braking
2355,E-Bike,1.93,14.63,12.82,16.13,28.2,21.9,3,8.4,20.4,46-60,0.942,Hard_Braking
2356,E-Scooter,3.37,2.0,18.88,25.21,45.8,37.0,2,26.4,16.0,60+,0.815,Mechanical_Fault
2357,E-Bike,5.06,22.15,11.92,17.96,39.6,22.9,1,20.3,15.9,26-35,0.546,Normal
2358,E-Bike,3.06,21.58,7.71,10.81,49.0,33.4,1,10.3,22.0,26-35,0.678,Normal
2359,E-Bike,1.43,2.98,12.77,22.35,44.2,34.5,2,8.1,30.1,26-35,0.816,Normal
2360,E-Scooter,3.83,12.51,15.02,19.03,24.7,16.5,0,9.2,25.2,26-35,0.898,Normal
2361,E-Bike,1.12,8.03,13.24,15.78,49.1,42.8,3,1.7,21.8,46-60,0.904,Hard_Braking
2362,E-Scooter,0.43,3.39,12.07,14.89,88.2,87.3,1,5.9,25.0,18-25,0.746,Normal
2363,E-Bike,1.62,11.34,10.66,15.9,33.1,32.6,0,10.2,15.5,36-45,0.844,Normal
2364,E-Bike,3.12,16.77,9.94,20.95,54.3,41.6,0,55.3,38.1,46-60,0.777,Normal
2365,E-Bike,7.84,51.34,9.96,10.36,45.9,19.4,3,15.5,28.8,18-25,0.651,Hard_Braking
2366,E-Scooter,1.01,2.0,23.49,25.14,98.5,97.2,3,0.5,20.6,26-35,0.935,Hard_Braking
2367,E-Scooter,2.89,12.54,19.63,21.57,76.9,72.2,0,19.3,7.1,18-25,0.549,Normal
2368,E-Scooter,2.07,2.64,17.87,19.31,85.1,77.7,1,3.8,27.0,26-35,0.454,Normal
2369,E-Scooter,2.72,23.55,8.61,9.25,59.4,52.5,0,0.3,24.9,26-35,0.658,Normal
2370,E-Scooter,1.61,2.73,18.8,25.06,70.6,69.5,0,32.1,25.1,46-60,0.644,Normal
2371,E-Bike,3.31,16.07,10.45,16.44,62.8,55.5,1,4.9,25.0,18-25,0.769,Improper_Parking
2372,E-Bike,3.3,19.78,10.81,18.48,79.9,63.2,1,7.8,14.7,46-60,0.684,Normal
2373,E-Scooter,1.12,6.24,19.53,30.03,47.0,45.6,1,36.8,25.7,26-35,0.413,Improper_Parking
2374,E-Scooter,3.91,12.62,15.73,21.56,97.5,86.3,3,0.4,17.7,26-35,0.646,Normal
2375,E-Scooter,1.36,7.45,18.3,23.94,83.4,80.8,2,2.9,6.7,18-25,0.692,Hard_Braking
2376,E-Scooter,3.88,12.33,19.26,21.55,80.5,62.7,0,6.2,27.8,26-35,0.821,Normal
2377,E-Scooter,3.07,9.11,17.87,22.48,24.9,18.0,3,10.4,20.8,,0.691,Hard_Braking
2378,E-Bike,3.38,9.94,15.53,16.57,37.8,29.3,4,55.3,13.2,26-35,0.68,Hard_Braking
2379,E-Bike,0.32,5.29,19.64,28.66,55.3,46.5,2,1.7,32.9,26-35,0.342,Improper_Parking
2380,E-Scooter,2.53,10.17,16.71,26.85,51.0,45.4,0,0.1,21.9,26-35,0.807,Normal
2381,E-Scooter,3.65,15.19,19.65,21.06,56.0,42.5,0,39.8,16.2,18-25,0.723,Normal
2382,E-Bike,2.06,12.19,13.43,15.69,37.7,19.1,1,9.2,33.5,18-25,0.931,Normal
2383,E-Bike,2.17,4.51,17.16,18.84,30.2,23.2,0,1.3,39.4,36-45,0.842,Normal
2384,E-Bike,4.16,29.98,8.65,9.05,30.4,18.9,2,5.4,42.0,46-60,0.791,Improper_Parking
2385,E-Bike,2.49,10.54,14.9,20.07,68.6,66.8,2,0.7,24.0,18-25,0.654,Normal
2386,E-Scooter,1.52,8.58,13.54,18.04,33.1,27.5,2,14.0,31.2,18-25,0.797,Mechanical_Fault
2387,E-Scooter,5.52,24.43,13.36,15.69,75.1,57.2,2,24.1,30.9,26-35,0.711,Hard_Braking
2388,E-Bike,2.51,11.98,12.92,19.27,25.0,20.0,0,22.3,12.8,18-25,0.774,Normal
2389,E-Bike,1.06,2.0,14.84,19.53,76.8,75.8,1,39.9,11.6,26-35,0.674,Normal
2390,E-Scooter,4.52,34.81,7.19,10.08,43.5,29.9,0,5.8,30.7,18-25,0.917,Battery_Critical
2391,E-Scooter,1.92,10.74,15.34,16.52,40.0,38.3,3,7.9,25.5,26-35,0.591,Hard_Braking
2392,E-Bike,0.3,2.0,16.28,22.16,48.3,45.0,2,37.7,41.4,26-35,0.805,Hard_Braking
2393,E-Scooter,9.83,44.69,14.39,15.47,96.4,65.7,1,34.5,23.7,46-60,0.499,Improper_Parking
2394,E-Scooter,4.76,17.77,16.79,16.82,82.0,63.6,1,14.9,32.3,26-35,0.793,Mechanical_Fault
2395,E-Scooter,1.9,11.23,17.79,22.94,35.6,31.2,1,11.1,25.1,36-45,0.51,Normal
2396,E-Bike,2.66,17.54,10.63,13.26,43.6,33.0,1,33.7,23.6,46-60,0.599,Normal
2397,E-Bike,0.51,4.1,18.81,22.19,75.9,69.8,1,11.6,19.8,26-35,0.934,Hard_Braking
2398,E-Scooter,1.14,3.17,24.41,31.05,91.2,87.7,0,3.8,19.8,26-35,0.89,Battery_Critical
2399,E-Bike,6.51,35.21,11.51,18.36,46.5,30.3,1,0.5,17.0,18-25,0.736,Normal
2400,E-Scooter,5.56,21.93,15.31,18.71,71.0,62.2,2,16.0,12.3,18-25,0.925,Hard_Braking
2401,E-Bike,1.83,9.47,12.45,22.02,55.7,50.9,2,29.8,22.2,18-25,0.858,Normal
2402,E-Scooter,3.66,19.12,14.38,20.37,47.2,44.9,1,46.5,23.2,36-45,0.798,Normal
2403,E-Scooter,1.53,3.44,16.64,19.51,94.7,88.7,1,20.3,8.7,18-25,0.619,Normal
2404,E-Scooter,7.19,35.0,13.69,22.38,44.6,20.6,3,8.3,11.8,46-60,0.592,Battery_Critical
2405,E-Scooter,0.61,2.0,20.24,22.35,25.7,25.5,4,42.6,31.2,60+,0.964,Hard_Braking
2406,E-Scooter,5.26,9.57,21.44,22.94,39.0,24.2,3,2.9,9.0,18-25,0.585,Normal
2407,E-Bike,2.84,14.56,13.86,18.34,83.6,81.7,3,9.7,41.5,36-45,0.689,Hard_Braking
2408,E-Scooter,1.31,7.95,14.27,23.22,23.6,30.0,0,0.9,37.4,26-35,0.703,Normal
2409,E-Bike,12.03,51.91,13.42,15.26,88.0,52.9,2,31.5,38.4,26-35,0.713,Battery_Critical
2410,E-Bike,5.48,24.67,12.55,14.26,36.5,26.5,2,9.7,17.4,26-35,0.855,Hard_Braking
2411,E-Scooter,0.95,2.24,15.44,17.61,54.9,55.1,4,22.8,15.5,18-25,0.621,Hard_Braking
2412,E-Bike,0.3,2.0,14.11,19.78,84.9,82.8,3,4.1,33.1,36-45,0.887,Hard_Braking
2413,E-Scooter,1.83,5.33,21.87,29.41,46.7,44.1,0,40.3,14.0,26-35,0.598,Normal
2414,E-Scooter,7.8,34.34,13.21,19.3,58.3,27.5,2,3.6,22.0,26-35,0.919,Normal
2415,E-Scooter,6.51,26.17,15.35,17.92,85.2,58.2,1,28.5,25.0,36-45,0.482,Normal
2416,E-Bike,3.24,19.95,11.05,12.68,37.1,33.2,0,2.9,12.1,26-35,0.875,Normal
2417,E-Scooter,2.12,14.02,8.55,13.98,20.3,21.4,2,5.7,29.7,36-45,0.841,Normal
2418,E-Bike,1.65,7.92,14.67,17.49,44.6,40.8,1,3.2,25.1,60+,0.819,Normal
2419,E-Scooter,1.82,4.2,16.57,25.88,57.6,50.2,1,9.5,23.0,18-25,0.651,Normal
2420,E-Scooter,0.49,6.06,13.4,20.19,52.5,54.7,2,48.2,28.2,36-45,0.891,Hard_Braking
2421,E-Bike,1.94,3.89,14.0,16.31,49.7,46.9,0,74.6,27.5,26-35,0.578,Mechanical_Fault
2422,E-Bike,7.09,32.66,14.93,19.62,21.0,0.0,5,21.4,31.0,18-25,0.873,Battery_Critical
2423,E-Bike,6.93,25.03,15.16,19.99,99.8,81.0,1,2.7,33.3,26-35,0.708,Normal
2424,E-Scooter,0.93,3.84,15.94,25.68,29.0,33.2,0,11.8,24.8,26-35,0.582,Mechanical_Fault
2425,E-Scooter,3.05,6.73,21.97,30.28,27.8,20.9,1,37.0,11.6,46-60,0.589,Mechanical_Fault
2426,E-Scooter,3.23,12.19,15.56,18.39,62.1,54.0,1,1.7,34.1,18-25,0.735,Normal
2427,E-Bike,2.95,11.44,13.33,15.83,95.6,84.9,3,29.3,31.9,18-25,0.67,Improper_Parking
2428,E-Bike,7.41,39.87,11.72,22.6,46.8,25.6,1,3.5,30.5,36-45,0.386,Improper_Parking
2429,E-Scooter,1.19,2.0,17.59,19.09,82.6,79.2,1,10.8,25.6,18-25,0.72,Mechanical_Fault
2430,E-Scooter,1.41,3.64,13.34,17.3,31.9,26.6,0,38.7,36.7,36-45,0.957,Normal
2431,E-Scooter,4.84,13.26,21.49,25.49,70.8,53.4,4,6.5,30.1,26-35,0.463,Hard_Braking
2432,E-Bike,1.96,9.14,15.78,17.21,42.3,37.1,0,3.7,22.6,18-25,0.745,Normal
2433,E-Bike,1.32,4.83,9.38,13.11,41.8,36.0,1,26.7,25.3,26-35,0.488,Normal
2434,E-Scooter,4.97,18.65,15.26,17.53,77.9,65.3,1,26.0,30.1,46-60,0.637,Normal
2435,E-Scooter,1.4,4.4,17.28,19.88,93.3,90.3,1,45.5,21.8,46-60,0.61,Mechanical_Fault
2436,E-Bike,6.84,36.25,11.09,17.03,72.8,51.6,4,52.8,15.0,18-25,0.659,Mechanical_Fault
2437,E-Bike,10.35,48.2,13.14,19.74,72.0,37.2,0,1.5,14.6,46-60,0.702,Improper_Parking
2438,E-Scooter,3.01,17.29,14.57,21.19,76.8,68.4,0,3.9,33.7,60+,0.866,Normal
2439,E-Scooter,0.95,2.0,16.03,19.93,80.5,81.5,0,6.7,27.9,18-25,0.74,Normal
2440,E-Scooter,2.28,8.66,17.26,27.15,54.5,52.9,1,7.8,34.8,26-35,0.553,Normal
2441,E-Scooter,0.89,2.0,14.95,14.97,98.5,96.0,1,10.3,16.6,26-35,0.876,Normal
2442,E-Scooter,1.6,6.05,11.52,14.43,95.4,97.7,0,2.5,20.6,26-35,0.612,Normal
2443,E-Scooter,5.14,14.52,14.9,21.57,84.3,70.7,2,9.4,18.6,36-45,0.534,Normal
2444,E-Bike,1.21,7.47,15.08,24.21,33.1,33.9,1,0.8,12.0,26-35,0.705,Mechanical_Fault
2445,E-Bike,0.99,3.22,15.32,21.11,33.6,23.9,1,14.7,30.0,36-45,0.685,Normal
2446,E-Bike,6.92,33.22,12.08,12.87,76.4,58.1,1,14.3,32.7,26-35,0.463,Normal
2447,E-Scooter,2.58,5.79,23.54,32.78,29.1,21.8,1,3.8,4.4,26-35,0.89,Normal
2448,E-Scooter,3.84,13.35,19.25,26.32,94.0,84.8,1,9.2,21.0,36-45,0.516,Hard_Braking
2449,E-Bike,2.72,13.18,14.26,25.41,76.6,67.9,3,8.1,19.9,60+,0.964,Hard_Braking
2450,E-Scooter,2.22,9.09,12.1,25.34,73.4,61.5,2,8.4,29.2,60+,0.764,Hard_Braking
2451,E-Bike,2.35,11.84,15.57,22.4,35.3,32.1,2,13.0,23.7,26-35,0.828,Hard_Braking
2452,E-Scooter,0.53,2.0,15.19,21.47,91.5,83.0,3,28.4,34.5,18-25,0.969,Normal
2453,E-Scooter,6.05,17.1,17.41,24.1,96.8,81.8,1,6.2,31.4,26-35,0.84,Normal
2454,E-Scooter,6.15,16.22,23.07,27.6,38.0,21.8,2,8.9,17.5,18-25,0.829,Hard_Braking
2455,E-Bike,7.67,33.88,13.29,13.87,25.9,0.0,0,34.8,24.3,26-35,0.637,Battery_Critical
2456,E-Scooter,4.12,14.54,16.49,23.53,61.5,50.4,2,13.9,26.0,60+,0.817,Mechanical_Fault
2457,E-Bike,1.44,4.6,13.89,19.35,24.2,27.6,2,22.6,11.8,46-60,0.719,Mechanical_Fault
2458,E-Scooter,2.75,6.98,12.47,21.21,59.6,49.5,3,2.7,5.4,18-25,0.678,Hard_Braking
2459,E-Scooter,2.73,10.04,15.97,21.32,96.4,93.8,3,1.2,24.4,26-35,0.777,Normal
2460,E-Scooter,5.3,10.1,15.42,21.28,91.1,81.2,2,28.7,39.3,18-25,0.974,Normal
2461,E-Scooter,2.12,4.0,18.92,27.45,37.3,31.4,2,2.0,27.2,26-35,0.566,Hard_Braking
2462,E-Scooter,4.65,14.39,19.62,20.84,54.7,36.8,1,49.8,29.2,46-60,0.844,Mechanical_Fault
2463,E-Scooter,4.06,18.02,15.5,20.05,28.7,10.2,3,3.9,16.1,46-60,0.914,Hard_Braking
2464,E-Scooter,0.82,2.0,26.16,33.57,73.2,77.4,0,9.4,18.2,18-25,0.716,Normal
2465,E-Scooter,4.44,44.67,5.63,9.72,46.2,28.7,0,33.9,30.6,18-25,0.893,Normal
2466,E-Scooter,3.64,4.49,19.43,25.91,45.1,38.4,2,23.7,32.3,18-25,0.85,Mechanical_Fault
2467,E-Bike,4.34,27.04,9.44,13.85,56.4,42.1,0,21.5,29.1,36-45,0.916,Normal
2468,E-Bike,6.64,51.69,8.07,8.97,38.5,11.8,1,12.6,24.9,46-60,0.584,Battery_Critical
2469,E-Scooter,0.87,3.04,25.19,25.31,87.7,88.6,2,0.5,30.2,18-25,0.926,Normal
2470,E-Scooter,4.67,13.14,27.03,39.04,63.8,53.1,1,10.1,14.2,26-35,0.324,Improper_Parking
2471,E-Scooter,1.37,2.87,15.05,22.74,89.9,81.4,2,4.9,9.3,36-45,0.736,Hard_Braking
2472,E-Scooter,1.63,3.56,15.18,16.72,66.5,64.3,1,2.5,27.8,26-35,0.887,Normal
2473,E-Bike,4.06,23.41,13.32,15.6,36.3,25.1,0,0.3,25.0,18-25,0.538,Normal
2474,E-Bike,7.36,47.35,8.78,13.67,93.3,70.8,2,5.2,21.1,46-60,0.891,Normal
2475,E-Scooter,1.65,4.19,18.33,18.87,67.2,60.2,2,24.8,25.8,26-35,0.92,Improper_Parking
2476,E-Scooter,5.62,16.57,19.32,21.17,51.5,30.0,1,16.4,18.0,36-45,0.655,Hard_Braking
2477,E-Scooter,1.04,7.77,10.4,17.23,63.2,57.7,1,80.1,30.1,36-45,0.737,Mechanical_Fault
2478,E-Scooter,6.6,27.05,13.87,18.89,53.4,36.0,1,3.4,14.6,26-35,0.579,Hard_Braking
2479,E-Bike,3.76,13.71,14.01,23.1,53.1,40.1,4,11.0,28.5,18-25,0.832,Hard_Braking
2480,E-Scooter,1.5,8.93,19.23,26.49,70.4,62.3,1,6.6,22.7,36-45,0.609,Normal
2481,E-Bike,2.16,15.0,9.27,12.71,26.9,23.7,0,12.9,27.9,36-45,0.6,Normal
2482,E-Scooter,1.99,8.01,18.52,23.6,67.1,59.2,1,2.6,25.8,60+,0.765,Hard_Braking
2483,E-Scooter,3.08,12.67,17.49,25.33,26.8,17.0,1,5.3,29.7,26-35,,Normal
2484,E-Scooter,3.6,19.42,16.06,20.43,36.3,26.4,1,67.7,21.2,46-60,0.46,Normal
2485,E-Bike,2.94,7.27,15.96,25.24,68.2,57.9,3,29.2,24.4,18-25,0.545,Hard_Braking
2486,E-Scooter,0.73,2.0,19.71,21.35,55.4,57.0,2,51.3,15.6,26-35,0.902,Hard_Braking
2487,E-Scooter,2.28,5.05,22.95,30.62,25.0,23.1,0,42.2,27.3,26-35,0.737,Normal
2488,E-Scooter,3.41,20.47,10.71,18.9,27.4,18.6,1,3.1,21.4,36-45,0.921,Normal
2489,E-Bike,2.44,11.49,16.68,17.52,30.5,23.5,0,10.6,26.4,18-25,0.463,Normal
2490,E-Bike,5.53,29.68,13.06,17.61,42.6,27.2,2,16.9,20.6,26-35,0.94,Improper_Parking
2491,E-Scooter,3.01,7.72,11.2,14.42,36.0,28.9,1,2.6,40.6,18-25,0.696,Normal
2492,E-Scooter,3.02,10.01,15.48,16.76,77.7,70.8,0,18.4,37.1,18-25,0.927,Normal
2493,E-Scooter,2.84,15.52,18.21,23.97,56.0,42.6,0,0.4,16.8,36-45,0.904,Normal
2494,E-Scooter,0.89,6.53,22.86,28.91,93.4,92.7,0,0.2,23.0,26-35,0.778,Normal
2495,E-Scooter,1.88,8.32,17.67,21.48,96.3,92.0,0,46.7,19.2,36-45,0.841,Normal
2496,E-Bike,0.41,2.0,14.0,27.05,67.3,63.5,1,20.7,32.7,18-25,0.678,Normal
2497,E-Scooter,2.92,10.42,23.81,28.65,78.5,70.9,1,60.6,19.2,36-45,0.848,Normal
2498,E-Scooter,1.34,5.02,20.92,27.35,63.7,57.5,3,10.3,27.4,18-25,0.708,Hard_Braking
2499,E-Scooter,3.2,13.36,16.42,24.77,90.6,81.3,0,8.0,27.2,18-25,0.808,Normal
2500,E-Bike,2.32,14.5,17.98,24.96,21.8,12.3,2,85.6,30.0,36-45,0.879,Battery_Critical
2501,E-Scooter,2.92,18.89,9.18,10.34,76.1,63.0,1,4.6,23.0,26-35,0.379,Improper_Parking
2502,E-Bike,3.78,34.17,7.14,12.75,79.7,64.9,1,6.1,16.2,26-35,0.7,Normal
2503,E-Bike,2.05,6.83,13.43,20.04,94.3,95.3,0,11.1,40.9,46-60,0.845,Normal
2504,E-Scooter,3.93,11.34,18.46,27.92,75.3,64.8,2,8.4,30.7,46-60,0.918,Normal
2505,E-Scooter,3.45,12.91,18.52,26.07,31.9,22.2,3,5.8,27.5,26-35,0.807,Hard_Braking
2506,E-Scooter,6.06,11.13,18.99,20.41,26.0,7.7,2,4.3,18.5,46-60,0.836,Battery_Critical
2507,E-Scooter,7.15,23.63,17.77,25.11,96.6,78.1,0,3.6,25.1,18-25,0.625,Normal
2508,E-Scooter,5.01,19.28,16.91,23.29,30.8,7.1,1,44.1,22.1,18-25,0.708,Battery_Critical
2509,E-Scooter,4.35,15.95,17.14,20.21,82.3,68.9,2,5.7,16.8,36-45,0.918,Normal
2510,E-Bike,2.67,17.9,9.42,18.39,73.5,66.4,1,19.7,24.3,26-35,0.965,Normal
2511,E-Scooter,1.41,12.22,9.53,15.43,67.3,63.5,2,102.3,18.7,26-35,0.753,Mechanical_Fault
2512,E-Scooter,7.55,27.23,18.21,20.52,60.6,38.8,1,29.0,29.8,18-25,0.732,Improper_Parking
2513,E-Scooter,4.52,30.34,10.88,21.62,75.8,60.4,4,9.8,19.7,18-25,0.797,Hard_Braking
2514,E-Bike,5.88,30.58,11.91,14.25,86.6,64.5,3,4.0,27.8,36-45,0.895,Hard_Braking
2515,E-Bike,10.33,69.95,9.2,13.79,39.6,10.3,0,5.1,30.8,36-45,0.646,Normal
2516,E-Scooter,3.06,24.85,7.03,16.74,96.9,91.2,2,25.1,19.1,36-45,0.645,Normal
2517,E-Scooter,9.34,34.36,17.05,18.63,93.8,59.4,0,4.0,32.5,26-35,0.979,Normal
2518,E-Bike,2.94,20.21,9.98,18.95,24.8,12.7,2,14.8,6.5,36-45,0.667,Battery_Critical
2519,E-Scooter,2.04,6.46,19.67,28.23,72.8,60.2,3,48.4,12.2,26-35,0.825,Hard_Braking
2520,E-Scooter,1.78,6.93,15.06,20.88,52.8,48.1,1,72.9,25.2,18-25,0.482,Normal
2521,E-Bike,4.07,25.26,11.2,15.78,49.6,35.9,2,11.2,31.1,18-25,0.943,Normal
2522,E-Bike,0.3,3.32,11.07,19.19,82.8,85.6,3,0.2,30.1,46-60,0.786,Normal
2523,E-Scooter,1.96,13.9,12.36,14.39,57.5,51.5,1,10.2,15.2,,0.52,Normal
2524,E-Bike,5.71,24.52,13.67,18.89,62.0,51.0,0,37.3,26.9,36-45,0.521,Normal
2525,E-Bike,3.35,22.26,9.52,17.11,97.3,78.5,0,21.5,39.7,26-35,0.695,Normal
2526,E-Scooter,2.45,4.95,14.24,16.91,72.1,64.6,2,8.7,9.1,18-25,0.715,Battery_Critical
2527,E-Scooter,1.95,11.01,13.03,16.14,56.7,50.8,1,21.4,20.7,18-25,0.909,Normal
2528,E-Bike,0.5,2.0,13.64,24.2,95.8,91.2,1,75.0,23.4,36-45,0.715,Battery_Critical
2529,E-Scooter,1.08,4.43,17.99,21.97,45.8,46.4,3,1.6,32.8,18-25,0.868,Hard_Braking
2530,E-Scooter,2.52,5.2,19.76,23.33,61.3,56.7,2,8.2,26.2,46-60,0.907,Hard_Braking
2531,E-Scooter,7.19,31.16,13.19,22.18,72.7,49.6,1,0.7,22.1,26-35,0.721,Normal
2532,E-Bike,5.61,23.89,14.09,16.33,96.8,78.1,2,24.9,-0.9,18-25,0.665,Normal
2533,E-Bike,7.23,51.48,8.55,13.28,84.0,60.6,1,16.7,25.6,26-35,0.878,Normal
2534,E-Bike,3.67,16.71,12.59,23.24,32.7,19.2,0,32.5,27.5,26-35,0.965,Normal
2535,E-Scooter,1.63,2.0,19.93,26.65,38.1,32.2,4,8.9,23.4,26-35,0.821,Hard_Braking
2536,E-Scooter,5.47,21.01,16.17,19.59,94.4,77.3,1,47.4,14.2,60+,0.898,Mechanical_Fault
2537,E-Scooter,9.05,34.3,14.78,19.17,93.9,60.9,0,3.1,25.2,26-35,0.686,Normal
2538,E-Scooter,0.86,3.22,16.3,18.15,31.8,27.7,0,14.8,30.1,18-25,0.775,Normal
2539,E-Scooter,4.87,25.16,12.64,16.27,79.6,57.0,1,10.8,2.9,26-35,0.313,Improper_Parking
2540,E-Scooter,3.24,11.44,14.51,20.22,72.0,59.6,1,8.1,19.7,26-35,0.714,Normal
2541,E-Bike,2.07,15.57,10.84,16.46,57.3,48.6,2,8.6,26.0,26-35,0.741,Normal
2542,E-Bike,0.78,6.9,16.14,21.65,65.9,65.0,5,14.2,18.0,46-60,0.749,Hard_Braking
2543,E-Bike,4.21,16.1,14.21,16.39,67.6,53.7,2,26.7,21.6,26-35,0.643,Normal
2544,E-Scooter,6.02,15.23,21.7,23.46,71.7,51.9,3,11.2,16.9,18-25,0.396,Improper_Parking
2545,E-Scooter,0.74,8.48,14.25,16.83,56.7,48.3,0,4.2,39.7,26-35,0.578,Normal
2546,E-Bike,1.07,3.67,15.28,23.71,90.3,88.1,2,32.1,33.4,18-25,0.667,Normal
2547,E-Scooter,0.85,2.34,16.57,20.83,48.1,44.0,1,11.4,30.1,18-25,0.662,Normal
2548,E-Scooter,5.64,26.24,11.26,16.46,78.2,69.7,1,7.1,10.9,46-60,0.829,Normal
2549,E-Scooter,1.54,9.36,16.07,19.32,67.4,57.7,3,37.6,42.0,36-45,0.732,Hard_Braking
2550,E-Scooter,3.75,12.93,15.07,18.46,22.4,13.5,2,7.9,18.4,18-25,0.87,Battery_Critical
2551,E-Bike,0.91,3.49,11.37,16.02,24.8,24.0,3,9.1,12.6,46-60,0.886,Mechanical_Fault
2552,E-Bike,1.13,2.0,16.75,21.65,74.1,68.1,1,0.1,14.7,26-35,0.843,Mechanical_Fault
2553,E-Scooter,2.69,6.75,19.62,20.21,23.2,19.1,0,17.9,30.2,36-45,0.844,Normal
2554,E-Scooter,1.6,2.61,21.55,27.58,67.3,66.5,0,53.2,20.4,26-35,0.782,Normal
2555,E-Scooter,2.22,10.91,15.56,24.03,47.9,48.0,2,37.0,25.9,18-25,0.966,Hard_Braking
2556,E-Bike,3.78,16.03,12.75,24.87,56.9,44.9,3,66.1,17.0,26-35,0.817,Normal
2557,E-Scooter,1.9,15.44,18.45,20.28,82.1,82.7,1,6.9,21.1,46-60,0.899,Normal
2558,E-Scooter,1.89,5.13,16.59,17.71,20.5,14.2,1,0.2,20.9,36-45,0.874,Battery_Critical
2559,E-Scooter,0.94,6.71,20.97,25.61,69.8,71.9,1,10.3,23.0,18-25,0.846,Normal
2560,E-Scooter,2.6,19.39,15.69,21.03,64.9,57.2,1,33.6,16.3,18-25,0.666,Normal
2561,E-Scooter,5.49,21.0,15.63,21.47,54.4,39.6,4,40.4,31.2,46-60,0.904,Hard_Braking
2562,E-Scooter,0.7,2.0,25.76,32.72,76.8,77.1,0,21.2,42.0,36-45,0.968,Normal
2563,E-Bike,3.93,19.23,15.23,21.73,98.9,89.9,3,25.8,28.8,18-25,0.719,Hard_Braking
2564,E-Bike,1.8,8.29,16.74,23.66,78.4,71.0,2,1.5,32.7,26-35,0.7,Hard_Braking
2565,E-Scooter,1.86,10.19,10.57,17.36,46.9,42.8,2,21.3,16.1,36-45,0.87,Hard_Braking
2566,E-Scooter,1.17,7.8,14.04,20.63,88.5,83.3,2,27.6,33.0,36-45,0.924,Hard_Braking
2567,E-Bike,0.58,7.05,13.62,26.61,94.9,92.6,1,11.3,11.7,26-35,0.74,Hard_Braking
2568,E-Scooter,7.21,25.15,20.09,25.54,61.8,35.0,3,9.3,7.1,18-25,0.699,Hard_Braking
2569,E-Bike,3.78,13.58,16.55,20.07,70.9,55.7,2,0.1,15.1,26-35,0.828,Mechanical_Fault
2570,E-Bike,3.11,19.64,9.38,13.82,97.8,95.7,2,21.9,5.3,18-25,0.649,Normal
2571,E-Scooter,1.41,2.0,11.8,19.39,25.2,19.3,0,20.0,21.4,36-45,0.603,Normal
2572,E-Bike,2.02,2.0,20.92,21.02,78.2,70.3,0,0.1,25.7,46-60,0.807,Normal
2573,E-Scooter,2.8,8.75,27.8,40.16,88.5,84.9,1,18.4,37.4,18-25,0.721,Hard_Braking
2574,E-Bike,5.08,38.18,7.16,15.89,61.8,48.8,1,15.2,31.1,18-25,0.789,Normal
2575,E-Scooter,1.63,7.27,17.3,26.77,48.7,40.2,1,1.0,14.4,18-25,0.737,Normal
2576,E-Scooter,3.63,16.66,11.6,15.71,65.0,55.7,3,9.0,30.1,18-25,0.829,Hard_Braking
2577,E-Scooter,2.14,11.25,11.36,13.66,75.6,69.3,1,20.0,32.1,18-25,0.366,Improper_Parking
2578,E-Bike,5.6,27.39,12.96,19.39,36.7,19.2,2,16.6,15.4,36-45,0.815,Improper_Parking
2579,E-Bike,0.73,3.74,15.04,20.09,58.5,61.9,1,10.2,28.9,36-45,0.213,Improper_Parking
2580,E-Bike,5.54,25.04,13.93,23.71,20.4,5.1,0,17.0,31.8,26-35,0.946,Battery_Critical
2581,E-Bike,6.2,26.75,12.61,20.33,69.2,58.7,0,28.6,20.2,18-25,0.683,Normal
2582,E-Scooter,5.14,10.64,20.85,24.81,74.9,61.9,1,52.8,26.7,36-45,0.954,Normal
2583,E-Bike,3.84,21.08,10.06,13.98,60.2,53.9,2,8.6,27.4,36-45,0.722,Hard_Braking
2584,E-Scooter,1.1,9.72,19.7,27.66,44.2,39.4,1,16.1,20.8,26-35,0.8,Hard_Braking
2585,E-Bike,9.69,40.18,14.0,19.99,57.8,28.6,1,16.3,24.9,36-45,0.871,Normal
2586,E-Bike,10.18,63.26,9.64,12.71,94.9,65.9,4,22.3,22.2,60+,0.63,Normal
2587,E-Scooter,3.77,15.62,21.49,27.6,52.0,33.5,0,23.1,24.2,18-25,0.937,Normal
2588,E-Bike,12.26,80.0,5.0,5.09,76.8,44.2,1,48.9,13.5,60+,0.688,Normal
2589,E-Scooter,9.86,43.5,12.32,25.91,81.8,55.3,1,17.2,35.1,26-35,0.744,Hard_Braking
2590,E-Scooter,4.29,12.63,21.18,26.62,61.3,48.6,0,7.9,15.5,46-60,0.67,Normal
2591,E-Scooter,10.95,59.56,12.1,16.96,94.9,61.5,0,58.3,42.0,26-35,0.724,Normal
2592,E-Scooter,1.53,2.04,19.3,24.71,39.6,33.5,1,28.5,21.3,26-35,0.432,Hard_Braking
2593,E-Bike,7.27,26.71,15.49,16.47,21.6,0.1,0,24.3,27.8,26-35,0.886,Battery_Critical
2594,E-Bike,6.18,38.01,9.28,9.62,39.8,26.3,1,27.5,32.6,26-35,0.639,Improper_Parking
2595,E-Bike,4.94,11.88,18.61,19.93,38.4,19.9,1,48.1,27.4,18-25,0.404,Improper_Parking
2596,E-Bike,3.56,10.73,16.11,21.71,61.7,50.7,3,6.0,24.8,26-35,0.794,Hard_Braking
2597,E-Bike,6.62,47.92,8.25,12.18,51.3,34.2,0,14.7,21.8,18-25,0.777,Normal
2598,E-Bike,0.78,2.0,12.85,18.66,38.7,34.9,1,12.4,31.6,26-35,0.526,Normal
2599,E-Scooter,11.12,41.19,15.62,19.96,55.8,17.5,2,6.3,34.1,46-60,0.918,Hard_Braking
2600,E-Scooter,4.06,15.02,19.01,29.81,85.1,75.4,3,10.7,20.6,26-35,0.592,Normal
2601,E-Scooter,1.26,6.0,11.56,15.7,61.3,60.0,1,12.1,14.5,18-25,0.659,Normal
2602,E-Bike,4.17,28.03,10.18,17.2,33.9,19.4,2,8.2,17.0,18-25,0.83,Hard_Braking
2603,E-Scooter,1.3,6.42,15.26,22.29,90.1,84.8,2,15.8,15.8,26-35,0.698,Hard_Braking
2604,E-Scooter,3.3,33.19,6.07,15.16,85.2,82.2,2,9.4,40.6,26-35,0.862,Battery_Critical
2605,E-Scooter,3.15,6.2,22.07,25.99,84.3,75.6,3,6.6,21.0,26-35,0.915,Hard_Braking
2606,E-Bike,1.07,4.06,10.94,15.32,69.0,72.9,1,39.5,38.8,18-25,0.592,Mechanical_Fault
2607,E-Scooter,4.27,19.25,12.76,17.85,21.5,4.9,1,3.1,19.9,36-45,0.764,Battery_Critical
2608,E-Bike,1.66,10.74,15.01,27.5,74.3,71.3,3,15.6,23.7,60+,0.813,Hard_Braking
2609,E-Scooter,1.14,2.35,17.51,23.37,91.7,88.1,2,16.8,25.3,60+,0.711,Normal
2610,E-Bike,3.62,9.66,13.25,15.81,41.7,35.3,0,50.0,25.0,18-25,0.647,Mechanical_Fault
2611,E-Bike,3.48,12.38,13.33,17.67,79.6,67.6,1,12.0,24.8,26-35,0.809,Normal
2612,E-Bike,3.37,15.17,14.53,17.59,22.5,9.5,1,50.8,26.4,26-35,0.481,Battery_Critical
2613,E-Bike,2.96,18.87,9.67,13.27,97.4,90.2,0,5.8,23.7,18-25,0.61,Normal
2614,E-Bike,5.15,16.85,13.24,21.85,67.2,46.2,1,11.6,34.3,18-25,0.86,Normal
2615,E-Bike,3.93,15.88,14.09,20.52,37.1,23.1,3,5.7,24.8,18-25,0.568,Normal
2616,E-Scooter,1.55,8.34,10.84,18.97,29.2,19.5,1,36.7,27.3,46-60,0.809,Normal
2617,E-Bike,2.06,3.77,19.53,25.64,41.1,33.8,1,6.1,25.2,26-35,0.85,Normal
2618,E-Scooter,0.5,7.39,16.23,22.85,64.3,64.0,2,38.3,33.7,26-35,0.926,Mechanical_Fault
2619,E-Bike,4.1,24.57,10.24,17.97,93.8,82.2,1,15.7,5.1,26-35,0.778,Normal
2620,E-Scooter,3.35,21.23,11.72,19.86,94.4,85.6,1,4.7,21.6,18-25,0.898,Normal
2621,E-Bike,1.29,4.34,18.55,24.33,62.9,64.1,1,12.0,24.3,46-60,0.841,Normal
2622,E-Scooter,0.99,2.13,16.98,24.54,66.8,62.5,3,14.7,28.1,36-45,0.848,Hard_Braking
2623,E-Bike,4.37,27.03,10.59,16.54,55.4,43.2,1,66.1,24.9,60+,0.613,Normal
2624,E-Scooter,2.81,9.88,13.28,20.13,58.6,48.4,0,21.1,20.4,36-45,0.717,Normal
2625,E-Scooter,2.6,8.56,18.6,21.1,85.3,75.6,3,6.0,30.0,36-45,0.544,Hard_Braking
2626,E-Scooter,3.7,14.29,17.19,22.12,73.2,62.2,2,5.3,27.2,26-35,0.907,Hard_Braking
2627,E-Scooter,2.17,6.55,12.88,21.45,61.5,64.4,2,14.2,21.1,18-25,0.616,Normal
2628,E-Bike,2.81,15.65,13.21,16.63,68.4,62.3,1,7.9,29.8,18-25,0.923,Normal
2629,E-Scooter,6.2,23.67,14.56,22.88,61.8,40.9,1,8.4,22.0,18-25,0.87,Normal
2630,E-Bike,2.42,6.67,19.16,23.17,23.4,16.7,2,11.2,28.2,36-45,0.745,Battery_Critical
2631,E-Scooter,3.03,16.69,12.03,13.65,76.6,61.4,4,4.8,25.2,46-60,0.958,Hard_Braking
2632,E-Bike,1.34,2.0,15.6,24.43,20.6,20.4,2,11.4,17.9,26-35,0.759,Normal
2633,E-Bike,1.94,9.04,14.8,22.1,51.6,39.5,1,0.7,36.4,26-35,0.328,Improper_Parking
2634,E-Bike,7.15,34.44,12.09,16.42,25.4,4.4,2,8.5,21.9,46-60,0.949,Battery_Critical
2635,E-Bike,4.2,26.46,9.6,19.21,86.4,78.9,1,15.5,15.0,26-35,0.556,Mechanical_Fault
2636,E-Bike,2.62,11.24,13.78,20.62,75.2,65.3,2,11.3,37.7,36-45,0.85,Normal
2637,E-Bike,6.2,26.03,12.6,15.24,82.4,67.6,2,6.3,28.5,26-35,0.68,Mechanical_Fault
2638,E-Scooter,10.35,38.73,17.11,18.5,30.0,0.0,1,61.4,19.9,18-25,0.751,Battery_Critical
2639,E-Scooter,4.12,12.01,19.54,26.67,34.7,28.2,0,3.4,31.6,36-45,0.852,Normal
2640,E-Scooter,0.77,2.0,18.17,22.99,85.2,75.4,0,24.0,12.6,26-35,0.602,Normal
2641,E-Scooter,1.3,7.44,13.38,21.7,54.4,55.6,2,51.1,30.8,46-60,0.944,Hard_Braking
2642,E-Bike,1.12,2.0,12.11,19.92,36.1,30.4,0,3.6,25.5,36-45,,Normal
2643,E-Scooter,1.8,14.14,13.37,18.03,79.2,73.0,1,2.1,21.6,60+,0.541,Normal
2644,E-Scooter,1.69,10.19,18.13,20.44,21.8,14.6,1,12.3,22.2,18-25,0.774,Battery_Critical
2645,E-Bike,1.91,14.65,9.51,10.01,47.6,39.9,1,28.5,22.5,36-45,0.833,Normal
2646,E-Scooter,1.39,7.12,15.59,22.46,43.4,40.0,4,9.1,23.2,26-35,0.811,Hard_Braking
2647,E-Scooter,2.91,7.61,20.6,23.85,82.8,79.4,3,1.4,11.9,18-25,0.52,Hard_Braking
2648,E-Bike,2.21,15.47,11.0,19.91,37.3,18.8,0,24.5,34.9,18-25,0.704,Normal
2649,E-Scooter,5.25,17.74,22.56,27.19,49.9,32.2,1,70.2,12.3,46-60,0.866,Normal
2650,E-Scooter,1.88,4.81,13.09,17.86,27.3,22.8,2,0.8,33.8,18-25,0.683,Normal
2651,E-Bike,4.71,35.48,7.85,17.43,20.9,9.6,1,22.0,10.9,36-45,0.825,Battery_Critical
2652,E-Bike,3.87,13.27,14.22,18.42,98.2,81.8,0,20.6,34.7,26-35,0.646,Normal
2653,E-Bike,6.09,28.01,14.62,16.75,37.1,9.4,1,39.9,28.6,18-25,0.679,Battery_Critical
2654,E-Bike,3.87,18.79,11.64,17.07,39.0,23.8,2,22.0,22.3,18-25,0.521,Normal
2655,E-Bike,3.24,10.56,15.82,17.35,22.3,2.9,0,9.8,21.5,60+,0.933,Battery_Critical
2656,E-Bike,8.86,29.36,18.66,24.95,92.7,66.8,0,4.5,22.4,46-60,0.629,Normal
2657,E-Scooter,3.61,16.57,19.07,27.89,94.5,89.8,3,3.7,16.6,36-45,0.716,Hard_Braking
2658,E-Scooter,0.78,2.66,19.49,28.92,76.2,71.4,2,18.7,17.6,26-35,0.981,Hard_Braking
2659,E-Scooter,5.31,16.55,15.54,22.87,95.3,83.0,0,34.5,14.5,26-35,0.761,Normal
2660,E-Scooter,2.29,11.01,15.22,17.75,99.9,87.5,3,14.3,34.4,18-25,0.533,Hard_Braking
2661,E-Scooter,1.0,2.0,18.48,25.79,94.0,88.4,1,26.2,16.8,60+,0.562,Normal
2662,E-Bike,12.8,51.67,13.5,19.59,61.0,21.9,1,75.2,23.2,18-25,0.838,Mechanical_Fault
2663,E-Scooter,6.77,27.48,15.7,18.02,85.3,67.7,1,18.2,14.0,18-25,0.791,Improper_Parking
2664,E-Scooter,8.72,21.9,24.17,26.08,70.9,44.6,5,26.8,22.0,26-35,0.857,Hard_Braking
2665,E-Bike,4.71,18.14,13.24,13.71,28.1,14.1,1,8.4,33.5,60+,0.841,Battery_Critical
2666,E-Scooter,2.61,5.68,14.67,17.78,22.5,19.4,2,4.1,21.4,26-35,0.909,Hard_Braking
2667,E-Scooter,5.84,23.45,16.56,20.02,64.4,45.1,0,6.0,19.6,18-25,0.749,Normal
2668,E-Scooter,4.14,17.44,14.06,14.56,49.1,37.6,2,2.2,25.8,60+,0.689,Normal
2669,E-Bike,7.55,27.98,17.01,20.74,20.8,0.0,1,76.2,7.9,36-45,0.64,Battery_Critical
2670,E-Bike,2.04,14.78,12.97,19.13,29.4,24.0,0,8.5,6.2,26-35,0.863,Normal
2671,E-Scooter,3.77,19.67,12.82,14.44,97.2,85.5,1,6.0,17.4,18-25,0.74,Normal
2672,E-Scooter,2.41,10.33,18.76,22.46,49.9,44.8,1,38.8,14.0,18-25,0.542,Normal
2673,E-Scooter,5.85,27.76,13.4,17.2,55.8,34.5,1,21.6,11.3,36-45,0.935,Normal
2674,E-Scooter,2.54,7.93,20.67,20.95,24.4,18.8,0,18.5,30.4,18-25,0.777,Normal
2675,E-Scooter,0.94,4.23,11.64,18.99,85.2,83.1,3,7.9,35.8,36-45,0.868,Hard_Braking
2676,E-Scooter,2.98,21.2,15.08,21.13,99.1,93.7,1,9.4,31.4,46-60,0.612,Normal
2677,E-Bike,4.19,11.37,22.23,28.9,64.1,54.9,1,57.3,42.0,26-35,0.669,Normal
2678,E-Bike,4.82,25.98,13.74,18.14,78.6,67.4,2,27.7,22.1,36-45,0.973,Battery_Critical
2679,E-Scooter,2.23,16.39,9.15,11.34,89.6,84.1,1,2.6,24.1,18-25,0.657,Normal
2680,E-Scooter,2.05,9.46,11.22,15.86,54.7,42.7,0,28.3,25.6,26-35,0.776,Normal
2681,E-Bike,4.69,15.43,15.67,15.69,33.7,19.7,3,8.1,18.0,46-60,0.738,Hard_Braking
2682,E-Scooter,0.35,4.48,12.37,14.5,65.8,68.8,2,20.8,-0.6,46-60,0.832,Normal
2683,E-Bike,2.43,19.36,10.36,20.91,31.3,17.5,1,7.1,27.0,18-25,0.843,Normal
2684,E-Scooter,1.1,4.29,14.66,19.45,57.7,53.8,3,7.3,11.6,18-25,0.806,Hard_Braking
2685,E-Bike,2.79,13.86,13.61,21.11,54.8,44.6,1,25.0,11.4,26-35,0.866,Hard_Braking
2686,E-Bike,1.43,7.22,15.97,17.2,38.5,32.0,1,27.1,20.4,,0.898,Normal
2687,E-Scooter,1.3,2.0,17.17,21.37,76.8,76.5,0,60.4,29.6,46-60,0.906,Normal
2688,E-Bike,6.58,44.05,9.84,16.16,52.6,31.9,2,33.8,37.0,36-45,0.625,Mechanical_Fault
2689,E-Bike,0.93,11.0,10.6,13.46,40.9,36.0,2,22.4,20.8,18-25,0.759,Mechanical_Fault
2690,E-Bike,2.08,26.69,5.85,6.08,89.2,78.5,3,0.9,23.9,36-45,0.579,Hard_Braking
2691,E-Scooter,0.89,2.57,15.79,19.87,99.2,100.0,2,5.5,21.5,18-25,0.769,Hard_Braking
2692,E-Scooter,1.21,3.62,18.31,26.87,57.7,47.5,2,11.4,13.8,26-35,0.51,Normal
2693,E-Scooter,3.81,13.66,15.63,20.0,77.3,68.5,0,31.7,26.9,18-25,0.689,Normal
2694,E-Bike,7.95,31.68,14.99,21.9,80.9,52.4,2,3.0,16.0,60+,0.922,Normal
2695,E-Scooter,5.36,16.44,14.3,17.08,48.1,35.9,3,51.9,27.1,18-25,0.889,Hard_Braking
2696,E-Scooter,5.08,13.37,19.49,23.35,62.0,40.1,4,55.9,19.2,26-35,0.681,Hard_Braking
2697,E-Bike,4.55,28.0,10.88,15.63,39.1,27.1,3,24.1,33.1,36-45,0.545,Hard_Braking
2698,E-Bike,2.74,10.76,17.57,23.91,65.8,59.7,2,16.7,24.7,26-35,0.471,Improper_Parking
2699,E-Bike,1.88,10.18,13.18,22.76,79.9,73.4,0,0.0,38.3,26-35,0.846,Normal
2700,E-Bike,0.64,4.04,11.5,19.74,75.5,69.6,2,12.4,22.0,18-25,0.793,Normal
2701,E-Bike,2.25,8.54,9.82,12.33,33.0,26.0,1,45.6,20.7,36-45,0.555,Normal
2702,E-Bike,2.14,6.45,15.98,16.15,45.2,33.2,1,5.9,25.0,26-35,0.943,Normal
2703,E-Bike,3.05,10.67,13.02,19.15,78.1,65.7,3,9.0,22.7,26-35,0.852,Hard_Braking
2704,E-Scooter,8.5,32.1,18.49,24.2,82.0,53.6,1,6.4,24.1,46-60,0.862,Battery_Critical
2705,E-Bike,2.46,15.16,9.24,17.27,20.0,11.3,2,31.7,33.6,18-25,0.875,Battery_Critical
2706,E-Scooter,3.36,17.21,12.28,20.26,66.3,55.8,3,1.7,24.4,26-35,0.58,Hard_Braking
2707,E-Bike,3.61,14.29,14.1,16.58,98.4,89.1,1,21.8,25.3,36-45,0.88,Normal
2708,E-Scooter,5.92,26.71,15.54,22.17,36.7,13.6,2,5.6,31.0,36-45,0.698,Battery_Critical
2709,E-Scooter,1.09,8.72,11.68,17.46,44.8,38.9,1,10.0,22.7,36-45,0.888,Normal
2710,E-Bike,2.6,15.71,11.5,12.07,59.3,51.2,0,1.1,37.2,18-25,0.782,Normal
2711,E-Scooter,1.45,6.47,11.14,13.33,46.4,32.1,2,50.4,23.9,36-45,0.406,Improper_Parking
2712,E-Bike,3.56,12.06,19.53,27.44,67.9,56.9,0,17.0,18.1,36-45,0.66,Battery_Critical
2713,E-Scooter,2.82,12.1,12.76,18.42,86.2,72.6,2,45.4,29.7,36-45,0.912,Normal
2714,E-Scooter,3.82,13.6,22.27,26.71,97.2,85.5,4,55.7,21.8,26-35,0.6,Hard_Braking
2715,E-Scooter,3.56,7.24,20.11,28.2,83.0,80.7,2,9.2,2.3,18-25,0.943,Hard_Braking
2716,E-Bike,9.22,54.63,10.61,11.97,75.4,46.1,3,8.3,20.5,18-25,0.599,Hard_Braking
2717,E-Scooter,1.97,2.39,20.63,21.34,22.6,14.0,2,41.4,20.6,60+,0.862,Improper_Parking
2718,E-Bike,2.25,7.57,15.74,17.37,39.6,30.5,2,7.3,28.3,18-25,0.866,Normal
2719,E-Scooter,1.44,4.08,14.96,22.31,86.1,78.8,1,2.2,15.8,18-25,0.847,Normal
2720,E-Bike,0.81,7.22,11.99,19.7,39.5,37.2,2,3.4,21.3,18-25,0.82,Normal
2721,E-Bike,0.78,2.31,9.66,12.38,84.1,84.5,0,2.4,18.2,36-45,0.784,Normal
2722,E-Scooter,7.36,24.71,22.25,33.23,82.9,56.6,2,13.8,33.4,18-25,0.963,Hard_Braking
2723,E-Scooter,5.0,17.11,20.67,24.58,97.9,87.7,4,9.3,8.9,26-35,0.678,Hard_Braking
2724,E-Scooter,0.95,2.0,23.27,28.72,50.4,46.1,1,16.3,39.3,36-45,0.966,Normal
2725,E-Bike,0.3,2.0,10.27,12.38,61.1,52.4,3,60.7,19.1,26-35,0.879,Hard_Braking
2726,E-Scooter,2.09,10.19,14.85,19.73,96.6,91.6,2,9.0,20.6,46-60,0.661,Normal
2727,E-Scooter,4.14,6.89,20.95,29.21,28.8,22.1,1,18.5,25.2,18-25,0.914,Normal
2728,E-Bike,6.96,49.9,9.15,14.42,31.4,9.9,3,24.6,29.0,46-60,0.57,Battery_Critical
2729,E-Bike,5.42,39.85,8.29,14.39,53.1,45.3,2,25.0,39.8,26-35,0.843,Normal
2730,E-Scooter,1.14,2.0,22.37,28.33,32.8,31.4,2,8.6,31.7,36-45,0.583,Normal
2731,E-Scooter,1.67,4.53,18.9,23.14,56.6,50.4,0,34.7,18.4,36-45,,Normal
2732,E-Scooter,5.65,18.71,17.52,22.97,67.7,45.0,0,0.9,16.3,36-45,0.905,Normal
2733,E-Scooter,8.23,41.66,12.84,23.38,74.9,50.0,1,7.3,38.9,26-35,0.73,Normal
2734,E-Scooter,0.94,2.0,23.57,31.06,73.4,70.5,1,4.6,22.1,26-35,0.732,Battery_Critical
2735,E-Bike,5.02,30.14,11.32,11.61,80.4,61.9,1,15.5,28.8,46-60,0.599,Normal
2736,E-Scooter,7.68,32.64,15.34,16.33,51.2,21.3,0,11.3,20.7,36-45,0.869,Normal
2737,E-Scooter,7.63,35.21,13.63,17.99,98.7,78.4,1,19.8,25.3,36-45,0.878,Battery_Critical
2738,E-Scooter,0.79,2.0,19.22,27.21,96.5,94.0,4,10.6,27.9,18-25,0.976,Normal
2739,E-Scooter,3.02,13.37,15.47,24.31,92.5,85.1,0,24.0,38.9,36-45,0.772,Normal
2740,E-Bike,3.3,13.8,12.96,18.87,93.5,83.8,4,0.1,28.9,36-45,0.859,Hard_Braking
2741,E-Scooter,2.03,9.29,13.53,16.66,59.9,60.3,2,21.8,26.6,36-45,0.775,Normal
2742,E-Scooter,4.94,14.54,23.35,31.5,31.7,15.2,3,71.3,6.5,36-45,0.482,Mechanical_Fault
2743,E-Bike,1.94,13.36,13.04,17.23,85.3,80.6,1,29.3,30.9,36-45,0.706,Normal
2744,E-Scooter,4.06,19.13,11.99,19.03,34.8,25.3,1,22.9,26.1,18-25,0.787,Hard_Braking
2745,E-Scooter,0.56,6.47,20.51,26.27,26.5,19.8,4,9.5,21.5,26-35,0.941,Hard_Braking
2746,E-Scooter,1.77,3.14,19.39,20.14,23.8,17.8,1,21.6,21.3,26-35,0.823,Normal
2747,E-Scooter,0.64,3.26,20.47,26.71,44.4,43.2,3,8.6,30.1,18-25,0.736,Hard_Braking
2748,E-Bike,5.87,27.0,11.65,16.42,44.5,26.0,1,19.2,14.8,18-25,0.874,Normal
2749,E-Scooter,2.14,7.61,16.51,19.18,75.6,69.0,1,8.3,18.6,26-35,0.679,Normal
2750,E-Scooter,3.18,3.6,15.49,21.58,32.5,22.6,3,39.7,19.1,26-35,0.579,Normal
2751,E-Scooter,3.28,9.84,20.67,79.14,24.3,18.0,4,2.6,17.3,26-35,,Hard_Braking
2752,E-Scooter,0.87,2.0,20.6,23.65,48.1,46.3,2,17.6,23.0,18-25,0.686,Normal
2753,E-Bike,2.78,8.45,17.46,22.99,92.2,82.4,0,11.9,21.7,18-25,0.824,Hard_Braking
2754,E-Bike,6.48,28.08,14.18,28.08,27.0,8.7,2,5.4,19.0,18-25,0.696,Battery_Critical
2755,E-Scooter,2.72,10.25,17.88,22.65,57.6,52.1,0,13.5,34.9,36-45,0.813,Normal
2756,E-Bike,0.68,2.0,11.79,19.74,78.2,70.8,1,2.6,25.3,18-25,0.796,Normal
2757,E-Scooter,1.89,10.84,17.12,24.21,23.3,18.7,2,24.6,18.4,36-45,0.722,Battery_Critical
2758,E-Scooter,2.99,17.1,11.06,14.44,48.0,39.0,1,7.8,17.3,60+,0.878,Normal
2759,E-Bike,8.44,49.3,10.18,12.17,62.9,38.7,2,11.1,26.6,18-25,0.573,Hard_Braking
2760,E-Bike,4.89,17.4,14.06,19.69,40.9,26.0,0,46.3,23.1,26-35,0.827,Normal
2761,E-Bike,2.5,13.3,13.22,20.41,34.4,26.4,3,2.5,22.5,18-25,0.869,Normal
2762,E-Bike,3.26,31.47,6.16,12.89,34.2,24.6,3,36.0,22.8,46-60,0.774,Battery_Critical
2763,E-Bike,1.97,2.22,17.87,24.11,99.1,100.0,0,1.7,25.6,36-45,0.523,Normal
2764,E-Scooter,3.08,6.88,19.31,21.61,86.8,84.2,0,48.8,24.0,46-60,0.929,Normal
2765,E-Bike,2.42,10.57,10.73,14.17,98.6,95.5,1,15.6,38.4,46-60,0.632,Normal
2766,E-Scooter,4.29,16.5,16.97,21.9,79.6,68.1,2,32.0,22.7,18-25,0.771,Mechanical_Fault
2767,E-Scooter,3.68,16.3,11.5,19.9,31.5,17.5,0,15.4,16.9,36-45,0.566,Normal
2768,E-Scooter,5.15,19.8,11.99,14.8,80.6,72.2,1,8.4,29.1,26-35,0.629,Improper_Parking
2769,E-Bike,2.89,16.36,11.34,16.58,26.7,15.5,2,18.0,18.5,26-35,0.616,Normal
2770,E-Scooter,1.68,7.71,15.39,27.41,70.3,60.3,1,3.9,15.7,46-60,0.876,Normal
2771,E-Bike,4.7,18.89,16.31,23.07,26.3,9.6,2,7.6,13.4,36-45,0.961,Battery_Critical
2772,E-Bike,2.76,17.83,14.49,25.51,28.0,22.6,1,38.5,29.1,18-25,0.582,Improper_Parking
2773,E-Bike,2.49,10.1,14.57,18.36,56.5,50.0,1,15.3,17.2,46-60,0.814,Normal
2774,E-Bike,1.36,6.19,20.33,24.05,72.3,67.4,2,3.0,34.5,46-60,0.592,Normal
2775,E-Bike,3.07,8.53,16.71,18.02,71.0,62.9,3,1.8,24.6,60+,0.738,Hard_Braking
2776,E-Scooter,0.95,3.53,16.71,22.68,98.7,93.1,1,10.8,20.0,18-25,0.8,Normal
2777,E-Scooter,3.3,14.46,13.58,20.83,46.2,38.3,3,3.1,39.8,26-35,0.558,Hard_Braking
2778,E-Scooter,2.54,15.95,12.22,14.16,98.6,86.0,2,6.0,13.1,26-35,0.659,Normal
2779,E-Scooter,0.44,2.0,15.16,19.94,55.4,52.9,0,0.6,12.2,26-35,0.821,Normal
2780,E-Scooter,3.38,8.27,28.76,32.93,33.5,23.7,1,13.6,21.8,46-60,0.646,Hard_Braking
2781,E-Scooter,2.54,2.72,19.36,24.69,28.6,24.7,1,10.0,11.0,26-35,0.832,Mechanical_Fault
2782,E-Scooter,6.16,24.99,16.18,24.97,63.7,49.0,1,29.1,20.8,26-35,0.681,Battery_Critical
2783,E-Scooter,1.32,8.45,20.91,23.1,34.1,33.5,4,4.6,19.9,18-25,0.514,Hard_Braking
2784,E-Scooter,2.07,8.39,17.45,20.34,37.3,34.0,2,10.6,28.8,46-60,0.718,Normal
2785,E-Bike,2.16,10.39,11.5,17.92,55.7,55.7,2,17.5,18.9,18-25,0.758,Normal
2786,E-Scooter,6.38,16.95,24.14,33.34,72.6,49.3,1,10.1,13.5,26-35,0.691,Battery_Critical
2787,E-Scooter,1.27,10.01,11.25,16.65,84.0,79.0,4,57.2,32.4,46-60,0.901,Hard_Braking
2788,E-Scooter,0.38,2.0,25.59,34.97,53.4,52.0,0,27.5,26.5,46-60,0.872,Hard_Braking
2789,E-Bike,4.14,27.59,8.77,14.5,68.5,51.4,2,10.7,27.0,26-35,0.89,Hard_Braking
2790,E-Scooter,1.67,2.0,15.24,19.52,42.7,34.4,1,25.0,17.4,26-35,0.887,Normal
2791,E-Scooter,1.49,5.38,18.23,19.78,92.8,78.9,5,5.1,32.4,26-35,0.69,Hard_Braking
2792,E-Bike,1.6,14.11,10.1,16.44,50.6,44.8,1,6.5,20.6,46-60,0.877,Normal
2793,E-Scooter,1.78,12.38,15.8,22.82,60.9,49.8,0,3.1,28.4,18-25,0.751,Normal
2794,E-Scooter,0.8,2.0,22.7,33.95,54.3,55.6,0,4.6,11.7,18-25,0.686,Normal
2795,E-Scooter,1.41,4.17,21.79,22.88,25.2,27.1,3,46.1,27.1,60+,0.791,Hard_Braking
2796,E-Bike,1.82,9.54,13.1,17.46,31.5,28.6,1,12.3,19.9,46-60,0.717,Normal
2797,E-Scooter,3.39,17.27,17.3,19.7,20.6,10.1,2,52.8,3.0,26-35,0.524,Battery_Critical
2798,E-Bike,1.86,15.85,9.69,10.15,60.8,49.2,4,8.6,32.7,36-45,0.553,Hard_Braking
2799,E-Scooter,1.77,5.86,16.94,21.22,88.2,84.4,2,1.6,30.8,18-25,0.732,Normal
2800,E-Scooter,0.93,2.0,15.24,21.58,69.7,69.3,2,17.6,10.1,26-35,0.944,Normal
2801,E-Bike,1.33,2.0,22.79,29.01,44.3,41.1,2,3.0,33.0,46-60,0.772,Hard_Braking
2802,E-Scooter,3.04,11.76,14.89,19.72,69.8,56.1,2,24.8,25.8,60+,0.719,Hard_Braking
2803,E-Scooter,2.0,2.0,20.46,27.77,36.4,30.2,1,10.2,22.0,18-25,0.854,Normal
2804,E-Scooter,1.62,2.0,18.0,22.39,84.8,81.2,1,9.6,25.1,26-35,0.764,Normal
2805,E-Bike,2.78,10.19,15.28,21.38,41.6,40.3,2,65.8,25.9,46-60,0.874,Hard_Braking
2806,E-Scooter,0.3,2.0,19.18,27.87,25.9,28.1,5,15.4,20.7,26-35,0.902,Hard_Braking
2807,E-Bike,8.8,47.81,10.45,13.22,52.3,27.4,1,31.0,37.1,26-35,0.963,Normal
2808,E-Scooter,1.34,4.22,15.82,22.29,33.1,36.7,1,3.7,26.2,18-25,0.977,Normal
2809,E-Scooter,2.59,17.9,10.46,15.98,63.0,51.9,1,7.4,18.7,26-35,0.889,Normal
2810,E-Scooter,4.97,16.56,18.45,21.88,55.6,43.3,1,28.9,25.4,46-60,0.694,Normal
2811,E-Bike,3.19,9.86,19.13,23.55,68.7,58.9,0,16.8,23.6,36-45,0.803,Normal
2812,E-Bike,2.81,15.67,12.92,15.07,53.0,38.0,1,10.8,21.0,36-45,0.589,Normal
2813,E-Bike,2.67,21.99,7.53,9.4,95.0,79.6,0,45.9,27.2,36-45,0.605,Normal
2814,E-Bike,4.54,20.22,13.99,16.07,69.4,56.2,0,4.4,31.5,36-45,0.845,Normal
2815,E-Bike,3.21,13.43,10.47,19.98,93.7,80.4,1,22.2,11.4,18-25,0.882,Normal
2816,E-Bike,7.37,42.0,10.65,15.37,78.5,52.2,1,6.5,31.8,18-25,0.784,Normal
2817,E-Scooter,1.25,8.65,12.07,14.38,36.5,34.1,1,27.6,31.8,18-25,0.727,Hard_Braking
2818,E-Scooter,2.53,5.94,15.26,17.51,76.3,68.7,0,85.6,25.8,18-25,0.535,Normal
2819,E-Scooter,3.92,12.67,11.82,19.83,47.2,36.0,3,4.7,31.5,26-35,0.35,Improper_Parking
2820,E-Bike,1.68,8.47,16.66,20.94,49.6,45.0,3,13.9,16.5,18-25,0.923,Hard_Braking
2821,E-Bike,8.45,32.4,14.84,17.55,66.6,34.7,3,87.3,20.8,46-60,0.831,Mechanical_Fault
2822,E-Scooter,4.2,19.12,15.81,17.93,96.2,81.5,1,18.8,19.2,18-25,0.793,Normal
2823,E-Bike,2.2,13.03,14.86,15.4,25.7,23.5,2,25.1,35.3,26-35,0.795,Hard_Braking
2824,E-Scooter,1.48,2.0,20.45,25.06,74.1,75.9,0,21.6,35.7,46-60,0.734,Mechanical_Fault
2825,E-Bike,4.04,31.44,7.49,12.45,55.1,50.4,0,2.3,39.7,18-25,0.782,Normal
2826,E-Scooter,4.12,16.76,14.88,21.61,52.6,43.6,3,11.3,13.7,18-25,0.614,Hard_Braking
2827,E-Scooter,4.92,10.39,21.04,24.94,20.4,0.0,0,52.1,24.8,26-35,0.412,Battery_Critical
2828,E-Scooter,1.32,4.6,15.75,18.32,41.3,44.3,0,6.2,11.3,26-35,0.812,Improper_Parking
2829,E-Scooter,3.63,20.15,11.32,13.39,80.7,70.6,1,0.5,41.6,46-60,0.786,Normal
2830,E-Scooter,2.89,13.76,16.27,20.8,94.0,87.4,2,3.0,22.3,26-35,0.675,Normal
2831,E-Scooter,0.73,2.0,20.89,22.69,51.8,46.1,3,31.9,16.1,46-60,0.869,Hard_Braking
2832,E-Bike,0.67,4.26,17.4,22.71,67.0,58.9,2,86.9,34.6,36-45,0.674,Hard_Braking
2833,E-Scooter,1.32,3.22,16.05,28.73,81.4,77.2,1,18.8,19.5,18-25,0.638,Normal
2834,E-Scooter,1.03,2.0,15.15,18.55,49.4,49.7,0,33.8,12.2,36-45,0.939,Normal
2835,E-Bike,4.76,19.33,11.7,19.99,27.2,10.8,1,14.7,23.0,26-35,0.621,Battery_Critical
2836,E-Scooter,7.22,27.86,14.75,20.82,88.5,60.8,3,7.8,15.5,18-25,0.697,Normal
2837,E-Scooter,0.48,2.0,16.22,31.18,63.0,67.4,1,3.5,14.0,18-25,0.713,Normal
2838,E-Bike,4.26,15.96,16.52,17.18,47.4,30.0,0,27.7,24.7,26-35,0.552,Normal
2839,E-Scooter,1.63,5.47,18.37,26.96,38.7,34.9,4,3.0,13.6,46-60,0.782,Hard_Braking
2840,E-Scooter,3.71,15.45,15.71,19.89,36.8,27.0,1,15.7,25.8,26-35,0.733,Battery_Critical
2841,E-Scooter,2.27,12.02,16.53,19.1,99.0,92.9,0,16.8,33.2,36-45,0.552,Normal
2842,E-Scooter,0.83,2.82,23.06,30.25,38.2,44.5,4,13.4,25.0,46-60,0.632,Hard_Braking
2843,E-Scooter,0.67,2.0,13.23,20.72,24.5,19.0,1,58.4,27.5,18-25,0.754,Mechanical_Fault
2844,E-Scooter,3.0,12.9,14.88,17.85,75.0,59.4,0,51.7,21.0,26-35,0.419,Improper_Parking
2845,E-Bike,2.56,10.86,12.61,21.31,42.3,32.5,2,43.5,28.5,46-60,0.89,Normal
2846,E-Scooter,1.29,5.05,21.73,25.31,71.2,72.4,2,2.2,42.0,18-25,0.835,Normal
2847,E-Bike,2.63,12.33,14.96,20.19,38.4,30.2,3,5.5,15.9,26-35,0.932,Hard_Braking
2848,E-Bike,4.63,19.94,16.4,21.57,70.7,59.1,0,15.6,31.7,18-25,0.739,Normal
2849,E-Bike,4.99,19.23,13.66,17.57,80.1,63.0,1,16.2,26.1,26-35,0.72,Normal
2850,E-Scooter,3.62,16.81,13.25,18.3,62.7,45.2,3,1.5,13.6,26-35,0.744,Hard_Braking
2851,E-Bike,7.52,20.57,20.42,24.87,68.4,40.2,2,15.7,32.1,18-25,0.854,Normal
2852,E-Bike,6.75,28.15,14.23,19.38,42.5,21.5,1,33.9,37.5,18-25,0.84,Normal
2853,E-Scooter,3.77,15.42,20.09,23.13,39.5,26.2,1,7.1,32.5,18-25,0.862,Normal
2854,E-Bike,3.44,12.5,11.62,17.39,29.0,16.8,4,6.5,23.4,18-25,0.515,Hard_Braking
2855,E-Scooter,3.19,7.33,15.5,16.8,68.8,59.0,0,36.6,11.5,18-25,0.866,Normal
2856,E-Scooter,2.81,19.97,9.49,11.12,99.2,92.1,7,55.3,32.4,18-25,0.756,Hard_Braking
2857,E-Scooter,2.22,9.93,9.69,12.05,91.5,86.3,3,10.4,14.0,46-60,0.802,Hard_Braking
2858,E-Bike,2.38,10.81,15.48,20.62,38.8,35.1,3,27.1,11.1,36-45,0.697,Hard_Braking
2859,E-Bike,4.46,17.21,14.24,18.48,22.8,4.8,1,32.1,23.8,60+,0.812,Battery_Critical
2860,E-Bike,1.75,17.42,10.0,19.76,32.0,30.7,2,60.5,20.9,36-45,0.849,Mechanical_Fault
2861,E-Bike,3.99,22.55,10.97,22.2,92.8,81.6,0,49.1,22.6,26-35,0.756,Normal
2862,E-Scooter,2.04,8.63,19.95,21.66,57.6,52.6,1,44.7,21.1,18-25,0.73,Normal
2863,E-Scooter,4.72,9.21,22.07,30.9,69.4,58.6,2,48.1,19.9,18-25,0.912,Hard_Braking
2864,E-Bike,4.61,24.03,12.17,18.96,66.2,51.9,2,8.4,21.1,46-60,0.932,Hard_Braking
2865,E-Bike,9.48,50.75,9.84,16.58,68.3,44.4,0,19.5,24.4,36-45,0.741,Normal
2866,E-Bike,2.59,5.43,22.52,27.68,99.6,90.1,2,2.9,22.0,26-35,0.76,Hard_Braking
2867,E-Scooter,1.11,7.31,16.92,21.9,57.3,50.3,0,37.7,14.0,18-25,0.907,Normal
2868,E-Scooter,2.22,7.68,20.9,30.7,42.5,36.7,1,8.6,26.7,18-25,0.869,Normal
2869,E-Scooter,3.83,5.21,19.06,20.61,97.6,86.4,2,2.8,18.9,36-45,0.887,Hard_Braking
2870,E-Scooter,1.3,10.52,9.75,16.02,75.8,74.8,2,8.0,26.0,26-35,0.68,Hard_Braking
2871,E-Scooter,0.6,2.0,22.1,30.68,99.3,93.1,2,35.6,30.6,18-25,0.753,Normal
2872,E-Scooter,4.04,15.21,20.49,28.18,62.7,48.6,0,5.0,24.7,18-25,0.788,Normal
2873,E-Scooter,5.18,16.15,19.77,21.64,77.2,60.7,2,44.4,21.8,46-60,0.803,Mechanical_Fault
2874,E-Bike,3.11,14.18,11.37,12.65,38.4,35.6,0,47.3,29.9,46-60,0.897,Normal
2875,E-Scooter,3.59,11.77,18.02,22.65,37.7,32.8,2,18.7,23.5,26-35,0.743,Normal
2876,E-Scooter,5.55,16.42,18.86,27.33,62.6,43.6,1,28.8,24.5,46-60,0.782,Normal
2877,E-Bike,1.23,3.59,14.64,19.34,46.8,48.5,1,2.3,35.5,46-60,0.628,Normal
2878,E-Scooter,3.79,10.96,17.12,21.56,78.1,62.1,3,0.8,7.8,26-35,0.714,Hard_Braking
2879,E-Scooter,2.76,7.97,21.67,26.67,23.7,15.5,1,20.9,36.6,46-60,0.547,Normal
2880,E-Scooter,2.39,8.03,23.66,25.36,71.0,65.7,0,6.3,28.2,36-45,0.742,Normal
2881,E-Bike,2.55,10.23,12.98,15.7,98.3,89.2,3,9.8,38.2,46-60,0.574,Hard_Braking
2882,E-Bike,11.1,31.69,17.8,27.46,44.0,10.7,1,41.6,23.9,18-25,0.577,Mechanical_Fault
2883,E-Bike,2.44,13.11,13.15,20.13,30.8,30.9,2,15.7,20.5,36-45,0.784,Mechanical_Fault
2884,E-Scooter,5.96,18.76,18.44,21.02,53.5,31.9,3,5.0,36.5,36-45,0.749,Normal
2885,E-Scooter,1.53,4.19,19.29,25.04,91.9,85.1,1,9.5,16.2,60+,0.917,Hard_Braking
2886,E-Scooter,9.28,28.18,20.79,23.14,58.8,33.3,1,10.4,36.9,18-25,0.522,Normal
2887,E-Bike,3.33,18.29,11.36,14.19,97.4,89.7,2,39.4,38.3,26-35,0.536,Normal
2888,E-Bike,0.71,2.0,17.18,24.66,54.6,57.2,2,6.9,24.0,36-45,0.472,Hard_Braking
2889,E-Bike,2.33,15.69,8.05,14.36,38.1,31.4,3,18.8,21.6,,0.729,Mechanical_Fault
2890,E-Scooter,3.26,17.03,14.73,22.21,20.1,10.1,2,3.5,22.2,60+,0.641,Battery_Critical
2891,E-Scooter,2.01,5.19,16.85,20.42,97.3,80.8,1,25.1,32.9,60+,0.928,Normal
2892,E-Bike,1.12,8.09,12.47,17.18,46.0,38.2,1,16.1,28.8,36-45,0.673,Normal
2893,E-Scooter,2.24,11.43,19.34,25.52,28.4,22.7,3,10.7,25.1,46-60,0.19,Improper_Parking
2894,E-Bike,1.83,9.13,11.51,12.79,25.0,16.8,1,2.4,21.8,46-60,0.787,Normal
2895,E-Scooter,1.2,2.61,12.7,17.43,84.6,78.5,1,29.7,29.9,60+,0.943,Hard_Braking
2896,E-Scooter,9.28,35.81,14.76,18.32,25.2,0.0,0,17.3,24.3,18-25,0.259,Battery_Critical
2897,E-Bike,2.51,9.71,14.13,19.81,93.7,83.3,1,0.7,17.2,18-25,0.664,Hard_Braking
2898,E-Scooter,0.84,5.43,18.69,30.27,90.0,87.9,2,5.3,23.7,46-60,0.897,Hard_Braking
2899,E-Bike,7.03,28.09,14.03,16.25,27.6,8.3,2,1.3,12.6,26-35,0.861,Battery_Critical
2900,E-Bike,4.21,24.06,10.88,11.06,87.6,73.4,0,48.6,21.7,36-45,0.844,Mechanical_Fault
2901,E-Bike,4.65,17.14,15.02,21.73,99.9,80.9,0,34.5,16.8,18-25,0.808,Normal
2902,E-Scooter,5.21,13.57,25.93,34.35,35.0,22.0,1,0.1,34.4,18-25,0.804,Normal
2903,E-Bike,1.05,8.49,7.95,10.77,64.3,49.7,3,21.0,32.5,26-35,0.833,Hard_Braking
2904,E-Scooter,0.83,2.89,20.76,21.84,68.2,68.2,2,35.1,9.9,36-45,0.743,Hard_Braking
2905,E-Scooter,5.6,39.95,9.36,16.71,88.2,71.4,1,14.3,20.9,18-25,0.596,Normal
2906,E-Scooter,2.49,12.07,9.94,17.69,26.0,19.7,5,24.7,12.3,18-25,0.711,Hard_Braking
2907,E-Scooter,0.63,3.16,14.75,16.97,56.6,56.2,1,13.9,24.3,26-35,0.794,Normal
2908,E-Bike,2.15,4.3,16.94,18.27,68.4,62.5,3,8.4,27.2,60+,0.877,Hard_Braking
2909,E-Bike,0.3,5.0,12.56,17.69,20.1,19.2,0,74.6,16.8,26-35,0.83,Normal
2910,E-Bike,0.52,6.34,9.68,15.02,27.6,26.0,0,0.3,29.1,18-25,0.835,Normal
2911,E-Scooter,1.12,8.19,15.76,18.33,71.2,75.2,2,36.8,17.9,26-35,0.558,Improper_Parking
2912,E-Bike,5.54,27.71,11.42,13.66,83.5,67.7,0,5.4,19.5,36-45,0.788,Normal
2913,E-Scooter,0.3,2.24,18.14,27.71,25.8,27.8,1,52.6,17.4,36-45,0.806,Mechanical_Fault
2914,E-Scooter,8.09,22.95,21.77,24.82,77.1,54.9,3,17.0,32.9,26-35,0.677,Normal
2915,E-Bike,2.38,22.79,8.08,14.32,54.6,44.6,2,5.4,18.3,26-35,0.425,Hard_Braking
2916,E-Bike,2.31,10.27,14.09,14.4,22.5,7.7,0,3.1,26.8,36-45,0.601,Battery_Critical
2917,E-Scooter,4.19,13.13,18.68,23.93,25.2,19.8,1,34.7,17.2,46-60,0.725,Normal
2918,E-Bike,12.85,54.07,14.53,23.57,91.9,47.3,1,7.3,25.9,26-35,0.711,Improper_Parking
2919,E-Scooter,3.74,21.38,12.35,19.33,86.7,71.4,2,6.5,33.9,18-25,0.773,Hard_Braking
2920,E-Scooter,0.9,2.0,18.0,22.82,54.5,51.5,0,2.2,36.3,18-25,0.98,Normal
2921,E-Scooter,5.54,20.07,19.31,29.43,32.1,13.7,2,17.2,28.1,18-25,0.768,Hard_Braking
2922,E-Bike,3.0,17.39,9.85,15.77,34.9,22.5,1,48.8,31.4,36-45,0.932,Battery_Critical
2923,E-Scooter,2.37,5.97,19.42,27.11,24.7,14.1,3,3.3,4.8,18-25,0.86,Hard_Braking
2924,E-Scooter,3.53,16.35,19.31,21.94,50.6,42.3,2,29.4,36.6,36-45,0.795,Mechanical_Fault
2925,E-Scooter,1.12,2.0,21.33,25.95,53.9,49.5,0,6.7,33.6,26-35,0.891,Normal
2926,E-Scooter,6.37,19.06,17.37,22.85,91.3,71.2,1,3.6,26.0,26-35,0.769,Battery_Critical
2927,E-Bike,1.36,9.84,11.11,15.03,45.3,38.2,1,18.5,35.7,26-35,0.9,Normal
2928,E-Bike,5.84,20.47,17.41,18.51,90.4,70.4,2,71.9,27.1,18-25,0.842,Improper_Parking
2929,E-Scooter,4.25,17.2,15.91,20.71,33.9,22.9,2,1.4,26.0,46-60,0.671,Hard_Braking
2930,E-Bike,1.22,7.95,12.7,14.78,90.9,88.0,1,48.5,16.4,18-25,0.765,Mechanical_Fault
2931,E-Scooter,1.61,7.8,13.36,15.28,43.4,31.9,0,36.6,14.3,18-25,0.779,Normal
2932,E-Scooter,3.09,9.38,18.67,26.25,84.9,73.1,5,0.2,8.0,18-25,0.704,Hard_Braking
2933,E-Scooter,0.67,2.0,20.62,26.14,91.3,83.7,0,10.5,25.1,36-45,0.749,Normal
2934,E-Bike,0.97,10.3,11.25,19.23,87.5,80.3,2,19.5,16.1,18-25,0.886,Mechanical_Fault
2935,E-Scooter,2.82,6.42,24.37,25.42,20.0,14.2,0,2.3,34.7,36-45,0.885,Battery_Critical
2936,E-Bike,2.5,12.6,20.76,24.67,69.9,58.9,1,41.2,40.4,26-35,0.613,Normal
2937,E-Scooter,1.37,9.73,12.65,16.0,43.8,41.4,2,34.8,38.5,18-25,0.735,Hard_Braking
2938,E-Bike,6.85,41.55,9.28,11.39,62.8,45.1,4,37.4,28.0,46-60,0.846,Hard_Braking
2939,E-Scooter,3.28,9.24,17.9,22.88,84.2,74.8,1,3.9,24.7,18-25,0.862,Normal
2940,E-Bike,2.38,13.21,15.76,16.97,35.2,29.8,1,3.9,23.0,36-45,0.891,Normal
2941,E-Bike,1.13,7.01,9.6,12.82,84.9,81.1,0,33.7,34.2,26-35,0.51,Mechanical_Fault
2942,E-Bike,3.37,18.99,13.56,20.96,81.8,71.1,2,2.2,38.9,26-35,0.703,Improper_Parking
2943,E-Bike,2.45,16.42,12.15,21.07,79.7,76.0,2,0.8,22.4,26-35,0.529,Normal
2944,E-Scooter,0.6,3.96,23.37,25.01,20.6,22.7,1,27.1,18.5,26-35,0.528,Normal
2945,E-Scooter,0.44,2.0,15.83,17.69,79.0,78.0,1,33.2,35.8,18-25,0.688,Hard_Braking
2946,E-Bike,2.03,10.17,13.0,18.25,61.4,52.6,1,11.6,22.8,26-35,0.824,Normal
2947,E-Bike,6.03,36.7,10.45,20.33,73.7,57.1,1,8.4,38.3,18-25,0.795,Hard_Braking
2948,E-Bike,0.53,2.0,14.35,15.34,57.8,51.7,1,1.7,30.5,36-45,0.922,Normal
2949,E-Bike,5.28,33.78,9.37,16.0,21.8,9.4,0,31.8,22.5,46-60,0.746,Battery_Critical
2950,E-Bike,5.19,34.3,10.45,16.07,45.7,30.6,2,45.5,15.5,18-25,0.666,Normal
2951,E-Scooter,0.82,6.91,16.64,17.6,66.9,68.2,3,49.0,31.6,36-45,0.864,Hard_Braking
2952,E-Bike,7.34,65.16,6.88,7.09,60.8,36.1,0,8.8,35.2,18-25,0.627,Normal
2953,E-Scooter,0.52,2.0,20.62,20.84,28.0,23.6,0,13.2,24.6,36-45,0.702,Normal
2954,E-Scooter,1.02,2.66,21.6,27.17,44.5,39.1,1,8.4,38.9,46-60,0.908,Hard_Braking
2955,E-Scooter,2.41,10.77,11.41,21.69,62.4,47.9,0,22.9,11.5,26-35,0.798,Normal
2956,E-Scooter,3.17,14.4,15.69,24.66,34.3,24.7,1,21.0,32.7,18-25,0.572,Battery_Critical
2957,E-Scooter,3.08,12.87,14.8,21.95,40.9,27.5,2,69.3,28.8,26-35,0.766,Mechanical_Fault
2958,E-Scooter,4.26,18.22,14.97,24.58,33.6,23.0,4,10.0,34.0,26-35,0.909,Hard_Braking
2959,E-Scooter,2.16,8.77,15.38,24.62,31.5,20.1,0,7.4,17.1,26-35,0.616,Normal
2960,E-Scooter,5.05,25.09,12.24,20.06,37.5,21.9,1,12.5,33.1,36-45,0.963,Battery_Critical
2961,E-Scooter,7.19,29.23,15.18,23.76,54.0,33.6,5,1.7,7.8,36-45,0.738,Hard_Braking
2962,E-Scooter,1.18,2.0,20.21,23.27,94.9,91.9,2,20.1,24.4,18-25,0.939,Hard_Braking
2963,E-Scooter,2.34,8.65,14.72,23.56,90.6,86.6,3,13.1,23.2,18-25,0.769,Hard_Braking
2964,E-Scooter,0.61,6.42,14.13,20.82,42.8,45.5,0,1.8,22.1,26-35,0.805,Normal
2965,E-Scooter,0.51,2.0,12.3,19.25,22.6,23.6,0,2.9,35.0,26-35,0.756,Normal
2966,E-Bike,4.0,20.17,11.5,16.01,21.9,18.1,0,23.5,20.3,46-60,0.876,Normal
2967,E-Scooter,1.63,7.21,14.7,16.26,49.9,45.4,1,71.9,17.3,36-45,0.937,Normal
2968,E-Scooter,0.3,2.0,15.75,16.62,39.7,36.9,2,15.2,6.9,36-45,0.817,Normal
2969,E-Scooter,1.12,2.0,16.84,18.38,63.9,65.8,2,59.0,31.7,26-35,0.754,Normal
2970,E-Scooter,1.99,3.78,14.84,20.23,83.0,78.3,0,41.8,19.0,26-35,0.82,Normal
2971,E-Bike,0.97,8.44,10.88,19.18,51.4,50.6,2,14.4,26.3,18-25,0.742,Hard_Braking
2972,E-Scooter,1.87,7.51,13.33,15.07,99.6,98.5,2,0.2,29.0,60+,0.58,Hard_Braking
2973,E-Bike,4.08,14.38,16.49,19.87,35.6,28.6,1,52.7,39.0,60+,0.799,Mechanical_Fault
2974,E-Bike,12.71,52.41,15.56,28.3,59.1,23.3,1,0.3,24.6,26-35,0.857,Mechanical_Fault
2975,E-Bike,3.11,9.23,14.59,20.41,24.4,16.6,0,6.6,24.9,18-25,0.537,Normal
2976,E-Scooter,3.68,7.85,23.8,28.68,24.7,11.4,1,22.8,14.2,18-25,0.928,Normal
2977,E-Scooter,5.17,24.25,16.44,19.95,73.9,59.4,2,6.3,42.0,60+,0.922,Improper_Parking
2978,E-Bike,2.69,14.97,11.37,17.48,60.9,51.8,3,1.6,27.8,26-35,0.426,Hard_Braking
2979,E-Scooter,3.28,6.97,20.05,29.46,34.2,32.4,1,56.6,23.2,26-35,0.789,Normal
2980,E-Scooter,1.41,4.44,14.58,17.21,55.3,41.9,1,6.4,25.2,46-60,0.846,Normal
2981,E-Scooter,5.52,16.88,20.04,28.53,57.2,35.0,1,5.3,14.9,18-25,0.633,Normal
2982,E-Bike,3.59,34.12,7.04,14.35,30.4,24.8,1,32.5,19.9,26-35,0.704,Normal
2983,E-Scooter,5.62,19.94,16.88,23.11,28.7,9.8,3,5.6,18.4,18-25,0.655,Battery_Critical
2984,E-Scooter,1.08,5.13,12.8,15.5,99.9,100.0,2,13.5,16.1,18-25,0.684,Normal
2985,E-Bike,3.74,17.27,12.48,15.99,99.7,86.6,4,19.9,31.0,26-35,0.63,Hard_Braking
2986,E-Scooter,2.59,5.57,19.61,22.16,96.6,91.0,1,33.8,35.8,18-25,0.865,Mechanical_Fault
2987,E-Bike,4.29,26.26,10.6,18.56,23.3,20.2,0,28.4,22.3,18-25,0.846,Normal
2988,E-Bike,3.59,12.44,18.3,19.2,38.7,21.6,3,20.4,7.6,26-35,0.789,Hard_Braking
2989,E-Scooter,2.92,4.76,19.32,24.63,22.6,6.1,5,16.5,21.3,18-25,0.525,Hard_Braking
2990,E-Scooter,1.17,8.74,22.83,28.52,85.4,81.6,0,0.3,17.1,18-25,0.797,Normal
2991,E-Scooter,5.75,27.04,13.54,20.73,86.5,65.7,1,6.5,26.3,36-45,0.783,Normal
2992,E-Bike,4.07,17.28,13.95,15.65,39.9,20.3,1,58.4,29.1,46-60,0.683,Normal
2993,E-Scooter,1.3,4.25,15.0,19.47,99.8,96.4,0,18.1,35.6,18-25,0.665,Normal
2994,E-Scooter,1.56,6.92,16.16,24.27,31.9,29.4,1,16.6,28.9,26-35,0.573,Normal
2995,E-Scooter,3.68,15.92,13.59,21.33,49.7,41.5,2,1.2,35.1,26-35,0.687,Normal
2996,E-Bike,8.22,33.0,14.82,17.6,58.9,37.9,2,9.7,11.9,18-25,0.636,Normal
2997,E-Bike,0.3,3.63,9.08,15.18,73.7,77.2,2,17.9,34.7,26-35,0.867,Hard_Braking
2998,E-Bike,1.22,5.83,13.34,23.6,23.3,18.2,2,5.6,15.4,36-45,0.961,Battery_Critical
2999,E-Bike,1.46,2.0,16.66,17.07,72.0,60.9,0,54.4,20.0,26-35,0.651,Normal
3000,E-Scooter,1.22,4.31,21.0,27.64,82.5,79.3,3,4.2,14.0,18-25,0.411,Improper_Parking
3001,E-Scooter,7.07,27.76,16.99,19.48,92.8,72.3,1,5.9,28.5,36-45,0.42,Improper_Parking
3002,E-Scooter,1.7,3.95,19.25,25.83,68.8,61.9,1,19.5,26.2,26-35,0.754,Hard_Braking
3003,E-Bike,5.13,31.58,9.1,13.73,90.8,80.3,0,24.8,21.1,18-25,0.864,Normal
3004,E-Scooter,14.0,45.24,18.21,20.04,31.2,0.0,0,13.7,32.3,26-35,0.894,Battery_Critical
3005,E-Scooter,2.25,8.13,11.05,17.24,78.0,78.9,0,8.4,22.1,26-35,0.832,Normal
3006,E-Bike,3.86,11.4,14.83,20.65,86.1,78.1,1,17.2,17.9,18-25,0.764,Normal
3007,E-Scooter,6.97,28.81,15.74,22.84,59.4,43.5,3,0.4,7.3,26-35,0.814,Hard_Braking
3008,E-Bike,6.99,33.53,12.54,15.17,73.2,55.6,0,40.2,14.8,18-25,0.41,Improper_Parking
3009,E-Scooter,3.86,17.26,18.85,26.21,84.1,75.3,1,7.9,42.0,36-45,0.824,Normal
3010,E-Bike,2.96,18.78,12.65,15.11,77.1,73.3,0,19.2,24.9,18-25,0.933,Normal
3011,E-Scooter,4.78,25.68,14.57,17.56,59.5,43.4,4,0.2,10.4,46-60,0.636,Hard_Braking
3012,E-Bike,4.32,17.17,16.84,20.84,41.3,20.8,0,51.4,19.8,26-35,0.684,Normal
3013,E-Bike,0.65,4.06,10.15,10.54,22.0,21.1,1,21.1,14.1,36-45,0.789,Normal
3014,E-Bike,2.19,12.49,12.0,12.85,49.7,49.3,0,7.7,27.4,46-60,0.611,Normal
3015,E-Scooter,1.38,6.11,12.56,22.2,77.6,73.4,0,41.4,22.2,36-45,0.757,Battery_Critical
3016,E-Scooter,10.4,36.49,17.38,21.96,28.5,0.0,2,3.5,29.8,46-60,0.589,Battery_Critical
3017,E-Scooter,1.21,8.97,9.56,15.28,38.7,36.6,1,12.7,22.9,36-45,0.806,Normal
3018,E-Scooter,2.61,14.34,13.82,18.26,77.9,76.6,1,2.4,36.0,36-45,0.579,Normal
3019,E-Scooter,2.09,8.7,15.97,20.79,71.2,67.9,0,18.8,29.5,26-35,0.591,Improper_Parking
3020,E-Scooter,1.86,2.0,18.59,20.49,97.6,91.8,3,50.7,30.5,18-25,0.775,Hard_Braking
3021,E-Bike,3.74,27.23,11.85,17.8,62.1,53.1,1,11.5,29.7,18-25,0.872,Normal
3022,E-Scooter,3.75,16.72,13.05,19.88,20.9,13.7,3,29.1,26.3,26-35,0.862,Battery_Critical
3023,E-Scooter,3.29,9.58,15.3,21.33,38.2,26.3,1,4.7,23.7,26-35,0.786,Normal
3024,E-Bike,3.66,19.61,9.45,17.16,61.3,52.2,1,1.6,37.8,26-35,0.373,Improper_Parking
3025,E-Scooter,3.98,23.06,12.66,21.09,53.4,42.6,2,14.7,24.2,18-25,0.69,Hard_Braking
3026,E-Scooter,1.32,6.49,10.32,11.27,93.8,89.2,2,35.3,27.9,18-25,0.459,Normal
3027,E-Bike,0.35,4.08,14.94,24.92,28.4,25.8,2,35.5,16.1,26-35,0.735,Normal
3028,E-Scooter,2.67,10.27,13.22,17.07,96.2,83.6,0,0.8,36.7,26-35,0.824,Normal
3029,E-Bike,5.03,30.18,10.69,12.02,32.3,12.7,2,5.4,21.4,36-45,0.752,Battery_Critical
3030,E-Bike,0.33,3.59,9.42,15.75,37.5,36.6,2,3.1,8.5,18-25,0.417,Improper_Parking
3031,E-Bike,7.45,27.96,16.99,19.98,83.9,60.2,1,30.1,35.7,18-25,0.889,Normal
3032,E-Bike,0.47,2.0,14.44,19.01,24.2,14.2,5,7.1,19.5,18-25,0.855,Hard_Braking
3033,E-Scooter,4.3,3.08,20.08,24.91,23.1,8.6,1,0.8,22.2,26-35,0.786,Battery_Critical
3034,E-Bike,5.47,24.76,11.85,21.6,94.6,77.2,0,70.0,23.5,26-35,0.791,Normal
3035,E-Scooter,2.14,7.84,21.29,24.56,71.8,75.2,2,7.9,33.6,26-35,0.821,Normal
3036,E-Scooter,4.32,8.99,18.19,22.85,89.8,65.5,2,14.6,19.0,46-60,0.775,Normal
3037,E-Scooter,4.78,9.8,22.75,26.0,54.3,39.7,1,22.5,29.0,36-45,0.613,Normal
3038,E-Scooter,2.65,9.05,15.6,19.14,23.8,19.1,1,6.7,24.2,46-60,0.651,Normal
3039,E-Bike,1.38,9.08,13.12,16.91,56.2,54.2,1,11.7,10.1,26-35,0.493,Hard_Braking
3040,E-Scooter,5.47,19.65,17.89,26.8,79.8,65.1,1,20.4,22.2,26-35,0.495,Normal
3041,E-Scooter,2.18,5.38,16.25,24.44,63.3,62.3,1,8.5,24.4,26-35,0.614,Normal
3042,E-Bike,5.03,24.1,14.21,18.58,38.1,22.8,2,2.5,26.0,18-25,0.84,Mechanical_Fault
3043,E-Scooter,7.8,25.8,19.32,25.31,71.0,49.6,3,6.0,28.2,60+,0.631,Hard_Braking
3044,E-Bike,5.64,23.92,11.89,14.73,38.5,23.7,1,37.6,18.6,18-25,0.815,Normal
3045,E-Scooter,0.8,7.64,15.99,26.58,50.6,50.2,0,35.6,33.1,46-60,0.714,Normal
3046,E-Bike,2.77,16.13,9.47,15.95,79.3,73.3,1,4.8,37.6,18-25,0.557,Normal
3047,E-Scooter,4.39,15.29,18.27,19.12,99.6,83.4,2,22.9,22.3,18-25,0.745,Mechanical_Fault
3048,E-Bike,2.07,15.54,14.46,24.58,22.1,15.5,4,17.2,25.2,46-60,0.559,Hard_Braking
3049,E-Scooter,1.86,2.39,24.84,26.62,44.1,39.8,2,10.7,16.1,18-25,0.819,Battery_Critical
3050,E-Scooter,6.02,32.43,10.15,17.82,63.9,44.1,2,2.9,8.9,18-25,0.875,Normal
3051,E-Bike,4.22,16.04,15.94,23.9,83.1,74.6,0,12.0,32.5,36-45,0.795,Normal
3052,E-Scooter,10.47,27.52,20.41,27.94,97.3,68.4,1,45.6,7.3,26-35,0.868,Normal
3053,E-Scooter,4.34,28.99,9.23,11.71,66.0,54.0,0,20.7,25.7,26-35,0.759,Normal
3054,E-Bike,1.75,2.66,13.85,23.6,31.6,28.7,2,24.9,12.4,18-25,0.644,Hard_Braking
3055,E-Scooter,2.79,27.8,6.49,13.93,92.3,83.1,1,1.2,26.3,36-45,0.647,Normal
3056,E-Bike,1.61,12.53,10.65,12.18,71.5,62.4,1,11.4,26.0,36-45,0.744,Normal
3057,E-Bike,4.64,18.17,13.28,20.46,68.6,54.0,1,23.9,17.5,18-25,0.52,Normal
3058,E-Bike,6.8,28.0,13.85,16.87,64.9,54.3,0,3.1,32.2,18-25,0.685,Normal
3059,E-Scooter,4.58,16.93,19.99,24.07,97.6,85.0,2,16.3,32.0,26-35,0.786,Normal
3060,E-Bike,1.91,14.85,10.16,12.14,31.2,26.1,5,14.9,34.1,18-25,0.93,Hard_Braking
3061,E-Scooter,2.56,6.99,14.58,21.48,82.1,73.7,3,42.3,42.0,18-25,0.858,Hard_Braking
3062,E-Bike,3.02,15.85,11.35,20.89,82.4,78.3,1,21.9,27.5,18-25,0.661,Normal
3063,E-Bike,8.53,40.68,13.57,13.66,47.5,24.5,0,1.2,11.4,26-35,0.465,Normal
3064,E-Bike,1.34,9.51,8.8,16.5,30.2,33.2,2,42.3,23.2,26-35,0.722,Normal
3065,E-Bike,6.3,26.39,14.3,17.22,78.9,60.0,2,8.2,29.9,36-45,0.745,Hard_Braking
3066,E-Scooter,6.07,40.41,8.89,18.15,56.7,36.7,2,36.0,35.2,18-25,0.737,Mechanical_Fault
3067,E-Scooter,5.32,7.57,25.42,30.37,64.3,50.3,1,2.5,29.7,26-35,0.741,Normal
3068,E-Bike,0.3,2.0,15.65,17.36,69.2,72.0,3,5.4,28.3,26-35,0.666,Hard_Braking
3069,E-Bike,3.64,27.96,8.49,15.16,91.6,78.9,0,14.3,30.6,26-35,0.839,Normal
3070,E-Bike,4.12,8.64,19.58,23.9,20.7,8.3,1,2.6,34.0,18-25,0.833,Battery_Critical
3071,E-Scooter,3.38,7.42,24.49,30.99,63.8,58.1,0,33.0,17.3,18-25,0.573,Normal
3072,E-Scooter,4.28,16.3,16.8,27.76,73.7,62.6,2,0.3,26.2,18-25,0.655,Hard_Braking
3073,E-Bike,1.47,8.51,16.8,26.78,30.6,30.7,0,3.4,25.5,36-45,0.895,Normal
3074,E-Bike,0.99,4.95,13.63,22.57,85.0,83.5,1,10.7,22.5,60+,0.939,Normal
3075,E-Bike,0.61,5.93,9.0,16.93,95.8,90.4,2,0.4,18.0,18-25,0.768,Normal
3076,E-Scooter,1.12,8.36,14.97,19.96,65.5,61.7,4,3.4,25.6,26-35,0.936,Hard_Braking
3077,E-Bike,2.76,12.81,11.63,14.83,58.3,40.7,2,27.1,21.5,36-45,0.58,Battery_Critical
3078,E-Scooter,4.63,18.69,19.71,22.36,88.8,78.0,2,16.8,32.9,26-35,0.852,Battery_Critical
3079,E-Bike,5.67,30.82,10.46,17.17,78.7,66.2,0,52.5,31.3,26-35,0.781,Normal
3080,E-Scooter,5.17,19.09,17.71,18.48,49.9,31.2,2,14.7,30.5,18-25,0.64,Battery_Critical
3081,E-Bike,2.78,12.89,14.55,16.63,54.4,40.4,3,71.4,25.2,26-35,0.891,Mechanical_Fault
3082,E-Scooter,1.0,4.04,10.05,13.57,65.4,65.7,0,12.0,35.5,26-35,0.909,Normal
3083,E-Bike,10.56,77.94,8.36,20.08,43.7,12.5,1,10.0,4.0,26-35,0.851,Normal
3084,E-Scooter,1.51,2.11,25.47,29.6,60.8,59.8,1,9.1,24.0,18-25,0.997,Hard_Braking
3085,E-Scooter,2.15,9.95,17.3,21.6,60.5,48.4,0,66.3,11.3,60+,0.703,Normal
3086,E-Scooter,2.3,6.66,16.56,18.29,44.6,34.6,1,36.6,20.3,60+,0.875,Normal
3087,E-Bike,3.18,23.08,9.2,13.26,46.6,39.9,1,20.5,40.4,46-60,0.797,Normal
3088,E-Bike,1.99,11.48,15.78,22.21,75.7,81.9,0,4.9,16.7,18-25,0.826,Normal
3089,E-Scooter,2.76,9.05,16.67,25.81,94.7,85.1,0,7.2,38.9,46-60,0.874,Normal
3090,E-Scooter,1.89,2.0,21.46,24.77,33.1,32.9,2,4.9,25.2,18-25,0.659,Mechanical_Fault
3091,E-Bike,2.58,14.92,10.16,18.05,28.5,27.4,0,33.3,9.9,18-25,0.869,Normal
3092,E-Scooter,7.29,26.39,22.59,30.74,21.9,0.0,1,11.7,23.2,18-25,0.723,Battery_Critical
3093,E-Scooter,2.99,6.88,17.8,24.17,27.8,18.1,4,2.8,40.7,18-25,0.831,Improper_Parking
3094,E-Bike,9.58,63.53,9.48,19.91,21.1,0.0,3,5.9,24.3,26-35,0.773,Battery_Critical
3095,E-Bike,0.45,2.48,15.07,19.84,65.8,67.8,0,37.7,22.7,36-45,0.772,Normal
3096,E-Scooter,1.88,12.23,13.22,16.76,99.2,93.5,1,12.0,42.0,26-35,0.901,Normal
3097,E-Bike,3.82,14.16,14.64,22.94,59.6,48.0,0,32.6,21.6,18-25,0.483,Normal
3098,E-Bike,5.52,17.14,16.75,20.91,38.8,19.4,1,16.2,26.8,46-60,0.728,Normal
3099,E-Scooter,9.13,36.31,15.07,18.09,89.0,59.7,1,2.3,22.8,26-35,0.906,Mechanical_Fault
3100,E-Scooter,10.25,22.28,23.88,29.86,69.1,38.4,0,29.2,28.2,36-45,0.749,Normal
3101,E-Scooter,5.47,29.4,11.59,15.75,78.1,64.4,1,21.6,25.0,26-35,0.44,Hard_Braking
3102,E-Bike,2.92,13.95,12.04,19.42,21.5,14.9,2,0.1,31.3,18-25,0.954,Battery_Critical
3103,E-Bike,3.79,12.07,16.67,70.55,70.2,60.5,1,52.6,29.1,26-35,0.816,Normal
3104,E-Scooter,4.26,26.02,12.58,22.59,97.4,85.4,2,26.6,24.8,18-25,0.197,Improper_Parking
3105,E-Scooter,1.01,4.97,9.7,16.21,74.9,73.0,0,8.1,24.8,46-60,0.938,Normal
3106,E-Scooter,2.57,9.19,11.24,16.76,91.1,84.3,2,14.7,29.4,26-35,0.94,Normal
3107,E-Scooter,0.74,2.88,15.86,26.44,23.4,18.7,0,20.1,30.2,18-25,0.903,Normal
3108,E-Bike,10.44,36.79,17.23,26.2,70.3,36.2,2,2.9,25.0,36-45,0.71,Mechanical_Fault
3109,E-Scooter,11.39,40.19,16.91,18.77,95.0,52.9,1,2.8,29.3,46-60,0.895,Normal
3110,E-Scooter,3.45,11.13,12.77,21.8,54.5,34.6,0,3.3,26.2,36-45,0.969,Battery_Critical
3111,E-Bike,1.24,6.76,8.72,14.36,39.4,35.6,2,22.2,39.3,18-25,0.789,Normal
3112,E-Scooter,1.27,2.0,25.54,30.49,61.3,59.6,2,4.7,15.6,36-45,0.548,Hard_Braking
3113,E-Bike,2.18,14.92,9.52,11.39,73.9,66.0,2,9.7,17.6,46-60,0.736,Mechanical_Fault
3114,E-Bike,10.88,51.36,12.52,17.93,84.0,54.0,0,1.6,20.6,36-45,0.828,Normal
3115,E-Scooter,2.82,11.66,13.4,20.91,77.0,75.7,1,12.2,28.8,46-60,0.725,Hard_Braking
3116,E-Scooter,4.38,8.68,19.18,25.19,53.0,35.7,0,4.5,30.9,36-45,0.853,Normal
3117,E-Scooter,1.97,9.09,10.41,14.26,55.5,44.1,3,25.3,21.4,18-25,0.718,Hard_Braking
3118,E-Bike,4.83,25.76,10.41,16.79,90.6,75.2,1,0.8,27.6,26-35,0.967,Normal
3119,E-Scooter,1.22,6.68,21.53,27.56,36.3,29.0,1,134.9,20.1,18-25,0.931,Normal
3120,E-Scooter,2.65,10.15,19.79,21.4,79.8,71.3,3,22.3,23.2,18-25,0.64,Normal
3121,E-Scooter,5.79,20.71,18.47,21.97,78.2,62.9,2,12.5,12.9,18-25,0.816,Improper_Parking
3122,E-Bike,1.8,12.56,9.51,17.16,49.2,40.7,1,7.7,24.1,36-45,0.839,Normal
3123,E-Scooter,3.91,14.17,14.1,23.72,86.9,84.3,0,0.9,27.6,18-25,0.507,Normal
3124,E-Bike,2.99,27.86,6.94,13.54,49.3,36.2,0,12.7,31.7,36-45,0.883,Normal
3125,E-Scooter,9.84,32.24,17.34,24.7,53.7,24.8,1,69.6,9.6,18-25,0.501,Mechanical_Fault
3126,E-Bike,1.77,10.21,10.1,11.46,80.8,66.0,0,1.0,28.0,18-25,0.879,Normal
3127,E-Scooter,10.4,22.77,26.15,30.83,90.2,52.9,2,30.7,15.7,18-25,0.61,Hard_Braking
3128,E-Bike,3.33,19.1,11.43,20.03,55.0,47.2,2,27.9,25.8,26-35,0.703,Normal
3129,E-Scooter,8.96,38.31,15.73,21.6,64.8,37.0,2,6.3,30.7,18-25,0.863,Hard_Braking
3130,E-Scooter,8.9,25.42,20.78,23.71,52.9,29.0,2,38.9,25.8,46-60,0.896,Improper_Parking
3131,E-Bike,8.37,39.15,13.57,21.82,33.2,0.2,2,4.5,25.3,60+,0.889,Battery_Critical
3132,E-Scooter,0.45,6.35,14.75,24.06,83.1,74.5,2,6.9,23.5,36-45,0.54,Normal
3133,E-Scooter,1.61,3.03,18.86,23.08,98.9,91.7,2,19.1,26.3,26-35,0.721,Hard_Braking
3134,E-Bike,1.26,4.42,11.67,13.39,34.5,27.3,2,14.2,17.1,18-25,0.602,Normal
3135,E-Scooter,5.87,14.21,22.34,29.42,47.6,28.1,1,27.2,24.7,36-45,0.679,Hard_Braking
3136,E-Scooter,6.28,28.55,12.76,17.26,94.9,74.6,2,7.7,20.0,18-25,0.933,Hard_Braking
3137,E-Scooter,4.79,14.72,18.83,28.41,75.6,59.9,0,11.1,6.4,36-45,0.78,Normal
3138,E-Bike,2.74,19.26,15.22,19.34,21.4,12.2,0,34.2,22.4,26-35,0.761,Battery_Critical
3139,E-Scooter,4.25,18.23,17.03,19.82,88.4,76.9,1,7.2,27.8,18-25,0.778,Normal
3140,E-Scooter,9.5,22.71,23.72,28.28,72.1,37.7,3,47.1,26.6,26-35,0.812,Hard_Braking
3141,E-Scooter,2.29,9.22,23.75,26.68,58.4,46.9,1,20.4,31.5,26-35,0.664,Normal
3142,E-Scooter,5.57,16.17,20.08,25.1,90.8,73.6,2,23.9,11.7,18-25,0.551,Normal
3143,E-Bike,2.58,9.47,14.41,21.84,35.1,32.7,1,7.7,36.0,26-35,0.908,Normal
3144,E-Bike,2.95,9.56,15.13,19.52,47.1,43.1,1,21.2,6.2,18-25,0.873,Normal
3145,E-Scooter,0.44,2.0,12.46,20.1,55.4,52.6,0,18.2,38.2,18-25,0.834,Normal
3146,E-Bike,6.45,28.84,15.67,19.74,99.9,76.9,2,8.9,32.2,46-60,0.813,Hard_Braking
3147,E-Scooter,3.67,14.76,17.47,22.4,37.1,29.0,0,5.1,17.0,18-25,0.486,Normal
3148,E-Scooter,0.78,2.0,19.63,25.57,33.9,34.2,1,23.8,25.5,18-25,0.893,Normal
3149,E-Scooter,3.2,15.17,18.79,24.33,33.7,21.2,1,25.3,7.4,18-25,0.939,Normal
3150,E-Scooter,4.39,15.8,17.29,17.29,48.8,34.5,2,14.3,26.6,18-25,0.471,Battery_Critical
3151,E-Scooter,14.0,71.68,12.09,20.74,76.2,37.3,2,39.3,27.4,46-60,0.767,Battery_Critical
3152,E-Scooter,0.55,2.0,22.67,29.53,45.4,49.9,1,94.2,21.4,18-25,0.771,Normal
3153,E-Scooter,1.08,2.0,18.77,25.59,80.1,77.4,1,22.6,28.3,18-25,0.555,Normal
3154,E-Scooter,3.24,2.0,24.4,30.39,94.1,86.6,3,83.7,30.3,36-45,0.924,Hard_Braking
3155,E-Bike,3.37,13.63,12.41,24.33,61.4,57.7,1,61.0,30.0,26-35,0.705,Normal
3156,E-Scooter,2.91,13.21,12.81,19.3,63.0,60.2,3,27.1,29.7,18-25,0.93,Mechanical_Fault
3157,E-Scooter,1.24,5.39,14.0,15.78,70.0,75.3,1,47.7,28.0,46-60,0.483,Normal
3158,E-Bike,2.73,8.63,13.69,21.02,76.7,70.4,0,1.7,30.4,26-35,0.568,Normal
3159,E-Scooter,3.24,19.58,10.89,11.72,86.4,69.0,2,21.4,28.4,18-25,0.851,Hard_Braking
3160,E-Scooter,8.1,20.38,21.77,27.11,94.5,72.5,0,14.0,17.8,18-25,0.939,Normal
3161,E-Scooter,2.4,13.8,11.33,16.91,36.3,19.3,2,6.9,14.8,60+,0.531,Normal
3162,E-Bike,3.31,2.68,22.58,27.7,56.5,43.1,2,0.9,20.4,26-35,0.624,Hard_Braking
3163,E-Bike,3.13,19.5,10.83,14.68,61.6,50.8,0,31.1,12.9,36-45,0.984,Normal
3164,E-Bike,0.74,3.93,11.41,13.24,94.1,89.1,2,28.9,25.0,36-45,0.909,Normal
3165,E-Bike,4.07,18.89,12.62,21.54,64.6,47.9,0,59.5,36.6,18-25,0.694,Mechanical_Fault
3166,E-Scooter,3.05,5.21,20.94,22.85,49.6,40.0,1,63.7,42.0,26-35,0.879,Battery_Critical
3167,E-Scooter,6.88,23.11,17.86,18.19,34.0,3.8,1,31.8,9.1,26-35,0.531,Battery_Critical
3168,E-Bike,2.1,13.02,8.31,13.89,25.4,22.9,4,8.9,13.0,26-35,0.832,Hard_Braking
3169,E-Scooter,1.7,11.93,7.72,11.72,22.1,15.0,0,2.0,11.2,46-60,0.627,Normal
3170,E-Scooter,5.97,21.52,16.3,20.34,35.5,22.5,1,54.6,22.7,18-25,0.881,Normal
3171,E-Scooter,4.45,10.27,20.99,23.63,84.2,74.7,2,77.6,24.2,46-60,0.821,Mechanical_Fault
3172,E-Bike,1.63,6.19,16.63,21.9,45.2,41.4,1,12.1,33.8,18-25,0.912,Mechanical_Fault
3173,E-Bike,7.28,35.04,13.66,20.85,35.0,5.5,2,5.2,32.3,26-35,0.865,Battery_Critical
3174,E-Bike,0.31,2.51,16.74,16.93,36.0,27.8,3,73.9,22.7,60+,0.618,Hard_Braking
3175,E-Scooter,3.16,13.67,14.53,18.81,96.8,85.6,2,21.5,35.1,18-25,0.979,Improper_Parking
3176,E-Scooter,1.81,7.12,11.42,17.17,22.4,24.1,0,49.2,24.4,18-25,0.717,Normal
3177,E-Bike,2.09,14.97,9.51,17.78,86.4,82.4,0,4.7,27.9,46-60,0.524,Normal
3178,E-Scooter,1.42,8.64,20.58,20.71,59.3,55.9,4,58.2,23.0,26-35,0.821,Hard_Braking
3179,E-Bike,5.42,30.8,10.45,14.07,96.3,82.2,0,14.1,27.6,36-45,0.595,Normal
3180,E-Scooter,1.55,8.62,17.69,22.3,80.1,78.8,4,14.6,17.7,18-25,0.825,Hard_Braking
3181,E-Scooter,5.55,25.15,14.65,19.05,81.2,69.2,1,0.5,25.6,,0.918,Battery_Critical
3182,E-Scooter,2.7,13.21,18.19,23.06,26.8,12.5,1,2.0,21.3,18-25,0.662,Battery_Critical
3183,E-Bike,0.69,2.05,11.27,19.4,76.7,77.8,2,22.7,4.7,60+,0.567,Normal
3184,E-Scooter,4.38,18.25,18.96,25.2,41.9,30.7,0,7.0,32.4,26-35,0.974,Normal
3185,E-Scooter,5.01,12.68,22.95,29.11,33.6,22.4,0,1.5,23.3,46-60,0.845,Normal
3186,E-Bike,5.38,15.37,17.85,27.14,79.8,68.7,0,0.5,10.1,18-25,0.676,Normal
3187,E-Scooter,4.5,14.88,15.87,23.63,96.9,90.3,1,15.4,5.7,36-45,0.76,Normal
3188,E-Scooter,3.16,7.04,20.84,26.99,36.7,30.7,1,4.4,22.8,26-35,0.558,Battery_Critical
3189,E-Scooter,2.46,4.89,14.2,19.07,47.4,41.8,0,61.6,21.6,26-35,0.534,Normal
3190,E-Scooter,2.06,5.6,20.99,27.62,46.1,41.3,3,19.7,24.8,18-25,0.783,Hard_Braking
3191,E-Bike,0.67,10.06,11.63,18.87,63.7,59.3,2,3.0,37.6,18-25,0.85,Hard_Braking
3192,E-Scooter,5.32,38.57,9.21,17.48,96.0,77.0,0,7.7,18.1,18-25,0.699,Normal
3193,E-Scooter,3.43,23.4,7.44,8.85,27.2,14.9,2,21.2,22.1,26-35,0.68,Hard_Braking
3194,E-Bike,2.81,13.09,8.79,19.98,61.0,51.5,2,21.4,26.2,46-60,0.793,Battery_Critical
3195,E-Bike,7.97,31.17,15.14,18.47,43.7,28.6,1,19.7,15.0,26-35,0.435,Improper_Parking
3196,E-Bike,3.45,24.91,8.77,19.88,57.7,48.1,1,45.8,29.9,18-25,0.871,Hard_Braking
3197,E-Scooter,0.76,2.0,18.31,27.47,88.2,79.5,0,6.2,27.6,18-25,0.865,Normal
3198,E-Scooter,5.34,19.29,18.54,20.86,38.0,16.6,0,3.1,31.5,46-60,0.923,Normal
3199,E-Scooter,0.89,2.0,20.72,20.93,23.5,24.2,2,5.3,14.0,36-45,0.788,Normal
3200,E-Bike,4.53,17.99,12.55,16.16,79.5,64.7,2,9.4,29.3,36-45,0.603,Normal
3201,E-Bike,0.33,2.39,10.96,11.69,65.6,69.8,3,13.2,20.1,36-45,0.841,Hard_Braking
3202,E-Bike,4.53,15.03,15.06,20.55,33.3,26.7,2,60.7,28.5,36-45,0.794,Mechanical_Fault
3203,E-Scooter,2.65,8.98,14.92,17.53,63.2,58.9,1,2.1,26.6,26-35,0.894,Normal
3204,E-Bike,3.64,18.43,10.73,11.1,64.8,52.4,1,15.2,23.1,18-25,0.787,Normal
3205,E-Scooter,3.99,16.12,12.15,17.12,69.7,56.2,1,19.9,25.5,46-60,0.686,Normal
3206,E-Scooter,3.72,17.37,12.98,15.0,83.3,76.9,1,8.0,16.1,18-25,0.558,Hard_Braking
3207,E-Scooter,1.28,5.15,22.1,23.69,32.3,29.9,1,23.7,17.8,36-45,0.872,Hard_Braking
3208,E-Scooter,6.77,36.64,11.15,15.57,64.7,49.5,2,24.0,27.3,26-35,0.494,Battery_Critical
3209,E-Scooter,4.6,17.42,17.47,21.3,54.1,39.6,0,9.9,33.6,36-45,0.625,Normal
3210,E-Scooter,7.61,35.92,13.16,17.84,62.6,44.1,3,8.5,15.8,46-60,0.506,Hard_Braking
3211,E-Scooter,1.8,11.15,11.14,18.24,62.5,54.1,4,25.8,33.6,18-25,0.738,Hard_Braking
3212,E-Scooter,2.49,5.02,16.26,20.62,42.9,34.9,1,102.9,29.3,26-35,0.87,Mechanical_Fault
3213,E-Bike,2.99,9.83,12.86,16.86,92.5,77.8,1,17.7,32.3,18-25,0.69,Normal
3214,E-Scooter,6.57,20.22,17.63,24.37,72.9,48.5,2,25.4,28.9,36-45,0.361,Improper_Parking
3215,E-Scooter,0.7,2.0,13.26,19.79,78.5,73.0,2,24.1,28.4,18-25,0.68,Mechanical_Fault
3216,E-Scooter,5.63,31.3,11.55,21.14,81.0,58.2,2,7.0,27.6,26-35,0.916,Hard_Braking
3217,E-Scooter,0.58,6.75,18.95,25.64,62.2,60.4,2,9.9,35.3,36-45,0.873,Normal
3218,E-Bike,3.51,6.57,16.74,22.52,82.1,71.5,1,11.6,24.9,26-35,0.866,Normal
3219,E-Scooter,5.85,15.38,19.46,20.93,79.9,65.0,3,4.2,11.8,18-25,0.791,Normal
3220,E-Bike,7.54,28.97,13.91,15.92,34.7,8.0,1,17.5,17.6,46-60,0.814,Battery_Critical
3221,E-Scooter,2.02,5.53,22.29,32.68,43.0,40.3,3,53.0,11.0,18-25,0.758,Hard_Braking
3222,E-Scooter,4.47,17.57,21.85,31.82,28.4,18.9,1,1.8,10.2,36-45,0.82,Normal
3223,E-Scooter,4.28,17.01,15.04,21.06,87.3,65.8,1,11.4,21.6,46-60,0.713,Improper_Parking
3224,E-Scooter,3.25,13.01,19.46,24.15,42.1,31.0,2,9.5,31.3,26-35,0.773,Battery_Critical
3225,E-Scooter,0.7,3.97,15.87,21.83,88.0,85.6,0,54.2,14.0,18-25,0.873,Normal
3226,E-Scooter,1.04,2.0,21.34,21.89,77.4,72.8,5,3.4,19.2,18-25,0.91,Hard_Braking
3227,E-Bike,1.61,2.0,12.36,19.2,89.4,82.7,1,28.3,20.2,18-25,0.803,Normal
3228,E-Scooter,1.6,7.2,14.33,17.73,90.3,83.4,0,3.9,38.4,26-35,0.597,Normal
3229,E-Bike,11.58,33.03,19.39,25.11,32.9,0.0,2,19.2,20.0,26-35,0.784,Battery_Critical
3230,E-Scooter,13.47,51.24,15.73,20.94,54.2,11.6,1,29.0,39.1,18-25,0.58,Battery_Critical
3231,E-Bike,4.88,25.55,13.19,14.28,36.8,25.4,1,38.0,15.2,26-35,0.73,Normal
3232,E-Scooter,3.02,10.57,15.79,26.21,27.2,24.9,0,22.6,34.9,26-35,0.984,Normal
3233,E-Scooter,4.17,15.07,21.0,24.73,33.7,21.8,1,11.0,21.2,36-45,0.678,Mechanical_Fault
3234,E-Scooter,2.55,15.33,13.37,18.67,23.5,17.3,0,25.9,24.9,26-35,0.798,Normal
3235,E-Scooter,2.16,18.8,8.78,9.83,20.2,6.9,2,2.1,21.1,36-45,,Battery_Critical
3236,E-Bike,4.58,18.48,15.72,69.89,80.8,65.9,2,30.4,30.3,26-35,0.891,Normal
3237,E-Scooter,1.84,4.06,19.95,24.36,69.3,61.8,2,17.2,33.9,46-60,0.748,Hard_Braking
3238,E-Scooter,3.71,11.81,20.65,28.44,51.3,34.4,2,33.5,38.7,46-60,0.723,Mechanical_Fault
3239,E-Scooter,1.17,4.11,24.59,27.21,86.6,87.2,1,2.4,28.9,18-25,0.877,Normal
3240,E-Scooter,8.89,61.01,8.53,16.76,37.0,8.8,2,2.5,33.6,36-45,0.694,Battery_Critical
3241,E-Bike,1.81,10.95,11.64,13.91,64.4,59.5,0,7.5,32.9,36-45,0.616,Normal
3242,E-Scooter,2.01,2.97,19.66,24.86,63.3,60.0,2,3.8,35.6,18-25,0.828,Normal
3243,E-Scooter,7.98,24.49,18.72,20.98,86.5,66.8,1,88.5,23.9,26-35,0.661,Normal
3244,E-Bike,1.23,7.52,11.43,12.72,90.8,83.0,1,24.9,17.5,18-25,0.593,Normal
3245,E-Scooter,6.31,24.4,15.42,17.87,44.1,27.0,2,13.9,24.8,60+,0.973,Normal
3246,E-Bike,1.12,11.0,11.65,19.53,34.7,29.0,0,36.0,24.4,18-25,0.94,Mechanical_Fault
3247,E-Scooter,6.85,17.73,20.51,21.4,81.8,61.2,0,15.8,32.0,18-25,0.755,Normal
3248,E-Scooter,3.01,15.74,12.4,14.42,62.6,52.2,1,3.3,32.5,46-60,0.647,Battery_Critical
3249,E-Bike,1.45,8.76,14.54,15.41,80.3,73.1,4,2.6,28.6,26-35,0.934,Battery_Critical
3250,E-Scooter,3.37,15.31,16.09,20.73,86.9,79.8,1,12.6,24.8,36-45,0.842,Normal
3251,E-Scooter,4.55,12.03,20.25,22.85,32.0,25.3,1,4.9,22.3,36-45,0.826,Normal
3252,E-Scooter,0.37,2.0,25.59,26.95,97.4,100.0,4,8.2,34.7,46-60,0.815,Hard_Braking
3253,E-Bike,1.13,2.4,10.54,16.24,40.1,35.3,1,16.0,16.4,26-35,0.728,Normal
3254,E-Bike,2.97,12.87,13.38,14.95,67.2,62.4,0,18.2,42.0,18-25,0.856,Normal
3255,E-Scooter,2.9,5.71,22.87,27.82,65.0,54.1,0,15.8,28.6,26-35,0.725,Normal
3256,E-Bike,2.26,16.78,6.33,11.94,65.8,57.6,3,3.9,25.7,36-45,0.819,Normal
3257,E-Bike,1.38,7.37,12.0,19.65,62.6,55.1,0,6.2,-1.4,46-60,0.658,Normal
3258,E-Bike,4.9,20.22,15.79,18.4,51.7,33.0,2,3.7,21.6,36-45,0.7,Hard_Braking
3259,E-Scooter,3.93,23.42,10.83,19.75,53.0,38.7,1,37.2,23.2,26-35,0.816,Mechanical_Fault
3260,E-Scooter,6.45,24.28,16.97,18.91,34.2,20.1,3,12.9,25.0,26-35,0.741,Hard_Braking
3261,E-Scooter,3.79,18.1,15.42,17.61,36.0,23.1,2,13.7,28.5,36-45,0.524,Hard_Braking
3262,E-Bike,3.63,18.86,14.0,19.72,50.8,44.0,3,21.4,42.0,46-60,0.886,Hard_Braking
3263,E-Scooter,7.55,28.39,17.32,17.96,74.6,54.7,3,31.5,27.0,26-35,0.814,Hard_Braking
3264,E-Scooter,0.46,3.37,10.67,14.71,50.5,51.3,0,24.1,16.8,26-35,0.829,Normal
3265,E-Scooter,3.62,26.4,9.0,13.11,23.3,14.0,2,40.4,17.8,26-35,0.885,Normal
3266,E-Bike,5.59,24.05,15.85,20.09,48.8,33.4,3,4.8,27.7,26-35,0.751,Hard_Braking
3267,E-Scooter,1.1,2.53,22.06,28.41,41.5,43.0,1,14.3,20.7,26-35,0.687,Hard_Braking
3268,E-Scooter,0.41,2.0,20.33,24.62,98.5,100.0,0,4.5,12.3,36-45,0.978,Normal
3269,E-Scooter,1.49,6.86,14.49,17.64,58.0,54.3,0,3.9,27.5,26-35,0.929,Normal
3270,E-Scooter,1.24,6.59,22.96,29.53,59.4,51.7,3,52.2,39.9,18-25,0.812,Hard_Braking
3271,E-Scooter,1.04,2.0,21.3,26.69,92.4,91.2,2,38.1,21.4,18-25,0.641,Normal
3272,E-Bike,4.4,16.44,15.42,16.72,29.9,21.2,2,31.2,28.4,26-35,0.722,Hard_Braking
3273,E-Bike,0.54,8.45,12.19,12.93,46.0,40.3,3,0.5,19.2,18-25,0.672,Hard_Braking
3274,E-Bike,6.08,19.28,15.65,21.18,67.6,49.5,1,9.1,12.4,26-35,0.794,Mechanical_Fault
3275,E-Bike,0.34,2.0,13.39,22.47,97.7,92.6,0,13.3,28.6,36-45,0.951,Normal
3276,E-Scooter,0.41,2.0,23.05,25.58,31.5,35.6,2,7.5,23.5,36-45,0.725,Normal
3277,E-Bike,2.68,10.23,10.61,17.02,54.0,48.7,4,73.6,37.7,26-35,0.761,Hard_Braking
3278,E-Scooter,1.59,7.72,11.95,16.53,57.5,52.9,3,42.4,30.3,,0.85,Hard_Braking
3279,E-Bike,2.7,13.13,13.48,18.48,53.6,45.4,1,10.3,29.5,36-45,0.658,Normal
3280,E-Bike,3.02,12.29,15.96,19.0,24.8,10.2,0,3.7,25.6,46-60,0.587,Battery_Critical
3281,E-Scooter,1.32,3.13,14.78,17.48,92.1,92.7,4,47.5,29.2,18-25,0.703,Hard_Braking
3282,E-Bike,1.46,6.42,16.55,21.52,81.3,82.2,0,13.2,28.9,26-35,0.431,Mechanical_Fault
3283,E-Bike,1.9,10.42,11.43,15.27,82.3,83.7,0,3.6,11.7,60+,0.675,Normal
3284,E-Scooter,0.99,2.0,20.28,22.61,55.3,56.0,4,26.0,15.4,36-45,0.803,Hard_Braking
3285,E-Bike,1.74,5.21,13.93,20.98,86.7,77.9,3,89.3,29.2,18-25,0.639,Mechanical_Fault
3286,E-Bike,1.77,3.61,14.7,24.68,95.1,94.4,1,6.2,25.2,60+,0.753,Normal
3287,E-Bike,4.16,19.08,12.58,17.79,33.9,18.1,2,9.9,16.8,26-35,0.647,Normal
3288,E-Scooter,1.85,5.66,18.26,18.74,53.0,47.2,2,10.9,21.3,26-35,0.954,Battery_Critical
3289,E-Scooter,0.5,2.0,11.43,15.6,98.5,96.9,2,34.9,21.3,18-25,0.913,Hard_Braking
3290,E-Bike,3.5,20.57,14.03,21.56,64.3,53.8,1,9.5,23.9,26-35,0.753,Normal
3291,E-Bike,8.99,41.77,12.92,17.36,82.5,50.4,3,20.6,2.9,36-45,0.851,Improper_Parking
3292,E-Scooter,1.72,12.29,16.89,25.05,24.2,12.0,1,4.3,25.0,36-45,0.842,Battery_Critical
3293,E-Bike,3.71,28.61,9.86,18.15,31.5,17.2,1,9.7,42.0,18-25,0.712,Normal
3294,E-Bike,0.86,2.87,15.6,20.61,28.9,32.9,0,4.8,22.0,18-25,0.852,Normal
3295,E-Scooter,2.85,5.24,15.59,21.91,39.9,33.0,2,21.6,25.9,18-25,0.929,Normal
3296,E-Bike,0.31,4.96,11.11,13.02,75.4,76.4,0,1.0,30.4,26-35,0.708,Normal
3297,E-Bike,1.88,3.95,15.51,24.08,38.8,31.1,0,28.1,20.1,18-25,0.693,Normal
3298,E-Bike,1.31,4.85,17.42,22.75,90.0,87.9,1,30.3,18.7,18-25,,Improper_Parking
3299,E-Bike,3.66,16.51,16.8,21.22,78.8,74.9,0,5.3,18.2,18-25,0.765,Normal
3300,E-Bike,6.53,22.26,17.56,18.06,93.8,71.6,1,2.2,30.6,18-25,0.713,Normal
3301,E-Scooter,6.47,19.2,17.3,24.74,26.0,8.9,0,39.4,23.8,18-25,0.742,Battery_Critical
3302,E-Bike,0.55,2.8,11.59,12.23,75.5,76.8,2,17.1,27.1,18-25,0.577,Hard_Braking
3303,E-Scooter,1.6,6.27,15.69,20.08,54.2,51.9,0,1.7,28.3,18-25,0.605,Normal
3304,E-Scooter,1.88,6.54,15.98,21.75,43.1,43.9,0,5.4,22.0,46-60,0.587,Normal
3305,E-Bike,7.45,24.71,16.69,24.71,26.3,7.0,1,32.4,19.3,36-45,0.367,Improper_Parking
3306,E-Bike,1.79,12.8,8.25,8.68,48.2,35.6,1,29.8,10.2,18-25,0.837,Normal
3307,E-Scooter,2.87,9.32,21.1,26.26,76.8,67.6,2,20.3,23.1,46-60,0.742,Hard_Braking
3308,E-Scooter,5.36,19.71,18.16,28.71,39.9,27.9,1,49.0,37.2,26-35,0.797,Normal
3309,E-Bike,1.98,4.73,14.42,15.93,65.3,60.6,1,2.8,7.7,18-25,0.574,Normal
3310,E-Scooter,2.11,9.34,17.05,18.78,91.3,82.6,1,6.7,13.7,26-35,0.772,Normal
3311,E-Scooter,1.29,6.21,17.0,22.78,22.5,23.6,1,19.9,31.3,18-25,0.738,Normal
3312,E-Bike,3.89,21.83,11.05,18.78,48.6,40.6,2,2.3,32.4,18-25,0.777,Normal
3313,E-Scooter,3.64,14.83,15.29,21.93,78.4,68.1,2,3.1,27.3,36-45,0.854,Normal
3314,E-Scooter,3.35,9.29,21.15,23.77,54.1,45.6,2,5.7,12.2,18-25,0.786,Normal
3315,E-Bike,2.12,5.58,15.85,24.3,94.3,89.2,1,15.1,36.5,36-45,0.64,Battery_Critical
3316,E-Scooter,3.07,12.21,21.66,24.97,91.6,83.8,2,17.4,32.1,18-25,0.561,Hard_Braking
3317,E-Scooter,2.98,8.52,19.2,24.06,39.1,26.7,1,1.0,24.9,46-60,0.897,Normal
3318,E-Scooter,4.35,19.84,11.98,20.85,49.2,39.4,2,3.7,24.1,18-25,0.973,Hard_Braking
3319,E-Bike,2.97,18.17,10.61,60.1,76.0,61.0,1,6.5,29.3,26-35,0.851,Normal
3320,E-Scooter,2.62,5.08,24.33,30.75,86.3,81.8,0,29.2,26.4,26-35,0.809,Battery_Critical
3321,E-Bike,0.49,6.06,15.54,26.28,97.0,99.4,1,38.6,13.6,18-25,0.838,Hard_Braking
3322,E-Bike,2.7,14.77,13.89,17.28,46.9,42.3,3,3.3,34.8,18-25,0.595,Normal
3323,E-Scooter,6.91,37.7,12.91,13.15,27.7,2.8,2,22.9,24.8,26-35,0.793,Battery_Critical
3324,E-Bike,1.56,12.39,15.21,16.75,31.4,41.2,2,34.2,9.8,36-45,0.763,Normal
3325,E-Scooter,0.98,3.19,11.09,12.53,49.0,39.7,0,24.9,28.2,46-60,0.884,Normal
3326,E-Scooter,1.78,3.77,19.58,27.46,49.7,47.9,3,6.6,7.3,46-60,0.828,Hard_Braking
3327,E-Bike,2.22,12.96,14.67,20.09,88.8,76.3,1,7.9,22.4,36-45,0.87,Normal
3328,E-Bike,5.88,23.96,14.09,22.45,94.0,75.8,1,3.5,26.7,18-25,0.793,Normal
3329,E-Scooter,3.81,25.17,8.94,15.58,77.6,66.8,1,3.2,24.8,26-35,0.82,Normal
3330,E-Bike,7.51,27.39,16.05,20.04,99.9,78.7,1,14.7,23.1,36-45,0.823,Normal
3331,E-Bike,2.57,6.54,11.51,17.03,74.3,61.3,4,2.5,16.1,18-25,0.93,Hard_Braking
3332,E-Bike,4.7,25.67,9.81,14.96,99.2,84.7,1,2.0,25.2,36-45,0.895,Normal
3333,E-Bike,2.78,13.38,14.47,17.94,95.0,88.5,1,1.2,30.9,18-25,0.845,Normal
3334,E-Bike,4.75,18.87,14.95,27.97,36.9,22.9,1,14.1,21.8,18-25,0.939,Normal
3335,E-Scooter,0.95,2.0,15.3,16.7,62.5,57.1,2,0.6,17.6,18-25,0.666,Hard_Braking
3336,E-Bike,2.26,9.05,9.71,19.16,74.8,65.4,3,17.4,34.4,18-25,0.883,Hard_Braking
3337,E-Scooter,4.6,15.83,17.63,26.76,42.1,26.9,2,36.2,18.1,36-45,0.837,Battery_Critical
3338,E-Bike,1.32,10.4,13.75,18.13,48.1,57.5,1,26.9,22.7,18-25,0.719,Normal
3339,E-Bike,2.15,7.46,13.0,20.37,75.5,67.1,1,3.9,30.5,26-35,0.626,Battery_Critical
3340,E-Bike,1.79,9.05,11.63,17.23,53.1,44.9,3,5.7,22.9,36-45,0.889,Hard_Braking
3341,E-Scooter,4.54,13.97,18.65,22.13,55.1,43.1,1,61.8,25.8,26-35,0.768,Normal
3342,E-Bike,14.0,48.09,17.29,26.97,64.6,26.1,2,47.4,22.8,18-25,0.885,Battery_Critical
3343,E-Scooter,4.05,18.03,14.15,14.37,38.0,26.5,3,23.3,35.2,36-45,0.85,Hard_Braking
3344,E-Scooter,4.93,20.33,14.48,14.99,32.1,14.5,2,11.1,21.2,36-45,0.662,Mechanical_Fault
3345,E-Scooter,5.92,23.51,13.78,24.73,96.5,81.3,2,19.5,19.8,60+,0.603,Normal
3346,E-Scooter,0.75,5.69,12.56,20.3,32.3,30.6,6,9.2,33.6,26-35,0.702,Hard_Braking
3347,E-Scooter,1.07,6.58,21.59,25.17,29.0,20.1,2,6.5,15.8,26-35,0.926,Hard_Braking
3348,E-Bike,1.61,6.96,13.93,20.63,71.4,59.4,0,13.7,36.1,18-25,0.946,Normal
3349,E-Bike,1.43,4.68,13.81,15.02,90.0,82.0,1,22.9,15.3,18-25,0.623,Normal
3350,E-Scooter,1.2,2.71,19.24,26.14,86.6,84.8,0,25.8,11.6,46-60,0.653,Normal
3351,E-Scooter,2.59,4.39,25.51,34.2,71.3,66.9,0,13.9,37.2,26-35,0.789,Normal
3352,E-Scooter,1.93,8.05,16.11,22.42,53.9,43.6,3,14.5,27.1,26-35,0.571,Hard_Braking
3353,E-Scooter,6.01,18.82,17.33,22.71,39.6,18.8,3,35.4,11.9,36-45,0.686,Hard_Braking
3354,E-Bike,5.47,16.51,13.58,22.75,44.7,26.9,1,20.1,17.8,26-35,0.79,Normal
3355,E-Scooter,1.58,2.0,19.21,28.99,49.5,43.1,2,26.7,25.9,36-45,0.812,Hard_Braking
3356,E-Scooter,7.85,37.94,12.84,18.41,76.0,53.3,4,11.2,25.5,26-35,0.881,Hard_Braking
3357,E-Scooter,2.31,4.67,17.14,21.01,56.5,47.5,2,28.0,30.5,18-25,0.897,Battery_Critical
3358,E-Bike,2.78,11.86,12.5,12.9,53.7,49.1,1,0.1,29.2,18-25,0.654,Battery_Critical
3359,E-Bike,0.89,8.47,10.46,19.18,65.1,70.1,2,6.9,28.4,18-25,0.768,Hard_Braking
3360,E-Scooter,1.89,5.72,14.69,22.38,89.2,88.1,1,16.2,34.3,26-35,0.858,Normal
3361,E-Scooter,4.23,17.97,14.72,21.51,78.0,63.8,0,15.1,16.6,18-25,0.51,Normal
3362,E-Bike,2.44,14.14,16.28,19.83,91.9,80.4,1,0.2,21.5,26-35,0.93,Mechanical_Fault
3363,E-Bike,2.53,10.28,14.03,20.75,36.5,26.1,2,20.6,5.1,26-35,0.669,Normal
3364,E-Bike,4.17,29.97,10.07,16.21,47.6,36.9,1,16.8,24.6,46-60,0.861,Normal
3365,E-Bike,2.21,7.75,15.1,23.72,46.8,37.6,1,28.5,31.9,26-35,0.893,Mechanical_Fault
3366,E-Scooter,6.58,19.01,19.17,24.38,34.2,13.3,1,5.3,15.7,46-60,0.885,Battery_Critical
3367,E-Scooter,2.64,7.57,21.12,26.1,80.3,73.8,0,6.4,20.5,18-25,0.811,Normal
3368,E-Scooter,3.15,8.59,18.46,21.3,80.1,80.7,1,0.3,6.7,46-60,0.837,Normal
3369,E-Scooter,5.74,12.53,17.82,24.08,95.5,75.3,1,8.7,28.3,36-45,0.942,Improper_Parking
3370,E-Scooter,2.52,8.09,18.94,27.73,87.8,88.0,0,2.2,36.1,46-60,0.811,Mechanical_Fault
3371,E-Bike,2.7,14.04,11.39,13.71,48.1,44.5,2,29.5,33.4,36-45,0.744,Normal
3372,E-Bike,1.68,4.38,13.25,14.95,21.7,17.3,1,51.3,25.7,60+,0.847,Normal
3373,E-Bike,3.83,19.37,10.45,15.26,61.0,46.9,4,1.7,32.4,36-45,0.92,Hard_Braking
3374,E-Scooter,4.25,16.27,15.13,17.4,39.6,25.2,2,0.6,19.2,18-25,0.624,Normal
3375,E-Scooter,0.44,3.38,18.13,21.57,46.4,48.8,1,2.1,30.1,46-60,0.889,Normal
3376,E-Scooter,0.8,2.87,21.3,23.04,67.0,60.9,3,4.0,16.1,18-25,0.634,Hard_Braking
3377,E-Bike,0.82,2.0,11.51,21.2,25.7,17.5,1,9.2,23.9,18-25,0.763,Improper_Parking
3378,E-Scooter,3.05,11.68,15.56,17.74,20.7,15.5,1,3.7,32.4,36-45,0.818,Battery_Critical
3379,E-Scooter,3.1,16.0,11.94,22.53,29.0,23.6,3,17.0,25.0,18-25,0.773,Improper_Parking
3380,E-Bike,3.91,24.34,10.13,12.96,56.9,45.9,0,4.2,24.7,36-45,0.915,Normal
3381,E-Bike,2.04,8.49,12.25,17.71,86.4,82.8,3,36.9,41.7,46-60,0.729,Battery_Critical
3382,E-Scooter,6.35,17.88,20.37,27.6,99.4,79.7,3,41.2,18.2,26-35,0.922,Hard_Braking
3383,E-Bike,3.38,12.52,13.0,21.46,41.0,29.0,0,18.2,10.2,26-35,0.821,Normal
3384,E-Scooter,4.34,12.47,20.89,25.09,63.5,53.0,1,31.1,30.7,18-25,0.812,Normal
3385,E-Scooter,6.84,27.01,13.48,14.09,39.0,13.4,1,4.3,17.6,60+,0.944,Battery_Critical
3386,E-Bike,2.29,8.86,11.95,19.12,60.9,50.9,3,8.5,30.8,26-35,0.763,Hard_Braking
3387,E-Bike,0.95,2.0,14.08,19.07,93.8,85.8,1,30.8,16.0,36-45,0.478,Normal
3388,E-Bike,1.17,9.99,9.68,14.14,23.2,17.2,0,33.2,26.8,60+,0.889,Battery_Critical
3389,E-Bike,7.2,33.33,13.73,18.64,47.6,25.7,0,33.6,20.0,18-25,0.782,Mechanical_Fault
3390,E-Bike,2.22,9.77,10.6,12.55,41.9,32.4,1,14.6,33.8,18-25,0.886,Improper_Parking
3391,E-Bike,0.54,7.63,12.31,17.88,95.6,95.5,2,10.6,27.4,26-35,0.755,Hard_Braking
3392,E-Scooter,3.98,21.94,14.57,21.66,47.7,34.2,1,5.0,28.7,26-35,0.919,Normal
3393,E-Scooter,7.46,37.15,12.56,16.04,67.1,43.8,3,13.5,25.1,26-35,0.528,Improper_Parking
3394,E-Scooter,6.73,26.98,13.55,20.22,66.6,43.9,0,5.0,33.0,46-60,0.621,Normal
3395,E-Bike,1.38,3.02,13.46,18.6,74.7,76.5,3,0.3,25.9,18-25,0.698,Normal
3396,E-Scooter,1.53,7.24,18.4,28.69,87.6,82.5,0,45.0,19.9,18-25,0.84,Normal
3397,E-Scooter,2.51,7.46,19.48,25.55,72.4,63.7,1,86.4,22.8,36-45,0.771,Normal
3398,E-Scooter,4.86,21.42,15.94,21.15,81.0,63.9,0,2.9,13.2,18-25,0.574,Normal
3399,E-Bike,2.85,15.5,12.07,16.82,72.8,63.9,1,0.8,16.8,46-60,0.731,Normal
3400,E-Scooter,2.87,9.21,14.77,16.43,73.8,59.8,1,29.1,20.4,26-35,0.925,Normal
3401,E-Bike,3.14,10.96,14.98,23.69,22.4,15.9,3,6.8,16.3,36-45,0.918,Normal
3402,E-Bike,4.19,27.19,8.08,12.14,23.3,12.8,0,1.2,19.3,36-45,0.754,Battery_Critical
3403,E-Bike,4.31,16.59,16.34,20.86,65.3,44.1,1,17.5,22.1,46-60,0.715,Normal
3404,E-Scooter,2.37,11.26,11.44,20.38,76.9,69.9,0,39.6,8.4,26-35,0.645,Battery_Critical
3405,E-Scooter,1.92,8.29,16.09,25.94,56.9,58.2,1,22.0,28.3,26-35,0.76,Normal
3406,E-Scooter,1.35,5.74,21.64,26.26,40.5,38.7,1,61.6,29.7,36-45,0.791,Normal
3407,E-Bike,5.54,23.65,13.74,18.4,95.7,79.8,0,33.2,28.9,26-35,0.917,Normal
3408,E-Bike,4.4,10.49,16.53,23.86,95.9,85.6,3,50.0,32.9,26-35,0.841,Normal
3409,E-Bike,3.03,9.78,12.14,19.51,65.6,53.2,2,0.3,11.0,36-45,0.482,Normal
3410,E-Bike,1.83,14.46,11.61,19.24,47.8,46.0,2,13.9,24.3,36-45,0.586,Normal
3411,E-Scooter,7.65,25.85,21.27,25.18,37.9,12.3,2,1.0,25.8,46-60,0.704,Hard_Braking
3412,E-Bike,2.37,7.38,14.93,22.41,98.4,96.7,2,29.7,33.6,36-45,0.616,Hard_Braking
3413,E-Scooter,2.6,5.08,16.24,20.78,81.7,69.9,2,27.4,19.2,26-35,0.808,Normal
3414,E-Scooter,4.63,9.31,19.78,23.52,92.6,82.3,1,43.3,37.8,18-25,0.708,Normal
3415,E-Scooter,4.0,14.83,19.03,25.17,77.3,64.2,3,25.4,27.3,60+,0.848,Improper_Parking
3416,E-Bike,2.15,3.67,16.84,18.87,75.3,71.3,2,6.8,30.9,18-25,0.696,Hard_Braking
3417,E-Scooter,5.08,14.77,13.11,22.46,90.6,77.8,3,4.4,41.5,36-45,0.762,Hard_Braking
3418,E-Bike,3.41,20.27,12.14,15.32,45.7,38.9,1,24.1,33.4,26-35,0.614,Normal
3419,E-Scooter,0.37,2.0,19.14,28.87,32.5,36.4,0,14.5,18.2,18-25,0.584,Normal
3420,E-Scooter,4.46,17.6,14.26,18.03,65.9,56.2,1,4.0,21.9,18-25,0.759,Mechanical_Fault
3421,E-Scooter,5.63,14.68,25.67,25.87,38.6,17.1,2,14.4,18.3,36-45,0.884,Normal
3422,E-Scooter,8.32,37.24,12.19,18.56,24.8,3.4,0,23.0,26.9,18-25,0.723,Battery_Critical
3423,E-Bike,3.11,12.59,13.82,23.32,66.5,60.9,3,0.9,13.9,60+,0.689,Battery_Critical
3424,E-Scooter,0.41,2.0,25.35,30.26,37.2,33.2,1,1.0,36.9,60+,0.723,Normal
3425,E-Bike,2.08,9.56,13.21,15.92,97.7,85.2,2,1.9,29.6,26-35,0.726,Improper_Parking
3426,E-Scooter,2.15,10.87,9.78,17.3,42.2,35.8,0,7.5,19.4,26-35,0.519,Normal
3427,E-Scooter,5.74,39.33,9.64,10.42,41.4,28.0,2,0.4,25.0,36-45,0.636,Normal
3428,E-Scooter,0.43,3.48,14.38,17.61,96.2,93.7,1,6.1,24.3,18-25,0.88,Normal
3429,E-Bike,4.12,26.82,9.34,17.2,47.7,38.7,1,6.1,37.8,26-35,0.878,Normal
3430,E-Scooter,2.01,10.35,12.59,15.74,69.3,67.4,1,35.5,21.4,26-35,0.851,Normal
3431,E-Bike,4.48,19.41,14.27,25.02,80.1,69.1,2,4.9,16.7,26-35,0.591,Normal
3432,E-Scooter,0.52,2.0,16.36,21.08,56.9,47.8,1,20.6,26.6,26-35,0.816,Improper_Parking
3433,E-Scooter,3.12,37.89,5.09,13.22,87.1,70.8,2,21.8,21.9,26-35,0.862,Normal
3434,E-Bike,2.47,11.11,10.94,15.07,96.1,88.4,2,24.2,24.8,18-25,0.522,Hard_Braking
3435,E-Bike,1.07,2.0,13.22,19.23,53.4,49.1,2,0.5,23.3,18-25,0.964,Normal
3436,E-Bike,2.82,7.55,21.25,29.84,97.5,80.7,3,6.3,26.5,46-60,0.819,Hard_Braking
3437,E-Bike,1.2,8.63,10.02,16.35,83.7,78.7,2,9.0,26.4,36-45,0.645,Hard_Braking
3438,E-Scooter,0.66,5.59,15.66,17.71,46.6,43.5,2,1.2,8.0,26-35,0.756,Normal
3439,E-Scooter,3.07,17.8,12.72,15.42,53.6,41.0,3,28.1,18.2,46-60,0.691,Hard_Braking
3440,E-Bike,1.18,6.84,12.53,13.7,56.5,50.7,2,20.2,10.0,26-35,0.869,Normal
3441,E-Bike,3.38,17.06,16.48,19.12,61.5,58.3,0,10.9,12.6,36-45,,Normal
3442,E-Bike,1.74,9.49,11.18,17.58,67.6,66.8,2,31.3,17.7,26-35,0.741,Normal
3443,E-Scooter,4.76,16.29,19.15,22.34,63.9,47.6,0,5.7,10.5,36-45,0.787,Normal
3444,E-Bike,6.01,30.5,9.84,11.69,41.4,29.9,0,7.7,24.6,26-35,0.927,Normal
3445,E-Bike,2.99,12.44,14.51,18.22,97.8,89.7,2,33.8,18.4,46-60,0.865,Hard_Braking
3446,E-Bike,0.86,8.04,7.82,10.78,98.8,97.3,2,14.8,13.9,60+,0.903,Normal
3447,E-Scooter,10.03,33.7,15.78,20.48,56.8,27.3,0,2.2,20.3,18-25,0.529,Normal
3448,E-Scooter,3.35,9.85,17.83,19.92,62.7,48.6,3,2.3,26.2,18-25,0.925,Hard_Braking
3449,E-Scooter,3.73,13.45,19.02,22.62,21.9,8.3,1,1.1,21.5,26-35,0.717,Battery_Critical
3450,E-Bike,2.05,10.05,13.15,16.89,68.3,57.9,2,1.4,13.4,36-45,0.771,Battery_Critical
3451,E-Scooter,0.43,2.0,19.66,28.18,76.8,79.2,0,65.6,42.0,26-35,0.907,Normal
3452,E-Bike,1.19,4.61,13.09,17.24,44.3,41.2,0,21.3,24.8,26-35,0.74,Normal
3453,E-Bike,2.86,13.21,10.65,12.39,59.3,55.9,1,3.7,13.8,18-25,0.663,Normal
3454,E-Scooter,2.14,8.84,20.65,25.9,32.4,27.8,3,1.7,19.4,18-25,0.678,Improper_Parking
3455,E-Bike,0.91,4.67,9.91,17.01,91.5,83.0,0,4.7,31.0,18-25,0.705,Normal
3456,E-Scooter,0.85,3.66,21.1,26.44,91.2,80.4,0,5.1,12.7,36-45,0.803,Normal
3457,E-Scooter,3.41,16.21,10.99,11.5,59.7,44.3,3,17.3,36.4,26-35,0.749,Hard_Braking
3458,E-Bike,4.06,18.28,11.22,11.26,86.5,77.2,2,59.3,26.7,18-25,0.896,Hard_Braking
3459,E-Scooter,2.71,11.88,17.74,24.23,76.5,63.2,2,40.0,27.4,18-25,0.747,Hard_Braking
3460,E-Scooter,4.24,17.95,14.05,18.24,49.0,37.4,0,1.6,22.3,36-45,0.651,Normal
3461,E-Scooter,3.07,8.21,21.61,30.12,46.1,29.5,2,0.2,22.0,36-45,0.984,Hard_Braking
3462,E-Bike,1.64,4.34,16.58,18.96,82.1,75.5,2,22.5,24.6,46-60,0.989,Mechanical_Fault
3463,E-Scooter,3.57,9.35,18.6,25.24,30.0,26.9,1,46.1,27.2,36-45,0.852,Battery_Critical
3464,E-Bike,11.74,80.0,7.97,13.0,79.5,46.2,1,53.4,21.0,46-60,0.807,Improper_Parking
3465,E-Scooter,6.67,23.92,15.71,22.26,81.5,65.1,6,2.4,33.6,18-25,0.866,Hard_Braking
3466,E-Bike,1.63,11.15,7.96,20.97,51.3,47.7,0,64.0,24.1,,0.628,Normal
3467,E-Scooter,5.17,9.73,23.16,32.88,61.6,45.7,0,30.4,25.8,36-45,0.747,Normal
3468,E-Scooter,3.92,12.61,22.31,31.58,50.1,32.5,1,15.5,16.6,36-45,0.735,Hard_Braking
3469,E-Bike,8.12,42.09,11.02,12.82,57.4,36.8,1,31.4,27.7,46-60,0.886,Improper_Parking
3470,E-Scooter,2.83,9.93,16.26,16.41,87.4,84.2,2,34.8,24.1,26-35,0.881,Normal
3471,E-Bike,1.51,13.82,9.25,10.66,32.3,30.1,2,7.3,14.7,26-35,0.778,Normal
3472,E-Bike,0.34,3.67,16.82,18.58,49.1,49.1,2,10.2,20.6,26-35,0.862,Normal
3473,E-Scooter,3.2,27.73,7.74,11.8,27.8,14.2,5,54.9,41.7,46-60,0.691,Hard_Braking
3474,E-Bike,2.81,11.41,11.61,11.69,54.4,46.4,2,2.1,22.1,46-60,0.624,Normal
3475,E-Scooter,1.2,2.0,18.43,19.63,88.7,89.0,2,9.9,14.1,26-35,0.74,Normal
3476,E-Scooter,3.8,9.79,26.52,31.46,52.3,40.1,2,26.2,18.8,36-45,0.928,Hard_Braking
3477,E-Bike,6.75,26.17,13.81,15.35,60.3,33.9,2,9.8,21.1,26-35,0.948,Normal
3478,E-Scooter,1.51,2.0,19.99,23.99,54.8,45.9,1,7.0,17.1,36-45,0.466,Hard_Braking
3479,E-Scooter,4.38,15.83,14.41,18.32,60.7,41.1,1,26.7,16.4,18-25,0.696,Normal
3480,E-Scooter,1.47,2.0,15.03,21.62,42.0,37.0,0,25.2,34.0,26-35,0.817,Normal
3481,E-Bike,4.93,19.08,15.09,17.11,81.5,63.1,0,31.4,25.6,26-35,0.809,Battery_Critical
3482,E-Scooter,3.84,19.81,15.06,17.28,34.3,19.4,1,8.8,40.2,46-60,0.93,Normal
3483,E-Bike,1.1,2.51,17.25,18.91,41.8,37.1,1,9.5,12.4,26-35,0.912,Normal
3484,E-Scooter,4.5,10.5,17.99,23.81,25.2,13.4,0,11.1,15.1,18-25,0.47,Battery_Critical
3485,E-Scooter,2.35,5.43,19.03,26.41,72.3,70.7,2,4.0,32.4,26-35,0.817,Hard_Braking
3486,E-Bike,2.34,13.76,13.2,13.6,52.8,40.2,3,13.1,22.0,46-60,0.483,Hard_Braking
3487,E-Scooter,4.27,9.9,23.35,24.94,36.9,18.6,5,15.7,23.5,46-60,0.826,Hard_Braking
3488,E-Scooter,1.66,2.63,19.82,27.09,75.9,69.9,2,14.2,18.0,36-45,0.773,Hard_Braking
3489,E-Bike,6.36,21.71,15.0,22.82,67.4,48.8,4,5.3,30.2,60+,0.31,Improper_Parking
3490,E-Scooter,1.29,9.59,17.58,30.15,86.9,82.9,1,2.0,19.6,36-45,0.566,Normal
3491,E-Bike,2.86,9.24,15.52,23.34,70.1,54.7,1,19.8,30.8,18-25,0.933,Normal
3492,E-Scooter,8.3,54.32,9.33,11.47,84.4,58.6,0,13.6,40.8,18-25,0.877,Normal
3493,E-Bike,3.16,13.47,16.22,23.54,91.9,86.7,1,1.7,30.1,26-35,0.696,Battery_Critical
3494,E-Scooter,5.62,23.82,16.45,19.06,42.5,25.7,2,25.7,30.1,46-60,0.94,Hard_Braking
3495,E-Bike,6.11,28.58,13.91,20.47,75.9,50.6,3,20.0,12.1,46-60,0.777,Hard_Braking
3496,E-Scooter,3.17,13.03,17.05,17.63,29.8,25.5,0,0.6,24.2,26-35,0.735,Normal
3497,E-Scooter,1.89,10.75,11.99,18.58,24.1,17.3,0,29.0,28.0,18-25,0.79,Normal
3498,E-Bike,0.92,2.0,15.92,23.84,31.6,37.4,3,6.0,29.8,18-25,0.876,Normal
3499,E-Bike,3.59,19.41,12.53,13.09,25.3,12.6,2,9.6,27.8,26-35,0.379,Improper_Parking
3500,E-Scooter,0.41,2.0,9.77,11.06,96.1,95.0,0,46.9,28.8,18-25,0.801,Normal
3501,E-Scooter,1.14,2.0,12.13,17.82,82.3,82.7,1,50.6,30.3,26-35,0.803,Normal
3502,E-Scooter,3.41,3.34,21.73,24.54,31.3,17.5,2,57.7,27.9,26-35,0.746,Hard_Braking
3503,E-Scooter,2.98,14.65,15.04,15.1,88.8,85.7,1,32.7,34.6,36-45,0.826,Normal
3504,E-Scooter,2.67,5.2,19.31,24.19,66.4,64.0,0,0.1,23.2,18-25,0.888,Normal
3505,E-Bike,1.63,2.58,16.73,28.06,32.1,24.8,1,1.1,23.4,46-60,0.771,Normal
3506,E-Bike,1.25,6.59,17.8,24.63,30.8,28.9,3,11.6,26.0,26-35,0.927,Battery_Critical
3507,E-Scooter,7.93,33.45,15.97,16.91,31.6,0.0,1,68.0,20.5,36-45,0.601,Battery_Critical
3508,E-Scooter,1.87,3.85,17.27,26.84,24.4,17.7,3,40.8,18.7,18-25,0.685,Improper_Parking
3509,E-Scooter,0.69,2.0,11.75,18.04,94.2,89.5,1,34.2,17.5,26-35,0.866,Normal
3510,E-Bike,3.52,19.31,10.52,19.68,80.1,65.9,1,1.7,26.1,36-45,0.744,Hard_Braking
3511,E-Bike,5.38,24.34,13.73,16.14,35.3,24.3,0,9.3,16.5,18-25,0.83,Normal
3512,E-Scooter,6.06,15.1,20.9,24.64,64.5,43.8,1,15.5,15.1,36-45,0.846,Normal
3513,E-Scooter,3.07,9.37,19.26,22.55,70.1,52.2,1,14.4,32.5,18-25,0.861,Normal
3514,E-Scooter,0.56,6.31,11.96,13.23,73.2,72.5,2,11.2,27.3,46-60,0.767,Battery_Critical
3515,E-Scooter,3.7,6.05,22.02,25.15,48.8,42.3,2,1.9,29.7,36-45,0.732,Battery_Critical
3516,E-Scooter,6.93,32.41,12.56,20.86,73.7,52.3,5,11.1,27.6,18-25,0.596,Hard_Braking
3517,E-Scooter,8.52,61.14,8.13,13.11,80.3,59.5,4,2.8,21.7,26-35,0.537,Mechanical_Fault
3518,E-Scooter,1.99,9.36,23.68,28.95,41.6,36.2,2,3.1,20.3,18-25,0.796,Hard_Braking
3519,E-Scooter,2.76,11.24,14.59,16.1,98.2,86.7,2,19.8,27.7,36-45,0.821,Normal
3520,E-Bike,1.52,7.18,14.11,17.79,39.2,27.7,3,1.1,27.7,36-45,0.689,Hard_Braking
3521,E-Bike,0.91,6.67,13.99,20.09,45.4,44.8,3,8.3,32.6,18-25,0.487,Hard_Braking
3522,E-Scooter,2.76,16.18,11.96,17.14,62.9,58.5,4,32.2,16.2,60+,0.961,Hard_Braking
3523,E-Scooter,1.13,6.93,13.67,17.88,93.4,94.9,1,16.7,31.7,46-60,0.737,Battery_Critical
3524,E-Bike,2.69,18.9,10.77,17.34,90.7,87.4,2,122.6,31.2,36-45,0.805,Mechanical_Fault
3525,E-Bike,5.88,27.41,14.76,20.34,38.8,27.3,0,11.0,42.0,36-45,0.387,Improper_Parking
3526,E-Bike,0.88,4.91,12.75,19.21,63.0,56.4,1,14.6,38.4,18-25,0.484,Normal
3527,E-Scooter,4.36,16.35,13.65,15.6,56.2,44.5,3,2.9,27.1,18-25,0.535,Hard_Braking
3528,E-Scooter,3.25,13.68,21.15,25.38,88.9,78.7,0,4.3,6.4,18-25,0.546,Normal
3529,E-Scooter,3.82,9.81,20.52,28.37,39.9,22.5,2,49.6,5.5,46-60,0.621,Hard_Braking
3530,E-Bike,1.47,4.97,12.17,18.1,34.5,29.4,2,30.0,20.3,26-35,0.559,Normal
3531,E-Bike,0.87,7.39,10.89,14.13,43.6,48.2,1,8.6,25.6,36-45,0.608,Normal
3532,E-Scooter,5.01,29.0,10.82,19.43,52.1,39.2,1,22.7,31.6,18-25,0.557,Normal
3533,E-Scooter,0.42,2.0,16.97,18.88,23.4,18.5,1,7.3,14.6,46-60,0.726,Normal
3534,E-Scooter,3.22,6.54,15.61,18.67,59.8,55.5,1,1.3,21.4,18-25,0.586,Normal
3535,E-Scooter,6.0,25.77,12.45,19.07,24.5,1.8,1,2.8,29.8,18-25,0.617,Battery_Critical
3536,E-Bike,4.02,21.29,12.62,20.87,70.9,62.2,4,6.0,22.0,18-25,0.721,Hard_Braking
3537,E-Scooter,2.99,11.16,20.64,29.43,25.3,16.0,2,0.6,26.5,26-35,0.546,Hard_Braking
3538,E-Scooter,5.98,54.29,7.34,13.97,88.6,74.1,0,51.9,30.4,26-35,0.712,Normal
3539,E-Bike,5.05,26.93,13.87,20.03,24.5,9.1,1,12.1,19.0,18-25,0.784,Battery_Critical
3540,E-Scooter,4.69,12.43,19.17,19.31,47.0,33.8,0,10.2,29.0,18-25,0.652,Normal
3541,E-Bike,4.34,19.19,17.45,20.02,68.5,57.7,1,3.2,31.4,26-35,0.569,Normal
3542,E-Scooter,4.22,16.24,15.41,18.76,23.3,11.1,1,2.4,35.0,26-35,0.752,Battery_Critical
3543,E-Bike,3.42,19.46,11.47,18.8,46.3,34.1,3,2.3,23.9,36-45,0.455,Hard_Braking
3544,E-Scooter,1.95,7.73,19.01,21.32,72.7,65.6,2,8.8,27.5,18-25,,Battery_Critical
3545,E-Bike,8.2,35.44,14.98,16.34,98.8,78.2,0,16.9,17.0,26-35,0.724,Normal
3546,E-Bike,1.64,6.18,12.12,15.65,90.0,91.0,3,0.7,28.0,,0.772,Hard_Braking
3547,E-Bike,1.41,4.04,13.87,15.92,30.9,23.2,0,2.4,35.5,26-35,0.918,Normal
3548,E-Bike,3.98,48.67,5.0,10.4,70.2,61.1,3,7.5,25.1,26-35,0.678,Hard_Braking
3549,E-Bike,2.19,9.05,15.88,24.98,38.3,39.3,0,6.2,19.7,18-25,0.45,Normal
3550,E-Scooter,1.83,3.11,14.76,26.17,75.6,63.3,2,8.6,16.7,36-45,0.932,Hard_Braking
3551,E-Scooter,1.94,2.08,19.69,24.11,36.6,31.0,1,3.0,21.7,60+,0.639,Normal
3552,E-Scooter,0.83,7.15,14.43,17.2,38.0,35.6,2,32.8,11.6,36-45,0.694,Normal
3553,E-Bike,1.32,11.47,7.74,12.53,58.0,56.4,2,52.8,23.0,18-25,0.93,Mechanical_Fault
3554,E-Scooter,2.28,10.6,16.24,17.4,55.5,50.3,1,31.6,27.7,60+,0.441,Hard_Braking
3555,E-Bike,10.05,42.55,14.2,17.74,98.5,67.5,0,4.7,17.3,26-35,0.889,Normal
3556,E-Scooter,2.81,8.65,17.97,19.85,22.4,8.6,1,7.9,18.1,36-45,0.945,Battery_Critical
3557,E-Bike,5.14,20.65,12.42,21.93,88.4,77.2,0,4.7,27.4,46-60,0.571,Normal
3558,E-Scooter,1.26,6.54,9.82,20.39,34.6,28.8,1,21.6,29.7,18-25,0.724,Normal
3559,E-Scooter,5.58,21.22,15.43,20.12,24.8,3.8,1,15.2,24.5,36-45,0.803,Battery_Critical
3560,E-Scooter,6.03,19.92,20.88,25.29,65.0,42.9,2,2.9,20.5,18-25,0.572,Improper_Parking
3561,E-Scooter,1.34,3.73,18.92,26.86,95.6,92.0,1,12.9,23.2,18-25,0.502,Normal
3562,E-Scooter,3.96,7.13,17.61,19.35,59.7,47.8,1,72.5,20.5,36-45,0.742,Mechanical_Fault
3563,E-Bike,2.05,9.48,9.33,9.58,95.4,87.3,2,13.2,23.6,46-60,0.817,Normal
3564,E-Scooter,1.52,2.05,20.13,26.18,93.4,90.6,0,1.4,29.2,26-35,0.866,Normal
3565,E-Scooter,0.3,3.82,19.74,27.22,34.3,32.0,0,24.4,32.2,18-25,0.707,Mechanical_Fault
3566,E-Bike,6.21,24.33,14.25,19.87,23.5,1.2,0,15.1,24.5,26-35,0.76,Battery_Critical
3567,E-Scooter,3.86,19.55,11.78,19.09,34.9,27.3,0,24.4,24.0,46-60,,Normal
3568,E-Scooter,1.86,3.39,20.91,30.58,68.1,63.5,1,0.1,23.0,,0.62,Normal
3569,E-Scooter,1.54,2.0,29.62,38.16,43.7,40.3,4,19.4,28.9,46-60,0.719,Hard_Braking
3570,E-Scooter,6.96,23.43,17.54,19.3,35.3,17.6,2,39.3,26.4,18-25,0.693,Hard_Braking
3571,E-Scooter,1.41,8.34,12.45,17.71,85.4,79.5,1,15.3,21.5,26-35,0.768,Normal
3572,E-Bike,1.39,2.34,18.43,25.2,51.9,43.3,2,27.8,25.2,26-35,0.803,Hard_Braking
3573,E-Scooter,3.74,17.4,13.46,22.49,44.8,27.6,2,1.6,26.6,18-25,0.894,Normal
3574,E-Scooter,3.28,11.35,14.11,15.47,65.8,57.9,0,17.4,30.5,18-25,0.687,Normal
3575,E-Scooter,1.25,8.42,15.18,19.1,50.2,42.6,2,9.0,25.7,26-35,0.62,Normal
3576,E-Bike,5.3,21.8,15.72,21.06,82.4,77.7,2,26.9,35.9,36-45,0.817,Hard_Braking
3577,E-Bike,7.38,26.66,15.71,22.91,53.2,35.9,2,2.1,35.0,18-25,0.836,Normal
3578,E-Bike,7.69,28.19,15.22,20.08,92.5,65.5,0,3.3,16.4,18-25,0.814,Improper_Parking
3579,E-Scooter,2.01,7.45,19.44,21.17,59.6,53.4,1,24.6,23.7,46-60,0.554,Mechanical_Fault
3580,E-Bike,2.75,7.22,17.07,24.8,23.3,12.5,3,38.5,29.0,36-45,0.566,Battery_Critical
3581,E-Scooter,0.94,10.03,10.76,13.82,81.9,84.6,0,31.9,22.8,26-35,0.842,Normal
3582,E-Bike,1.97,13.81,7.57,12.88,42.2,36.7,0,27.5,37.3,18-25,0.677,Mechanical_Fault
3583,E-Bike,6.14,27.52,13.25,18.18,96.7,79.1,1,4.4,32.1,26-35,0.701,Normal
3584,E-Scooter,2.74,9.54,21.28,21.71,47.2,40.8,0,40.6,21.2,18-25,0.794,Normal
3585,E-Scooter,2.51,13.25,12.77,18.49,35.7,29.4,0,9.7,23.7,18-25,0.725,Normal
3586,E-Bike,3.14,10.56,14.88,25.45,75.8,70.3,1,4.6,19.3,36-45,0.986,Normal
3587,E-Bike,6.21,31.31,12.07,20.02,36.8,18.0,2,3.8,42.0,36-45,0.965,Normal
3588,E-Scooter,2.68,8.63,13.59,18.23,59.4,54.9,1,29.9,16.0,46-60,0.803,Mechanical_Fault
3589,E-Bike,0.42,2.0,16.9,18.33,59.5,57.2,3,4.4,28.3,18-25,0.484,Hard_Braking
3590,E-Scooter,1.79,4.14,16.57,26.26,96.8,95.3,0,33.4,13.2,26-35,0.766,Normal
3591,E-Bike,4.55,24.43,12.61,16.54,95.1,78.7,2,25.1,19.6,18-25,0.681,Hard_Braking
3592,E-Bike,5.53,26.35,11.3,17.71,85.7,66.7,1,61.1,29.3,36-45,0.745,Normal
3593,E-Scooter,0.88,2.0,12.21,16.4,52.8,40.4,0,6.0,23.9,26-35,0.899,Normal
3594,E-Bike,5.31,21.39,15.77,16.45,35.1,15.1,0,57.8,20.4,46-60,0.845,Battery_Critical
3595,E-Scooter,7.47,36.53,12.74,20.82,32.5,8.5,0,8.2,21.8,26-35,0.734,Battery_Critical
3596,E-Scooter,1.27,5.89,16.44,16.78,49.2,50.3,0,7.0,32.5,26-35,0.762,Normal
3597,E-Scooter,3.48,16.83,11.15,17.37,50.6,36.6,2,7.5,19.9,46-60,0.409,Improper_Parking
3598,E-Bike,5.23,26.58,10.36,14.59,44.9,30.5,0,31.1,18.7,26-35,0.753,Normal
3599,E-Bike,3.55,13.06,13.7,17.3,86.6,71.4,2,50.5,26.1,18-25,0.729,Hard_Braking
3600,E-Scooter,4.04,7.32,18.25,21.66,79.8,65.9,0,50.0,26.0,26-35,0.825,Mechanical_Fault
3601,E-Bike,3.81,18.12,11.78,17.5,57.1,47.7,2,92.2,30.0,36-45,0.877,Hard_Braking
3602,E-Bike,3.12,20.23,8.99,13.28,82.4,84.1,1,8.5,30.3,18-25,0.641,Battery_Critical
3603,E-Scooter,2.0,9.11,11.59,20.08,61.3,52.8,0,0.1,29.1,18-25,0.613,Normal
3604,E-Scooter,1.03,3.86,12.16,16.5,77.7,74.6,1,6.8,20.5,18-25,0.748,Normal
3605,E-Scooter,1.79,8.05,12.92,19.21,64.3,56.9,1,24.2,33.9,26-35,0.829,Hard_Braking
3606,E-Scooter,3.61,12.26,16.75,25.14,55.8,48.8,3,9.5,14.7,26-35,0.904,Hard_Braking
3607,E-Bike,4.06,18.04,16.43,21.94,88.6,81.4,3,47.3,37.7,26-35,0.797,Hard_Braking
3608,E-Scooter,2.73,6.53,17.42,22.3,50.4,30.1,2,7.7,29.6,26-35,0.707,Mechanical_Fault
3609,E-Scooter,6.59,29.14,14.36,28.22,41.6,26.8,4,15.8,8.2,46-60,0.661,Hard_Braking
3610,E-Scooter,6.61,26.54,14.59,21.35,21.6,1.1,4,31.6,15.3,18-25,0.842,Battery_Critical
3611,E-Bike,4.13,18.82,12.41,15.02,49.4,41.1,1,11.1,28.0,18-25,0.568,Normal
3612,E-Scooter,3.37,13.56,19.15,22.63,91.7,80.8,0,24.4,30.3,26-35,0.886,Normal
3613,E-Scooter,4.9,8.53,24.38,28.14,64.8,49.6,0,12.4,31.8,46-60,0.544,Normal
3614,E-Scooter,0.57,3.67,11.69,16.78,41.5,39.9,0,0.7,7.9,18-25,0.52,Normal
3615,E-Scooter,4.59,25.65,11.04,11.79,87.7,69.9,1,1.4,14.6,46-60,0.846,Normal
3616,E-Scooter,1.58,5.49,11.2,14.88,77.6,68.4,2,4.6,35.5,18-25,0.535,Normal
3617,E-Scooter,1.48,9.3,20.08,26.31,77.6,77.4,0,13.8,19.0,46-60,0.678,Normal
3618,E-Scooter,6.18,28.12,13.35,15.11,54.3,41.6,2,4.5,24.9,18-25,0.759,Hard_Braking
3619,E-Scooter,1.82,4.62,16.17,19.39,63.0,50.7,0,47.8,21.2,18-25,0.658,Normal
3620,E-Scooter,6.35,15.85,19.95,28.37,78.5,57.2,0,63.5,24.5,36-45,0.766,Normal
3621,E-Scooter,0.91,14.78,5.25,12.06,21.1,29.8,0,0.2,22.8,26-35,0.779,Normal
3622,E-Bike,5.57,26.77,12.66,15.18,97.7,76.4,3,2.4,23.7,18-25,0.888,Hard_Braking
3623,E-Scooter,2.48,11.03,15.23,19.6,59.4,53.9,1,3.3,38.3,26-35,0.809,Normal
3624,E-Bike,1.37,6.95,15.43,23.82,48.4,39.1,1,4.5,16.3,18-25,0.851,Hard_Braking
3625,E-Scooter,2.32,2.69,18.35,23.06,89.9,87.0,0,25.7,10.4,26-35,0.628,Normal
3626,E-Bike,6.72,35.95,13.01,15.45,36.8,17.2,2,0.5,14.4,46-60,0.742,Hard_Braking
3627,E-Bike,4.81,29.59,11.92,17.48,69.8,51.4,0,5.5,24.9,18-25,0.594,Normal
3628,E-Scooter,8.15,20.21,20.64,27.69,74.6,51.8,0,68.5,4.4,46-60,0.847,Mechanical_Fault
3629,E-Scooter,5.77,15.18,21.1,21.2,89.3,67.9,2,22.0,28.1,36-45,0.893,Mechanical_Fault
3630,E-Scooter,3.27,13.18,15.78,21.03,37.3,28.7,2,5.9,28.3,36-45,0.608,Hard_Braking
3631,E-Bike,3.87,10.26,15.66,18.9,43.1,27.7,1,26.9,24.1,18-25,0.536,Normal
3632,E-Bike,2.1,15.12,13.6,21.83,93.6,85.3,1,42.0,7.3,26-35,0.598,Normal
3633,E-Bike,3.14,8.45,17.15,19.09,40.6,35.0,3,21.7,23.2,46-60,0.826,Hard_Braking
3634,E-Scooter,7.9,36.14,14.66,15.21,95.8,72.2,1,8.8,15.5,26-35,0.911,Normal
3635,E-Scooter,3.34,6.74,22.19,28.48,53.2,43.5,3,9.9,39.4,36-45,0.648,Hard_Braking
3636,E-Scooter,4.7,14.24,19.12,23.62,38.5,27.5,1,14.0,34.3,46-60,0.646,Normal
3637,E-Bike,0.68,2.05,20.13,24.0,23.0,23.9,0,0.0,32.0,18-25,0.703,Normal
3638,E-Bike,4.99,23.96,13.15,16.17,34.0,23.2,3,40.8,16.0,36-45,0.818,Normal
3639,E-Scooter,8.79,29.37,18.19,24.84,39.5,14.2,2,1.5,25.7,46-60,0.969,Battery_Critical
3640,E-Scooter,6.12,22.95,15.8,18.6,54.4,35.0,1,1.3,16.1,18-25,0.492,Normal
3641,E-Bike,1.29,12.95,8.44,8.91,89.5,86.6,0,4.2,38.1,46-60,0.322,Improper_Parking
3642,E-Bike,3.88,19.22,11.11,17.61,42.9,28.4,1,34.2,24.3,26-35,0.953,Normal
3643,E-Scooter,0.91,6.34,16.05,16.47,98.8,100.0,0,12.1,27.7,26-35,0.763,Normal
3644,E-Bike,6.56,44.19,8.37,14.91,96.3,83.2,2,7.6,18.9,46-60,0.689,Battery_Critical
3645,E-Scooter,1.39,2.0,20.2,22.18,62.7,61.6,3,40.2,41.7,26-35,0.769,Hard_Braking
3646,E-Scooter,1.36,10.89,7.18,12.9,78.4,77.5,2,4.8,27.4,18-25,0.763,Normal
3647,E-Bike,9.2,29.72,16.72,18.64,55.0,32.0,1,3.1,20.9,26-35,0.91,Improper_Parking
3648,E-Scooter,3.18,14.09,14.62,19.1,96.0,84.7,3,1.1,28.4,46-60,0.799,Hard_Braking
3649,E-Scooter,1.96,7.36,16.71,22.29,54.3,51.9,2,1.4,19.5,18-25,0.785,Normal
3650,E-Bike,2.78,7.52,21.37,28.53,33.4,32.5,3,23.2,17.6,18-25,0.661,Hard_Braking
3651,E-Scooter,2.44,3.98,23.99,32.15,83.6,70.1,1,11.6,19.7,18-25,0.858,Improper_Parking
3652,E-Scooter,1.1,4.78,16.12,20.03,44.6,45.1,2,8.3,35.2,46-60,0.619,Hard_Braking
3653,E-Bike,3.29,16.57,10.89,17.97,78.2,72.3,0,30.2,27.8,36-45,0.794,Normal
3654,E-Scooter,1.98,2.99,19.3,22.86,44.1,34.4,0,3.7,24.0,46-60,0.584,Normal
3655,E-Scooter,0.72,2.0,11.38,15.16,25.2,26.0,1,24.4,31.4,26-35,0.889,Normal
3656,E-Scooter,7.61,57.44,7.77,11.86,43.5,14.8,0,10.3,19.0,18-25,0.772,Battery_Critical
3657,E-Scooter,2.84,10.33,19.61,28.99,57.0,45.5,3,2.7,25.7,46-60,0.729,Hard_Braking
3658,E-Scooter,1.68,3.11,23.81,30.74,43.3,42.6,0,0.9,39.9,26-35,0.86,Normal
3659,E-Scooter,0.98,2.0,13.35,18.87,34.3,31.4,2,44.5,36.2,18-25,0.783,Normal
3660,E-Bike,1.49,11.97,7.38,13.4,84.1,82.1,1,4.6,32.8,26-35,0.826,Normal
3661,E-Bike,7.25,27.01,14.91,23.75,24.2,7.3,0,6.1,27.3,26-35,0.771,Battery_Critical
3662,E-Scooter,6.04,17.82,19.43,22.4,91.1,72.9,2,3.1,26.4,36-45,0.592,Hard_Braking
3663,E-Scooter,2.85,16.13,13.79,21.47,30.6,28.8,1,21.0,23.4,26-35,0.611,Normal
3664,E-Scooter,5.89,22.09,15.47,21.15,30.7,8.3,3,1.9,20.0,46-60,0.656,Battery_Critical
3665,E-Bike,3.48,14.81,14.24,16.35,52.1,39.3,1,26.8,14.4,26-35,0.882,Normal
3666,E-Bike,3.11,12.9,16.7,20.43,47.4,30.9,2,13.3,13.6,18-25,0.485,Normal
3667,E-Bike,6.75,26.5,14.71,28.0,63.6,36.7,2,12.8,31.5,18-25,0.644,Mechanical_Fault
3668,E-Scooter,0.73,2.0,16.34,24.49,71.9,74.5,1,50.3,29.6,26-35,0.559,Mechanical_Fault
3669,E-Scooter,0.81,7.27,17.02,22.27,92.1,94.4,1,15.3,20.5,26-35,0.668,Normal
3670,E-Bike,1.59,17.68,7.72,8.52,60.8,55.0,2,10.5,-5.0,26-35,0.749,Normal
3671,E-Bike,1.34,2.0,15.92,19.78,38.6,33.1,0,24.0,16.2,26-35,0.681,Normal
3672,E-Bike,3.27,11.32,13.47,15.71,90.2,77.3,3,11.5,32.3,26-35,0.888,Hard_Braking
3673,E-Bike,7.91,37.63,12.49,15.02,71.5,45.0,2,39.9,18.9,26-35,0.726,Hard_Braking
3674,E-Scooter,2.15,12.72,19.58,24.78,78.6,63.1,1,5.3,23.2,26-35,0.835,Normal
3675,E-Scooter,1.31,2.0,16.18,20.7,44.7,42.3,3,10.4,30.7,18-25,0.837,Hard_Braking
3676,E-Bike,1.14,2.0,20.9,22.73,26.4,17.7,0,21.1,32.8,18-25,0.697,Normal
3677,E-Scooter,2.88,10.11,19.47,23.96,89.7,73.5,0,44.7,17.6,26-35,0.557,Normal
3678,E-Scooter,3.71,17.63,15.62,20.7,64.1,58.5,2,0.6,38.3,18-25,0.735,Hard_Braking
3679,E-Scooter,1.93,9.12,14.49,24.35,37.1,30.2,0,15.3,29.1,36-45,0.85,Normal
3680,E-Bike,1.53,7.59,11.16,13.92,74.3,79.3,2,11.4,23.9,46-60,0.722,Hard_Braking
3681,E-Scooter,3.5,20.49,12.27,19.36,72.4,61.4,1,41.9,26.6,46-60,0.796,Normal
3682,E-Scooter,3.64,14.8,25.88,36.43,39.8,22.0,2,12.5,35.1,46-60,0.85,Hard_Braking
3683,E-Bike,8.8,33.8,17.02,24.01,20.7,0.0,2,3.9,17.4,36-45,0.776,Battery_Critical
3684,E-Scooter,3.35,10.58,21.41,24.8,94.7,82.8,4,17.2,22.0,26-35,0.713,Hard_Braking
3685,E-Bike,1.85,7.04,11.97,19.61,56.4,50.4,0,8.0,32.6,36-45,0.846,Normal
3686,E-Scooter,2.28,2.0,22.33,29.99,54.7,41.4,0,23.2,21.6,36-45,0.795,Normal
3687,E-Scooter,8.62,33.38,14.25,19.89,32.8,1.5,2,36.4,29.6,36-45,0.744,Battery_Critical
3688,E-Bike,1.45,3.84,15.29,20.86,62.7,58.9,0,22.0,20.2,36-45,0.568,Normal
3689,E-Scooter,0.35,2.0,13.82,22.09,93.6,87.7,1,18.8,14.6,18-25,0.655,Normal
3690,E-Bike,13.57,76.64,10.64,14.49,27.5,0.0,2,90.6,30.3,26-35,0.621,Battery_Critical
3691,E-Bike,7.83,57.7,8.62,15.79,55.7,30.2,2,2.6,14.2,18-25,0.42,Improper_Parking
3692,E-Scooter,2.65,13.51,18.4,20.15,60.0,48.4,2,3.7,25.8,26-35,0.645,Normal
3693,E-Scooter,3.95,19.9,15.94,21.67,66.7,54.5,2,0.6,24.3,18-25,0.678,Normal
3694,E-Scooter,5.14,29.9,10.13,18.13,93.6,76.3,0,2.7,16.8,26-35,0.637,Normal
3695,E-Scooter,2.57,10.23,17.29,28.64,43.9,39.6,0,25.8,38.0,26-35,0.692,Normal
3696,E-Bike,3.07,12.14,12.53,22.18,61.5,55.7,1,38.3,19.5,26-35,0.707,Hard_Braking
3697,E-Scooter,0.48,2.0,13.03,17.04,84.7,87.1,0,30.6,40.5,46-60,0.889,Hard_Braking
3698,E-Scooter,5.09,16.78,17.96,24.24,82.6,71.3,0,41.7,13.4,18-25,0.786,Mechanical_Fault
3699,E-Scooter,1.61,4.5,15.44,19.06,26.1,24.7,2,31.0,6.8,26-35,0.729,Battery_Critical
3700,E-Bike,6.78,33.58,10.78,18.6,59.4,43.6,0,31.0,15.4,18-25,0.776,Normal
3701,E-Scooter,6.24,35.15,10.99,18.29,64.4,48.5,3,1.4,24.4,26-35,0.909,Mechanical_Fault
3702,E-Bike,1.52,6.06,15.77,20.44,27.7,28.0,0,13.4,35.5,26-35,0.803,Normal
3703,E-Scooter,5.53,12.13,18.82,20.83,57.1,40.8,1,5.6,24.0,26-35,0.525,Hard_Braking
3704,E-Scooter,6.93,29.63,14.33,20.28,73.8,52.2,1,1.9,13.2,18-25,0.927,Normal
3705,E-Bike,3.08,14.09,12.96,23.48,77.3,67.9,1,4.7,28.4,18-25,0.754,Hard_Braking
3706,E-Bike,2.99,12.79,14.79,19.41,47.0,37.7,3,15.7,30.1,26-35,0.551,Improper_Parking
3707,E-Scooter,1.62,2.44,26.74,32.75,43.1,40.1,4,9.3,20.6,26-35,0.732,Hard_Braking
3708,E-Scooter,1.88,2.07,14.69,18.68,75.4,69.7,1,34.0,20.0,26-35,0.72,Hard_Braking
3709,E-Bike,1.19,9.51,11.77,21.1,51.5,49.8,2,1.3,23.4,36-45,0.943,Battery_Critical
3710,E-Bike,1.94,10.02,15.06,19.74,84.3,81.9,3,42.8,13.3,18-25,0.778,Hard_Braking
3711,E-Scooter,6.04,22.08,14.55,19.08,92.0,79.0,1,10.7,31.4,36-45,0.88,Normal
3712,E-Scooter,2.69,9.05,15.63,21.51,64.9,65.2,1,30.5,32.0,26-35,0.769,Normal
3713,E-Scooter,4.86,19.08,15.54,15.85,84.5,71.7,0,22.8,26.6,26-35,0.643,Normal
3714,E-Scooter,2.51,11.24,17.51,20.6,34.2,22.5,4,1.8,24.4,26-35,0.707,Hard_Braking
3715,E-Scooter,5.89,26.33,15.89,24.97,35.2,19.7,0,14.0,18.4,36-45,0.818,Normal
3716,E-Bike,3.14,15.96,13.17,18.01,40.6,32.5,2,5.6,30.1,26-35,0.888,Normal
3717,E-Bike,4.46,23.0,14.46,16.58,27.6,14.3,2,8.9,27.6,26-35,0.665,Hard_Braking
3718,E-Bike,3.95,20.36,13.56,20.53,90.2,78.4,4,11.0,36.4,18-25,0.673,Hard_Braking
3719,E-Scooter,2.63,4.18,19.28,28.4,32.3,19.5,0,3.0,3.8,26-35,0.809,Normal
3720,E-Bike,5.74,24.45,16.83,24.8,68.7,53.0,0,53.5,17.5,46-60,0.76,Normal
3721,E-Bike,8.15,34.3,16.2,22.95,56.0,31.8,1,102.9,28.4,36-45,0.641,Mechanical_Fault
3722,E-Bike,9.44,38.25,13.57,21.01,97.0,68.4,0,17.6,14.6,36-45,0.667,Normal
3723,E-Bike,0.43,7.96,10.11,16.25,99.8,100.0,1,21.4,19.3,36-45,0.843,Normal
3724,E-Scooter,2.0,2.0,19.53,20.75,60.2,53.3,0,20.2,20.8,36-45,0.886,Normal
3725,E-Bike,3.92,22.46,11.83,19.73,51.2,33.7,2,86.7,13.6,36-45,0.71,Hard_Braking
3726,E-Scooter,4.56,15.67,19.35,23.73,80.3,65.0,4,44.9,23.5,26-35,0.831,Hard_Braking
3727,E-Scooter,3.91,12.49,23.4,26.37,60.3,47.8,1,19.2,42.0,26-35,0.435,Battery_Critical
3728,E-Scooter,2.03,13.35,10.91,13.82,42.9,35.8,2,26.7,11.8,46-60,0.736,Battery_Critical
3729,E-Bike,8.26,33.4,14.49,21.15,25.9,9.3,4,9.2,21.6,46-60,0.99,Battery_Critical
3730,E-Scooter,4.11,16.47,15.78,23.39,60.7,42.5,1,0.3,32.2,18-25,0.859,Improper_Parking
3731,E-Scooter,3.43,21.29,12.45,14.43,98.5,87.2,0,32.8,29.4,18-25,0.656,Mechanical_Fault
3732,E-Bike,4.57,36.09,7.59,12.38,49.8,32.3,2,1.4,27.2,18-25,0.943,Hard_Braking
3733,E-Bike,4.16,12.04,14.36,21.07,98.6,86.3,4,14.2,15.5,26-35,0.94,Hard_Braking
3734,E-Scooter,2.9,10.68,20.72,25.47,78.5,69.4,2,5.4,33.1,26-35,0.695,Hard_Braking
3735,E-Scooter,4.91,19.91,21.9,31.6,65.3,49.3,2,24.1,22.6,18-25,0.747,Normal
3736,E-Bike,4.02,18.04,11.66,18.82,81.5,68.3,0,10.8,22.2,36-45,0.82,Normal
3737,E-Scooter,12.02,37.61,19.66,24.99,26.6,0.0,1,30.2,14.4,46-60,0.848,Battery_Critical
3738,E-Scooter,2.23,4.76,12.83,16.46,28.1,18.4,0,1.7,22.8,18-25,0.73,Normal
3739,E-Bike,3.34,10.35,13.26,14.15,88.3,80.4,1,8.1,25.9,18-25,0.83,Mechanical_Fault
3740,E-Bike,4.62,16.52,14.94,21.39,41.5,23.8,1,1.9,16.2,18-25,0.482,Normal
3741,E-Scooter,1.07,2.0,17.51,22.05,31.2,30.8,1,14.2,21.3,18-25,0.465,Normal
3742,E-Scooter,0.69,2.0,21.65,28.71,52.2,54.8,2,95.5,18.8,60+,0.839,Mechanical_Fault
3743,E-Bike,5.46,20.48,14.68,19.36,88.0,71.0,2,3.1,29.1,26-35,0.551,Hard_Braking
3744,E-Bike,1.53,2.15,13.77,17.23,33.5,29.5,1,12.6,29.2,26-35,0.713,Battery_Critical
3745,E-Bike,1.2,6.08,9.82,15.72,83.2,84.7,2,27.6,14.8,18-25,0.552,Normal
3746,E-Scooter,5.68,9.79,20.0,23.19,62.5,46.6,0,2.3,27.1,18-25,,Normal
3747,E-Scooter,1.89,5.57,16.94,21.85,68.2,60.6,2,3.2,41.1,26-35,0.628,Normal
3748,E-Scooter,1.34,10.47,11.58,12.77,88.5,80.1,1,24.3,21.2,26-35,0.95,Mechanical_Fault
3749,E-Bike,0.6,2.0,16.65,21.35,79.8,75.3,2,55.6,9.6,18-25,0.878,Hard_Braking
3750,E-Scooter,2.63,5.74,14.07,16.84,56.8,56.8,2,3.3,26.4,36-45,0.833,Hard_Braking
3751,E-Scooter,1.57,6.43,13.13,21.3,70.4,64.5,0,15.5,22.7,18-25,0.933,Normal
3752,E-Scooter,3.88,12.7,19.26,25.65,62.7,48.8,1,39.2,32.6,18-25,0.657,Mechanical_Fault
3753,E-Scooter,0.5,2.0,21.8,31.23,96.1,89.8,1,16.9,20.0,26-35,0.637,Normal
3754,E-Bike,1.63,8.73,20.34,20.99,49.9,42.7,0,32.8,32.7,26-35,0.958,Mechanical_Fault
3755,E-Scooter,3.24,8.02,19.32,27.37,66.8,52.3,2,44.9,17.8,18-25,0.408,Improper_Parking
3756,E-Bike,4.52,15.67,13.57,22.15,46.3,29.0,2,13.7,23.7,46-60,0.791,Normal
3757,E-Scooter,0.99,3.82,20.31,20.52,43.7,38.3,1,5.3,17.0,18-25,0.462,Mechanical_Fault
3758,E-Scooter,3.78,19.07,13.06,17.41,61.9,51.4,2,40.5,21.7,18-25,0.911,Hard_Braking
3759,E-Scooter,1.71,4.36,15.33,18.75,91.9,89.9,2,3.6,29.3,36-45,0.611,Hard_Braking
3760,E-Bike,3.5,13.92,12.46,13.2,31.1,22.3,1,11.2,31.4,36-45,0.853,Normal
3761,E-Scooter,1.65,2.0,19.97,25.88,72.5,67.3,0,4.4,20.2,46-60,0.793,Normal
3762,E-Scooter,1.09,4.18,19.59,29.23,98.4,99.1,1,34.4,23.0,26-35,0.775,Normal
3763,E-Scooter,2.01,10.76,20.29,28.02,64.4,55.7,0,11.8,29.2,18-25,0.998,Normal
3764,E-Bike,0.95,2.0,15.66,23.51,34.0,33.2,1,0.4,34.7,18-25,0.946,Normal
3765,E-Scooter,4.24,10.64,20.12,27.26,83.2,68.6,0,12.0,20.8,26-35,0.912,Battery_Critical
3766,E-Scooter,2.85,8.32,19.61,23.58,68.2,63.4,1,7.3,14.9,18-25,0.735,Normal
3767,E-Scooter,2.77,8.68,21.93,29.56,62.1,48.9,1,10.8,22.1,26-35,0.937,Normal
3768,E-Bike,0.33,7.31,11.49,24.35,88.3,91.1,1,16.3,37.9,26-35,0.923,Improper_Parking
3769,E-Bike,3.37,22.12,9.87,13.19,82.6,75.6,1,9.3,21.6,26-35,0.746,Normal
3770,E-Scooter,1.47,19.15,5.0,11.04,87.7,84.1,1,4.4,29.4,18-25,0.731,Normal
3771,E-Bike,1.94,11.13,12.25,15.08,93.5,81.4,1,34.9,18.6,18-25,0.596,Battery_Critical
3772,E-Scooter,2.6,4.31,15.61,20.76,88.4,86.8,2,7.2,37.8,36-45,0.549,Hard_Braking
3773,E-Bike,0.65,2.0,16.37,18.33,82.6,87.0,4,2.3,18.5,18-25,0.74,Hard_Braking
3774,E-Scooter,0.56,2.0,21.28,22.22,69.8,67.6,0,3.2,16.0,46-60,0.86,Normal
3775,E-Scooter,1.39,3.83,21.77,24.98,96.4,95.0,0,21.7,28.0,26-35,0.559,Normal
3776,E-Bike,3.57,22.6,9.65,17.82,85.4,77.1,0,0.3,31.9,18-25,0.751,Normal
3777,E-Bike,8.37,27.77,18.84,30.0,29.5,3.2,3,8.4,34.3,26-35,0.75,Battery_Critical
3778,E-Scooter,8.58,21.64,20.83,23.36,81.8,54.1,2,18.2,16.0,60+,0.656,Normal
3779,E-Bike,1.09,3.84,17.25,21.0,63.4,60.8,1,13.0,28.2,60+,0.578,Normal
3780,E-Scooter,0.82,3.48,13.66,21.53,48.0,44.4,3,5.9,34.9,36-45,0.728,Hard_Braking
3781,E-Scooter,1.19,2.0,19.85,24.58,87.3,85.1,1,18.7,21.5,18-25,0.586,Normal
3782,E-Scooter,1.64,4.65,16.01,22.29,60.7,56.4,1,0.7,29.0,46-60,0.312,Improper_Parking
3783,E-Scooter,1.74,2.0,24.22,27.11,35.2,30.7,0,11.6,24.1,26-35,0.688,Normal
3784,E-Scooter,9.32,23.92,21.12,21.64,97.3,71.0,2,14.8,31.7,18-25,0.947,Hard_Braking
3785,E-Scooter,3.27,11.02,18.01,19.14,98.3,89.8,0,6.1,22.8,18-25,0.945,Normal
3786,E-Bike,1.73,2.74,11.08,22.97,48.3,46.6,2,22.8,28.8,46-60,0.699,Mechanical_Fault
3787,E-Scooter,0.3,2.0,17.33,20.57,46.3,43.9,1,18.1,20.7,26-35,0.789,Normal
3788,E-Scooter,2.62,9.5,20.98,24.1,33.1,25.3,1,25.4,13.7,26-35,0.525,Normal
3789,E-Scooter,2.09,7.61,17.65,21.09,40.1,39.1,1,28.1,14.7,18-25,0.673,Normal
3790,E-Scooter,5.49,19.27,17.93,28.45,35.2,17.5,3,11.9,30.1,26-35,0.559,Hard_Braking
3791,E-Bike,3.39,13.14,14.03,16.1,86.6,71.4,3,7.7,21.3,18-25,0.555,Mechanical_Fault
3792,E-Bike,2.01,12.06,10.07,13.99,50.1,37.4,2,5.9,33.7,18-25,0.824,Normal
3793,E-Scooter,6.82,30.55,13.08,18.32,84.2,69.9,2,5.2,25.8,26-35,0.782,Hard_Braking
3794,E-Bike,2.8,8.21,16.07,23.72,38.5,31.9,2,31.6,20.7,36-45,0.738,Normal
3795,E-Scooter,0.94,7.16,18.37,22.86,80.3,77.2,2,27.6,31.6,26-35,0.684,Battery_Critical
3796,E-Bike,10.36,54.86,12.2,20.12,64.8,38.3,1,7.3,24.5,36-45,0.925,Normal
3797,E-Scooter,5.48,13.85,23.12,27.9,59.2,43.2,1,12.1,20.6,,0.583,Normal
3798,E-Bike,5.79,28.16,14.13,19.27,83.1,74.0,2,7.1,29.7,18-25,0.666,Normal
3799,E-Scooter,5.69,14.67,19.4,22.88,88.3,71.0,1,32.6,27.4,26-35,0.765,Hard_Braking
3800,E-Scooter,5.11,18.0,15.33,24.55,57.4,43.9,3,12.6,27.8,18-25,0.658,Hard_Braking
3801,E-Bike,10.17,59.49,11.42,15.91,93.0,57.3,3,13.2,22.6,46-60,0.963,Normal
3802,E-Bike,2.01,7.89,10.61,18.34,67.3,57.1,2,7.9,32.8,18-25,,Battery_Critical
3803,E-Scooter,3.47,9.85,20.62,26.24,90.5,80.9,0,24.2,20.1,36-45,0.684,Normal
3804,E-Scooter,6.46,31.3,12.06,18.25,73.9,53.7,0,47.2,30.4,18-25,0.619,Mechanical_Fault
3805,E-Scooter,1.6,12.4,11.48,14.1,72.0,66.6,4,13.0,33.7,18-25,0.848,Hard_Braking
3806,E-Bike,7.25,25.06,18.49,21.53,99.9,77.2,2,2.1,24.1,26-35,0.895,Normal
3807,E-Bike,2.51,20.45,10.93,18.22,38.1,29.0,0,29.6,25.5,36-45,0.559,Normal
3808,E-Scooter,2.9,7.05,17.83,24.99,72.1,63.0,0,2.1,21.2,36-45,0.782,Normal
3809,E-Scooter,2.44,9.04,23.18,29.29,39.3,25.1,2,4.4,29.7,26-35,0.713,Normal
3810,E-Bike,9.12,37.95,13.4,21.66,60.3,27.3,1,10.5,32.0,46-60,0.886,Normal
3811,E-Bike,2.24,16.69,10.44,21.88,73.6,73.3,1,9.7,29.3,18-25,0.66,Normal
3812,E-Scooter,4.61,16.8,16.64,22.16,52.7,40.6,2,4.6,24.9,26-35,0.686,Improper_Parking
3813,E-Bike,3.5,20.97,11.11,15.99,56.2,45.9,3,40.1,33.5,26-35,0.561,Normal
3814,E-Bike,9.05,54.15,9.27,17.68,65.8,30.8,4,8.6,13.5,18-25,0.75,Hard_Braking
3815,E-Scooter,3.02,11.84,17.02,19.32,85.4,81.6,2,8.0,17.2,18-25,0.894,Normal
3816,E-Bike,3.04,28.21,7.78,10.27,82.4,69.5,1,27.6,31.2,36-45,0.785,Mechanical_Fault
3817,E-Scooter,3.71,14.27,12.82,18.84,51.2,42.3,0,0.8,30.7,18-25,0.712,Normal
3818,E-Scooter,1.98,6.25,20.3,29.68,59.1,46.7,1,4.5,27.1,26-35,0.893,Hard_Braking
3819,E-Bike,1.58,7.61,11.85,12.88,45.3,41.9,0,13.2,29.6,26-35,0.72,Normal
3820,E-Bike,2.7,23.13,8.57,16.67,35.8,21.0,0,10.8,28.8,36-45,0.825,Normal
3821,E-Scooter,4.96,14.03,20.25,20.66,21.9,12.0,2,85.3,29.0,46-60,0.774,Battery_Critical
3822,E-Scooter,1.57,3.65,23.22,29.78,22.6,16.0,0,3.7,20.7,46-60,0.934,Battery_Critical
3823,E-Bike,4.62,28.09,10.32,19.1,80.0,65.9,4,9.1,29.6,36-45,0.727,Hard_Braking
3824,E-Scooter,3.35,25.29,10.05,13.97,74.1,66.3,1,44.1,32.8,18-25,0.654,Normal
3825,E-Scooter,2.92,10.54,18.61,25.63,73.3,60.0,3,2.5,18.3,26-35,0.692,Normal
3826,E-Scooter,3.1,12.56,13.95,17.24,49.3,46.9,0,3.6,21.1,18-25,0.676,Normal
3827,E-Scooter,2.22,3.89,25.74,34.91,96.0,85.3,1,76.1,33.8,18-25,0.655,Mechanical_Fault
3828,E-Scooter,2.74,15.1,18.46,23.0,79.2,64.9,0,9.2,15.3,18-25,0.818,Normal
3829,E-Scooter,7.04,26.51,17.1,18.6,24.7,0.0,2,6.5,29.2,46-60,0.777,Battery_Critical
3830,E-Bike,5.26,37.73,8.51,15.34,60.8,46.9,2,11.5,21.6,18-25,0.664,Hard_Braking
3831,E-Scooter,2.43,8.4,21.81,29.45,42.7,35.2,4,50.8,28.4,18-25,0.946,Hard_Braking
3832,E-Scooter,6.87,23.98,19.1,30.11,82.3,65.2,0,1.4,37.4,36-45,0.779,Normal
3833,E-Scooter,7.27,25.79,15.3,21.15,59.6,37.2,0,39.1,16.2,18-25,0.543,Normal
3834,E-Bike,2.01,11.83,13.04,17.02,60.1,48.4,2,17.6,18.5,18-25,0.816,Normal
3835,E-Bike,0.55,2.0,11.95,19.46,80.5,83.1,3,45.1,21.3,18-25,0.579,Hard_Braking
3836,E-Bike,2.57,13.57,11.52,19.68,53.0,49.7,1,19.3,18.6,46-60,0.707,Normal
3837,E-Scooter,1.86,2.79,20.5,25.71,59.0,52.2,1,13.0,22.3,26-35,0.718,Normal
3838,E-Bike,4.51,20.61,14.24,15.17,51.4,34.1,2,19.0,31.3,26-35,0.623,Battery_Critical
3839,E-Scooter,0.66,4.06,13.03,20.55,97.4,90.4,1,14.2,2.5,18-25,0.805,Normal
3840,E-Scooter,0.51,2.0,15.19,22.94,97.1,94.8,1,120.0,24.4,26-35,0.727,Mechanical_Fault
3841,E-Scooter,1.31,8.03,12.29,20.29,53.5,47.6,1,6.5,20.9,26-35,0.738,Normal
3842,E-Bike,3.88,15.08,15.08,24.21,50.9,43.4,1,2.3,27.7,26-35,0.937,Normal
3843,E-Scooter,0.84,2.0,23.57,27.08,59.0,60.6,0,8.3,38.6,26-35,0.569,Normal
3844,E-Bike,1.3,6.91,9.91,15.08,25.2,13.5,3,4.9,22.5,18-25,0.782,Battery_Critical
3845,E-Scooter,4.61,14.49,14.69,21.75,42.6,26.6,1,0.4,22.5,46-60,0.915,Normal
3846,E-Scooter,4.91,23.17,16.27,21.2,43.9,26.0,0,58.2,12.9,26-35,0.778,Normal
3847,E-Scooter,5.99,30.68,15.08,16.29,64.8,48.8,3,6.8,24.8,18-25,0.65,Hard_Braking
3848,E-Bike,4.32,27.55,9.2,11.64,62.5,46.7,0,1.8,10.2,18-25,0.567,Normal
3849,E-Scooter,5.19,22.37,14.9,22.9,86.2,68.8,1,8.9,36.6,26-35,0.949,Normal
3850,E-Bike,11.88,67.06,10.44,18.81,52.3,19.7,3,67.8,24.4,46-60,0.852,Mechanical_Fault
3851,E-Scooter,4.8,17.22,12.08,19.42,64.7,56.4,1,7.7,19.4,36-45,0.792,Normal
3852,E-Scooter,0.9,7.98,12.32,13.63,84.4,80.5,0,1.0,21.8,36-45,0.708,Normal
3853,E-Scooter,2.72,8.94,20.57,28.83,98.5,90.3,3,4.7,15.3,46-60,0.966,Hard_Braking
3854,E-Scooter,2.48,6.62,19.78,23.64,85.3,73.7,0,18.4,23.6,26-35,0.575,Normal
3855,E-Scooter,1.16,3.72,12.72,18.54,50.7,49.0,0,0.2,19.7,36-45,0.921,Normal
3856,E-Bike,1.76,6.63,13.61,17.53,42.0,37.5,2,150.0,20.8,26-35,0.919,Mechanical_Fault
3857,E-Bike,1.09,2.0,14.75,23.68,30.4,24.5,0,15.0,8.0,18-25,0.785,Normal
3858,E-Bike,2.38,9.76,15.1,15.13,30.5,20.4,3,115.4,26.4,18-25,0.76,Mechanical_Fault
3859,E-Bike,3.59,9.46,19.17,26.39,91.3,75.3,1,72.6,33.8,36-45,0.891,Normal
3860,E-Scooter,4.26,21.6,12.04,16.57,80.3,62.7,0,26.6,17.4,26-35,0.538,Normal
3861,E-Bike,1.76,3.08,13.2,21.53,97.8,92.5,2,20.2,22.6,26-35,0.832,Normal
3862,E-Bike,2.55,13.28,12.52,21.88,97.0,89.5,3,41.8,25.2,26-35,0.833,Hard_Braking
3863,E-Bike,3.79,15.62,16.15,19.61,76.8,73.4,2,22.1,22.9,36-45,0.905,Normal
3864,E-Scooter,5.45,15.62,17.38,19.83,62.4,45.8,0,5.7,25.2,18-25,0.606,Normal
3865,E-Scooter,1.88,8.43,15.22,21.7,78.3,67.9,2,31.9,23.6,36-45,,Normal
3866,E-Scooter,0.94,7.7,14.62,19.18,74.3,69.0,2,1.7,18.5,,0.703,Hard_Braking
3867,E-Scooter,1.67,10.87,17.16,27.0,35.7,32.9,0,5.6,13.8,60+,0.446,Improper_Parking
3868,E-Scooter,1.8,10.9,17.47,23.21,50.4,46.2,2,5.0,17.6,26-35,0.672,Normal
3869,E-Bike,4.54,19.37,14.36,16.86,90.6,78.1,0,12.8,32.5,60+,0.696,Normal
3870,E-Bike,1.12,8.4,10.03,12.94,93.2,93.7,1,0.2,16.4,18-25,0.909,Normal
3871,E-Scooter,2.14,5.98,18.55,19.01,34.7,26.8,1,11.1,20.8,26-35,0.964,Battery_Critical
3872,E-Bike,2.42,13.02,11.48,14.76,65.8,54.2,1,124.9,16.2,36-45,0.877,Mechanical_Fault
3873,E-Scooter,3.63,9.4,22.46,23.17,57.8,42.8,2,1.8,27.4,26-35,,Normal
3874,E-Bike,3.24,22.39,11.13,11.68,38.3,28.3,1,29.2,19.2,26-35,0.651,Normal
3875,E-Bike,5.37,21.91,16.67,22.7,85.2,69.0,3,12.2,33.5,18-25,0.83,Hard_Braking
3876,E-Scooter,1.49,3.57,20.96,29.01,59.8,53.4,0,1.1,24.2,26-35,0.819,Normal
3877,E-Bike,1.43,7.11,15.51,23.3,80.2,76.0,0,34.6,20.0,,0.922,Normal
3878,E-Scooter,9.86,58.84,10.23,13.7,99.4,69.0,1,9.9,19.0,18-25,0.84,Improper_Parking
3879,E-Bike,4.64,20.06,15.73,20.42,70.4,57.1,1,26.2,24.7,26-35,0.824,Normal
3880,E-Scooter,8.08,30.34,14.88,20.15,90.4,74.3,3,8.2,15.1,26-35,0.768,Normal
3881,E-Bike,2.02,10.61,13.9,17.83,71.8,68.9,2,20.6,27.1,18-25,0.694,Hard_Braking
3882,E-Bike,1.38,6.01,12.04,14.64,24.8,20.3,2,18.9,17.5,36-45,0.295,Improper_Parking
3883,E-Scooter,0.9,4.0,15.27,17.69,50.2,48.1,3,3.8,16.3,26-35,0.65,Hard_Braking
3884,E-Scooter,6.25,12.03,23.5,28.07,48.5,35.8,0,13.8,29.3,46-60,0.678,Normal
3885,E-Bike,0.77,5.95,12.15,18.15,20.7,20.9,3,0.3,36.4,26-35,0.432,Hard_Braking
3886,E-Bike,7.33,29.35,17.41,21.86,76.5,52.8,1,27.0,18.8,46-60,0.898,Normal
3887,E-Bike,1.3,2.0,18.62,25.73,84.7,75.7,1,49.5,16.6,36-45,0.618,Hard_Braking
3888,E-Bike,0.8,2.0,13.39,14.18,88.5,88.8,2,20.3,17.0,26-35,0.868,Normal
3889,E-Bike,2.92,13.93,15.67,17.63,26.7,13.2,0,10.2,18.9,36-45,0.802,Battery_Critical
3890,E-Scooter,1.89,8.38,17.69,18.63,47.4,43.3,1,54.8,31.2,26-35,0.626,Mechanical_Fault
3891,E-Bike,3.0,12.64,14.4,20.68,92.0,90.4,2,2.9,37.1,18-25,0.55,Normal
3892,E-Scooter,14.0,51.16,17.25,21.69,96.4,55.4,3,12.4,22.8,18-25,0.923,Hard_Braking
3893,E-Bike,0.61,2.0,9.72,15.18,92.5,80.6,1,6.0,23.1,60+,0.713,Normal
3894,E-Bike,6.76,31.74,12.24,19.07,23.0,4.9,3,49.4,22.0,36-45,0.912,Battery_Critical
3895,E-Bike,5.1,26.05,13.91,14.35,61.7,44.6,3,7.1,25.2,18-25,0.845,Hard_Braking
3896,E-Scooter,0.3,2.0,18.81,21.98,98.7,98.9,1,14.3,10.0,26-35,0.597,Mechanical_Fault
3897,E-Bike,3.78,15.15,15.45,15.55,30.6,15.4,3,1.0,27.3,46-60,0.759,Hard_Braking
3898,E-Bike,4.56,23.23,13.21,13.51,50.6,34.8,1,16.4,21.0,18-25,0.847,Normal
3899,E-Scooter,2.65,15.21,14.09,17.92,64.0,56.8,1,21.9,39.3,26-35,0.746,Normal
3900,E-Scooter,1.87,3.42,23.08,23.58,76.3,67.2,0,14.0,26.8,18-25,0.625,Normal
3901,E-Scooter,3.06,12.37,18.16,21.92,93.2,86.9,1,6.3,26.8,36-45,0.815,Normal
3902,E-Scooter,5.28,22.41,14.55,15.77,48.0,35.3,2,35.1,20.6,26-35,0.799,Hard_Braking
3903,E-Scooter,1.81,8.33,16.34,17.28,59.7,52.2,2,18.6,21.8,26-35,0.414,Improper_Parking
3904,E-Bike,3.93,12.95,13.59,21.51,28.0,8.9,1,101.8,29.0,18-25,0.769,Mechanical_Fault
3905,E-Scooter,1.57,3.3,20.81,26.96,76.7,68.6,1,26.9,19.1,18-25,0.479,Mechanical_Fault
3906,E-Bike,3.25,6.42,22.15,28.45,77.1,75.9,0,17.6,20.1,18-25,0.767,Normal
3907,E-Bike,4.22,18.97,12.02,12.9,52.2,39.3,2,8.7,27.2,26-35,0.653,Normal
3908,E-Bike,1.89,5.35,12.78,14.0,22.3,12.3,2,5.9,22.4,18-25,0.504,Battery_Critical
3909,E-Scooter,2.52,9.6,16.53,19.22,42.8,31.3,1,5.5,26.0,46-60,0.682,Normal
3910,E-Scooter,3.9,6.77,19.99,26.56,94.2,85.1,1,41.3,17.4,18-25,0.872,Normal
3911,E-Bike,1.7,8.76,13.84,21.82,75.5,74.8,2,0.2,28.2,26-35,0.725,Normal
3912,E-Scooter,4.83,26.44,9.85,14.42,85.7,68.9,1,12.8,24.4,26-35,0.832,Normal
3913,E-Scooter,3.05,10.76,22.94,28.33,66.4,62.7,1,11.8,21.5,18-25,0.458,Hard_Braking
3914,E-Scooter,1.24,4.28,17.04,21.62,38.3,36.3,1,25.5,14.2,46-60,0.489,Normal
3915,E-Bike,0.53,2.0,12.79,20.79,55.5,49.7,2,32.3,11.1,36-45,0.717,Normal
3916,E-Scooter,1.91,13.34,6.38,6.94,23.3,20.8,1,32.7,18.7,36-45,0.856,Normal
3917,E-Scooter,2.11,15.33,11.5,16.38,43.4,41.6,1,103.6,24.0,46-60,0.723,Mechanical_Fault
3918,E-Scooter,2.84,5.88,14.99,19.24,24.6,15.3,0,59.8,24.6,36-45,0.786,Normal
3919,E-Scooter,4.12,10.44,22.07,26.98,59.7,46.1,3,4.7,23.8,18-25,0.936,Normal
3920,E-Bike,4.85,16.8,14.97,18.4,78.4,67.1,1,5.2,34.0,36-45,0.881,Hard_Braking
3921,E-Scooter,1.37,8.25,19.4,24.66,26.4,25.1,0,5.5,14.6,18-25,0.525,Normal
3922,E-Scooter,1.39,3.82,16.81,23.17,39.6,36.7,0,5.8,32.1,36-45,0.793,Normal
3923,E-Scooter,0.77,3.04,17.15,21.0,20.5,11.2,1,104.4,39.7,26-35,0.938,Battery_Critical
3924,E-Scooter,1.89,7.58,13.98,18.01,59.1,55.4,1,10.2,35.6,18-25,0.754,Normal
3925,E-Scooter,0.74,2.7,16.18,21.71,78.1,74.1,0,3.1,12.8,46-60,0.756,Improper_Parking
3926,E-Scooter,1.11,2.0,20.73,27.34,38.3,34.6,3,41.6,20.1,36-45,0.722,Hard_Braking
3927,E-Scooter,0.9,4.69,12.97,21.94,98.8,100.0,1,16.3,5.8,18-25,0.741,Normal
3928,E-Scooter,2.53,10.83,18.52,22.82,73.8,66.3,0,7.7,10.3,18-25,0.73,Normal
3929,E-Scooter,1.37,9.31,21.24,29.57,21.0,5.0,1,13.0,18.5,60+,0.671,Battery_Critical
3930,E-Bike,2.77,14.24,10.63,15.86,90.3,83.4,1,8.1,19.1,46-60,0.555,Normal
3931,E-Scooter,11.04,45.65,15.56,24.79,36.1,8.6,2,4.5,20.0,26-35,0.85,Battery_Critical
3932,E-Bike,2.31,12.94,12.57,16.74,52.5,51.4,1,59.1,10.9,26-35,0.885,Hard_Braking
3933,E-Bike,2.42,15.47,10.47,12.26,78.2,70.4,2,31.9,42.0,18-25,0.57,Hard_Braking
3934,E-Scooter,2.59,7.01,15.43,22.77,65.0,59.9,2,17.3,42.0,18-25,0.518,Normal
3935,E-Bike,3.64,6.82,14.63,26.03,53.3,41.6,3,13.2,24.6,36-45,0.866,Hard_Braking
3936,E-Bike,1.3,2.0,12.8,27.46,38.2,37.5,1,33.2,38.6,18-25,0.82,Improper_Parking
3937,E-Scooter,2.05,5.88,19.78,22.45,62.1,55.0,2,15.5,26.3,26-35,0.808,Normal
3938,E-Bike,3.84,22.47,10.6,14.5,22.7,9.7,1,1.2,23.6,18-25,0.494,Battery_Critical
3939,E-Bike,1.48,4.62,17.25,22.51,90.8,85.5,0,71.1,30.0,36-45,0.746,Normal
3940,E-Bike,0.89,5.1,9.13,17.04,47.8,47.6,3,4.8,16.4,26-35,0.703,Hard_Braking
3941,E-Scooter,9.51,32.8,17.32,19.02,70.8,40.0,0,17.7,6.1,18-25,0.503,Mechanical_Fault
3942,E-Scooter,9.91,24.64,21.91,27.01,51.9,21.7,2,27.3,38.8,26-35,0.928,Normal
3943,E-Bike,0.3,3.09,14.51,18.92,27.7,19.9,0,23.2,41.1,36-45,0.693,Normal
3944,E-Scooter,3.82,14.04,14.17,20.03,87.4,73.7,0,0.3,20.3,46-60,0.935,Normal
3945,E-Scooter,1.85,6.93,18.71,22.43,56.6,45.8,2,30.7,19.8,26-35,0.96,Hard_Braking
3946,E-Scooter,3.83,15.88,12.71,16.69,49.7,35.3,2,89.0,20.0,36-45,0.651,Normal
3947,E-Bike,2.4,12.67,17.09,23.34,74.8,65.4,3,19.5,28.2,26-35,0.708,Hard_Braking
3948,E-Scooter,3.99,6.87,24.04,35.26,78.3,74.0,2,28.6,15.4,36-45,0.595,Hard_Braking
3949,E-Scooter,4.39,16.72,14.67,19.98,81.8,59.1,1,37.5,11.4,18-25,0.496,Normal
3950,E-Scooter,4.87,17.34,14.44,20.18,48.2,35.3,2,12.0,22.8,36-45,0.971,Normal
3951,E-Bike,2.9,15.38,14.72,19.99,61.6,49.4,1,7.4,21.5,36-45,0.733,Normal
3952,E-Scooter,3.72,14.51,15.71,17.49,61.4,52.8,2,37.6,28.1,46-60,0.89,Hard_Braking
3953,E-Scooter,1.35,4.34,22.9,32.73,43.8,40.0,2,52.0,15.3,46-60,0.722,Hard_Braking
3954,E-Scooter,0.37,2.0,18.63,21.98,89.1,94.3,0,19.0,18.8,46-60,0.881,Normal
3955,E-Scooter,3.04,11.06,18.92,19.68,27.8,15.3,2,23.5,26.2,26-35,0.639,Battery_Critical
3956,E-Scooter,7.25,21.26,17.3,19.34,25.1,5.5,2,12.1,16.2,26-35,0.675,Battery_Critical
3957,E-Scooter,2.06,6.85,15.08,19.29,22.3,16.8,0,24.9,22.9,46-60,0.61,Normal
3958,E-Scooter,3.36,16.27,14.17,18.95,27.1,10.5,2,24.6,28.8,46-60,0.605,Battery_Critical
3959,E-Scooter,5.02,15.68,18.8,24.96,57.1,41.4,3,10.6,25.7,18-25,0.779,Hard_Braking
3960,E-Scooter,2.61,5.24,18.49,23.72,50.7,32.6,1,16.9,31.5,36-45,0.771,Normal
3961,E-Bike,2.24,9.24,14.13,26.58,51.3,42.7,1,2.1,22.8,18-25,0.8,Battery_Critical
3962,E-Scooter,3.89,12.07,22.03,22.79,37.2,29.6,0,32.6,31.3,26-35,0.867,Improper_Parking
3963,E-Bike,8.71,53.8,8.61,13.17,36.4,10.6,2,34.4,18.2,18-25,0.946,Battery_Critical
3964,E-Bike,2.32,14.26,9.39,14.52,56.1,50.4,0,4.6,31.0,18-25,0.901,Normal
3965,E-Bike,10.34,59.89,11.19,13.81,31.9,2.9,3,2.3,37.3,18-25,0.598,Battery_Critical
3966,E-Bike,3.01,16.18,12.04,15.89,37.2,23.5,0,2.9,17.5,18-25,0.819,Normal
3967,E-Bike,5.52,28.41,9.99,11.71,41.1,23.0,1,12.5,30.1,18-25,0.831,Normal
3968,E-Bike,1.96,9.4,16.81,25.29,24.7,18.0,1,0.9,24.2,18-25,0.704,Normal
3969,E-Bike,3.98,19.06,12.75,17.1,62.2,44.4,1,57.0,38.9,18-25,0.831,Normal
3970,E-Bike,5.8,21.15,16.97,24.95,45.8,32.4,1,2.5,32.0,18-25,0.917,Normal
3971,E-Bike,3.4,8.8,16.09,27.2,36.7,27.5,2,2.9,20.7,18-25,0.464,Hard_Braking
3972,E-Scooter,1.11,2.0,23.21,26.02,39.7,34.0,0,1.4,32.4,18-25,0.873,Normal
3973,E-Scooter,3.16,10.3,15.91,25.4,25.0,15.4,1,3.2,22.8,26-35,0.832,Normal
3974,E-Scooter,0.76,2.0,17.97,25.67,91.7,90.0,1,18.7,29.5,36-45,0.669,Hard_Braking
3975,E-Bike,1.74,12.13,9.41,14.89,47.1,40.1,0,31.9,15.5,18-25,0.616,Normal
3976,E-Scooter,4.73,16.96,16.66,27.08,43.8,31.5,0,31.6,20.7,46-60,0.876,Normal
3977,E-Bike,6.5,29.53,14.07,21.38,95.2,81.2,1,18.2,24.2,18-25,0.829,Improper_Parking
3978,E-Bike,1.98,9.02,11.66,15.03,28.2,16.2,1,18.3,27.3,36-45,0.977,Improper_Parking
3979,E-Bike,1.38,10.92,9.06,15.41,80.4,83.7,3,46.6,25.9,26-35,0.485,Hard_Braking
3980,E-Scooter,6.64,24.01,20.19,20.95,53.4,31.9,1,7.6,31.9,46-60,0.887,Normal
3981,E-Scooter,1.84,9.03,8.85,12.14,47.4,44.2,1,9.5,40.0,36-45,0.871,Normal
3982,E-Scooter,6.68,17.04,21.73,26.53,90.7,71.1,1,19.4,10.4,46-60,0.856,Normal
3983,E-Scooter,3.29,14.88,14.69,23.36,30.4,24.0,1,11.6,38.5,18-25,0.703,Normal
3984,E-Scooter,3.37,14.34,17.42,24.34,21.5,14.8,0,24.0,22.7,60+,0.931,Normal
3985,E-Scooter,5.01,16.97,18.61,21.76,57.2,41.2,0,13.9,42.0,18-25,0.741,Hard_Braking
3986,E-Bike,6.76,30.41,12.66,18.71,89.0,70.8,1,67.4,15.8,26-35,0.666,Normal
3987,E-Bike,4.14,20.88,10.23,12.95,99.9,96.3,1,20.7,19.8,36-45,0.634,Mechanical_Fault
3988,E-Scooter,4.77,22.49,19.05,23.6,81.7,76.7,1,46.4,18.9,36-45,0.94,Improper_Parking
3989,E-Scooter,3.44,9.36,20.01,23.68,48.9,42.7,0,18.2,18.5,46-60,0.914,Improper_Parking
3990,E-Scooter,1.88,2.0,23.94,29.04,32.8,27.6,1,7.3,22.7,36-45,0.789,Mechanical_Fault
3991,E-Scooter,5.04,16.89,19.92,24.17,70.7,51.5,1,26.9,17.2,26-35,0.818,Normal
3992,E-Bike,2.51,8.85,17.66,18.97,73.1,65.3,3,6.1,25.2,18-25,0.782,Hard_Braking
3993,E-Scooter,3.74,10.34,17.22,18.62,25.3,11.4,3,1.2,24.4,18-25,0.678,Battery_Critical
3994,E-Scooter,3.09,10.2,13.57,19.59,26.3,16.8,3,30.5,18.7,46-60,0.92,Hard_Braking
3995,E-Scooter,0.67,2.0,19.39,22.37,58.7,52.3,3,0.3,24.5,60+,0.767,Hard_Braking
3996,E-Scooter,3.0,11.13,16.94,24.28,41.3,33.6,1,18.1,30.2,18-25,0.63,Mechanical_Fault
3997,E-Bike,4.28,14.01,14.69,17.44,67.0,51.6,2,10.9,4.7,18-25,0.883,Mechanical_Fault
3998,E-Scooter,0.65,2.0,20.02,26.44,57.1,64.2,2,39.6,23.1,26-35,0.672,Normal
3999,E-Bike,4.69,16.82,13.86,22.27,46.7,31.9,0,4.2,3.4,26-35,0.473,Normal
4000,E-Bike,3.31,16.25,12.69,19.86,78.9,68.9,1,25.2,25.0,26-35,0.723,Normal
4001,E-Bike,2.31,16.69,13.14,21.27,53.5,40.7,0,6.1,30.2,36-45,0.74,Normal
4002,E-Bike,3.87,21.69,11.51,18.92,80.2,71.2,2,41.6,19.7,36-45,0.636,Normal
4003,E-Scooter,3.71,8.73,17.44,18.44,58.9,43.6,1,4.8,17.1,18-25,0.729,Improper_Parking
4004,E-Scooter,3.71,13.33,19.94,28.52,44.7,34.4,0,22.1,33.8,26-35,0.786,Normal
4005,E-Scooter,4.96,14.38,17.63,22.23,26.0,9.3,0,0.5,7.3,26-35,0.748,Battery_Critical
4006,E-Scooter,0.76,3.67,17.73,23.29,38.8,38.2,0,28.3,23.7,26-35,0.88,Normal
4007,E-Scooter,1.0,2.0,25.18,30.35,48.5,44.7,1,2.8,9.3,36-45,0.598,Normal
4008,E-Scooter,4.73,14.16,19.11,20.38,92.5,77.3,1,10.5,19.0,46-60,0.304,Improper_Parking
4009,E-Scooter,4.78,16.78,17.29,26.62,63.9,41.7,0,2.7,13.1,46-60,0.745,Normal
4010,E-Scooter,8.36,29.63,15.07,15.48,38.1,13.9,2,15.2,16.8,46-60,0.509,Battery_Critical
4011,E-Bike,5.47,25.57,13.92,17.7,91.8,76.4,1,56.8,34.8,18-25,0.946,Normal
4012,E-Scooter,2.64,5.07,17.81,19.03,30.0,24.5,0,28.4,24.3,26-35,0.867,Normal
4013,E-Scooter,3.66,16.86,13.66,20.36,97.0,87.1,0,1.8,34.6,18-25,0.822,Normal
4014,E-Scooter,0.88,5.73,13.72,18.38,90.6,89.7,1,1.8,16.3,26-35,0.82,Normal
4015,E-Scooter,0.61,2.0,16.3,22.14,93.5,87.4,1,14.9,19.9,18-25,0.961,Normal
4016,E-Scooter,2.92,12.5,12.64,18.87,73.9,65.8,0,5.6,14.5,18-25,0.784,Normal
4017,E-Bike,2.31,15.02,12.32,14.99,84.0,75.7,0,1.2,13.2,36-45,0.656,Normal
4018,E-Scooter,1.84,10.54,18.24,23.45,51.4,45.1,3,6.5,21.7,26-35,0.895,Battery_Critical
4019,E-Bike,3.49,21.97,13.2,19.86,87.1,68.7,1,4.4,22.4,26-35,0.905,Normal
4020,E-Bike,2.26,16.62,10.82,22.42,59.4,51.3,1,0.1,36.5,26-35,0.331,Improper_Parking
4021,E-Scooter,2.98,10.52,18.26,23.65,57.1,52.9,1,12.0,26.8,26-35,0.912,Battery_Critical
4022,E-Scooter,4.37,6.91,25.86,32.34,66.9,57.2,1,21.7,20.4,26-35,0.941,Mechanical_Fault
4023,E-Scooter,3.39,14.03,13.41,17.98,31.3,20.6,2,9.2,36.1,46-60,0.827,Hard_Braking
4024,E-Scooter,1.58,7.55,11.09,16.75,84.3,79.6,0,75.7,30.8,36-45,0.654,Mechanical_Fault
4025,E-Scooter,4.5,18.72,15.02,20.7,59.9,38.7,1,3.4,20.8,26-35,0.957,Normal
4026,E-Scooter,1.54,2.53,24.49,26.25,50.7,45.8,2,12.0,33.3,26-35,0.962,Normal
4027,E-Bike,3.87,23.43,11.27,18.62,92.1,84.0,1,4.8,8.9,26-35,0.805,Normal
4028,E-Scooter,3.76,21.03,10.69,15.52,32.2,25.7,1,40.4,23.9,18-25,0.861,Mechanical_Fault
4029,E-Bike,3.04,14.87,14.63,19.11,77.2,65.6,2,52.7,23.6,18-25,0.84,Mechanical_Fault
4030,E-Bike,2.55,15.45,14.7,21.33,65.4,57.0,1,15.3,25.6,26-35,0.684,Normal
4031,E-Scooter,3.68,18.56,15.77,24.11,21.7,0.0,1,16.1,36.9,36-45,0.329,Improper_Parking
4032,E-Bike,2.05,18.53,8.82,10.64,67.2,59.0,2,94.3,31.7,18-25,0.758,Hard_Braking
4033,E-Scooter,8.81,30.3,16.03,19.16,73.0,41.5,1,29.8,23.1,18-25,0.534,Hard_Braking
4034,E-Bike,3.61,27.86,8.18,19.5,60.0,42.5,3,6.5,34.3,60+,0.945,Improper_Parking
4035,E-Scooter,5.9,29.62,11.74,11.94,46.5,33.4,2,0.5,17.5,26-35,0.787,Normal
4036,E-Scooter,0.42,2.0,23.97,27.12,63.6,63.4,0,46.2,27.4,46-60,0.978,Normal
4037,E-Bike,6.51,29.19,11.29,14.68,98.4,77.2,1,8.4,41.1,18-25,0.6,Mechanical_Fault
4038,E-Scooter,4.63,23.19,12.54,15.64,84.8,70.8,0,6.6,34.7,36-45,0.956,Normal
4039,E-Scooter,3.16,5.56,22.16,28.48,76.2,64.3,1,15.5,13.4,18-25,0.632,Improper_Parking
4040,E-Scooter,1.45,2.0,22.64,29.13,44.6,43.5,2,15.4,13.6,18-25,0.679,Hard_Braking
4041,E-Bike,2.95,14.45,11.39,13.11,89.7,91.1,2,0.1,32.7,60+,0.887,Normal
4042,E-Bike,3.54,26.28,8.03,11.12,55.2,44.9,1,39.4,14.6,18-25,0.815,Mechanical_Fault
4043,E-Scooter,1.13,4.25,12.78,14.58,69.9,69.8,2,21.9,22.5,26-35,0.886,Mechanical_Fault
4044,E-Scooter,3.11,11.1,18.85,26.51,30.3,21.5,1,32.7,23.8,46-60,0.963,Normal
4045,E-Scooter,2.95,6.24,19.99,28.55,30.6,14.7,0,15.2,23.1,46-60,0.743,Battery_Critical
4046,E-Scooter,2.76,11.14,15.78,21.41,97.8,90.4,2,25.7,16.1,36-45,0.812,Hard_Braking
4047,E-Scooter,1.61,7.02,16.44,18.51,99.1,93.8,3,35.9,27.3,26-35,0.724,Hard_Braking
4048,E-Bike,7.63,30.29,15.53,24.34,50.8,26.0,2,5.2,31.7,26-35,0.527,Hard_Braking
4049,E-Scooter,4.05,14.39,22.23,23.8,75.4,62.3,4,3.4,18.8,26-35,0.743,Hard_Braking
4050,E-Scooter,6.36,20.74,18.06,22.37,82.2,62.7,1,22.0,14.5,36-45,0.609,Normal
4051,E-Scooter,0.85,5.47,19.01,24.66,96.5,91.6,1,5.1,14.2,36-45,0.58,Normal
4052,E-Bike,12.71,47.25,16.77,22.2,96.8,56.2,3,0.4,27.8,26-35,0.579,Improper_Parking
4053,E-Scooter,5.37,23.55,13.36,17.27,40.0,24.9,2,2.6,14.6,46-60,0.931,Battery_Critical
4054,E-Scooter,7.16,23.75,20.07,25.84,35.3,11.4,3,24.5,21.2,46-60,0.898,Battery_Critical
4055,E-Scooter,9.36,27.16,21.69,24.13,59.6,30.0,0,8.0,42.0,18-25,0.625,Improper_Parking
4056,E-Bike,6.43,31.92,13.02,18.8,98.2,76.0,1,25.6,34.3,36-45,0.863,Normal
4057,E-Bike,2.52,8.63,14.14,19.74,50.4,44.2,1,2.2,14.4,26-35,0.665,Normal
4058,E-Bike,7.42,29.54,15.73,23.89,73.1,40.4,3,13.9,26.5,36-45,0.9,Hard_Braking
4059,E-Scooter,1.4,2.0,15.45,25.51,99.6,98.5,1,0.9,21.1,18-25,0.703,Battery_Critical
4060,E-Scooter,3.6,16.73,15.5,22.61,72.6,63.5,2,12.4,19.0,26-35,0.74,Normal
4061,E-Scooter,9.2,31.27,20.67,24.95,45.5,20.7,1,2.4,17.5,26-35,0.471,Normal
4062,E-Scooter,8.07,41.48,11.3,16.91,65.9,35.7,2,16.9,30.9,46-60,0.611,Normal
4063,E-Scooter,3.54,10.4,17.26,20.24,76.5,64.2,1,22.7,28.7,18-25,0.676,Normal
4064,E-Scooter,3.54,12.58,17.68,25.59,93.4,83.9,0,7.4,26.8,36-45,0.369,Improper_Parking
4065,E-Scooter,2.53,11.26,14.28,20.2,60.5,51.0,1,23.3,13.5,36-45,0.589,Normal
4066,E-Bike,4.47,25.43,11.59,13.38,84.9,73.4,1,12.3,3.5,36-45,0.691,Normal
4067,E-Scooter,3.44,13.66,12.61,20.94,57.0,48.3,1,2.1,28.1,36-45,0.639,Normal
4068,E-Scooter,2.17,5.94,16.09,21.34,20.8,16.3,3,1.6,25.7,46-60,0.72,Hard_Braking
4069,E-Bike,1.23,5.16,11.99,21.98,91.6,84.3,2,57.6,21.1,26-35,0.94,Normal
4070,E-Bike,1.16,4.44,11.86,12.44,93.1,85.6,2,4.1,11.2,18-25,0.753,Normal
4071,E-Scooter,0.39,2.97,15.86,21.52,53.9,57.7,3,72.7,16.7,46-60,0.822,Mechanical_Fault
4072,E-Bike,0.76,2.0,16.64,16.76,32.5,28.7,1,8.1,26.2,26-35,0.759,Hard_Braking
4073,E-Bike,2.53,6.78,17.94,22.05,42.6,30.7,2,22.9,38.4,36-45,0.738,Normal
4074,E-Scooter,0.3,2.0,18.16,24.19,55.1,61.4,1,17.0,22.6,18-25,0.937,Hard_Braking
4075,E-Scooter,3.11,17.78,14.6,23.17,80.5,73.3,0,7.6,17.7,26-35,0.605,Normal
4076,E-Scooter,0.69,2.0,14.64,16.3,74.0,63.5,2,19.6,33.4,18-25,0.772,Battery_Critical
4077,E-Scooter,1.22,6.8,16.67,23.91,67.9,60.8,0,21.3,37.4,26-35,0.622,Normal
4078,E-Bike,3.72,13.29,14.57,17.84,68.9,54.0,1,7.4,22.7,18-25,0.779,Normal
4079,E-Bike,1.22,10.18,9.0,17.46,69.2,64.5,0,1.1,17.2,18-25,0.958,Normal
4080,E-Bike,3.98,27.19,10.03,13.41,96.6,81.1,1,31.6,27.1,18-25,0.657,Normal
4081,E-Scooter,0.94,2.3,15.71,20.7,85.4,81.4,2,31.6,37.7,18-25,0.541,Normal
4082,E-Bike,3.1,10.17,13.81,18.07,58.8,46.3,0,38.8,29.5,18-25,0.954,Normal
4083,E-Bike,1.05,11.32,6.08,8.2,42.7,30.9,2,56.6,39.8,46-60,0.638,Hard_Braking
4084,E-Scooter,0.92,2.88,14.69,15.56,21.2,21.8,1,4.5,24.7,26-35,0.973,Battery_Critical
4085,E-Bike,4.11,20.01,13.86,20.49,56.7,47.8,0,1.1,24.5,18-25,0.777,Normal
4086,E-Scooter,9.69,31.41,19.96,28.23,91.7,62.4,0,10.0,15.1,26-35,0.842,Normal
4087,E-Bike,1.35,6.28,18.68,23.57,48.4,43.3,2,14.2,26.7,46-60,0.882,Hard_Braking
4088,E-Scooter,0.79,3.74,20.11,27.44,42.7,34.2,0,12.3,18.0,18-25,0.895,Normal
4089,E-Scooter,2.11,2.88,17.38,24.95,61.4,54.8,0,10.1,20.7,36-45,0.574,Normal
4090,E-Scooter,2.23,8.0,20.21,24.9,53.9,46.6,3,10.8,14.5,26-35,0.69,Hard_Braking
4091,E-Bike,9.32,60.68,9.24,10.47,83.8,58.8,0,3.5,21.8,18-25,0.824,Normal
4092,E-Scooter,4.89,17.52,19.67,25.04,24.9,11.6,0,7.5,17.4,36-45,0.609,Battery_Critical
4093,E-Scooter,3.24,12.42,15.25,20.62,64.9,54.9,1,3.5,28.4,60+,0.809,Hard_Braking
4094,E-Bike,0.95,2.5,13.34,16.89,77.4,66.2,3,60.7,26.6,18-25,0.524,Normal
4095,E-Scooter,1.5,3.51,15.05,22.26,45.4,39.6,2,5.5,25.0,36-45,0.792,Normal
4096,E-Scooter,2.67,11.77,9.52,16.52,91.4,81.8,2,2.2,30.4,18-25,0.45,Hard_Braking
4097,E-Scooter,3.35,12.3,22.06,27.43,97.6,87.1,4,26.7,28.0,36-45,0.713,Hard_Braking
4098,E-Scooter,2.59,9.88,18.49,21.07,66.6,61.4,1,18.3,26.2,60+,0.615,Normal
4099,E-Bike,3.29,29.48,7.91,15.3,61.5,50.2,1,7.3,13.8,26-35,0.809,Mechanical_Fault
4100,E-Scooter,1.37,7.46,23.19,24.11,56.8,56.5,1,6.7,37.6,26-35,0.876,Improper_Parking
4101,E-Bike,4.51,19.78,16.37,21.31,77.7,63.1,0,24.4,27.7,26-35,0.801,Normal
4102,E-Scooter,6.2,21.32,18.24,21.7,36.6,14.1,1,5.6,27.3,18-25,0.828,Battery_Critical
4103,E-Scooter,1.54,2.0,21.66,28.76,40.8,42.6,0,1.3,22.1,60+,0.901,Normal
4104,E-Scooter,3.33,6.05,18.73,23.89,90.9,76.9,4,4.0,16.7,18-25,0.921,Hard_Braking
4105,E-Scooter,3.34,14.08,13.64,18.45,36.2,27.0,1,7.0,31.7,46-60,0.561,Normal
4106,E-Scooter,3.88,14.57,17.69,23.74,98.2,90.6,2,8.5,17.7,26-35,0.222,Improper_Parking
4107,E-Scooter,2.56,14.95,12.2,17.93,62.9,46.3,2,15.1,22.8,36-45,0.823,Normal
4108,E-Scooter,1.73,4.04,16.94,24.04,26.0,17.6,1,27.7,17.2,18-25,,Hard_Braking
4109,E-Scooter,0.38,3.99,21.98,25.95,51.5,54.1,2,13.8,24.7,26-35,0.99,Hard_Braking
4110,E-Scooter,5.1,16.48,21.2,25.71,57.2,46.7,1,25.1,26.3,36-45,,Normal
4111,E-Scooter,2.2,7.29,21.37,23.84,58.6,46.2,0,9.5,26.5,18-25,0.555,Normal
4112,E-Scooter,1.76,7.23,22.11,25.88,31.8,28.9,1,19.1,17.5,36-45,0.708,Battery_Critical
4113,E-Scooter,6.48,14.9,19.11,24.36,74.5,57.9,1,4.2,23.9,46-60,0.808,Normal
4114,E-Scooter,0.83,2.0,18.43,21.26,32.9,23.3,0,13.8,10.3,46-60,0.814,Normal
4115,E-Bike,1.75,9.05,14.85,21.11,64.2,57.8,0,34.1,15.9,26-35,0.777,Normal
4116,E-Bike,1.26,2.53,17.95,23.61,83.4,75.0,1,97.7,22.2,36-45,0.921,Mechanical_Fault
4117,E-Scooter,2.01,6.45,16.52,18.5,92.4,89.5,1,3.8,9.7,18-25,0.832,Normal
4118,E-Scooter,2.36,13.5,10.01,14.34,63.6,57.7,0,33.9,18.2,46-60,0.853,Normal
4119,E-Bike,2.52,14.89,8.32,14.14,40.3,28.4,3,28.5,34.0,36-45,0.79,Improper_Parking
4120,E-Bike,3.61,20.06,15.37,20.89,36.6,18.7,0,3.3,20.4,18-25,0.482,Normal
4121,E-Scooter,6.22,21.9,14.88,16.37,44.9,26.4,1,21.8,18.9,18-25,0.794,Normal
4122,E-Scooter,2.34,17.58,7.89,13.24,97.1,95.3,1,1.3,33.6,46-60,0.382,Improper_Parking
4123,E-Scooter,2.49,13.66,12.1,20.21,94.4,88.3,4,15.7,33.6,36-45,0.986,Hard_Braking
4124,E-Scooter,1.33,8.46,15.09,17.15,60.2,55.3,1,11.3,27.9,36-45,0.455,Hard_Braking
4125,E-Scooter,6.01,24.8,16.66,25.18,39.2,20.5,0,11.6,16.0,36-45,0.425,Hard_Braking
4126,E-Bike,4.76,36.34,8.86,10.5,96.1,83.2,1,7.1,20.1,36-45,0.436,Mechanical_Fault
4127,E-Scooter,3.7,17.22,16.1,18.65,29.8,20.6,0,14.4,30.4,18-25,0.771,Normal
4128,E-Scooter,3.53,14.06,18.52,27.67,75.8,69.2,1,24.1,14.6,26-35,0.77,Mechanical_Fault
4129,E-Scooter,1.39,2.0,20.05,20.55,77.8,71.8,0,61.0,21.7,26-35,0.526,Mechanical_Fault
4130,E-Scooter,1.7,10.38,12.88,22.38,71.0,60.2,0,1.9,18.2,36-45,0.752,Normal
4131,E-Scooter,5.34,19.05,18.02,21.2,82.7,67.8,2,84.9,14.6,36-45,0.709,Hard_Braking
4132,E-Scooter,3.09,13.41,16.5,21.61,87.3,70.2,2,3.8,21.3,46-60,0.89,Normal
4133,E-Scooter,1.87,7.97,9.96,10.04,95.1,88.1,2,0.4,24.7,46-60,0.827,Normal
4134,E-Scooter,2.26,9.4,12.57,18.22,52.0,50.3,1,31.8,34.1,36-45,0.839,Hard_Braking
4135,E-Scooter,4.19,17.63,17.28,24.31,42.0,24.1,2,3.5,21.4,26-35,0.901,Normal
4136,E-Bike,1.98,11.52,14.6,18.48,78.6,73.5,2,23.9,21.8,18-25,0.703,Mechanical_Fault
4137,E-Bike,7.7,39.09,10.76,19.27,78.2,56.0,5,17.9,21.3,18-25,0.737,Hard_Braking
4138,E-Scooter,4.68,23.27,14.16,22.21,26.4,12.8,3,2.1,23.9,46-60,0.578,Battery_Critical
4139,E-Bike,1.99,11.63,9.45,14.02,50.4,39.7,2,6.6,18.6,36-45,0.937,Hard_Braking
4140,E-Scooter,6.98,24.64,16.0,23.6,82.5,62.4,2,9.1,27.1,26-35,0.57,Normal
4141,E-Scooter,4.23,14.36,14.14,14.2,30.8,15.5,2,15.5,39.2,18-25,0.729,Improper_Parking
4142,E-Bike,2.82,12.77,14.41,21.12,66.5,55.9,0,16.6,25.0,46-60,0.493,Normal
4143,E-Scooter,2.49,7.72,16.92,29.59,93.3,87.9,0,45.9,15.9,18-25,0.854,Mechanical_Fault
4144,E-Scooter,10.74,21.21,23.44,28.31,93.2,57.5,0,6.4,15.8,26-35,0.725,Normal
4145,E-Scooter,8.06,24.09,20.11,25.28,62.6,45.5,1,12.6,31.2,36-45,0.601,Mechanical_Fault
4146,E-Bike,4.94,17.58,16.4,24.17,42.3,30.6,0,31.9,11.3,26-35,0.622,Mechanical_Fault
4147,E-Bike,1.87,4.36,10.84,11.92,94.9,98.7,1,11.3,22.8,36-45,0.897,Improper_Parking
4148,E-Scooter,0.77,4.12,21.03,30.98,50.9,43.0,1,9.5,23.2,26-35,0.776,Mechanical_Fault
4149,E-Bike,3.1,14.13,11.85,16.15,66.9,50.1,0,12.4,39.7,26-35,0.669,Normal
4150,E-Scooter,4.3,17.92,17.05,22.68,91.7,83.0,2,18.9,5.3,36-45,0.822,Normal
4151,E-Bike,2.21,11.12,13.16,15.93,24.8,24.6,1,3.7,27.7,26-35,0.76,Normal
4152,E-Scooter,4.23,13.9,21.97,25.32,40.8,28.5,1,6.8,27.4,36-45,0.625,Normal
4153,E-Scooter,1.9,8.12,19.76,20.43,50.4,39.6,0,41.6,24.8,26-35,0.58,Normal
4154,E-Scooter,1.61,6.97,14.44,16.02,72.6,60.9,1,24.6,17.7,26-35,0.741,Normal
4155,E-Scooter,4.03,10.77,21.57,27.15,64.5,50.3,1,19.9,29.1,18-25,0.806,Normal
4156,E-Scooter,5.79,24.36,14.84,19.44,87.1,67.1,3,2.7,37.5,36-45,0.574,Normal
4157,E-Scooter,1.73,12.09,7.13,9.78,21.0,13.2,1,74.7,32.1,46-60,0.785,Battery_Critical
4158,E-Scooter,1.16,10.24,10.32,17.15,60.0,51.8,2,19.2,13.8,18-25,0.768,Hard_Braking
4159,E-Scooter,3.13,11.22,18.44,28.92,70.0,65.1,0,25.2,17.2,,0.841,Normal
4160,E-Scooter,1.74,2.59,25.52,31.48,63.3,64.9,0,3.4,31.9,60+,0.89,Normal
4161,E-Bike,2.14,16.93,7.88,15.23,98.1,96.0,1,14.0,19.2,36-45,0.89,Normal
4162,E-Scooter,3.78,18.56,14.18,20.13,70.9,61.9,0,11.4,35.1,60+,0.662,Normal
4163,E-Scooter,4.46,7.39,20.08,26.39,72.8,57.2,3,9.0,33.8,18-25,0.714,Hard_Braking
4164,E-Scooter,1.06,5.35,19.06,20.35,69.3,65.8,0,53.9,22.4,46-60,0.868,Normal
4165,E-Bike,1.46,5.79,11.35,21.79,45.5,40.3,1,18.8,18.8,18-25,0.612,Normal
4166,E-Scooter,2.04,16.87,8.58,15.35,79.8,69.2,2,16.0,28.6,46-60,0.716,Normal
4167,E-Scooter,4.0,7.57,23.56,25.78,21.0,4.9,1,2.9,33.3,26-35,0.722,Battery_Critical
4168,E-Bike,2.41,11.37,11.27,19.1,73.7,63.1,0,9.2,7.5,26-35,0.775,Normal
4169,E-Scooter,3.4,14.79,14.17,17.51,89.8,74.4,1,5.8,28.8,46-60,0.814,Hard_Braking
4170,E-Scooter,3.08,11.19,14.16,24.18,77.9,66.6,1,8.2,37.3,18-25,0.881,Normal
4171,E-Bike,0.89,2.0,14.61,16.8,65.9,58.8,3,25.9,42.0,26-35,0.604,Normal
4172,E-Scooter,4.96,15.14,22.91,27.84,89.4,70.2,2,59.4,23.8,26-35,0.835,Hard_Braking
4173,E-Scooter,8.55,39.81,13.1,21.52,55.6,30.5,2,48.8,28.2,36-45,,Mechanical_Fault
4174,E-Bike,1.19,3.1,15.21,20.43,68.2,67.7,3,75.1,26.3,36-45,0.851,Mechanical_Fault
4175,E-Scooter,2.63,9.63,20.93,21.23,63.0,52.6,4,15.3,23.5,36-45,0.792,Hard_Braking
4176,E-Bike,1.72,15.69,7.12,9.77,45.1,37.5,2,4.1,13.4,46-60,0.879,Hard_Braking
4177,E-Bike,1.35,10.12,6.69,14.41,77.5,68.9,0,25.0,39.4,18-25,0.544,Normal
4178,E-Bike,5.82,21.34,16.25,24.38,28.4,8.3,1,10.0,29.7,26-35,0.531,Battery_Critical
4179,E-Bike,3.13,26.53,8.03,16.17,37.0,34.8,1,4.3,20.4,26-35,0.957,Hard_Braking
4180,E-Scooter,1.44,4.32,22.48,32.49,44.4,46.0,0,8.9,19.2,60+,0.865,Normal
4181,E-Bike,1.24,7.98,14.71,18.52,28.2,24.6,0,19.5,21.8,26-35,0.748,Normal
4182,E-Bike,1.88,11.78,8.49,9.07,21.8,8.7,1,8.3,18.3,26-35,0.382,Improper_Parking
4183,E-Bike,5.97,23.62,15.25,16.42,49.4,36.4,1,1.5,17.0,36-45,0.507,Normal
4184,E-Scooter,1.35,4.77,20.38,24.61,24.2,18.4,0,9.2,25.6,18-25,0.848,Improper_Parking
4185,E-Scooter,2.58,12.72,13.64,20.7,28.4,17.6,0,29.7,23.3,26-35,0.598,Normal
4186,E-Scooter,1.61,7.3,15.17,22.62,34.8,28.8,4,29.3,37.6,18-25,0.69,Hard_Braking
4187,E-Bike,4.2,24.41,9.97,14.2,60.7,49.7,3,64.2,30.9,46-60,0.609,Hard_Braking
4188,E-Scooter,3.25,11.76,17.63,18.58,43.4,39.4,1,2.7,30.2,18-25,0.566,Normal
4189,E-Scooter,1.86,4.0,20.18,25.09,85.7,79.4,3,15.5,22.5,36-45,0.685,Hard_Braking
4190,E-Bike,2.27,12.48,12.28,16.98,73.2,67.7,0,31.2,26.0,18-25,0.799,Normal
4191,E-Bike,5.66,31.76,12.31,23.67,51.4,43.8,1,0.7,17.7,18-25,0.883,Normal
4192,E-Scooter,2.26,2.81,21.81,25.84,67.9,63.3,0,7.3,18.0,36-45,0.81,Normal
4193,E-Scooter,2.85,14.73,14.38,23.15,37.4,25.9,2,34.7,19.9,26-35,0.583,Normal
4194,E-Bike,2.27,6.32,15.68,18.14,91.6,88.9,2,1.5,23.7,46-60,0.828,Normal
4195,E-Scooter,5.17,19.52,21.97,30.22,69.8,48.2,0,9.1,27.9,26-35,0.679,Normal
4196,E-Scooter,3.28,15.66,12.73,19.52,29.5,22.0,0,16.3,17.1,26-35,0.642,Normal
4197,E-Scooter,2.11,9.82,19.22,32.57,51.3,47.2,0,5.7,27.0,36-45,0.855,Normal
4198,E-Bike,2.26,11.64,14.86,23.37,81.9,72.6,2,8.8,23.6,18-25,0.58,Normal
4199,E-Scooter,3.07,5.02,26.59,34.59,94.9,86.6,2,20.6,24.1,46-60,0.823,Battery_Critical
4200,E-Scooter,4.79,13.24,17.05,17.45,90.9,75.2,5,28.0,8.7,36-45,0.722,Hard_Braking
4201,E-Scooter,1.63,15.15,9.93,12.41,84.9,74.9,2,5.8,17.7,36-45,0.841,Hard_Braking
4202,E-Scooter,3.19,12.06,15.2,23.51,31.1,23.5,2,11.4,24.9,60+,0.833,Hard_Braking
4203,E-Scooter,3.68,9.99,19.18,25.36,42.5,33.3,0,0.4,36.8,46-60,0.668,Normal
4204,E-Scooter,4.63,15.62,15.16,18.16,76.1,64.9,2,53.1,35.5,18-25,0.803,Normal
4205,E-Scooter,6.8,9.44,26.23,29.85,44.2,30.5,3,19.2,27.2,18-25,0.714,Hard_Braking
4206,E-Scooter,0.97,3.99,24.58,33.82,37.0,36.2,1,121.5,17.9,26-35,0.778,Mechanical_Fault
4207,E-Bike,4.85,20.15,12.57,15.5,94.9,79.1,0,15.4,25.6,,0.645,Normal
4208,E-Bike,2.85,4.8,12.65,17.1,84.1,72.8,0,27.8,31.4,36-45,0.691,Normal
4209,E-Bike,2.24,11.31,16.95,17.26,80.9,77.8,3,5.2,29.3,18-25,0.802,Hard_Braking
4210,E-Scooter,1.58,3.18,17.76,21.63,99.5,94.7,2,38.1,22.7,18-25,0.583,Normal
4211,E-Scooter,1.24,9.32,13.4,18.79,74.9,68.6,2,57.0,14.9,36-45,0.865,Mechanical_Fault
4212,E-Scooter,2.65,7.64,20.37,26.32,70.8,67.5,0,6.2,19.5,26-35,0.653,Normal
4213,E-Scooter,11.14,46.73,14.67,18.69,64.6,30.0,0,24.6,19.9,18-25,0.665,Normal
4214,E-Bike,2.41,13.55,13.51,15.54,22.6,13.2,1,7.6,22.6,18-25,0.842,Battery_Critical
4215,E-Scooter,0.36,4.1,7.77,9.36,73.7,73.2,4,43.1,10.0,26-35,0.543,Hard_Braking
4216,E-Bike,3.55,12.87,16.85,22.5,94.4,88.8,0,101.5,17.7,18-25,0.867,Mechanical_Fault
4217,E-Bike,2.44,11.75,11.16,17.92,58.1,57.9,1,28.8,25.9,18-25,0.912,Normal
4218,E-Bike,1.29,2.0,14.44,15.38,70.2,65.9,0,2.1,23.3,46-60,0.931,Battery_Critical
4219,E-Scooter,1.52,11.46,14.26,21.55,31.6,34.7,3,4.4,32.0,18-25,0.656,Hard_Braking
4220,E-Scooter,0.52,2.0,9.07,17.82,28.9,24.0,2,6.0,17.1,18-25,0.693,Normal
4221,E-Bike,2.45,12.69,8.98,16.33,78.7,74.7,0,25.9,37.4,18-25,0.832,Normal
4222,E-Bike,11.28,67.13,10.41,19.3,42.4,10.0,0,2.0,27.1,18-25,0.829,Battery_Critical
4223,E-Scooter,6.98,18.67,23.29,25.84,26.6,6.8,3,49.1,34.1,18-25,0.758,Battery_Critical
4224,E-Bike,7.56,52.42,8.98,12.26,77.0,50.0,3,2.1,26.2,60+,0.622,Hard_Braking
4225,E-Scooter,6.71,30.19,13.3,25.4,91.5,69.1,3,2.9,21.2,36-45,0.524,Hard_Braking
4226,E-Scooter,7.52,20.13,21.94,26.68,24.3,2.2,0,5.6,15.9,46-60,0.631,Battery_Critical
4227,E-Bike,7.72,56.18,8.22,10.62,74.6,44.7,0,63.6,36.5,36-45,0.719,Improper_Parking
4228,E-Bike,2.34,16.81,10.28,12.88,64.9,59.3,1,11.2,19.8,26-35,0.79,Normal
4229,E-Scooter,7.43,17.46,19.3,24.05,72.4,51.6,2,47.0,34.4,18-25,0.636,Mechanical_Fault
4230,E-Scooter,0.67,2.0,15.03,17.88,99.8,93.6,1,23.3,22.1,26-35,0.617,Normal
4231,E-Bike,3.33,32.17,6.48,13.91,75.0,56.4,0,46.5,8.4,46-60,0.898,Mechanical_Fault
4232,E-Bike,1.36,2.0,15.09,17.08,98.3,92.3,1,22.6,34.0,26-35,0.568,Normal
4233,E-Scooter,2.59,8.74,13.72,17.64,66.4,62.7,1,1.3,21.9,18-25,0.808,Hard_Braking
4234,E-Scooter,1.63,3.15,17.65,19.22,67.2,64.6,1,15.2,27.3,18-25,0.545,Normal
4235,E-Scooter,0.51,5.59,18.11,23.06,32.4,30.9,0,33.0,28.5,18-25,0.821,Normal
4236,E-Scooter,3.56,12.06,16.9,24.29,36.2,21.5,2,2.5,23.5,46-60,0.858,Mechanical_Fault
4237,E-Bike,2.62,14.26,12.79,17.18,24.4,21.8,0,9.6,15.3,18-25,0.898,Normal
4238,E-Scooter,2.99,7.05,19.92,25.02,85.2,76.7,1,19.8,23.3,26-35,0.611,Normal
4239,E-Scooter,3.67,10.6,19.2,24.75,30.6,19.6,2,36.5,26.0,26-35,0.92,Hard_Braking
4240,E-Bike,4.47,14.25,16.95,23.52,52.4,38.2,1,1.7,22.9,36-45,0.622,Normal
4241,E-Scooter,1.82,4.84,18.15,24.18,61.6,59.9,1,11.1,29.5,18-25,0.7,Normal
4242,E-Bike,3.14,17.56,14.63,22.68,89.3,85.3,2,4.5,17.8,26-35,0.913,Normal
4243,E-Scooter,1.09,7.81,12.37,19.17,86.7,78.9,0,14.2,33.6,18-25,0.91,Normal
4244,E-Scooter,2.21,9.63,17.63,23.83,31.5,15.7,0,39.8,25.0,18-25,0.748,Battery_Critical
4245,E-Bike,7.9,52.16,9.43,14.78,50.4,27.0,1,21.6,25.5,36-45,0.736,Hard_Braking
4246,E-Scooter,2.73,5.74,18.06,27.2,49.4,43.0,3,45.9,26.6,18-25,0.817,Hard_Braking
4247,E-Bike,2.81,13.13,11.33,13.15,24.0,13.9,1,5.5,31.0,46-60,0.646,Normal
4248,E-Bike,4.61,10.98,16.34,18.3,46.5,35.8,2,27.7,23.9,46-60,0.72,Normal
4249,E-Scooter,1.52,3.66,15.83,21.52,43.7,37.9,0,3.8,33.4,46-60,0.866,Battery_Critical
4250,E-Scooter,13.03,35.64,22.7,26.41,48.9,5.5,0,9.6,26.9,18-25,0.945,Battery_Critical
4251,E-Scooter,4.28,24.26,13.57,16.77,95.3,81.0,0,25.9,23.2,46-60,0.582,Normal
4252,E-Scooter,3.74,11.4,17.07,28.2,54.1,38.9,0,64.9,23.8,46-60,0.624,Normal
4253,E-Scooter,2.21,7.68,15.88,17.7,92.7,91.7,5,11.2,22.0,36-45,0.676,Hard_Braking
4254,E-Scooter,1.6,11.87,15.2,15.2,88.7,77.8,2,21.8,23.2,26-35,0.863,Hard_Braking
4255,E-Bike,1.36,10.76,11.45,12.68,84.2,80.2,3,3.6,25.4,18-25,0.648,Hard_Braking
4256,E-Bike,4.66,18.49,12.48,15.92,81.9,70.9,2,23.2,29.6,46-60,0.897,Hard_Braking
4257,E-Bike,7.24,28.37,17.38,20.05,67.4,44.4,2,19.3,26.7,46-60,0.74,Hard_Braking
4258,E-Scooter,2.16,10.33,11.42,11.84,66.6,55.4,2,14.4,22.5,18-25,0.988,Mechanical_Fault
4259,E-Scooter,3.4,10.99,22.62,26.14,84.7,82.0,3,36.6,28.1,18-25,0.855,Hard_Braking
4260,E-Scooter,0.32,4.18,23.09,24.07,93.7,94.9,0,14.6,29.8,36-45,0.751,Normal
4261,E-Bike,5.38,19.75,17.34,19.6,49.1,38.7,1,6.3,14.0,18-25,0.968,Normal
4262,E-Scooter,2.78,5.76,25.94,32.76,100.0,93.8,1,11.1,30.4,26-35,0.692,Normal
4263,E-Scooter,6.14,18.62,16.62,22.31,63.7,48.1,3,82.9,30.6,18-25,0.947,Mechanical_Fault
4264,E-Bike,8.37,39.77,12.94,18.13,62.9,35.3,0,4.2,19.0,26-35,0.975,Improper_Parking
4265,E-Scooter,10.09,29.58,21.36,27.71,68.3,35.5,4,20.0,39.9,60+,0.914,Hard_Braking
4266,E-Scooter,5.9,27.3,14.55,17.85,81.4,62.1,0,46.9,23.8,26-35,0.876,Normal
4267,E-Scooter,6.55,25.12,13.84,22.8,84.1,66.7,0,1.3,34.2,26-35,0.274,Improper_Parking
4268,E-Bike,1.35,2.0,13.59,18.98,36.4,31.6,3,4.0,24.8,26-35,0.809,Hard_Braking
4269,E-Bike,2.97,11.39,11.72,13.41,45.7,38.7,0,60.6,14.6,36-45,0.641,Normal
4270,E-Scooter,3.0,10.23,18.69,26.74,76.9,74.1,4,16.6,13.3,26-35,0.824,Hard_Braking
4271,E-Bike,1.24,2.5,10.39,10.51,42.1,41.4,1,3.9,22.7,46-60,0.735,Normal
4272,E-Scooter,2.32,13.25,19.12,22.23,90.0,81.3,0,52.9,22.0,18-25,0.813,Mechanical_Fault
4273,E-Scooter,1.67,11.08,11.86,15.32,66.5,59.7,0,16.3,15.9,18-25,0.675,Normal
4274,E-Scooter,0.94,2.0,13.91,16.7,26.0,22.4,3,30.0,24.6,18-25,0.723,Hard_Braking
4275,E-Bike,2.17,8.8,15.47,16.99,62.3,57.3,0,20.9,29.7,46-60,0.611,Normal
4276,E-Scooter,5.57,17.86,14.78,18.84,74.3,60.5,1,14.9,1.3,36-45,0.935,Mechanical_Fault
4277,E-Bike,7.8,34.58,13.73,17.83,36.8,13.2,1,7.3,18.9,26-35,0.709,Battery_Critical
4278,E-Scooter,5.47,15.35,21.49,26.92,77.5,64.2,0,25.0,21.1,26-35,0.838,Normal
4279,E-Bike,6.86,34.25,12.8,19.76,70.5,47.5,0,0.3,12.5,18-25,0.763,Normal
4280,E-Scooter,0.45,2.0,15.9,27.11,46.7,46.7,2,20.6,21.5,18-25,0.728,Hard_Braking
4281,E-Scooter,4.17,20.15,11.53,20.26,46.5,34.7,1,11.2,12.2,26-35,0.766,Normal
4282,E-Scooter,2.69,8.29,17.03,20.28,84.7,82.0,0,32.0,22.0,26-35,0.515,Normal
4283,E-Scooter,1.78,6.58,14.7,21.17,30.0,22.7,0,13.5,33.0,46-60,0.835,Normal
4284,E-Scooter,5.14,13.66,23.01,28.79,97.5,82.9,1,13.8,14.5,18-25,0.643,Hard_Braking
4285,E-Scooter,1.74,6.26,17.83,25.24,84.0,82.7,1,11.7,26.9,36-45,0.497,Normal
4286,E-Scooter,4.19,10.21,19.28,26.1,84.1,67.7,1,66.4,35.6,46-60,0.842,Mechanical_Fault
4287,E-Scooter,0.48,2.0,14.27,15.15,30.4,31.8,3,0.7,29.3,36-45,0.749,Hard_Braking
4288,E-Scooter,0.39,2.0,15.7,19.99,71.1,71.9,1,26.0,22.6,36-45,0.899,Normal
4289,E-Scooter,2.31,5.65,17.73,21.49,36.6,28.7,0,1.5,16.2,46-60,0.729,Normal
4290,E-Scooter,0.76,2.92,16.26,22.37,41.9,38.1,1,9.2,28.6,36-45,0.803,Mechanical_Fault
4291,E-Scooter,5.75,22.32,16.43,23.49,48.1,25.4,4,7.6,36.2,36-45,0.729,Hard_Braking
4292,E-Bike,3.75,20.95,9.72,16.4,98.5,80.8,1,20.6,33.2,26-35,0.517,Normal
4293,E-Scooter,2.46,4.25,18.41,19.49,71.0,65.6,0,15.2,30.1,60+,0.915,Normal
4294,E-Scooter,3.83,13.38,15.91,22.95,53.8,43.8,4,46.0,23.2,18-25,0.611,Hard_Braking
4295,E-Bike,1.36,3.22,18.02,23.75,69.3,60.7,1,12.3,18.6,36-45,0.731,Hard_Braking
4296,E-Bike,1.31,9.75,11.1,13.73,76.3,71.6,2,2.0,32.7,18-25,0.827,Battery_Critical
4297,E-Bike,4.07,18.6,12.31,17.02,30.3,16.7,4,20.1,19.2,18-25,0.73,Hard_Braking
4298,E-Scooter,0.96,4.53,22.2,27.82,62.7,63.2,1,1.3,31.3,18-25,0.92,Battery_Critical
4299,E-Bike,4.46,28.69,10.41,10.99,99.1,84.8,2,16.2,24.3,18-25,0.691,Hard_Braking
4300,E-Scooter,3.31,8.34,22.48,26.59,99.4,89.3,0,10.1,23.6,18-25,0.86,Normal
4301,E-Bike,1.11,8.78,15.46,24.64,76.4,68.9,1,0.2,29.7,18-25,0.816,Normal
4302,E-Bike,1.97,5.07,16.17,22.63,100.0,97.9,1,13.5,35.2,36-45,0.713,Battery_Critical
4303,E-Bike,0.96,2.0,10.47,14.59,96.6,91.9,0,12.8,23.1,60+,0.947,Normal
4304,E-Bike,1.08,3.83,13.97,17.58,91.7,91.5,3,14.6,31.4,36-45,0.531,Improper_Parking
4305,E-Scooter,0.86,2.0,19.89,21.77,57.0,56.8,0,62.3,22.2,26-35,0.763,Mechanical_Fault
4306,E-Bike,2.71,13.31,13.3,13.35,74.8,66.9,0,16.8,29.6,60+,0.805,Normal
4307,E-Scooter,6.26,13.64,25.25,27.25,22.2,0.3,0,11.7,15.6,26-35,0.671,Battery_Critical
4308,E-Scooter,2.59,6.82,20.4,26.0,32.1,19.4,1,3.7,15.5,18-25,0.846,Hard_Braking
4309,E-Bike,4.26,18.51,16.66,17.95,40.0,25.3,0,8.0,17.0,26-35,0.803,Normal
4310,E-Bike,5.3,18.18,16.45,19.86,78.8,63.3,1,3.8,37.0,36-45,0.725,Normal
4311,E-Bike,5.17,26.68,11.18,17.33,71.6,49.7,0,23.4,21.9,18-25,0.84,Normal
4312,E-Scooter,1.19,5.98,14.95,20.55,40.1,41.4,0,1.3,10.0,46-60,0.769,Normal
4313,E-Scooter,2.13,2.2,22.05,30.06,35.2,24.4,0,51.2,31.5,18-25,0.847,Battery_Critical
4314,E-Bike,4.4,18.96,11.96,13.16,99.7,82.0,0,22.7,42.0,18-25,0.804,Normal
4315,E-Bike,1.79,7.94,14.39,16.12,35.8,26.9,1,11.8,22.5,18-25,0.874,Normal
4316,E-Scooter,2.33,8.45,18.79,21.17,84.0,78.1,1,9.4,36.0,36-45,0.758,Normal
4317,E-Scooter,2.43,5.79,13.1,18.38,92.1,79.3,1,13.4,24.4,26-35,0.779,Hard_Braking
4318,E-Bike,5.0,31.09,9.79,11.07,76.2,63.4,1,0.7,22.5,36-45,0.691,Normal
4319,E-Bike,3.79,14.87,15.34,18.2,74.2,65.1,0,32.1,32.5,26-35,0.805,Normal
4320,E-Scooter,1.1,2.0,19.33,28.41,88.5,89.8,3,14.0,29.1,36-45,0.89,Hard_Braking
4321,E-Scooter,2.49,4.11,19.16,27.3,77.8,74.3,1,18.1,12.3,18-25,0.853,Normal
4322,E-Bike,2.05,6.98,13.52,21.45,94.6,89.6,2,3.2,16.2,26-35,0.654,Hard_Braking
4323,E-Scooter,1.91,7.33,16.89,19.61,93.0,84.8,2,27.7,12.1,18-25,,Hard_Braking
4324,E-Bike,2.57,11.92,10.86,20.0,54.8,51.8,1,55.1,20.3,60+,0.748,Normal
4325,E-Scooter,0.65,3.45,18.35,22.73,35.5,33.3,1,10.3,32.5,26-35,0.838,Normal
4326,E-Scooter,0.5,2.0,18.93,24.87,41.8,41.2,0,0.3,20.6,36-45,0.514,Normal
4327,E-Scooter,1.73,8.97,21.45,28.01,93.1,84.8,1,42.7,29.2,36-45,0.811,Normal
4328,E-Scooter,1.81,5.7,22.73,28.59,94.0,88.8,1,1.9,20.2,18-25,0.526,Improper_Parking
4329,E-Bike,3.52,12.12,15.23,15.93,61.0,52.5,1,21.3,36.1,26-35,0.621,Normal
4330,E-Bike,0.52,2.0,10.03,19.82,21.8,19.1,1,19.8,31.9,36-45,0.664,Normal
4331,E-Scooter,4.11,13.55,21.11,26.13,81.6,67.8,0,20.0,15.4,26-35,0.439,Hard_Braking
4332,E-Scooter,1.67,9.22,21.75,28.66,60.7,51.6,3,1.6,17.0,26-35,0.723,Hard_Braking
4333,E-Bike,0.91,5.01,17.5,18.9,61.0,57.0,2,5.2,24.9,26-35,0.533,Normal
4334,E-Scooter,1.8,8.52,16.93,24.55,95.5,89.8,2,13.7,28.2,18-25,0.813,Battery_Critical
4335,E-Bike,2.01,5.73,13.81,20.57,76.9,70.0,0,11.1,5.1,36-45,0.766,Normal
4336,E-Scooter,1.79,5.55,19.17,23.95,53.4,48.2,3,0.8,38.9,18-25,0.702,Hard_Braking
4337,E-Bike,5.23,16.99,20.35,24.67,29.4,20.8,0,1.3,37.2,26-35,0.788,Normal
4338,E-Bike,2.4,7.88,12.06,14.12,35.1,18.4,0,45.0,18.8,26-35,0.686,Normal
4339,E-Bike,0.3,2.0,14.74,16.96,74.3,75.9,0,6.4,21.9,36-45,0.793,Normal
4340,E-Bike,1.86,2.0,17.73,24.44,22.7,17.9,0,60.8,16.9,18-25,0.903,Normal
4341,E-Scooter,0.49,2.0,16.18,17.67,74.4,73.7,3,5.4,28.2,18-25,0.518,Hard_Braking
4342,E-Bike,2.69,26.81,7.82,11.3,86.5,74.6,1,10.3,38.4,18-25,,Normal
4343,E-Scooter,2.17,2.0,16.69,23.01,59.4,54.5,3,11.8,36.5,60+,0.781,Normal
4344,E-Bike,1.62,6.03,14.45,24.08,87.2,88.6,2,21.5,31.3,60+,0.947,Normal
4345,E-Bike,4.49,26.2,10.79,13.1,95.4,83.5,0,8.8,22.2,26-35,0.567,Normal
4346,E-Scooter,1.63,3.06,24.96,33.41,70.8,60.7,1,13.0,22.1,18-25,0.819,Normal
4347,E-Bike,7.2,80.0,5.33,10.28,65.0,41.3,1,3.2,10.9,26-35,0.592,Mechanical_Fault
4348,E-Scooter,1.49,4.57,14.64,22.22,94.9,90.5,3,35.4,14.4,26-35,0.927,Hard_Braking
4349,E-Bike,1.03,3.28,16.0,21.41,72.3,69.0,3,12.7,13.4,46-60,0.815,Hard_Braking
4350,E-Scooter,3.83,14.24,24.57,32.45,67.3,51.8,2,18.4,12.2,36-45,0.87,Hard_Braking
4351,E-Bike,7.02,51.12,7.6,8.97,35.1,15.1,0,7.1,22.0,36-45,0.373,Improper_Parking
4352,E-Bike,4.98,17.37,15.35,20.99,49.9,37.5,3,28.8,22.1,18-25,0.658,Mechanical_Fault
4353,E-Scooter,1.89,2.0,19.27,21.85,43.0,39.8,0,5.3,21.4,18-25,0.655,Normal
4354,E-Bike,0.91,6.1,16.23,22.37,79.6,86.6,0,37.6,25.0,36-45,0.779,Normal
4355,E-Bike,2.99,12.24,14.47,23.21,88.3,88.6,0,26.3,42.0,36-45,0.683,Battery_Critical
4356,E-Scooter,1.94,4.97,14.39,15.4,74.0,71.2,0,20.6,36.5,18-25,0.681,Normal
4357,E-Bike,3.58,14.56,18.28,24.67,43.7,32.2,1,15.2,12.6,18-25,0.79,Normal
4358,E-Scooter,3.28,16.78,14.41,22.96,88.5,83.4,1,34.5,22.4,18-25,0.872,Normal
4359,E-Scooter,6.36,36.29,9.78,13.72,71.6,52.8,5,0.3,30.9,36-45,0.782,Hard_Braking
4360,E-Scooter,4.78,8.67,24.34,24.5,30.5,15.9,2,5.8,28.9,26-35,0.764,Normal
4361,E-Scooter,6.69,21.16,13.13,18.45,88.5,69.4,1,57.7,28.1,26-35,0.752,Mechanical_Fault
4362,E-Scooter,2.51,11.01,13.77,21.97,95.2,96.2,1,20.9,26.4,26-35,0.674,Hard_Braking
4363,E-Scooter,6.3,13.51,20.67,24.92,43.3,22.9,1,2.0,23.6,18-25,0.917,Hard_Braking
4364,E-Scooter,1.33,2.0,16.1,20.76,77.2,71.1,2,19.8,25.0,26-35,0.546,Normal
4365,E-Scooter,3.41,10.79,18.24,19.14,90.9,83.6,0,14.8,12.5,60+,0.772,Normal
4366,E-Scooter,3.0,4.26,20.69,28.14,68.8,59.8,0,3.4,33.7,26-35,0.789,Mechanical_Fault
4367,E-Scooter,3.62,15.14,22.75,28.57,60.2,49.4,0,24.1,37.8,18-25,0.826,Normal
4368,E-Scooter,5.99,27.35,14.77,18.33,26.5,10.8,2,1.4,33.0,36-45,0.557,Battery_Critical
4369,E-Scooter,6.78,29.73,15.29,21.59,21.1,0.0,3,46.5,23.4,18-25,0.666,Battery_Critical
4370,E-Scooter,3.71,12.83,17.92,23.36,46.5,40.9,3,42.6,25.8,26-35,0.854,Mechanical_Fault
4371,E-Bike,1.01,2.0,14.74,17.9,84.9,74.1,1,10.0,19.0,26-35,0.547,Normal
4372,E-Bike,3.6,10.46,15.39,18.78,96.1,92.9,1,48.0,12.1,18-25,0.791,Normal
4373,E-Bike,1.26,9.84,9.63,10.66,40.7,40.1,0,8.3,26.6,46-60,0.603,Hard_Braking
4374,E-Scooter,6.52,17.27,23.66,25.6,90.9,75.7,1,4.7,38.4,18-25,0.644,Normal
4375,E-Scooter,0.46,2.0,18.44,24.59,20.3,17.7,2,12.8,13.9,26-35,0.685,Normal
4376,E-Bike,4.27,20.61,11.8,13.67,78.1,64.8,1,10.2,27.3,36-45,0.544,Mechanical_Fault
4377,E-Bike,5.3,25.32,13.66,13.96,79.6,69.1,0,21.0,10.6,36-45,0.81,Normal
4378,E-Bike,2.56,15.68,13.0,14.96,76.7,60.8,3,13.4,21.9,46-60,0.565,Hard_Braking
4379,E-Scooter,1.09,2.0,22.6,24.76,28.4,28.0,1,12.3,14.2,36-45,0.869,Normal
4380,E-Scooter,0.83,2.0,20.87,24.48,88.6,92.7,0,13.2,20.9,18-25,0.777,Normal
4381,E-Scooter,3.39,14.15,13.89,14.45,84.7,74.5,0,10.6,30.6,46-60,0.748,Normal
4382,E-Scooter,5.93,21.23,15.46,19.01,97.0,80.0,0,29.9,26.7,18-25,0.851,Normal
4383,E-Scooter,2.82,6.78,18.67,27.1,44.6,39.7,2,15.7,22.3,26-35,0.949,Hard_Braking
4384,E-Bike,9.07,78.43,7.16,7.71,37.1,8.6,3,4.7,27.4,26-35,0.798,Battery_Critical
4385,E-Bike,3.83,15.84,15.77,21.74,33.0,20.4,1,3.0,15.2,46-60,0.603,Normal
4386,E-Bike,5.88,29.58,13.32,20.84,75.2,55.3,2,1.4,25.2,36-45,0.518,Mechanical_Fault
4387,E-Scooter,4.79,14.06,15.56,21.58,71.6,58.8,3,14.2,28.2,36-45,0.655,Hard_Braking
4388,E-Scooter,5.33,16.93,17.13,18.92,64.2,49.8,2,5.2,27.0,46-60,0.704,Normal
4389,E-Bike,0.6,2.0,15.29,20.28,55.5,50.7,0,1.7,30.7,26-35,0.827,Normal
4390,E-Scooter,0.32,2.0,19.35,31.58,89.8,94.7,0,4.2,23.1,36-45,0.63,Normal
4391,E-Bike,0.91,5.72,11.58,14.26,58.7,57.1,0,10.3,21.8,36-45,0.528,Normal
4392,E-Bike,1.44,6.99,12.7,21.56,50.0,44.0,1,14.6,31.9,36-45,0.864,Normal
4393,E-Bike,2.21,19.76,5.0,12.46,75.6,74.5,2,11.1,18.2,18-25,0.667,Hard_Braking
4394,E-Bike,3.0,21.23,8.68,10.65,33.0,25.4,0,20.6,2.8,36-45,0.804,Normal
4395,E-Scooter,1.9,4.58,23.89,26.53,44.0,42.0,2,29.0,23.6,26-35,0.928,Hard_Braking
4396,E-Bike,1.83,14.33,5.65,9.58,68.4,56.0,1,45.4,29.2,,0.755,Normal
4397,E-Bike,1.41,6.72,13.22,18.15,77.0,71.2,4,33.4,12.4,26-35,0.924,Hard_Braking
4398,E-Bike,3.05,10.27,14.03,17.93,85.6,76.2,2,29.7,32.8,18-25,0.571,Battery_Critical
4399,E-Scooter,1.48,8.96,12.66,17.07,30.8,19.9,1,12.5,23.8,26-35,0.929,Normal
4400,E-Scooter,0.54,2.0,15.7,26.24,82.5,84.9,1,8.1,18.8,26-35,0.359,Improper_Parking
4401,E-Bike,4.3,15.3,21.25,27.65,99.4,89.3,1,21.2,31.9,26-35,0.946,Normal
4402,E-Scooter,5.96,13.76,23.08,23.12,73.8,56.7,2,17.1,19.0,26-35,0.851,Hard_Braking
4403,E-Scooter,4.26,11.82,23.82,24.79,63.7,46.9,4,15.1,15.4,36-45,0.843,Hard_Braking
4404,E-Bike,2.49,9.6,11.96,15.65,59.6,50.9,0,31.7,16.3,18-25,0.701,Normal
4405,E-Bike,1.7,15.11,6.94,9.66,46.5,43.8,1,3.7,22.9,36-45,0.876,Normal
4406,E-Scooter,1.23,2.0,16.36,19.16,88.8,88.2,0,22.8,24.6,26-35,0.73,Normal
4407,E-Scooter,2.55,5.68,19.23,20.94,46.4,39.9,1,22.6,13.1,26-35,0.709,Hard_Braking
4408,E-Scooter,6.44,15.6,22.87,28.69,90.7,76.9,2,0.9,9.8,18-25,0.586,Normal
4409,E-Bike,3.61,21.26,9.92,18.21,77.7,62.6,1,5.4,35.7,18-25,0.883,Normal
4410,E-Scooter,2.17,2.75,19.89,22.98,79.4,75.7,0,14.8,26.8,26-35,0.849,Normal
4411,E-Bike,2.46,16.02,8.98,15.02,45.5,34.7,1,7.4,22.2,18-25,0.656,Normal
4412,E-Scooter,4.69,16.34,15.3,18.85,42.7,23.3,0,19.5,27.3,46-60,0.79,Normal
4413,E-Bike,2.28,12.34,11.6,14.81,97.7,84.5,0,42.4,25.2,36-45,0.9,Mechanical_Fault
4414,E-Bike,3.37,11.6,16.12,20.24,77.5,69.2,2,16.4,3.5,46-60,0.627,Mechanical_Fault
4415,E-Bike,4.48,16.88,12.87,15.93,34.5,17.0,0,105.1,31.5,36-45,0.731,Mechanical_Fault
4416,E-Scooter,2.29,7.93,17.7,20.86,48.3,38.6,0,0.1,33.0,18-25,0.905,Normal
4417,E-Scooter,1.6,11.28,16.04,22.03,38.0,32.4,1,5.2,38.7,26-35,,Mechanical_Fault
4418,E-Bike,1.86,5.21,12.17,20.07,77.2,70.6,3,6.4,27.1,,0.693,Hard_Braking
4419,E-Bike,3.2,9.2,16.65,21.0,21.1,9.3,0,8.2,27.8,36-45,0.557,Battery_Critical
4420,E-Bike,0.88,3.14,17.44,26.54,37.2,35.9,0,13.4,30.2,26-35,0.741,Normal
4421,E-Bike,4.08,22.61,13.12,20.78,94.6,78.2,1,68.2,33.5,26-35,0.695,Normal
4422,E-Scooter,1.3,5.44,21.67,23.12,47.1,41.4,2,37.3,42.0,18-25,0.741,Normal
4423,E-Bike,2.25,8.44,16.88,23.5,76.0,75.4,0,17.8,11.7,18-25,0.964,Normal
4424,E-Scooter,0.87,3.75,16.77,19.84,96.9,89.9,3,38.7,39.8,18-25,0.875,Mechanical_Fault
4425,E-Bike,4.45,22.59,11.4,15.24,52.0,40.7,0,5.8,20.9,26-35,0.889,Normal
4426,E-Scooter,2.18,6.22,17.5,20.42,65.8,57.4,1,11.2,17.4,36-45,0.809,Normal
4427,E-Bike,1.19,5.86,12.58,17.76,40.7,37.7,3,63.2,28.8,18-25,0.772,Normal
4428,E-Scooter,2.01,11.47,10.93,17.43,47.8,41.7,2,19.9,14.1,18-25,0.761,Battery_Critical
4429,E-Scooter,9.17,32.56,17.13,18.82,58.8,24.0,1,11.7,19.6,18-25,0.825,Normal
4430,E-Bike,4.32,15.74,15.41,16.69,23.0,10.5,0,16.3,28.5,36-45,0.979,Battery_Critical
4431,E-Scooter,2.1,2.0,29.49,34.1,59.7,46.6,3,18.2,22.0,26-35,0.834,Hard_Braking
4432,E-Scooter,0.88,3.4,22.51,22.64,62.1,65.4,4,28.8,24.1,36-45,0.809,Hard_Braking
4433,E-Scooter,3.22,13.63,20.34,22.05,57.6,57.0,1,46.3,26.7,46-60,0.925,Normal
4434,E-Scooter,4.16,15.42,13.35,19.43,68.5,65.0,5,2.1,36.4,26-35,0.593,Hard_Braking
4435,E-Bike,3.0,9.71,17.09,22.77,30.9,22.6,4,32.4,26.2,60+,0.662,Hard_Braking
4436,E-Bike,6.97,41.44,9.82,15.31,62.1,40.2,1,56.0,28.8,46-60,0.499,Mechanical_Fault
4437,E-Scooter,6.43,25.26,17.08,17.92,88.6,65.3,3,18.7,20.4,18-25,0.94,Hard_Braking
4438,E-Scooter,3.05,8.97,21.28,24.66,20.1,10.8,0,12.3,25.4,18-25,0.52,Battery_Critical
4439,E-Bike,3.62,25.02,11.68,22.64,37.5,26.4,1,39.2,18.6,18-25,0.901,Normal
4440,E-Scooter,1.25,4.72,20.0,23.48,74.5,72.4,1,7.0,8.0,36-45,0.531,Normal
4441,E-Scooter,0.67,2.0,20.13,68.06,50.5,53.9,4,0.9,32.8,36-45,0.688,Hard_Braking
4442,E-Bike,2.62,13.45,10.64,15.58,84.4,70.9,1,28.4,25.2,18-25,0.784,Normal
4443,E-Scooter,4.98,28.85,12.63,21.02,30.1,22.3,0,4.1,38.3,18-25,0.738,Battery_Critical
4444,E-Bike,1.53,8.46,14.32,16.34,97.1,90.8,2,3.2,17.8,26-35,0.919,Hard_Braking
4445,E-Scooter,0.56,2.0,21.12,24.38,85.1,84.4,3,3.7,42.0,36-45,0.714,Hard_Braking
4446,E-Scooter,3.59,11.79,14.08,21.23,91.6,73.3,4,20.0,12.0,46-60,0.824,Hard_Braking
4447,E-Scooter,3.27,13.53,12.89,17.43,56.1,49.5,0,15.9,9.6,18-25,0.968,Normal
4448,E-Scooter,1.4,3.28,17.22,25.55,61.1,57.5,3,3.8,30.1,26-35,0.712,Hard_Braking
4449,E-Scooter,1.56,6.93,12.62,16.64,30.1,29.1,1,14.3,21.1,60+,0.915,Battery_Critical
4450,E-Bike,2.28,16.16,11.15,17.23,39.0,33.4,0,2.1,18.0,18-25,0.844,Normal
4451,E-Bike,0.57,2.0,12.26,15.25,81.9,80.0,3,6.9,17.8,26-35,0.374,Improper_Parking
4452,E-Scooter,2.6,15.72,18.45,25.78,80.0,75.1,0,14.2,42.0,26-35,0.664,Normal
4453,E-Bike,1.47,2.86,13.39,13.55,22.9,25.3,1,17.7,18.9,26-35,0.808,Normal
4454,E-Scooter,3.29,10.22,18.19,19.31,87.8,74.6,2,2.4,15.7,36-45,0.745,Hard_Braking
4455,E-Scooter,8.68,29.4,14.82,24.04,40.6,15.4,1,20.6,18.4,36-45,0.604,Battery_Critical
4456,E-Scooter,0.3,4.67,12.02,19.04,46.0,42.5,1,3.4,11.3,18-25,0.924,Hard_Braking
4457,E-Scooter,0.91,6.5,7.79,17.0,39.5,32.8,1,3.0,15.2,18-25,0.738,Normal
4458,E-Bike,2.52,10.93,12.75,20.27,47.9,40.2,2,15.3,27.4,26-35,0.678,Normal
4459,E-Scooter,4.52,14.91,13.91,19.32,43.3,32.4,1,20.9,20.7,26-35,0.942,Normal
4460,E-Scooter,5.79,29.72,11.47,16.98,45.2,32.6,3,6.3,29.0,18-25,0.69,Hard_Braking
4461,E-Bike,2.91,12.32,12.37,13.48,38.2,26.1,0,0.6,28.0,46-60,0.705,Normal
4462,E-Scooter,2.69,7.54,15.48,26.76,59.9,48.6,1,0.1,20.9,26-35,0.881,Normal
4463,E-Bike,4.6,21.1,14.82,20.99,27.0,15.6,1,8.5,13.0,26-35,0.713,Battery_Critical
4464,E-Scooter,4.08,11.81,21.37,27.75,24.9,10.1,3,3.2,33.0,36-45,0.906,Battery_Critical
4465,E-Bike,3.28,13.34,17.34,19.81,53.6,36.4,0,4.1,36.0,26-35,0.73,Normal
4466,E-Scooter,1.47,9.65,7.89,16.81,90.0,83.8,2,28.9,21.0,26-35,0.701,Normal
4467,E-Scooter,4.11,11.09,22.25,30.49,68.9,53.8,0,5.1,17.7,26-35,0.768,Normal
4468,E-Scooter,2.43,2.0,25.83,34.43,92.4,79.3,4,0.6,11.6,18-25,0.772,Hard_Braking
4469,E-Scooter,0.73,3.5,18.59,18.65,75.3,73.7,1,3.3,32.2,36-45,0.6,Normal
4470,E-Bike,3.46,11.85,14.3,21.04,76.1,67.4,2,11.7,23.2,18-25,0.931,Mechanical_Fault
4471,E-Bike,5.0,21.41,14.93,19.48,92.9,81.4,1,54.5,32.2,26-35,0.844,Normal
4472,E-Bike,0.33,6.28,17.3,24.49,93.2,97.7,0,42.4,21.6,18-25,0.928,Normal
4473,E-Scooter,2.1,4.85,25.31,27.46,98.3,92.2,1,33.8,23.4,18-25,0.853,Normal
4474,E-Scooter,2.01,3.72,23.66,30.89,96.5,84.4,1,24.9,16.3,26-35,0.243,Improper_Parking
4475,E-Bike,3.48,25.12,8.67,11.37,53.8,44.9,1,34.3,25.0,36-45,0.766,Improper_Parking
4476,E-Bike,0.86,7.75,13.27,20.81,22.2,17.2,1,7.0,14.6,46-60,0.918,Normal
4477,E-Scooter,1.29,9.7,17.46,23.82,75.7,74.6,0,15.3,14.6,18-25,0.366,Improper_Parking
4478,E-Bike,4.45,16.99,12.33,21.35,58.7,46.0,0,5.8,34.7,26-35,0.762,Normal
4479,E-Bike,0.36,3.31,14.18,14.97,45.3,45.6,1,13.6,32.7,46-60,0.865,Normal
4480,E-Bike,4.41,15.45,13.85,17.58,45.4,31.0,1,31.7,13.2,18-25,0.855,Mechanical_Fault
4481,E-Scooter,8.18,34.47,16.78,24.71,49.8,26.4,2,58.4,19.5,60+,0.884,Normal
4482,E-Scooter,2.26,4.71,25.57,27.88,46.4,46.2,0,27.0,20.9,46-60,0.775,Normal
4483,E-Scooter,5.66,26.41,13.28,15.84,42.1,21.0,0,9.6,21.0,36-45,0.86,Normal
4484,E-Bike,4.7,14.32,15.61,24.55,84.9,68.6,0,34.9,27.2,46-60,0.83,Normal
4485,E-Bike,2.06,12.65,8.03,13.54,72.2,65.0,1,9.7,15.9,36-45,0.7,Normal
4486,E-Scooter,2.79,7.69,20.64,25.32,37.1,21.4,0,55.2,22.6,46-60,0.875,Normal
4487,E-Bike,2.78,13.1,13.44,14.61,25.8,20.1,1,0.5,26.8,18-25,0.538,Battery_Critical
4488,E-Scooter,1.91,6.84,22.75,27.7,49.0,42.2,0,27.6,12.3,18-25,0.696,Normal
4489,E-Scooter,1.74,8.6,18.82,24.96,75.9,71.9,3,4.1,12.0,18-25,0.929,Hard_Braking
4490,E-Bike,1.21,7.77,11.98,16.79,99.6,100.0,1,12.3,39.2,26-35,0.649,Normal
4491,E-Scooter,0.71,5.18,14.92,15.14,31.6,30.6,0,2.7,10.7,46-60,0.892,Normal
4492,E-Scooter,4.43,19.95,15.56,19.31,79.3,65.8,2,16.1,21.5,26-35,0.462,Normal
4493,E-Scooter,6.4,19.1,17.13,20.87,37.3,18.4,1,8.4,26.1,18-25,0.727,Normal
4494,E-Bike,1.85,4.84,12.45,15.5,69.5,61.9,3,33.6,31.5,26-35,0.739,Mechanical_Fault
4495,E-Scooter,2.28,8.23,15.77,22.2,96.5,91.8,1,7.8,23.8,26-35,0.609,Normal
4496,E-Bike,3.74,25.72,11.23,16.25,98.3,86.2,1,21.2,16.4,36-45,0.981,Normal
4497,E-Bike,4.22,32.43,8.43,13.51,79.6,65.8,0,15.4,27.4,36-45,0.49,Improper_Parking
4498,E-Scooter,5.88,22.18,22.4,22.85,59.4,44.0,4,6.7,31.4,26-35,0.61,Hard_Braking
4499,E-Bike,6.16,30.19,12.17,13.41,68.1,56.0,3,69.2,25.9,18-25,0.792,Mechanical_Fault
4500,E-Scooter,1.64,3.4,18.74,26.57,79.8,78.7,2,32.1,17.9,18-25,0.896,Normal
4501,E-Scooter,4.61,9.95,16.62,18.29,55.7,42.4,2,12.5,18.3,26-35,0.909,Hard_Braking
4502,E-Scooter,1.72,9.43,22.58,26.47,60.1,55.5,1,0.9,32.1,26-35,0.746,Normal
4503,E-Scooter,0.94,4.38,15.59,22.75,78.5,77.8,4,5.4,35.5,36-45,0.558,Hard_Braking
4504,E-Bike,3.64,14.77,12.91,18.84,54.6,40.6,2,6.1,29.9,18-25,0.652,Hard_Braking
4505,E-Bike,3.28,14.86,14.15,19.6,24.5,20.9,1,0.6,26.3,18-25,0.972,Normal
4506,E-Scooter,2.68,14.09,10.89,18.01,43.3,34.2,0,6.1,42.0,36-45,0.917,Normal
4507,E-Bike,2.29,9.36,16.55,19.87,74.1,71.0,0,18.6,17.7,36-45,0.936,Normal
4508,E-Scooter,4.82,9.86,20.54,21.94,41.6,26.8,2,33.5,23.8,36-45,0.784,Normal
4509,E-Bike,0.67,3.04,15.28,17.85,81.2,82.5,1,28.3,28.2,18-25,0.71,Mechanical_Fault
4510,E-Scooter,3.79,14.68,17.42,22.82,78.4,70.6,3,14.8,5.3,46-60,0.609,Hard_Braking
4511,E-Scooter,6.33,18.37,18.7,27.01,25.0,6.5,3,6.4,18.7,26-35,0.679,Battery_Critical
4512,E-Bike,4.18,35.9,7.41,9.08,71.0,62.5,0,15.8,35.3,46-60,0.903,Battery_Critical
4513,E-Bike,0.34,2.0,10.8,16.36,65.5,65.5,2,0.5,14.4,18-25,0.591,Normal
4514,E-Scooter,0.82,3.74,19.91,28.22,59.2,54.3,0,52.5,11.8,36-45,0.849,Normal
4515,E-Bike,3.77,22.13,10.47,14.41,56.3,40.9,0,19.0,16.6,36-45,0.93,Normal
4516,E-Scooter,1.55,6.89,17.24,23.42,22.7,24.0,3,33.9,21.6,18-25,0.752,Hard_Braking
4517,E-Scooter,2.39,11.33,13.36,21.86,35.4,28.8,0,33.9,34.1,46-60,0.867,Normal
4518,E-Scooter,1.44,7.79,9.29,14.42,33.4,31.6,5,42.3,19.4,36-45,0.847,Hard_Braking
4519,E-Bike,4.95,21.6,13.28,23.92,65.9,49.1,0,16.3,25.1,46-60,0.863,Normal
4520,E-Scooter,1.48,3.05,20.87,26.49,68.8,60.8,0,3.9,17.7,18-25,0.885,Normal
4521,E-Bike,6.63,25.01,17.6,21.78,49.0,25.2,1,6.5,13.8,18-25,0.78,Normal
4522,E-Bike,0.3,2.0,18.86,24.98,64.1,62.1,2,2.7,23.2,26-35,0.46,Normal
4523,E-Bike,4.24,16.63,14.05,20.97,62.7,53.0,1,1.0,24.0,26-35,0.608,Normal
4524,E-Bike,0.3,2.0,14.45,20.49,68.2,63.3,2,51.2,33.4,60+,0.903,Mechanical_Fault
4525,E-Scooter,1.65,9.22,14.37,19.67,93.5,87.5,0,15.3,17.3,18-25,0.898,Normal
4526,E-Bike,2.16,9.65,11.93,13.5,77.6,65.4,2,8.3,14.2,46-60,0.592,Normal
4527,E-Bike,1.66,16.52,10.63,15.85,98.3,91.8,1,2.1,35.8,18-25,0.949,Normal
4528,E-Scooter,0.37,2.0,22.07,28.16,89.9,89.0,3,24.9,31.1,18-25,0.952,Hard_Braking
4529,E-Scooter,3.39,9.41,17.02,18.04,89.3,75.9,0,12.9,31.9,26-35,0.797,Normal
4530,E-Scooter,5.99,14.05,20.38,22.11,77.8,62.8,0,0.9,22.9,46-60,0.929,Normal
4531,E-Scooter,5.42,18.09,18.06,20.0,96.7,84.5,0,41.1,20.8,26-35,0.55,Hard_Braking
4532,E-Scooter,2.58,5.59,20.35,24.58,79.9,73.3,1,7.9,8.9,26-35,0.632,Normal
4533,E-Scooter,1.91,2.92,18.24,20.66,28.8,20.0,1,19.6,32.0,26-35,0.38,Improper_Parking
4534,E-Scooter,2.73,11.04,14.41,20.06,58.2,48.7,2,17.7,26.3,26-35,0.59,Normal
4535,E-Scooter,2.61,17.85,10.22,13.94,96.2,90.5,2,12.6,22.6,18-25,0.751,Normal
4536,E-Bike,0.58,4.1,10.53,20.77,79.3,74.0,1,1.5,21.2,36-45,0.612,Hard_Braking
4537,E-Bike,6.2,19.53,16.38,24.99,99.6,85.5,2,9.5,25.8,46-60,0.662,Hard_Braking
4538,E-Scooter,3.24,6.5,18.85,24.39,91.7,83.9,1,11.0,19.6,46-60,0.866,Hard_Braking
4539,E-Scooter,3.25,19.86,9.42,17.72,41.5,36.4,1,12.0,34.0,18-25,0.91,Normal
4540,E-Scooter,0.5,2.0,13.68,16.14,96.9,97.1,2,32.0,19.8,46-60,0.598,Hard_Braking
4541,E-Scooter,0.65,2.0,14.61,20.82,91.2,89.2,3,21.9,31.3,18-25,0.855,Hard_Braking
4542,E-Scooter,2.95,12.85,18.14,27.01,88.7,77.0,1,55.9,24.4,26-35,0.909,Mechanical_Fault
4543,E-Scooter,7.5,29.03,12.55,18.55,71.2,50.4,2,0.7,33.0,46-60,0.926,Normal
4544,E-Scooter,3.93,17.69,17.28,23.03,64.4,50.1,1,27.7,29.1,36-45,0.928,Normal
4545,E-Scooter,0.69,2.0,25.31,32.86,37.8,37.8,2,0.9,20.1,60+,0.877,Normal
4546,E-Scooter,3.96,6.43,18.21,21.14,27.2,15.9,2,19.5,19.3,18-25,0.757,Battery_Critical
4547,E-Scooter,0.72,3.37,9.31,14.5,67.4,72.3,3,0.2,18.5,26-35,0.863,Hard_Braking
4548,E-Bike,2.56,8.95,12.33,17.26,58.1,54.2,2,45.7,15.8,18-25,0.424,Mechanical_Fault
4549,E-Bike,0.9,9.27,12.19,19.71,96.6,93.4,2,9.5,17.6,46-60,0.248,Improper_Parking
4550,E-Bike,2.66,15.0,14.62,23.72,63.0,55.7,0,12.3,32.0,26-35,0.621,Normal
4551,E-Bike,2.1,7.31,14.72,21.93,56.6,47.8,3,14.3,41.6,36-45,0.647,Hard_Braking
4552,E-Bike,4.5,18.95,16.56,16.64,46.7,34.9,3,11.0,24.4,46-60,0.65,Hard_Braking
4553,E-Bike,0.56,2.0,12.43,22.95,31.3,27.0,0,14.9,31.3,46-60,0.626,Normal
4554,E-Bike,4.3,14.6,16.69,19.57,77.7,63.7,1,12.9,29.9,26-35,0.684,Normal
4555,E-Scooter,1.13,2.59,9.76,17.07,62.1,56.5,2,46.7,27.1,26-35,0.805,Normal
4556,E-Bike,2.11,19.07,6.57,7.52,50.8,45.9,3,8.3,26.0,26-35,0.761,Hard_Braking
4557,E-Scooter,3.43,18.64,14.56,17.27,29.1,20.9,0,14.5,17.3,26-35,0.916,Normal
4558,E-Scooter,0.3,2.0,12.08,16.83,20.7,18.4,1,41.7,25.8,36-45,0.79,Normal
4559,E-Scooter,1.55,4.53,14.35,16.83,54.9,42.1,3,25.1,21.6,26-35,0.924,Hard_Braking
4560,E-Bike,0.83,2.0,14.66,21.48,48.9,50.1,0,26.0,25.6,36-45,0.725,Normal
4561,E-Scooter,8.39,33.58,15.78,19.73,34.2,14.9,5,1.4,22.6,18-25,0.663,Hard_Braking
4562,E-Scooter,3.62,6.48,18.53,24.09,44.5,40.9,4,15.0,26.2,26-35,0.893,Hard_Braking
4563,E-Scooter,5.67,24.36,13.37,18.94,72.9,62.7,4,5.0,30.5,46-60,0.88,Hard_Braking
4564,E-Scooter,2.16,12.01,14.2,22.97,86.2,79.4,2,27.0,6.8,18-25,0.559,Normal
4565,E-Scooter,5.47,14.01,20.76,30.95,60.9,46.8,1,17.5,30.0,18-25,0.661,Mechanical_Fault
4566,E-Bike,2.52,7.89,19.18,21.84,94.6,91.6,0,10.4,20.7,26-35,0.953,Normal
4567,E-Scooter,13.08,37.78,21.72,31.37,86.8,48.8,4,25.1,31.1,46-60,0.839,Hard_Braking
4568,E-Scooter,6.39,36.15,12.8,14.65,98.5,79.8,0,34.7,30.4,36-45,0.767,Hard_Braking
4569,E-Scooter,2.78,12.86,18.42,21.41,52.3,47.2,1,20.6,22.6,46-60,0.826,Normal
4570,E-Scooter,3.09,9.38,18.67,26.25,84.9,73.1,5,0.2,8.0,18-25,0.704,Hard_Braking
4571,E-Bike,8.18,44.1,10.84,12.44,93.0,64.7,0,50.7,29.4,46-60,0.715,Mechanical_Fault
4572,E-Scooter,2.77,12.44,16.99,24.04,89.7,81.4,2,4.0,8.3,26-35,0.789,Battery_Critical
4573,E-Bike,5.65,22.33,16.68,24.65,59.1,43.6,3,38.7,27.0,46-60,0.514,Mechanical_Fault
4574,E-Scooter,0.3,3.5,14.8,21.7,84.7,82.9,0,24.3,13.6,26-35,0.397,Improper_Parking
4575,E-Bike,3.95,15.01,15.89,19.97,59.3,47.0,1,5.0,16.2,26-35,0.721,Normal
4576,E-Scooter,0.77,2.0,17.09,25.45,38.2,30.7,1,3.9,27.9,26-35,0.731,Normal
4577,E-Bike,4.26,25.16,11.39,16.21,44.5,33.7,1,11.0,19.8,26-35,0.702,Normal
4578,E-Scooter,0.83,2.0,18.82,26.38,21.4,16.8,0,0.9,30.7,60+,0.828,Normal
4579,E-Scooter,1.41,4.65,15.87,21.64,22.2,18.3,0,9.7,32.8,26-35,0.768,Normal
4580,E-Bike,0.77,3.22,14.0,14.07,61.9,50.1,0,0.8,15.7,46-60,0.694,Normal
4581,E-Scooter,4.49,23.81,11.85,12.67,82.3,65.8,1,58.2,36.3,18-25,0.648,Mechanical_Fault
4582,E-Bike,4.29,19.74,12.99,19.96,68.3,58.6,1,0.0,15.7,36-45,0.811,Hard_Braking
4583,E-Scooter,5.93,38.89,9.11,11.16,99.4,79.5,4,24.5,22.3,36-45,0.812,Hard_Braking
4584,E-Bike,2.02,12.35,9.67,11.15,36.5,26.0,2,0.5,28.0,18-25,0.879,Battery_Critical
4585,E-Scooter,2.26,6.57,17.98,21.1,62.0,59.3,1,2.3,19.6,26-35,0.701,Normal
4586,E-Bike,1.94,14.87,9.49,12.31,75.9,78.0,2,15.6,26.3,26-35,0.838,Normal
4587,E-Scooter,3.86,11.39,19.8,24.57,86.8,71.8,3,3.9,26.9,36-45,0.934,Hard_Braking
4588,E-Bike,2.74,8.7,14.34,18.22,75.6,62.6,0,3.8,32.8,46-60,0.827,Normal
4589,E-Bike,4.88,9.2,17.59,20.76,54.4,35.3,1,30.6,19.0,36-45,0.811,Mechanical_Fault
4590,E-Bike,3.31,21.52,10.93,14.15,88.0,80.4,0,24.1,18.5,36-45,0.538,Normal
4591,E-Bike,2.24,9.3,14.0,15.25,74.6,71.4,0,22.3,13.0,18-25,0.575,Normal
4592,E-Bike,2.08,2.0,16.01,22.77,79.3,76.7,2,30.7,20.3,26-35,0.753,Battery_Critical
4593,E-Scooter,4.57,13.04,16.12,26.75,30.4,16.3,1,2.8,24.0,18-25,0.387,Improper_Parking
4594,E-Scooter,1.27,2.0,14.76,15.99,50.7,46.8,0,15.1,17.8,26-35,0.799,Normal
4595,E-Scooter,1.57,3.49,17.8,20.03,49.4,41.4,1,19.9,35.2,18-25,0.823,Normal
4596,E-Bike,7.4,32.72,14.05,15.09,59.7,37.3,0,41.4,29.4,26-35,0.951,Normal
4597,E-Scooter,4.04,17.16,13.34,22.48,92.4,74.1,1,21.9,13.9,18-25,0.934,Hard_Braking
4598,E-Scooter,0.35,3.92,20.74,23.67,50.8,46.8,3,7.9,25.9,36-45,0.92,Hard_Braking
4599,E-Scooter,2.15,7.31,18.13,22.55,54.3,45.3,2,47.4,19.6,18-25,0.887,Normal
4600,E-Scooter,1.44,2.0,17.67,27.4,86.1,79.8,1,24.4,42.0,18-25,0.41,Improper_Parking
4601,E-Bike,2.16,10.25,14.06,21.86,38.1,28.7,5,4.1,15.8,26-35,0.72,Hard_Braking
4602,E-Scooter,4.56,20.44,16.67,16.93,46.6,31.7,3,37.3,31.1,26-35,0.921,Hard_Braking
4603,E-Bike,3.37,16.34,15.25,21.54,31.5,21.9,2,10.1,37.0,18-25,0.646,Battery_Critical
4604,E-Scooter,3.35,17.91,18.45,28.13,73.8,60.3,0,26.1,5.8,26-35,0.824,Normal
4605,E-Scooter,4.43,17.35,15.89,16.68,91.9,79.3,1,26.1,35.8,60+,0.633,Normal
4606,E-Bike,1.02,3.64,11.49,13.48,28.6,29.7,0,23.5,17.9,36-45,0.599,Normal
4607,E-Bike,1.0,13.53,6.02,12.48,46.7,44.8,0,16.5,12.6,36-45,0.703,Normal
4608,E-Bike,0.9,3.87,11.39,19.46,29.5,29.9,1,46.0,42.0,36-45,0.945,Hard_Braking
4609,E-Scooter,5.94,19.76,17.71,27.19,37.0,18.5,2,1.9,23.9,,0.515,Normal
4610,E-Bike,3.57,8.43,20.6,26.37,43.9,39.6,2,3.7,7.9,18-25,0.648,Normal
4611,E-Scooter,7.72,24.22,19.99,27.03,89.9,74.0,2,24.1,29.4,26-35,0.974,Hard_Braking
4612,E-Scooter,3.03,11.69,21.02,21.82,75.4,60.4,3,6.9,37.0,60+,0.757,Hard_Braking
4613,E-Bike,14.0,65.47,13.38,14.68,55.2,15.8,1,71.3,21.2,18-25,0.604,Mechanical_Fault
4614,E-Bike,2.79,17.06,12.51,19.98,59.0,50.4,0,28.5,30.1,26-35,0.831,Normal
4615,E-Scooter,3.05,10.01,17.16,19.12,32.5,22.4,0,2.2,21.1,26-35,0.639,Normal
4616,E-Scooter,1.22,3.15,17.43,23.43,68.1,57.1,0,15.1,25.1,26-35,0.911,Normal
4617,E-Bike,0.42,2.0,16.23,26.9,66.0,67.7,1,36.4,34.3,18-25,0.265,Improper_Parking
4618,E-Bike,4.86,24.24,12.47,17.53,61.9,46.1,0,2.7,23.7,26-35,0.783,Normal
4619,E-Bike,3.59,14.37,18.59,29.04,50.3,39.3,3,9.0,26.1,18-25,0.499,Hard_Braking
4620,E-Bike,0.47,2.0,10.52,15.28,68.0,69.5,1,1.1,21.5,36-45,0.627,Normal
4621,E-Bike,2.73,10.17,10.57,12.47,28.9,23.2,0,15.1,15.5,26-35,0.756,Normal
4622,E-Bike,3.39,22.18,10.34,14.61,98.7,92.4,0,13.1,15.6,36-45,0.869,Normal
4623,E-Scooter,0.8,7.19,7.85,17.06,51.8,51.1,2,10.5,35.9,26-35,,Hard_Braking
4624,E-Bike,4.53,23.65,11.15,13.69,75.5,61.9,0,10.3,4.8,18-25,0.743,Normal
4625,E-Scooter,3.23,11.05,16.62,25.96,83.2,66.9,0,2.7,21.7,26-35,0.92,Normal
4626,E-Bike,2.91,12.4,14.41,21.84,21.5,13.7,2,11.8,35.9,36-45,0.583,Hard_Braking
4627,E-Scooter,0.3,2.0,16.25,21.45,81.0,78.0,0,13.5,33.6,18-25,0.879,Normal
4628,E-Scooter,3.79,18.33,15.21,17.7,34.0,22.9,0,5.5,29.4,26-35,0.571,Normal
4629,E-Scooter,6.1,49.14,7.77,11.01,39.0,23.7,2,16.1,25.8,26-35,0.962,Hard_Braking
4630,E-Scooter,5.44,23.68,11.71,17.74,59.1,52.3,0,14.5,19.5,26-35,0.782,Normal
4631,E-Scooter,1.27,11.61,8.12,9.82,44.1,39.4,1,44.7,26.5,60+,0.834,Hard_Braking
4632,E-Scooter,1.61,11.33,13.9,17.77,77.7,77.7,2,6.0,21.4,36-45,0.644,Improper_Parking
4633,E-Scooter,1.74,11.86,13.84,19.09,37.4,33.1,1,5.8,40.8,18-25,0.734,Normal
4634,E-Scooter,1.08,3.9,11.65,17.49,89.0,94.0,2,59.1,21.2,26-35,0.751,Normal
4635,E-Scooter,0.45,5.86,17.06,24.73,20.3,16.6,1,4.0,34.9,46-60,0.746,Normal
4636,E-Scooter,3.6,9.05,19.47,21.45,36.3,23.3,2,2.9,20.4,36-45,0.906,Hard_Braking
4637,E-Bike,1.65,12.33,11.17,14.91,64.0,60.2,1,1.4,27.5,46-60,0.876,Normal
4638,E-Scooter,0.69,2.0,12.57,18.86,55.2,55.6,2,35.3,36.3,18-25,0.812,Normal
4639,E-Scooter,1.25,2.0,20.19,26.84,81.7,78.6,0,27.6,26.4,18-25,0.69,Normal
4640,E-Scooter,4.89,18.8,15.73,22.12,60.9,45.1,2,17.6,36.8,18-25,0.402,Improper_Parking
4641,E-Scooter,1.09,4.78,25.12,34.65,86.3,83.4,3,18.0,23.9,36-45,0.906,Hard_Braking
4642,E-Bike,7.91,34.54,13.69,14.63,48.6,18.9,1,46.4,29.9,18-25,0.927,Normal
4643,E-Bike,1.59,7.06,10.07,18.24,37.5,26.0,1,50.7,24.9,36-45,0.796,Hard_Braking
4644,E-Scooter,1.76,3.44,13.62,15.76,47.9,38.1,4,24.5,26.5,18-25,0.731,Hard_Braking
4645,E-Scooter,2.32,8.42,19.53,20.12,83.7,73.1,2,15.0,23.4,26-35,0.499,Normal
4646,E-Scooter,1.89,5.88,15.29,23.0,22.1,14.9,2,0.5,33.1,26-35,0.666,Battery_Critical
4647,E-Scooter,2.21,15.81,16.72,17.65,74.5,70.0,1,11.2,24.9,46-60,0.941,Normal
4648,E-Scooter,8.53,33.64,14.4,20.18,65.2,39.2,3,131.4,18.1,26-35,0.878,Mechanical_Fault
4649,E-Scooter,3.01,13.84,12.28,14.25,64.8,59.4,1,2.1,19.3,18-25,0.936,Normal
4650,E-Bike,1.62,11.53,9.55,11.37,69.0,61.0,2,9.8,18.5,18-25,0.518,Normal
4651,E-Scooter,6.82,26.91,16.07,18.32,75.0,57.1,0,15.5,36.3,26-35,0.752,Normal
4652,E-Scooter,0.42,2.0,19.99,22.82,37.5,39.5,2,13.8,28.3,36-45,0.98,Normal
4653,E-Bike,2.17,8.8,13.94,14.5,91.5,82.6,1,2.8,28.9,18-25,0.648,Normal
4654,E-Scooter,9.59,45.83,12.42,20.86,22.7,0.0,0,13.6,27.3,36-45,0.978,Battery_Critical
4655,E-Scooter,1.16,3.17,13.6,18.6,37.1,30.3,0,36.1,18.9,18-25,0.813,Normal
4656,E-Bike,4.07,21.22,13.09,16.03,93.6,84.5,0,0.5,32.4,18-25,0.937,Normal
4657,E-Scooter,3.52,13.35,16.0,22.44,30.6,17.5,6,15.9,25.1,60+,0.556,Hard_Braking
4658,E-Scooter,3.84,10.8,23.08,29.52,54.3,35.2,0,47.4,25.5,36-45,0.888,Normal
4659,E-Scooter,1.21,2.0,17.46,24.16,23.0,16.0,0,33.4,26.5,18-25,0.785,Normal
4660,E-Scooter,2.4,7.72,18.19,22.82,38.1,33.7,0,7.9,23.3,18-25,0.882,Normal
4661,E-Bike,4.38,11.81,19.57,22.58,59.7,49.3,3,5.8,35.5,26-35,0.791,Hard_Braking
4662,E-Scooter,3.86,11.45,22.66,29.56,82.2,65.6,0,0.2,24.7,26-35,0.861,Normal
4663,E-Bike,2.33,14.83,10.24,17.17,62.6,57.6,2,2.7,26.9,26-35,0.78,Hard_Braking
4664,E-Bike,6.49,35.84,11.74,21.86,69.2,48.2,3,3.7,14.0,18-25,0.836,Hard_Braking
4665,E-Bike,3.43,11.87,19.3,24.97,88.4,80.5,2,7.0,13.0,18-25,0.945,Normal
4666,E-Scooter,3.5,7.65,26.15,33.35,43.7,26.0,0,43.0,26.2,26-35,0.741,Mechanical_Fault
4667,E-Scooter,3.11,12.65,17.29,24.1,29.9,17.4,3,41.1,31.0,46-60,0.405,Improper_Parking
4668,E-Bike,4.55,13.5,16.39,20.93,54.5,40.7,3,30.6,21.7,46-60,0.941,Hard_Braking
4669,E-Scooter,3.9,17.42,12.33,18.21,96.4,90.1,3,5.9,17.2,46-60,0.802,Hard_Braking
4670,E-Scooter,3.46,18.19,18.46,24.22,85.3,74.8,3,9.9,16.1,26-35,0.728,Hard_Braking
4671,E-Scooter,5.28,10.66,23.39,28.3,78.5,58.0,2,1.8,2.3,36-45,0.804,Hard_Braking
4672,E-Scooter,7.33,27.36,17.42,25.3,93.0,70.6,2,57.8,36.1,60+,0.77,Battery_Critical
4673,E-Scooter,6.94,19.43,16.19,17.68,88.7,70.3,2,9.1,31.7,26-35,0.583,Hard_Braking
4674,E-Scooter,4.55,33.2,8.47,10.03,89.8,75.0,1,119.7,23.7,26-35,0.707,Mechanical_Fault
4675,E-Bike,10.09,39.55,16.0,19.67,21.1,0.0,1,7.6,32.9,26-35,0.913,Battery_Critical
4676,E-Bike,0.35,2.0,12.94,16.49,61.7,54.1,2,6.2,29.3,36-45,0.943,Normal
4677,E-Scooter,2.65,14.5,7.8,10.7,70.9,59.0,0,12.5,36.9,18-25,0.24,Improper_Parking
4678,E-Scooter,5.35,18.28,16.86,19.39,33.4,13.8,2,12.1,24.1,18-25,0.843,Hard_Braking
4679,E-Scooter,0.79,2.0,18.14,32.33,46.7,45.5,1,21.7,36.1,18-25,0.44,Hard_Braking
4680,E-Bike,4.97,15.54,17.13,23.88,80.7,68.8,3,53.8,30.1,36-45,0.941,Improper_Parking
4681,E-Scooter,2.22,8.64,14.93,22.28,38.5,29.5,2,49.7,29.5,18-25,0.689,Mechanical_Fault
4682,E-Scooter,4.32,13.86,21.78,32.03,32.1,10.2,0,25.3,25.7,18-25,0.943,Battery_Critical
4683,E-Bike,4.18,25.65,10.3,12.62,34.7,22.3,0,5.4,12.5,36-45,0.909,Normal
4684,E-Scooter,2.21,5.44,19.14,30.56,73.7,68.1,2,0.2,27.5,36-45,0.323,Improper_Parking
4685,E-Scooter,1.03,5.5,16.69,21.2,30.0,26.1,1,22.9,17.6,26-35,0.883,Battery_Critical
4686,E-Bike,0.55,3.61,9.36,20.29,51.8,48.3,0,12.3,9.1,18-25,0.887,Normal
4687,E-Scooter,1.34,5.29,13.87,21.61,69.5,70.6,0,8.2,13.5,26-35,0.777,Normal
4688,E-Bike,2.0,9.9,14.87,17.66,89.6,82.4,4,7.0,6.3,26-35,0.833,Hard_Braking
4689,E-Bike,4.96,17.18,19.64,20.99,95.4,79.2,1,17.0,29.5,26-35,0.67,Normal
4690,E-Scooter,6.9,19.75,20.94,28.65,77.0,53.5,1,14.0,20.7,36-45,0.627,Normal
4691,E-Scooter,4.17,15.1,14.65,21.35,98.5,88.2,2,15.6,13.8,46-60,0.761,Normal
4692,E-Scooter,3.2,12.3,14.93,21.8,38.7,25.3,0,81.9,20.8,18-25,0.631,Mechanical_Fault
4693,E-Scooter,4.51,9.82,22.41,28.98,25.6,7.7,2,32.1,39.3,18-25,0.855,Battery_Critical
4694,E-Scooter,6.93,22.2,21.08,28.58,73.8,56.2,1,24.1,25.2,46-60,0.944,Normal
4695,E-Scooter,3.07,14.07,24.13,27.88,45.8,40.2,1,5.9,21.4,46-60,0.77,Normal
4696,E-Bike,0.71,2.0,11.44,11.8,54.2,54.6,4,38.5,21.2,26-35,,Hard_Braking
4697,E-Scooter,4.87,16.44,19.48,27.28,92.9,83.3,2,34.4,25.4,18-25,0.628,Hard_Braking
4698,E-Scooter,1.28,5.15,22.1,23.69,32.3,29.9,1,23.7,17.8,36-45,0.872,Hard_Braking
4699,E-Scooter,1.02,4.55,20.66,25.28,53.5,46.8,1,10.3,15.9,26-35,0.878,Improper_Parking
4700,E-Bike,1.86,12.89,10.93,15.06,83.4,77.9,5,13.8,32.8,60+,0.771,Hard_Braking
4701,E-Scooter,1.2,5.65,14.22,18.52,97.1,96.5,2,24.2,14.2,18-25,0.62,Normal
4702,E-Bike,2.59,16.64,11.8,12.23,94.3,92.5,1,0.7,21.0,36-45,0.842,Mechanical_Fault
4703,E-Scooter,8.22,21.07,24.16,30.95,64.3,43.9,0,31.7,20.4,26-35,0.61,Mechanical_Fault
4704,E-Scooter,4.81,19.17,19.61,24.21,65.4,51.3,5,40.1,31.4,18-25,0.762,Hard_Braking
4705,E-Bike,3.77,14.64,15.31,23.65,71.9,62.3,3,51.3,24.6,46-60,0.822,Hard_Braking
4706,E-Bike,5.07,23.88,14.37,15.2,78.6,60.7,1,41.6,26.6,26-35,0.838,Normal
4707,E-Scooter,8.1,24.58,20.75,23.12,30.5,6.0,1,23.1,14.6,26-35,0.704,Battery_Critical
4708,E-Bike,6.86,31.52,14.14,20.96,55.5,36.0,3,70.9,13.2,26-35,0.916,Hard_Braking
4709,E-Scooter,12.62,34.29,20.14,24.51,88.0,54.2,3,5.1,32.5,26-35,0.84,Hard_Braking
4710,E-Scooter,0.55,2.4,16.26,19.97,33.7,33.4,3,22.2,32.6,26-35,0.792,Hard_Braking
4711,E-Scooter,3.27,3.06,22.34,27.12,98.9,81.4,5,2.5,15.1,36-45,0.921,Hard_Braking
4712,E-Scooter,2.38,9.58,13.76,22.77,92.8,87.0,1,7.6,30.1,18-25,0.633,Normal
4713,E-Scooter,3.48,14.02,17.56,23.77,34.8,21.5,0,61.1,17.4,18-25,0.412,Improper_Parking
4714,E-Bike,5.88,26.55,12.37,17.12,59.4,40.0,1,18.1,23.5,36-45,0.489,Normal
4715,E-Scooter,4.51,11.56,19.02,20.47,41.7,27.0,1,35.4,20.3,46-60,0.939,Normal
4716,E-Scooter,6.87,21.04,20.51,27.55,46.5,28.5,2,45.3,18.4,46-60,0.717,Mechanical_Fault
4717,E-Scooter,1.48,2.95,17.47,21.09,85.1,92.3,1,4.7,25.9,36-45,0.778,Mechanical_Fault
4718,E-Bike,2.06,9.52,10.88,16.35,49.4,51.6,1,7.8,24.7,18-25,0.676,Normal
4719,E-Scooter,3.16,20.45,9.88,15.79,54.3,47.0,0,1.1,28.8,60+,0.886,Normal
4720,E-Scooter,3.98,12.23,17.6,24.62,40.1,25.5,3,40.2,16.3,60+,,Hard_Braking
4721,E-Bike,3.54,19.42,14.75,21.74,22.6,16.2,4,3.4,20.3,26-35,0.63,Hard_Braking
4722,E-Bike,4.3,11.19,17.48,21.26,36.2,23.9,0,31.0,18.5,26-35,0.543,Normal
4723,E-Scooter,6.39,21.71,16.17,23.49,21.9,0.0,0,6.9,10.6,36-45,0.958,Battery_Critical
4724,E-Scooter,7.68,22.74,20.07,30.81,28.3,3.1,2,38.9,24.6,46-60,0.711,Battery_Critical
4725,E-Scooter,1.8,11.66,10.39,11.67,58.0,53.1,1,4.5,18.3,36-45,0.576,Normal
4726,E-Scooter,3.23,9.28,15.58,22.48,52.0,37.1,0,10.7,10.0,60+,0.94,Normal
4727,E-Bike,4.31,34.62,8.11,10.52,91.8,76.8,3,6.2,36.3,18-25,0.865,Hard_Braking
4728,E-Scooter,1.8,14.46,8.1,14.26,68.3,54.2,1,31.3,31.7,18-25,0.988,Mechanical_Fault
4729,E-Scooter,5.32,18.99,15.75,20.62,68.9,45.8,2,9.7,24.6,18-25,0.788,Hard_Braking
4730,E-Bike,2.37,13.11,10.29,12.91,72.9,60.6,1,2.7,26.0,26-35,0.913,Normal
4731,E-Scooter,3.82,17.65,11.41,20.11,91.5,89.4,1,11.9,32.7,26-35,0.719,Normal
4732,E-Scooter,1.1,5.41,16.33,16.71,62.8,61.6,1,4.6,0.2,18-25,0.771,Normal
4733,E-Scooter,1.81,3.49,18.48,24.45,36.5,36.8,0,53.3,23.3,60+,0.821,Normal
4734,E-Scooter,1.1,2.0,21.22,23.38,39.9,39.7,1,29.0,27.8,36-45,0.797,Hard_Braking
4735,E-Scooter,2.74,9.19,13.69,18.68,96.0,86.2,2,10.9,16.1,18-25,0.647,Mechanical_Fault
4736,E-Bike,1.38,6.86,11.08,17.04,63.9,62.9,2,35.9,17.7,18-25,0.747,Normal
4737,E-Bike,6.71,37.39,10.91,23.4,24.6,1.5,1,4.9,30.4,26-35,0.602,Battery_Critical
4738,E-Bike,3.27,13.03,15.94,20.99,73.8,67.2,1,15.9,12.1,26-35,0.725,Normal
4739,E-Scooter,1.87,3.94,18.5,21.88,95.4,94.0,0,8.8,15.0,18-25,0.615,Normal
4740,E-Scooter,2.3,8.45,17.19,21.93,68.9,60.8,0,5.9,23.6,26-35,0.695,Normal
4741,E-Bike,3.81,19.89,11.48,14.34,81.3,74.6,5,20.1,29.8,60+,0.712,Hard_Braking
4742,E-Scooter,5.8,29.48,10.98,18.73,77.5,63.0,2,43.4,19.2,26-35,0.483,Mechanical_Fault
4743,E-Bike,3.64,18.12,15.01,20.75,42.2,35.8,2,0.6,17.9,60+,0.81,Hard_Braking
4744,E-Bike,6.35,44.31,8.77,11.31,23.4,1.7,1,7.7,13.3,26-35,0.774,Battery_Critical
4745,E-Scooter,1.01,2.0,14.16,20.88,21.8,22.8,1,39.8,37.8,26-35,0.342,Improper_Parking
4746,E-Bike,1.85,6.94,16.48,25.25,60.6,57.8,3,8.1,21.0,26-35,0.666,Normal
4747,E-Scooter,2.05,10.46,15.35,21.11,29.4,21.9,1,4.8,10.4,,0.421,Battery_Critical
4748,E-Scooter,3.68,10.25,15.29,18.34,45.6,34.3,3,3.7,16.4,18-25,0.498,Hard_Braking
4749,E-Scooter,1.72,3.11,21.49,29.4,96.7,86.6,2,2.8,20.7,36-45,0.772,Hard_Braking
4750,E-Bike,1.43,2.0,15.85,21.22,45.5,42.0,0,57.6,15.8,26-35,0.537,Normal
4751,E-Bike,2.12,3.7,16.4,27.29,41.6,41.1,0,2.6,27.5,18-25,0.526,Normal
4752,E-Scooter,6.64,24.97,17.02,19.56,80.0,62.9,2,10.7,25.2,36-45,0.65,Mechanical_Fault
4753,E-Bike,0.81,3.01,9.47,10.05,75.9,78.8,4,1.8,31.1,36-45,0.821,Hard_Braking
4754,E-Scooter,3.05,8.17,19.1,26.81,47.9,39.1,2,6.0,28.6,18-25,0.497,Hard_Braking
4755,E-Bike,3.03,6.04,12.31,16.22,72.4,62.2,2,59.8,13.1,46-60,0.623,Mechanical_Fault
4756,E-Scooter,3.22,11.91,19.16,20.94,25.1,10.9,2,1.7,17.5,36-45,0.771,Battery_Critical
4757,E-Scooter,1.38,2.16,19.08,24.92,69.8,67.6,1,26.9,42.0,,0.8,Normal
4758,E-Scooter,8.49,31.99,13.74,14.14,35.1,9.6,1,22.5,33.1,18-25,0.955,Battery_Critical
4759,E-Bike,3.79,19.87,14.56,16.71,23.6,9.4,1,10.1,38.6,26-35,0.965,Battery_Critical
4760,E-Scooter,4.41,8.34,23.71,32.77,45.9,28.9,1,18.6,25.5,26-35,0.756,Normal
4761,E-Bike,0.53,2.0,14.88,15.02,43.3,44.5,3,30.8,17.4,26-35,0.629,Normal
4762,E-Scooter,1.18,8.13,18.21,27.52,78.5,73.5,2,3.7,16.0,18-25,0.834,Hard_Braking
4763,E-Bike,10.96,34.26,15.96,21.9,43.5,7.7,2,20.3,17.2,46-60,0.707,Battery_Critical
4764,E-Scooter,2.21,9.3,14.46,15.6,90.0,81.1,0,2.7,25.4,,0.961,Normal
4765,E-Bike,4.15,30.08,7.34,12.31,56.1,35.2,1,5.5,32.5,36-45,0.712,Improper_Parking
4766,E-Bike,4.58,26.43,11.21,14.59,23.0,7.9,3,0.7,26.2,26-35,0.724,Battery_Critical
4767,E-Scooter,3.5,12.95,18.12,23.71,80.9,75.8,1,10.6,18.0,18-25,0.768,Normal
4768,E-Scooter,5.75,23.96,16.03,20.02,86.3,64.6,1,3.8,21.6,36-45,0.688,Hard_Braking
4769,E-Scooter,0.61,2.0,19.42,27.51,58.8,57.3,1,6.7,28.1,46-60,0.672,Hard_Braking
4770,E-Bike,3.71,24.96,10.97,11.57,24.3,10.6,2,5.3,27.1,46-60,0.744,Battery_Critical
4771,E-Scooter,3.21,17.05,12.57,14.42,83.1,71.1,2,5.3,26.1,36-45,0.892,Hard_Braking
4772,E-Bike,8.06,37.96,12.8,18.95,29.3,6.6,1,30.1,17.2,46-60,0.363,Battery_Critical
4773,E-Bike,4.61,23.16,12.73,14.9,60.0,47.6,3,19.7,15.4,36-45,0.918,Hard_Braking
4774,E-Scooter,1.23,2.0,17.42,23.02,32.4,23.8,0,8.2,30.5,36-45,0.53,Normal
4775,E-Scooter,4.39,15.44,18.23,23.6,47.1,30.3,3,39.6,26.7,18-25,0.972,Mechanical_Fault
4776,E-Scooter,4.35,18.63,15.49,22.89,65.2,48.7,1,3.3,21.2,18-25,0.727,Normal
4777,E-Scooter,1.96,2.62,20.78,24.37,84.8,80.2,1,20.4,27.0,18-25,0.867,Hard_Braking
4778,E-Scooter,1.6,10.81,14.07,19.05,41.1,41.2,0,23.8,11.4,18-25,0.911,Normal
4779,E-Scooter,2.67,12.23,17.18,21.53,80.2,68.5,0,16.3,25.8,18-25,0.804,Normal
4780,E-Scooter,1.74,6.42,16.23,24.59,67.5,60.8,2,0.3,10.5,18-25,0.857,Normal
4781,E-Bike,2.61,10.53,12.82,14.32,31.3,15.9,1,38.8,26.3,36-45,0.904,Normal
4782,E-Bike,2.46,25.41,5.86,10.52,65.4,60.6,0,1.5,24.5,18-25,0.443,Battery_Critical
4783,E-Scooter,3.77,9.75,18.1,22.45,78.2,63.0,2,35.8,6.7,26-35,0.911,Mechanical_Fault
4784,E-Bike,3.54,17.68,13.7,18.73,32.3,24.9,2,8.8,35.5,36-45,0.743,Normal
4785,E-Scooter,8.64,38.81,15.11,25.58,24.2,4.3,2,18.3,11.3,18-25,0.804,Battery_Critical
4786,E-Scooter,1.94,7.16,23.08,28.64,64.8,57.7,0,18.2,29.7,26-35,0.799,Normal
4787,E-Scooter,5.73,18.88,18.28,23.56,24.4,3.0,0,12.8,28.8,26-35,0.902,Battery_Critical
4788,E-Scooter,3.38,6.18,20.6,28.29,93.8,80.4,1,13.0,19.1,26-35,0.438,Improper_Parking
4789,E-Bike,4.48,25.87,10.04,12.38,35.5,20.8,2,34.8,25.0,36-45,0.815,Normal
4790,E-Bike,1.79,8.09,11.35,11.42,93.2,88.0,0,30.2,22.6,46-60,0.646,Normal
4791,E-Bike,4.55,24.39,11.85,15.65,66.4,52.8,0,12.4,21.2,18-25,0.642,Normal
4792,E-Scooter,1.3,3.28,14.06,22.08,34.1,25.2,2,8.9,23.9,18-25,0.893,Normal
4793,E-Scooter,1.73,6.64,15.61,24.91,28.6,23.6,1,17.8,26.5,18-25,0.761,Normal
4794,E-Bike,3.59,14.36,15.62,17.95,35.8,26.6,2,27.0,36.3,18-25,0.734,Normal
4795,E-Scooter,1.25,7.97,7.35,10.48,30.9,23.4,0,0.5,22.0,60+,0.859,Normal
4796,E-Scooter,1.79,9.73,18.3,26.51,43.4,38.6,0,19.2,22.2,18-25,0.877,Improper_Parking
4797,E-Bike,2.35,4.67,12.23,18.96,76.9,68.9,0,8.2,22.2,26-35,0.637,Normal
4798,E-Bike,4.69,14.97,14.83,18.76,76.3,64.3,2,4.8,19.3,18-25,0.754,Normal
4799,E-Bike,2.04,6.92,16.88,19.74,61.3,54.5,0,3.7,33.1,26-35,0.811,Normal
4800,E-Scooter,3.72,9.07,18.54,18.64,91.5,74.6,1,2.4,21.5,46-60,0.917,Mechanical_Fault
4801,E-Scooter,2.5,7.08,15.96,19.78,28.2,20.4,0,20.4,8.1,18-25,0.846,Normal
4802,E-Bike,4.21,17.72,16.59,20.89,25.1,8.0,2,6.1,5.9,18-25,0.724,Battery_Critical
4803,E-Scooter,1.51,7.87,17.12,21.67,75.7,70.7,2,5.3,22.8,36-45,0.653,Normal
4804,E-Scooter,5.08,4.75,28.17,36.23,25.2,5.3,1,88.1,26.5,18-25,0.758,Battery_Critical
4805,E-Bike,11.09,80.0,7.78,15.28,33.9,0.0,1,0.9,38.7,18-25,0.752,Battery_Critical
4806,E-Bike,2.01,21.01,10.82,17.16,36.5,32.0,1,32.8,11.2,26-35,0.611,Normal
4807,E-Scooter,2.02,5.4,14.85,23.19,28.1,20.3,4,30.2,26.4,46-60,0.842,Hard_Braking
4808,E-Bike,8.31,50.19,9.01,15.44,47.5,24.0,2,4.7,26.6,26-35,0.903,Battery_Critical
4809,E-Scooter,4.22,39.58,6.97,10.31,22.5,18.1,2,10.2,32.0,18-25,0.783,Normal
4810,E-Scooter,5.19,13.55,20.05,26.75,90.6,81.4,2,2.8,23.5,26-35,0.836,Hard_Braking
4811,E-Scooter,5.57,22.49,12.14,16.0,45.4,26.0,2,18.7,22.9,18-25,0.657,Normal
4812,E-Scooter,0.35,2.92,19.43,27.89,92.0,94.5,2,20.5,4.1,18-25,0.854,Normal
4813,E-Bike,4.95,24.9,11.29,22.39,95.1,78.3,1,11.7,27.2,18-25,0.892,Hard_Braking
4814,E-Scooter,4.39,12.03,16.63,23.45,35.1,18.2,2,13.1,5.0,18-25,0.743,Hard_Braking
4815,E-Bike,4.52,21.16,13.18,15.1,61.5,49.0,0,42.5,19.3,46-60,0.68,Normal
4816,E-Scooter,1.48,2.0,15.85,18.09,58.1,56.9,0,2.0,22.2,18-25,0.332,Improper_Parking
4817,E-Scooter,0.66,4.88,17.47,69.08,22.6,22.7,1,31.5,17.4,60+,0.903,Normal
4818,E-Scooter,0.64,2.0,16.77,24.87,66.0,69.2,0,25.4,32.8,18-25,0.671,Normal
4819,E-Scooter,3.53,6.23,24.18,32.25,34.3,25.8,2,1.4,24.7,18-25,0.496,Hard_Braking
4820,E-Scooter,4.0,17.07,19.65,30.14,47.1,33.9,2,17.1,12.0,36-45,0.675,Mechanical_Fault
4821,E-Bike,1.38,4.33,13.83,19.27,84.9,78.6,2,13.3,31.2,26-35,0.735,Normal
4822,E-Scooter,3.13,7.53,19.21,25.55,20.8,9.6,1,12.8,26.0,36-45,0.597,Battery_Critical
4823,E-Bike,3.6,13.29,15.19,21.65,81.1,65.1,1,2.4,32.8,18-25,0.816,Hard_Braking
4824,E-Scooter,4.52,17.29,16.38,19.84,59.9,46.4,0,1.8,25.9,46-60,0.701,Normal
4825,E-Scooter,1.68,2.92,20.67,31.26,88.0,84.8,3,10.2,16.2,26-35,0.773,Hard_Braking
4826,E-Scooter,2.52,13.92,10.99,17.93,39.9,31.4,0,3.7,38.2,36-45,0.688,Normal
4827,E-Scooter,3.69,14.93,13.66,18.62,61.5,51.7,0,7.1,22.0,26-35,0.607,Normal
4828,E-Scooter,2.47,15.27,10.41,11.77,59.2,51.7,2,13.9,14.1,18-25,0.714,Hard_Braking
4829,E-Scooter,5.8,18.33,16.26,22.91,25.6,14.2,1,2.8,27.1,36-45,0.798,Normal
4830,E-Scooter,2.58,9.64,16.14,18.05,59.3,48.6,0,4.0,30.2,60+,0.78,Battery_Critical
4831,E-Scooter,3.03,8.61,16.9,20.81,49.4,44.6,0,18.5,23.7,26-35,0.838,Normal
4832,E-Scooter,13.48,40.29,20.16,23.3,95.2,50.2,3,9.2,26.9,36-45,0.799,Hard_Braking
4833,E-Scooter,4.9,20.0,16.43,19.53,50.0,28.0,2,9.6,36.7,18-25,0.917,Hard_Braking
4834,E-Bike,6.39,35.1,11.19,16.79,92.9,78.1,2,44.8,31.1,46-60,0.517,Hard_Braking
4835,E-Scooter,0.86,2.0,18.88,19.07,80.5,78.4,2,2.1,19.3,46-60,0.924,Hard_Braking
4836,E-Scooter,5.52,19.68,17.12,22.65,35.8,15.7,1,31.5,23.9,36-45,0.919,Normal
4837,E-Bike,1.41,2.9,18.51,24.24,23.5,14.7,3,8.2,20.9,26-35,0.784,Battery_Critical
4838,E-Scooter,5.53,20.55,19.95,20.39,54.3,39.5,2,24.3,27.7,36-45,0.81,Normal
4839,E-Scooter,3.86,10.45,20.64,28.07,71.6,56.9,3,7.8,21.9,18-25,0.918,Hard_Braking
4840,E-Scooter,2.42,5.31,23.06,26.09,34.4,32.1,5,47.8,20.9,46-60,0.768,Hard_Braking
4841,E-Bike,1.95,10.93,9.67,14.95,79.9,76.8,5,22.4,16.2,18-25,0.874,Hard_Braking
4842,E-Scooter,1.99,7.34,19.78,30.14,25.8,11.0,1,105.1,26.0,18-25,0.827,Battery_Critical
4843,E-Bike,2.38,6.89,15.4,20.26,69.5,62.1,1,1.4,23.5,26-35,0.781,Normal
4844,E-Bike,3.05,11.19,14.17,19.56,26.7,23.5,1,5.7,29.0,36-45,0.409,Improper_Parking
4845,E-Scooter,4.47,21.66,17.15,18.23,65.8,53.7,0,31.3,2.3,26-35,0.664,Normal
4846,E-Scooter,2.63,12.75,18.35,24.98,70.6,62.5,2,51.7,33.5,26-35,0.923,Mechanical_Fault
4847,E-Bike,6.74,32.94,11.81,21.96,94.9,74.6,0,23.9,24.8,18-25,0.512,Normal
4848,E-Scooter,2.75,11.13,10.77,21.04,38.9,37.2,0,13.8,24.2,26-35,0.939,Normal
4849,E-Bike,3.19,17.22,10.94,16.5,59.6,49.4,1,1.8,28.6,36-45,0.844,Normal
4850,E-Scooter,5.04,16.37,16.88,17.42,62.0,43.8,3,43.1,23.7,18-25,0.84,Normal
4851,E-Scooter,4.27,21.21,11.05,11.27,87.1,68.8,1,3.8,22.4,18-25,0.684,Normal
4852,E-Scooter,4.01,12.79,19.8,23.66,36.4,29.2,1,11.8,21.3,18-25,0.944,Mechanical_Fault
4853,E-Bike,2.58,18.35,7.45,10.19,65.2,59.4,1,66.8,14.6,26-35,0.927,Normal
4854,E-Scooter,0.41,4.65,22.06,25.54,40.2,40.6,1,34.1,26.5,18-25,0.788,Hard_Braking
4855,E-Scooter,1.66,4.2,13.92,25.76,73.0,67.7,2,2.3,22.0,36-45,0.887,Normal
4856,E-Bike,4.21,11.42,20.36,27.28,86.8,70.9,0,1.0,26.0,18-25,0.485,Battery_Critical
4857,E-Scooter,3.25,8.16,16.4,18.82,99.9,92.0,1,21.7,26.8,26-35,0.764,Normal
4858,E-Scooter,3.08,11.89,16.57,19.64,78.4,66.9,4,18.3,22.6,18-25,0.883,Mechanical_Fault
4859,E-Scooter,2.49,11.58,19.3,22.05,27.8,20.0,2,29.2,23.3,18-25,0.565,Improper_Parking
4860,E-Scooter,0.3,2.0,20.71,25.76,51.5,56.8,5,54.0,32.4,18-25,0.89,Hard_Braking
4861,E-Bike,4.0,17.74,14.87,20.02,70.5,57.9,0,0.4,21.5,26-35,0.805,Normal
4862,E-Bike,2.37,5.24,15.37,23.82,87.5,81.3,2,5.7,5.4,26-35,0.865,Normal
4863,E-Scooter,7.32,23.75,19.64,21.26,93.8,71.8,1,19.2,14.6,26-35,0.823,Normal
4864,E-Bike,3.9,16.38,12.57,22.91,40.7,25.2,2,27.5,19.5,26-35,0.647,Mechanical_Fault
4865,E-Bike,1.45,6.4,13.56,22.32,82.2,83.6,2,5.2,14.5,18-25,0.466,Hard_Braking
4866,E-Bike,4.82,27.76,9.92,11.66,23.7,15.9,4,3.9,24.7,18-25,0.779,Hard_Braking
4867,E-Bike,2.75,9.46,15.4,15.9,37.0,30.6,1,38.5,12.8,26-35,0.786,Mechanical_Fault
4868,E-Bike,6.26,20.87,14.66,22.5,59.9,37.2,3,12.8,14.2,46-60,0.927,Hard_Braking
4869,E-Scooter,3.32,16.89,13.69,17.4,90.1,75.9,1,30.4,13.8,26-35,0.917,Normal
4870,E-Scooter,8.59,32.85,20.12,27.77,92.6,64.2,0,7.2,13.6,26-35,0.628,Normal
4871,E-Bike,6.21,18.95,19.62,20.77,36.0,15.4,1,4.9,7.3,36-45,0.936,Normal
4872,E-Bike,0.89,3.87,11.78,16.85,65.9,61.8,3,25.2,30.4,18-25,0.832,Hard_Braking
4873,E-Scooter,2.14,3.85,20.84,27.09,42.5,33.1,0,1.8,10.7,26-35,0.781,Hard_Braking
4874,E-Scooter,2.3,14.17,9.61,17.93,81.3,73.8,0,24.1,15.3,18-25,0.646,Normal
4875,E-Bike,8.62,35.22,18.74,27.86,84.6,54.9,0,5.0,26.0,26-35,0.882,Normal
4876,E-Bike,3.07,11.52,15.98,19.72,34.0,21.1,1,4.4,30.0,36-45,0.609,Normal
4877,E-Scooter,2.27,23.65,5.0,11.86,22.6,15.4,3,28.7,31.6,26-35,0.861,Normal
4878,E-Scooter,2.87,16.29,10.0,13.52,38.3,30.2,0,23.9,33.6,26-35,0.702,Normal
4879,E-Scooter,5.17,19.37,14.6,21.8,67.2,51.8,1,31.6,17.6,36-45,0.847,Normal
4880,E-Scooter,3.8,10.02,20.75,27.94,32.3,15.7,1,1.8,38.9,46-60,0.76,Normal
4881,E-Scooter,0.85,2.0,16.15,21.23,48.9,49.1,1,57.3,28.7,36-45,0.813,Normal
4882,E-Scooter,1.55,7.99,19.46,27.8,21.5,10.6,2,30.5,23.6,36-45,0.592,Battery_Critical
4883,E-Bike,6.96,23.15,17.89,21.45,63.6,43.5,4,12.7,22.0,46-60,0.734,Improper_Parking
4884,E-Scooter,9.13,19.0,26.58,30.62,48.2,18.5,2,7.8,27.4,36-45,0.627,Hard_Braking
4885,E-Scooter,5.93,24.71,13.94,22.77,77.3,53.9,0,3.5,37.3,18-25,0.959,Normal
4886,E-Scooter,1.94,12.13,15.02,19.64,76.7,74.8,2,52.2,28.4,26-35,0.513,Improper_Parking
4887,E-Scooter,3.49,14.98,16.42,17.58,42.9,35.0,0,8.5,21.8,60+,0.747,Mechanical_Fault
4888,E-Scooter,0.57,5.73,20.58,27.84,78.9,76.4,1,12.9,32.4,26-35,0.865,Normal
4889,E-Bike,9.75,43.46,12.34,17.27,88.7,59.3,2,27.7,29.3,46-60,0.529,Mechanical_Fault
4890,E-Scooter,1.8,10.28,16.44,21.57,49.6,48.7,4,1.7,31.2,18-25,0.818,Hard_Braking
4891,E-Scooter,3.92,13.35,18.74,22.24,58.6,48.8,2,1.1,28.7,26-35,0.691,Battery_Critical
4892,E-Bike,2.6,8.02,13.33,16.92,66.5,62.8,2,61.9,32.8,26-35,0.841,Hard_Braking
4893,E-Scooter,4.67,22.33,14.77,18.96,39.6,26.4,0,13.0,11.2,18-25,0.661,Battery_Critical
4894,E-Bike,12.08,50.87,14.66,16.95,76.4,37.8,2,3.8,31.0,26-35,0.74,Normal
4895,E-Bike,1.32,4.72,12.39,20.53,27.0,24.5,0,19.9,24.7,26-35,0.347,Improper_Parking
4896,E-Scooter,2.53,16.79,14.95,24.09,44.7,37.7,2,11.9,17.3,18-25,0.836,Normal
4897,E-Bike,4.91,15.32,17.56,22.61,98.6,80.6,3,23.4,32.5,18-25,0.418,Improper_Parking
4898,E-Scooter,1.64,3.15,15.02,22.05,67.5,70.3,4,11.7,19.2,36-45,0.915,Hard_Braking
4899,E-Scooter,3.02,7.18,19.09,24.41,64.4,54.0,2,14.5,29.7,60+,,Normal
4900,E-Scooter,0.79,3.28,21.8,27.3,86.9,88.9,3,22.8,23.0,46-60,0.641,Hard_Braking
4901,E-Bike,0.68,2.0,14.74,17.35,46.9,39.7,2,19.8,23.0,,0.806,Improper_Parking
4902,E-Scooter,2.98,10.9,16.31,21.86,25.2,12.9,3,11.3,19.6,18-25,0.624,Battery_Critical
4903,E-Bike,10.35,48.2,13.14,19.74,72.0,37.2,0,1.5,14.6,46-60,0.702,Improper_Parking
4904,E-Scooter,2.73,12.94,19.31,26.67,62.7,56.1,1,58.0,26.3,26-35,0.878,Hard_Braking
4905,E-Scooter,2.37,10.31,11.26,17.31,98.2,93.8,2,20.5,20.5,26-35,0.631,Hard_Braking
4906,E-Scooter,4.74,11.72,21.36,26.16,66.4,54.8,1,16.5,22.7,36-45,0.961,Normal
4907,E-Scooter,0.3,2.52,14.99,16.18,86.0,84.1,1,5.5,39.9,26-35,0.895,Improper_Parking
4908,E-Scooter,0.3,3.62,18.67,21.94,21.1,26.5,1,55.7,26.3,18-25,0.739,Mechanical_Fault
4909,E-Scooter,2.16,5.79,27.36,31.13,62.6,61.7,1,5.8,26.6,36-45,0.692,Improper_Parking
4910,E-Bike,1.22,9.61,8.28,12.78,29.7,27.2,1,62.1,24.3,26-35,0.887,Normal
4911,E-Scooter,3.59,21.15,14.58,21.07,46.7,35.9,1,16.4,8.5,36-45,0.777,Normal
4912,E-Scooter,1.82,4.99,20.92,27.5,56.8,50.3,3,24.7,19.8,18-25,0.765,Hard_Braking
4913,E-Scooter,3.52,14.72,16.57,21.46,96.4,88.1,4,13.7,18.4,18-25,0.53,Hard_Braking
4914,E-Scooter,5.18,23.48,16.93,23.18,70.0,52.1,1,5.0,20.3,60+,0.538,Normal
4915,E-Bike,3.69,13.25,16.34,22.7,32.5,16.5,1,29.8,24.0,36-45,0.472,Battery_Critical
4916,E-Scooter,4.01,10.43,21.1,27.29,49.1,36.5,2,42.3,17.1,26-35,0.798,Hard_Braking
4917,E-Bike,0.45,2.0,9.07,11.77,98.9,100.0,2,5.0,31.1,26-35,0.799,Normal
4918,E-Bike,7.46,31.02,13.7,16.92,46.5,22.6,0,3.0,26.8,36-45,0.375,Improper_Parking
4919,E-Scooter,2.62,10.29,17.4,20.6,46.6,46.1,2,11.5,24.8,,0.794,Mechanical_Fault
4920,E-Scooter,1.47,5.05,17.32,20.16,66.9,62.5,0,18.8,10.3,46-60,0.52,Normal
4921,E-Scooter,7.01,29.15,13.45,19.59,40.7,26.2,0,76.8,19.1,26-35,0.892,Normal
4922,E-Scooter,4.84,24.37,10.73,11.71,48.3,45.8,1,33.2,28.0,18-25,0.926,Improper_Parking
4923,E-Bike,9.95,45.33,12.99,23.76,98.5,72.5,0,71.0,27.6,18-25,0.836,Normal
4924,E-Scooter,1.88,4.17,16.09,19.89,45.4,36.1,0,57.3,32.1,26-35,0.665,Normal
4925,E-Scooter,0.3,2.0,13.88,19.1,86.8,90.7,2,44.7,26.7,18-25,0.946,Normal
4926,E-Scooter,1.37,8.74,11.4,17.18,22.4,15.1,2,10.1,11.5,26-35,0.854,Hard_Braking
4927,E-Bike,3.23,32.62,5.97,9.81,57.1,45.8,2,10.2,13.7,26-35,0.369,Improper_Parking
4928,E-Scooter,5.32,22.2,16.4,19.16,95.5,75.9,1,45.6,34.2,18-25,0.94,Normal
4929,E-Scooter,0.74,3.57,18.14,22.01,87.0,87.8,0,29.8,12.5,26-35,0.881,Normal
4930,E-Scooter,5.09,20.3,20.42,64.04,33.0,9.9,1,22.9,19.5,36-45,0.623,Battery_Critical
4931,E-Bike,0.43,3.74,12.41,18.41,20.1,21.8,3,35.2,29.7,46-60,0.971,Hard_Braking
4932,E-Bike,6.76,23.7,17.88,26.71,21.4,0.6,2,13.7,22.8,26-35,0.647,Battery_Critical
4933,E-Bike,3.64,23.64,9.84,15.79,64.8,53.3,1,8.2,24.4,18-25,0.959,Normal
4934,E-Scooter,2.4,10.91,15.98,20.58,80.2,81.2,0,22.5,18.0,18-25,0.888,Normal
4935,E-Scooter,2.56,15.96,14.37,16.28,33.3,23.1,2,9.1,27.9,18-25,0.38,Improper_Parking
4936,E-Bike,2.55,8.58,14.51,18.37,33.7,26.0,2,44.6,21.3,26-35,0.877,Hard_Braking
4937,E-Scooter,5.6,27.47,12.72,22.13,67.6,49.2,0,3.2,24.4,18-25,0.683,Normal
4938,E-Scooter,5.71,13.42,20.5,23.02,61.9,49.6,1,22.4,29.6,36-45,0.944,Mechanical_Fault
4939,E-Scooter,1.0,2.0,19.03,19.76,27.6,22.5,1,0.6,34.9,18-25,0.922,Normal
4940,E-Scooter,5.68,17.44,17.09,17.75,84.3,65.9,2,14.7,28.2,26-35,0.916,Hard_Braking
4941,E-Scooter,3.16,8.42,15.83,22.9,34.7,21.0,1,1.6,32.6,18-25,0.499,Normal
4942,E-Bike,7.25,24.55,16.56,17.84,84.5,54.9,2,34.4,33.5,18-25,0.756,Normal
4943,E-Scooter,3.83,13.73,18.54,21.36,81.4,74.0,1,13.1,13.4,18-25,0.824,Hard_Braking
4944,E-Bike,1.85,7.93,11.08,17.23,65.0,49.3,5,0.9,21.6,26-35,0.554,Hard_Braking
4945,E-Scooter,6.92,20.56,22.68,25.2,90.2,66.3,4,0.2,12.8,18-25,0.912,Hard_Braking
4946,E-Scooter,6.15,27.77,15.35,21.31,29.0,12.5,1,62.6,20.6,26-35,0.826,Battery_Critical
4947,E-Scooter,5.58,19.59,17.69,25.76,91.6,72.9,1,142.1,18.4,36-45,0.678,Mechanical_Fault
4948,E-Bike,3.75,17.21,15.07,20.86,72.9,63.3,0,73.5,16.5,36-45,0.879,Normal
4949,E-Bike,5.61,21.01,14.1,20.93,65.3,50.6,0,27.2,33.0,26-35,0.895,Normal
4950,E-Bike,10.71,42.6,16.68,21.23,55.9,21.2,3,29.5,4.8,46-60,0.931,Improper_Parking
4951,E-Bike,2.46,10.86,12.71,14.1,30.4,20.9,0,74.3,18.7,36-45,0.733,Normal
4952,E-Bike,1.97,10.11,15.8,22.11,53.0,46.0,1,86.4,18.2,26-35,0.702,Mechanical_Fault
4953,E-Scooter,7.52,40.58,12.33,26.3,45.6,27.2,3,4.4,32.7,46-60,0.963,Hard_Braking
4954,E-Bike,2.25,7.05,9.48,21.1,73.1,73.7,1,4.0,6.9,36-45,0.901,Normal
4955,E-Scooter,5.75,14.03,25.02,31.26,47.8,31.4,2,30.5,17.5,26-35,0.759,Mechanical_Fault
4956,E-Bike,2.33,15.55,11.9,20.73,75.7,72.7,1,93.7,23.9,46-60,0.702,Normal
4957,E-Scooter,5.13,15.54,22.56,30.13,89.6,78.4,1,22.3,33.2,18-25,0.516,Normal
4958,E-Scooter,11.57,25.0,22.63,30.48,30.6,0.0,1,13.6,28.5,36-45,0.719,Battery_Critical
4959,E-Bike,6.27,25.08,16.52,18.93,92.9,68.5,1,17.7,19.2,18-25,0.889,Normal
4960,E-Scooter,7.04,26.93,17.69,18.02,55.3,35.7,1,27.6,35.6,26-35,0.779,Normal
4961,E-Bike,9.08,64.46,8.61,12.62,28.7,3.2,1,13.8,5.2,26-35,0.938,Battery_Critical
4962,E-Scooter,2.77,8.81,18.28,18.47,26.8,20.9,3,17.2,33.6,46-60,0.525,Hard_Braking
4963,E-Scooter,7.68,38.09,12.43,13.36,88.3,63.4,4,18.1,29.4,26-35,0.682,Hard_Braking
4964,E-Scooter,3.12,15.76,18.49,27.16,33.1,18.5,0,2.6,12.7,36-45,0.422,Hard_Braking
4965,E-Scooter,1.11,9.62,14.05,20.15,91.0,85.9,3,9.8,10.2,26-35,0.664,Hard_Braking
4966,E-Bike,0.98,8.14,15.45,24.9,22.1,20.4,2,22.1,25.5,60+,0.556,Hard_Braking
4967,E-Bike,1.5,6.25,13.88,14.45,88.0,85.1,1,11.3,23.9,18-25,0.66,Normal
4968,E-Scooter,4.79,13.56,23.27,28.45,81.0,59.1,0,7.2,27.1,46-60,0.781,Normal
4969,E-Scooter,0.87,2.0,11.72,12.3,28.8,26.6,1,8.4,20.4,36-45,0.846,Normal
4970,E-Scooter,0.3,3.97,13.12,14.43,93.3,87.1,1,20.1,23.8,46-60,0.906,Normal
4971,E-Scooter,3.19,12.5,15.82,20.23,25.2,8.7,0,16.2,15.2,26-35,0.913,Battery_Critical
4972,E-Bike,2.5,10.81,14.98,19.4,28.4,15.1,2,7.2,30.3,18-25,0.804,Normal
4973,E-Bike,1.64,9.33,14.82,24.33,83.3,85.8,0,4.5,27.3,26-35,0.822,Normal
4974,E-Scooter,1.4,11.56,8.18,11.12,31.6,27.3,0,2.7,34.5,36-45,0.778,Normal
4975,E-Scooter,3.09,12.1,14.46,15.46,62.6,51.5,1,1.0,19.8,36-45,0.789,Normal
4976,E-Scooter,2.95,15.82,12.58,22.33,97.5,89.6,2,12.1,21.0,18-25,0.387,Improper_Parking
4977,E-Scooter,5.38,17.96,16.02,19.02,72.0,49.4,1,35.5,31.4,18-25,0.789,Mechanical_Fault
4978,E-Scooter,6.01,29.65,11.32,16.21,76.4,61.7,1,45.8,23.4,36-45,0.899,Normal
4979,E-Bike,1.72,3.63,14.78,23.27,75.5,75.6,2,1.9,21.8,46-60,0.784,Hard_Braking
4980,E-Bike,3.02,17.7,13.85,21.77,67.6,54.3,1,46.6,23.4,18-25,0.485,Battery_Critical
4981,E-Scooter,0.37,5.37,20.29,24.03,32.1,36.9,4,33.4,36.9,18-25,0.988,Hard_Braking
4982,E-Bike,1.1,4.2,13.77,23.03,30.9,33.0,3,11.1,14.2,36-45,0.817,Hard_Braking
4983,E-Scooter,7.05,28.01,19.18,19.83,65.5,47.2,0,35.5,21.1,18-25,0.651,Normal
4984,E-Scooter,7.02,26.36,16.58,17.87,75.1,62.5,1,1.1,30.8,18-25,0.795,Improper_Parking
4985,E-Scooter,4.52,20.92,12.19,18.1,70.7,57.9,1,22.3,19.1,36-45,0.807,Hard_Braking
4986,E-Scooter,0.58,5.76,21.64,32.03,79.1,74.8,1,11.2,30.7,18-25,0.563,Normal
4987,E-Scooter,0.79,2.38,17.21,19.91,54.3,51.8,1,0.9,24.5,26-35,0.895,Normal
4988,E-Bike,1.67,6.6,14.6,23.79,66.2,62.6,0,86.9,22.2,18-25,,Normal
4989,E-Scooter,9.44,43.05,14.31,17.62,36.2,3.2,1,1.7,36.7,26-35,0.638,Battery_Critical
4990,E-Bike,1.72,12.22,16.51,19.86,47.0,38.5,3,6.0,27.1,36-45,0.953,Hard_Braking
4991,E-Scooter,1.86,4.57,14.47,19.26,43.6,36.3,2,20.9,15.5,18-25,0.632,Normal
4992,E-Bike,11.36,55.29,11.66,16.56,86.3,53.9,2,25.5,28.4,26-35,0.629,Normal
4993,E-Scooter,6.91,31.91,12.21,17.88,87.8,68.9,0,12.9,17.0,26-35,0.664,Normal
4994,E-Scooter,2.91,15.12,13.45,19.56,34.2,27.0,4,7.7,28.5,36-45,0.939,Hard_Braking
4995,E-Bike,4.94,27.24,12.02,18.31,63.9,44.3,2,12.1,32.3,26-35,0.649,Normal
4996,E-Scooter,5.87,17.73,13.07,16.81,27.3,13.1,3,8.1,23.4,36-45,0.583,Battery_Critical
4997,E-Scooter,4.39,21.03,14.7,16.14,65.4,52.5,2,7.2,22.1,46-60,0.921,Normal
4998,E-Scooter,1.75,6.59,14.37,22.79,23.8,14.8,0,7.5,31.6,36-45,0.814,Normal
4999,E-Scooter,2.02,5.53,22.29,32.68,43.0,40.3,3,53.0,11.0,18-25,0.758,Hard_Braking
5000,E-Scooter,3.57,7.86,18.48,26.03,48.9,30.5,0,26.1,28.2,26-35,0.238,Improper_Parking
5001,E-Scooter,1.81,4.17,17.6,25.4,53.7,43.3,1,15.3,30.0,46-60,0.747,Normal
5002,E-Bike,0.47,2.0,11.72,18.79,47.6,49.7,0,3.3,12.5,26-35,0.905,Normal
5003,E-Scooter,7.39,23.43,20.42,27.04,29.3,6.1,4,12.7,12.8,36-45,0.69,Battery_Critical
5004,E-Scooter,13.33,37.88,21.42,24.3,57.1,19.9,2,59.1,29.1,26-35,0.909,Mechanical_Fault
5005,E-Scooter,3.74,14.93,15.57,19.63,94.5,76.9,2,82.3,16.0,36-45,0.878,Normal
5006,E-Scooter,3.77,8.57,20.42,27.29,53.5,40.9,1,15.3,18.8,60+,0.885,Normal
5007,E-Scooter,2.01,7.77,13.91,25.99,30.1,17.5,1,32.1,13.5,36-45,0.741,Battery_Critical
5008,E-Scooter,2.16,8.74,13.05,15.71,69.6,62.8,3,30.6,25.0,18-25,0.98,Hard_Braking
5009,E-Scooter,4.69,17.9,14.63,20.28,58.2,39.9,1,3.7,23.0,60+,0.748,Battery_Critical
5010,E-Bike,3.92,20.2,11.38,16.48,23.0,18.2,1,2.4,36.1,18-25,0.525,Normal
5011,E-Scooter,3.2,5.12,25.93,29.25,42.5,27.7,3,75.8,17.0,26-35,0.793,Hard_Braking
5012,E-Bike,2.12,14.5,9.23,16.65,72.2,67.9,1,3.3,42.0,26-35,0.81,Normal
5013,E-Scooter,0.54,5.96,11.18,11.37,55.4,56.6,1,12.6,31.5,60+,0.945,Battery_Critical
5014,E-Scooter,3.54,5.29,25.14,32.63,29.3,14.5,2,54.0,10.4,26-35,0.725,Hard_Braking
5015,E-Scooter,1.97,9.86,16.9,23.99,78.5,74.2,0,45.4,20.8,36-45,0.558,Normal
5016,E-Scooter,2.36,12.84,15.06,19.88,25.4,27.3,1,10.1,19.3,26-35,0.62,Hard_Braking
5017,E-Scooter,1.66,7.09,14.39,17.18,32.5,27.0,1,14.1,22.7,18-25,0.782,Mechanical_Fault
5018,E-Bike,1.84,5.9,14.38,19.39,29.7,27.2,3,40.8,9.4,26-35,0.743,Hard_Braking
5019,E-Bike,4.97,26.7,10.67,15.36,26.3,5.4,1,33.9,33.6,46-60,0.88,Battery_Critical
5020,E-Scooter,1.73,2.75,17.77,18.74,47.4,49.2,1,7.9,15.1,46-60,0.618,Normal
5021,E-Bike,4.24,23.12,9.92,17.1,41.9,26.8,2,29.0,24.3,26-35,0.943,Hard_Braking
5022,E-Scooter,1.25,2.08,21.05,24.85,69.8,59.8,1,13.0,23.3,18-25,0.926,Normal
5023,E-Scooter,9.37,27.84,20.59,28.4,57.1,20.3,1,6.8,18.2,36-45,0.946,Normal
5024,E-Bike,12.89,80.0,9.07,16.97,80.0,43.0,2,19.5,14.8,26-35,0.86,Improper_Parking
5025,E-Bike,6.82,40.75,12.3,18.07,47.9,21.1,1,4.2,36.7,18-25,0.877,Mechanical_Fault
5026,E-Bike,1.42,11.35,9.16,11.81,37.4,34.7,0,23.4,25.7,36-45,0.775,Normal
5027,E-Scooter,3.28,13.88,12.81,17.54,89.8,78.7,1,74.1,26.4,26-35,0.863,Normal
5028,E-Scooter,0.51,3.68,17.77,25.99,74.4,72.5,0,58.8,11.7,18-25,0.702,Normal
5029,E-Bike,1.72,11.48,13.41,18.57,32.7,31.5,0,17.9,20.8,46-60,0.885,Normal
5030,E-Bike,2.01,2.89,18.93,19.92,95.5,97.8,0,4.6,20.4,18-25,0.912,Normal
5031,E-Scooter,4.49,13.56,19.27,28.2,28.2,15.2,0,1.8,16.2,18-25,0.637,Hard_Braking
5032,E-Scooter,3.07,18.09,13.27,20.26,81.9,73.5,1,3.6,16.5,46-60,0.594,Normal
5033,E-Scooter,2.34,8.4,17.68,21.22,51.4,46.5,3,21.5,17.2,26-35,0.929,Mechanical_Fault
5034,E-Scooter,6.04,19.15,18.11,24.51,91.3,70.6,3,35.6,40.7,36-45,0.851,Hard_Braking
5035,E-Scooter,0.79,2.0,15.56,22.88,84.4,82.1,1,14.2,21.4,46-60,0.877,Normal
5036,E-Bike,3.82,17.56,13.47,14.11,49.7,36.6,0,12.2,21.9,26-35,0.718,Normal
5037,E-Bike,2.93,15.36,18.94,23.89,87.8,84.8,2,1.3,23.1,36-45,0.867,Normal
5038,E-Scooter,2.78,10.72,18.23,23.78,36.7,28.2,0,34.0,13.2,18-25,0.602,Mechanical_Fault
5039,E-Scooter,0.67,2.0,15.72,15.94,66.0,65.6,1,16.4,41.5,60+,,Normal
5040,E-Bike,6.68,35.73,11.21,14.44,77.9,53.3,1,21.7,24.1,26-35,0.587,Normal
5041,E-Scooter,4.16,10.99,23.68,32.38,57.8,41.9,1,11.5,21.8,18-25,0.464,Normal
5042,E-Bike,2.18,13.53,12.06,16.77,57.4,53.8,2,24.0,17.4,46-60,0.953,Battery_Critical
5043,E-Scooter,8.46,24.24,20.42,24.04,52.9,31.9,1,30.6,35.6,18-25,0.713,Normal
5044,E-Scooter,4.04,7.56,25.55,34.84,70.3,54.3,1,14.5,32.8,36-45,0.887,Hard_Braking
5045,E-Bike,6.06,24.95,15.62,17.84,55.0,36.2,0,10.0,17.1,26-35,0.591,Normal
5046,E-Scooter,7.26,30.95,14.37,20.44,52.4,27.9,2,14.4,20.3,60+,0.43,Hard_Braking
5047,E-Bike,1.66,12.45,6.34,17.32,45.6,39.1,3,9.9,17.3,18-25,0.637,Hard_Braking
5048,E-Bike,4.57,21.57,11.14,18.08,23.3,7.7,3,13.7,16.1,46-60,0.549,Battery_Critical
5049,E-Scooter,4.77,14.58,19.42,22.25,57.4,44.6,1,32.3,29.4,26-35,0.809,Battery_Critical
5050,E-Scooter,6.28,25.87,15.13,18.27,31.9,9.4,1,9.8,33.2,46-60,0.701,Battery_Critical
5051,E-Scooter,1.93,12.82,14.2,19.11,45.6,37.3,1,19.5,15.1,36-45,0.946,Normal
5052,E-Scooter,3.82,6.52,21.37,32.67,58.0,47.3,2,5.7,26.4,26-35,0.646,Hard_Braking
5053,E-Scooter,0.74,2.0,21.3,27.4,61.6,58.1,0,28.6,34.9,36-45,0.87,Normal
5054,E-Bike,2.64,16.16,10.76,16.85,34.7,31.3,0,17.1,30.7,18-25,0.728,Normal
5055,E-Scooter,3.27,9.99,23.51,31.01,83.1,67.6,3,51.0,31.2,46-60,,Hard_Braking
5056,E-Bike,2.44,11.74,12.29,13.92,92.6,84.2,1,30.0,14.2,26-35,0.857,Normal
5057,E-Scooter,2.03,7.89,20.3,32.66,40.7,33.0,0,30.2,20.8,18-25,0.863,Normal
5058,E-Bike,0.51,2.0,16.48,20.15,44.8,44.4,1,24.5,22.4,26-35,0.981,Normal
5059,E-Bike,11.93,48.21,16.22,22.35,38.8,12.7,3,20.6,28.8,26-35,0.692,Improper_Parking
5060,E-Bike,9.67,53.35,10.68,18.79,34.6,5.9,0,17.8,31.5,46-60,0.826,Battery_Critical
5061,E-Scooter,4.04,7.45,21.54,28.17,49.7,31.4,0,2.0,17.0,26-35,0.985,Normal
5062,E-Scooter,1.9,2.97,16.6,19.95,29.8,26.5,5,1.9,25.0,26-35,0.708,Hard_Braking
5063,E-Scooter,8.89,30.29,20.93,24.56,82.6,51.7,2,39.3,27.7,26-35,0.832,Mechanical_Fault
5064,E-Bike,2.05,8.89,16.14,22.98,26.4,24.5,3,4.7,29.2,46-60,0.814,Hard_Braking
5065,E-Scooter,3.43,13.59,11.89,22.79,42.5,36.3,2,15.8,26.5,18-25,0.879,Normal
5066,E-Bike,2.29,15.05,11.89,19.73,97.6,94.8,2,3.2,32.7,26-35,0.715,Hard_Braking
5067,E-Scooter,7.15,31.28,16.44,24.2,64.7,50.0,2,13.1,33.7,26-35,0.73,Hard_Braking
5068,E-Scooter,3.58,7.22,18.79,24.18,53.1,40.6,2,5.5,17.1,18-25,0.894,Normal
5069,E-Bike,3.9,13.63,15.13,15.54,59.3,43.5,2,2.9,20.2,26-35,0.691,Hard_Braking
5070,E-Scooter,1.22,7.43,12.67,21.93,39.3,37.9,2,34.0,24.9,26-35,0.857,Hard_Braking
5071,E-Bike,5.06,26.23,12.92,15.33,80.0,69.1,2,34.7,18.8,26-35,0.682,Normal
5072,E-Scooter,1.49,6.21,24.02,26.66,95.0,90.8,0,73.4,11.6,26-35,0.629,Normal
5073,E-Scooter,4.32,16.96,18.57,25.94,67.3,50.0,3,13.0,38.6,18-25,0.93,Hard_Braking
5074,E-Scooter,7.74,30.77,14.92,18.58,90.5,74.3,1,29.0,32.3,36-45,0.795,Normal
5075,E-Scooter,3.42,13.95,15.22,15.25,57.2,46.1,3,0.7,22.9,18-25,0.896,Hard_Braking
5076,E-Scooter,5.21,18.94,16.98,22.53,37.6,25.2,2,51.7,19.4,46-60,0.74,Normal
5077,E-Scooter,12.41,43.51,16.71,20.65,67.8,26.5,0,18.8,18.3,36-45,0.815,Normal
5078,E-Bike,5.06,22.24,12.58,22.62,95.8,82.8,0,66.8,28.7,18-25,0.711,Mechanical_Fault
5079,E-Scooter,1.19,5.97,17.7,24.27,89.7,84.4,0,9.2,12.6,18-25,0.583,Normal
5080,E-Scooter,1.8,2.94,17.8,26.96,91.7,80.4,2,6.8,26.0,46-60,0.905,Hard_Braking
5081,E-Bike,0.6,2.07,12.82,20.94,39.5,42.5,0,7.2,14.6,26-35,0.816,Improper_Parking
5082,E-Bike,1.49,10.57,14.32,18.75,94.9,94.5,1,19.4,23.1,18-25,0.373,Improper_Parking
5083,E-Scooter,2.63,5.88,19.91,24.45,89.9,75.4,1,11.8,25.4,18-25,0.629,Normal
5084,E-Scooter,1.53,6.45,12.8,17.91,98.5,96.4,0,0.6,24.3,18-25,,Normal
5085,E-Scooter,9.02,25.53,21.63,24.04,69.8,44.3,1,7.1,25.3,60+,0.653,Normal
5086,E-Scooter,2.23,12.77,14.8,29.75,30.2,24.5,0,23.8,25.8,36-45,0.588,Hard_Braking
5087,E-Scooter,2.89,5.66,22.28,29.65,90.8,87.7,0,3.6,19.8,46-60,0.861,Normal
5088,E-Scooter,5.39,28.98,15.12,22.63,95.7,75.8,0,20.9,22.2,18-25,0.681,Normal
5089,E-Scooter,5.73,19.2,19.04,29.68,36.3,17.7,2,73.9,25.7,18-25,0.881,Mechanical_Fault
5090,E-Scooter,3.19,4.42,26.53,29.16,25.1,18.1,1,9.9,27.0,36-45,0.461,Hard_Braking
5091,E-Bike,5.78,21.78,14.64,22.56,62.6,45.4,2,6.7,22.4,26-35,0.534,Normal
5092,E-Bike,5.7,34.79,9.76,10.67,52.1,31.4,1,18.0,42.0,46-60,0.838,Normal
5093,E-Scooter,3.62,13.74,10.88,12.95,35.0,16.1,2,19.1,30.9,18-25,0.625,Battery_Critical
5094,E-Scooter,2.09,6.55,15.78,21.74,27.2,17.5,2,2.3,19.3,18-25,0.764,Normal
5095,E-Bike,4.05,17.73,14.99,20.35,20.1,4.6,0,2.2,21.0,36-45,0.742,Battery_Critical
5096,E-Scooter,3.12,10.92,14.02,17.63,41.1,31.3,1,4.3,34.0,18-25,0.815,Normal
5097,E-Bike,2.48,18.51,8.09,17.77,81.9,75.3,0,20.6,19.6,26-35,0.782,Normal
5098,E-Scooter,3.36,12.5,14.31,19.41,75.9,65.8,4,22.1,30.1,46-60,0.815,Hard_Braking
5099,E-Scooter,7.29,22.67,18.88,22.44,66.8,42.3,2,2.2,32.0,26-35,0.651,Battery_Critical
5100,E-Scooter,2.67,7.25,17.47,27.69,29.1,22.0,0,26.0,30.7,46-60,0.929,Normal
5101,E-Scooter,2.32,12.48,16.91,25.89,37.0,29.2,0,6.0,33.7,46-60,0.798,Normal
5102,E-Scooter,3.22,6.02,16.39,18.97,97.9,86.4,1,3.2,15.9,36-45,0.963,Normal
5103,E-Bike,1.74,8.09,10.43,13.87,91.5,90.2,2,110.9,6.8,26-35,0.567,Battery_Critical
5104,E-Bike,1.77,11.32,11.11,13.87,66.8,66.1,2,2.7,8.7,26-35,0.855,Battery_Critical
5105,E-Scooter,3.17,19.5,10.64,17.8,86.7,80.4,2,56.8,25.8,36-45,0.558,Hard_Braking
5106,E-Bike,1.21,3.68,12.2,15.6,81.9,73.6,1,7.2,18.1,18-25,0.935,Normal
5107,E-Scooter,4.26,17.14,15.91,23.53,93.9,80.2,2,1.1,16.9,,0.936,Normal
5108,E-Scooter,1.18,2.0,19.89,29.91,99.9,97.2,1,15.8,21.7,36-45,0.898,Normal
5109,E-Scooter,4.62,16.65,18.33,25.88,42.1,27.9,0,4.3,27.8,26-35,0.825,Normal
5110,E-Scooter,3.7,8.79,14.88,19.03,80.9,66.4,1,5.1,20.4,46-60,0.769,Normal
5111,E-Scooter,2.39,6.05,21.2,26.96,42.7,35.2,3,36.6,22.0,26-35,0.58,Hard_Braking
5112,E-Scooter,1.35,6.1,16.7,18.86,21.3,9.1,3,44.7,25.6,26-35,0.701,Battery_Critical
5113,E-Scooter,1.42,3.13,11.09,11.41,34.6,27.1,0,9.6,11.2,18-25,0.646,Normal
5114,E-Bike,3.28,15.87,13.79,20.81,50.4,38.6,1,4.6,8.5,36-45,0.713,Normal
5115,E-Scooter,1.37,10.11,9.87,12.61,69.9,61.1,3,10.0,21.6,36-45,0.639,Hard_Braking
5116,E-Scooter,1.51,7.28,14.66,19.02,83.4,85.4,1,12.4,23.5,18-25,0.736,Battery_Critical
5117,E-Scooter,5.65,26.82,14.6,19.72,76.8,61.4,1,14.8,35.5,26-35,0.758,Normal
5118,E-Scooter,2.2,11.86,9.63,14.35,80.5,66.7,1,0.8,17.4,36-45,0.784,Normal
5119,E-Bike,1.55,5.5,13.07,17.1,42.2,28.9,1,55.0,21.9,26-35,0.29,Improper_Parking
5120,E-Scooter,2.6,8.17,16.0,21.97,24.3,16.4,0,19.3,21.9,46-60,0.751,Normal
5121,E-Bike,2.83,17.75,11.57,14.4,56.1,47.1,0,50.8,33.8,36-45,0.918,Normal
5122,E-Bike,1.58,7.9,9.2,18.64,21.1,12.4,0,74.8,15.7,18-25,0.905,Battery_Critical
5123,E-Scooter,5.35,22.59,13.37,14.28,37.1,21.5,1,0.2,21.9,,0.696,Normal
5124,E-Bike,9.34,54.44,10.69,15.51,46.4,16.9,2,42.4,40.9,26-35,0.59,Improper_Parking
5125,E-Scooter,2.31,10.44,22.42,25.91,60.5,51.8,1,22.0,26.1,18-25,0.821,Normal
5126,E-Scooter,6.64,31.73,14.24,20.03,87.0,58.7,0,6.3,36.8,36-45,0.766,Normal
5127,E-Bike,2.09,9.36,13.74,20.64,62.2,52.4,1,6.9,13.7,18-25,0.715,Normal
5128,E-Bike,3.03,13.31,13.82,19.31,51.1,48.4,2,26.8,23.4,18-25,0.642,Normal
5129,E-Scooter,0.83,5.37,19.64,25.01,27.2,22.1,0,24.1,29.0,26-35,0.69,Normal
5130,E-Bike,1.25,5.22,16.75,21.1,85.6,81.7,0,72.6,25.0,46-60,0.675,Normal
5131,E-Bike,1.38,3.86,12.66,18.56,28.6,30.5,0,19.0,35.5,26-35,0.437,Hard_Braking
5132,E-Bike,4.47,15.03,14.58,21.85,95.1,88.9,3,6.0,23.8,36-45,0.824,Hard_Braking
5133,E-Bike,2.55,8.51,14.01,22.93,26.8,24.5,2,27.2,9.6,36-45,0.657,Hard_Braking
5134,E-Scooter,1.55,5.26,11.15,11.38,82.2,78.8,3,2.9,26.1,26-35,0.86,Hard_Braking
5135,E-Scooter,7.53,26.9,18.73,23.69,99.5,77.5,1,8.5,24.5,36-45,0.418,Improper_Parking
5136,E-Bike,3.68,19.26,10.59,14.52,39.1,22.6,1,30.7,26.0,18-25,0.741,Normal
5137,E-Bike,3.58,20.9,11.75,16.18,75.8,56.0,2,16.0,26.6,26-35,0.622,Normal
5138,E-Scooter,5.86,26.7,17.52,25.6,35.6,25.2,3,71.9,28.0,18-25,0.639,Hard_Braking
5139,E-Scooter,3.0,6.38,24.42,26.84,44.8,33.9,1,41.9,21.1,26-35,0.914,Normal
5140,E-Scooter,6.54,21.08,17.6,21.43,92.1,78.4,2,11.9,17.2,18-25,0.693,Hard_Braking
5141,E-Bike,3.8,14.76,15.96,17.84,68.3,50.0,1,20.3,29.6,18-25,0.757,Normal
5142,E-Bike,4.45,16.88,16.51,25.23,23.4,6.6,1,11.0,12.6,36-45,0.813,Battery_Critical
5143,E-Scooter,0.92,6.57,13.09,13.82,93.7,100.0,1,36.5,27.9,36-45,0.563,Normal
5144,E-Scooter,1.61,4.59,19.12,22.73,49.3,45.8,0,66.9,14.6,60+,0.796,Mechanical_Fault
5145,E-Scooter,1.99,10.09,9.93,18.11,51.7,49.2,0,11.8,19.7,26-35,0.866,Normal
5146,E-Scooter,6.26,35.6,10.74,13.38,46.4,30.6,1,15.0,20.8,18-25,0.847,Normal
5147,E-Bike,4.9,23.16,13.34,13.48,99.8,78.5,2,31.3,32.9,46-60,0.387,Improper_Parking
5148,E-Scooter,2.43,19.77,10.32,13.79,58.1,50.5,1,31.7,26.6,26-35,0.76,Mechanical_Fault
5149,E-Bike,3.64,17.18,16.87,17.52,48.8,39.2,2,18.2,35.5,26-35,0.875,Normal
5150,E-Bike,7.88,38.39,11.29,20.39,95.8,74.8,4,16.2,25.3,26-35,0.903,Hard_Braking
5151,E-Bike,3.61,10.48,15.59,18.75,74.7,67.5,1,26.4,13.2,46-60,0.629,Normal
5152,E-Scooter,1.97,2.0,20.12,22.22,52.5,41.6,0,2.7,30.7,26-35,0.941,Normal
5153,E-Scooter,6.37,22.57,18.97,23.82,34.9,25.3,3,0.5,23.1,26-35,0.9,Mechanical_Fault
5154,E-Bike,1.8,15.03,10.12,15.14,62.4,57.0,0,68.7,23.1,46-60,0.879,Normal
5155,E-Scooter,6.36,18.37,17.55,24.13,48.4,34.9,2,9.0,32.8,18-25,0.79,Mechanical_Fault
5156,E-Scooter,5.31,23.3,12.98,18.21,85.3,72.9,1,15.7,17.3,60+,0.565,Mechanical_Fault
5157,E-Bike,0.7,3.05,14.29,18.49,73.8,68.5,2,8.4,27.5,26-35,0.889,Normal
5158,E-Bike,4.92,23.7,12.95,15.4,54.1,40.1,0,2.6,10.1,36-45,0.701,Normal
5159,E-Scooter,2.19,4.44,21.83,31.42,36.9,29.1,2,9.9,21.2,18-25,0.691,Hard_Braking
5160,E-Scooter,0.3,2.0,13.02,16.3,69.3,69.1,3,0.2,31.2,18-25,0.788,Hard_Braking
5161,E-Bike,1.43,5.64,12.54,13.72,62.4,59.1,1,37.7,16.4,26-35,0.569,Normal
5162,E-Scooter,0.5,2.0,17.57,25.29,73.3,76.6,1,48.9,22.8,36-45,0.889,Normal
5163,E-Scooter,0.31,2.0,17.85,30.16,41.7,40.7,1,6.4,27.2,26-35,0.862,Hard_Braking
5164,E-Scooter,7.86,45.63,9.88,18.4,99.3,69.3,1,6.3,33.2,26-35,0.92,Normal
5165,E-Scooter,2.42,8.11,14.75,20.6,66.8,59.0,1,16.4,31.3,18-25,0.892,Normal
5166,E-Bike,8.47,49.22,9.97,20.72,87.1,59.4,2,17.5,22.3,26-35,0.884,Hard_Braking
5167,E-Scooter,2.06,9.78,14.84,25.11,22.6,12.2,1,7.0,6.5,36-45,0.86,Battery_Critical
5168,E-Scooter,3.49,17.74,10.87,21.62,78.8,72.9,3,24.6,23.8,18-25,0.774,Hard_Braking
5169,E-Scooter,2.86,13.02,14.9,18.95,30.3,18.4,2,12.7,11.7,26-35,0.886,Normal
5170,E-Scooter,3.68,15.21,19.9,24.16,94.9,82.2,2,52.7,32.0,36-45,0.862,Normal
5171,E-Bike,4.45,22.86,10.56,13.72,43.7,25.5,2,12.3,25.8,18-25,0.66,Hard_Braking
5172,E-Scooter,0.96,2.0,15.64,22.03,80.3,78.0,1,31.1,34.0,18-25,0.941,Normal
5173,E-Scooter,4.07,12.44,21.05,22.89,20.6,9.9,3,0.9,23.0,18-25,0.36,Battery_Critical
5174,E-Bike,1.6,2.0,14.23,19.08,84.6,78.5,0,16.6,31.2,18-25,0.879,Normal
5175,E-Bike,6.22,29.25,14.78,21.04,72.6,51.1,1,4.1,27.9,18-25,0.856,Normal
5176,E-Bike,3.73,10.19,16.58,24.95,44.3,31.0,4,12.3,19.9,18-25,0.829,Battery_Critical
5177,E-Bike,3.02,24.33,7.54,11.13,78.8,71.6,2,13.2,28.6,18-25,0.81,Hard_Braking
5178,E-Scooter,1.56,7.52,13.3,15.26,70.7,64.0,0,47.6,20.4,26-35,0.657,Normal
5179,E-Bike,1.91,8.71,18.99,21.89,24.4,21.8,2,8.3,3.7,46-60,0.758,Hard_Braking
5180,E-Bike,3.05,16.46,10.92,13.89,88.4,77.9,1,13.5,31.0,18-25,0.916,Normal
5181,E-Scooter,3.14,14.82,15.47,20.73,90.1,73.7,1,1.4,39.7,36-45,0.752,Hard_Braking
5182,E-Scooter,0.64,2.7,18.81,34.86,38.1,43.6,2,10.6,7.1,18-25,0.419,Improper_Parking
5183,E-Scooter,6.22,22.45,16.45,16.85,41.5,18.5,0,4.0,25.7,36-45,0.958,Normal
5184,E-Scooter,1.73,7.17,18.75,27.53,42.9,32.3,1,75.2,42.0,,0.628,Hard_Braking
5185,E-Scooter,3.63,10.11,21.66,25.98,75.5,65.4,2,8.3,7.4,26-35,0.947,Normal
5186,E-Scooter,0.3,5.2,13.52,19.23,35.3,34.8,3,22.7,11.6,36-45,0.526,Normal
5187,E-Bike,1.89,11.38,11.15,17.54,89.1,85.8,2,35.6,36.1,46-60,0.568,Hard_Braking
5188,E-Bike,2.37,5.68,18.57,22.97,33.4,27.6,0,38.6,25.4,26-35,0.649,Hard_Braking
5189,E-Bike,5.93,15.38,15.72,20.53,61.2,38.2,2,2.9,19.3,46-60,0.529,Normal
5190,E-Bike,2.15,8.84,16.8,18.23,38.6,28.5,0,124.7,23.8,26-35,0.88,Mechanical_Fault
5191,E-Scooter,0.85,4.19,16.77,18.88,23.5,20.0,2,13.0,10.1,26-35,0.887,Hard_Braking
5192,E-Bike,3.19,10.16,16.08,20.72,71.4,65.3,1,40.4,27.5,18-25,0.824,Hard_Braking
5193,E-Scooter,3.21,13.65,15.96,23.8,76.3,66.4,3,4.6,20.2,18-25,0.779,Hard_Braking
5194,E-Bike,4.32,11.82,16.95,20.69,66.9,54.6,0,15.1,9.4,18-25,0.863,Battery_Critical
5195,E-Scooter,1.99,10.98,16.39,19.12,36.7,30.4,1,14.0,30.0,36-45,0.742,Normal
5196,E-Scooter,4.62,18.97,11.68,15.3,28.3,24.4,2,14.7,27.7,18-25,0.879,Hard_Braking
5197,E-Bike,6.55,26.05,19.05,23.42,90.6,74.1,1,3.5,22.4,,0.44,Mechanical_Fault
5198,E-Scooter,4.69,19.97,15.08,22.11,31.1,21.4,3,0.5,34.4,18-25,0.588,Hard_Braking
5199,E-Scooter,2.28,11.11,14.6,23.97,29.8,21.4,3,28.1,35.4,46-60,0.55,Hard_Braking
5200,E-Bike,2.03,10.48,11.27,17.34,65.3,54.3,1,58.0,19.2,26-35,0.474,Normal
5201,E-Bike,6.51,35.18,11.41,15.57,42.3,28.3,1,19.3,38.8,46-60,0.726,Normal
5202,E-Bike,1.48,4.84,15.89,19.63,56.1,46.0,3,1.8,21.5,36-45,0.653,Normal
5203,E-Bike,3.75,21.72,9.89,14.71,57.1,42.7,5,28.6,0.3,18-25,0.907,Hard_Braking
5204,E-Scooter,3.82,20.31,13.85,20.28,88.7,78.1,2,1.3,21.5,26-35,0.756,Battery_Critical
5205,E-Scooter,2.89,13.1,15.07,19.09,22.7,12.4,1,22.2,20.6,18-25,0.924,Battery_Critical
5206,E-Bike,1.59,10.86,7.44,8.6,20.9,2.1,0,25.2,9.4,26-35,0.868,Battery_Critical
5207,E-Scooter,8.98,34.65,14.87,22.55,59.2,27.4,1,43.3,24.6,36-45,0.93,Normal
5208,E-Scooter,1.16,6.77,15.94,22.94,76.3,81.8,1,25.8,26.9,36-45,0.929,Normal
5209,E-Scooter,4.38,10.57,19.42,24.42,53.6,44.6,2,5.8,17.3,26-35,0.852,Hard_Braking
5210,E-Bike,4.87,21.95,15.74,20.61,59.2,44.9,0,17.6,27.4,36-45,0.823,Normal
5211,E-Scooter,0.96,3.92,14.74,18.47,61.7,60.7,0,17.1,20.7,18-25,0.832,Normal
5212,E-Bike,1.52,13.55,9.29,17.31,27.8,27.0,0,13.4,31.8,18-25,0.557,Normal
5213,E-Bike,2.51,11.78,11.12,15.6,53.7,48.4,0,28.1,20.9,26-35,0.848,Normal
5214,E-Scooter,0.79,2.87,16.86,30.73,47.2,38.0,2,14.3,24.0,26-35,0.583,Hard_Braking
5215,E-Bike,0.54,7.45,9.0,19.29,82.4,75.8,3,9.2,12.8,60+,0.633,Normal
5216,E-Scooter,1.83,4.43,22.69,32.43,47.7,44.1,0,5.5,13.6,26-35,0.82,Normal
5217,E-Bike,4.81,29.28,10.14,15.38,98.9,82.2,0,42.6,18.5,18-25,0.814,Battery_Critical
5218,E-Bike,4.23,23.05,10.39,12.72,46.7,28.6,2,17.0,26.6,36-45,,Normal
5219,E-Scooter,3.58,34.2,6.18,15.82,83.5,63.5,1,2.0,22.4,18-25,0.738,Normal
5220,E-Scooter,2.71,9.48,19.13,23.12,74.0,60.2,2,32.5,29.6,36-45,,Hard_Braking
5221,E-Scooter,3.43,15.96,21.09,21.8,98.5,92.2,1,24.9,24.7,18-25,0.768,Mechanical_Fault
5222,E-Scooter,0.3,4.13,21.82,30.3,35.9,32.7,0,107.1,27.6,26-35,0.764,Normal
5223,E-Scooter,1.11,2.0,18.83,24.31,62.9,62.2,1,20.7,20.2,46-60,0.519,Normal
5224,E-Bike,2.65,10.05,10.95,15.67,51.8,47.2,1,3.2,21.3,26-35,0.775,Normal
5225,E-Scooter,3.2,10.47,17.17,23.79,87.6,79.6,2,16.6,37.5,18-25,0.745,Hard_Braking
5226,E-Bike,3.84,18.5,13.07,22.81,30.9,15.8,1,81.1,31.7,26-35,0.611,Normal
5227,E-Scooter,0.83,6.79,17.42,23.74,65.9,61.8,0,44.5,19.4,26-35,0.667,Normal
5228,E-Bike,2.55,8.91,14.35,20.68,28.6,13.3,3,32.0,28.0,18-25,0.488,Battery_Critical
5229,E-Scooter,2.06,11.51,16.32,23.94,88.4,83.7,3,19.8,35.3,26-35,0.555,Hard_Braking
5230,E-Scooter,2.35,4.23,17.35,24.28,68.0,58.3,0,1.8,15.5,36-45,0.879,Normal
5231,E-Scooter,6.23,19.41,17.0,25.17,51.1,34.2,5,11.1,24.3,26-35,0.606,Hard_Braking
5232,E-Scooter,2.68,14.72,17.04,18.88,73.0,69.4,3,75.5,19.8,36-45,0.732,Mechanical_Fault
5233,E-Scooter,2.3,5.54,20.21,23.95,83.3,69.0,0,10.0,29.9,18-25,0.539,Normal
5234,E-Bike,5.11,21.95,14.28,20.35,63.3,53.2,0,4.0,29.8,36-45,0.767,Normal
5235,E-Scooter,4.63,13.95,16.99,20.42,51.2,40.0,0,24.7,25.0,26-35,0.919,Normal
5236,E-Bike,6.67,34.91,11.25,17.11,85.5,72.4,2,8.4,18.5,26-35,0.995,Normal
5237,E-Bike,1.18,5.59,15.52,26.1,51.4,46.7,1,21.9,27.5,46-60,0.821,Battery_Critical
5238,E-Scooter,7.65,28.7,17.84,26.71,61.9,37.2,2,10.0,35.7,18-25,0.767,Hard_Braking
5239,E-Bike,3.02,14.2,10.92,17.87,25.8,18.6,1,35.2,24.7,26-35,0.934,Normal
5240,E-Bike,1.96,16.35,8.87,10.67,90.9,85.0,2,14.5,34.7,36-45,0.548,Normal
5241,E-Scooter,0.62,2.0,13.23,14.76,55.0,57.1,3,22.8,17.7,46-60,0.922,Hard_Braking
5242,E-Scooter,12.3,36.97,22.09,26.99,21.8,0.0,0,6.1,37.0,18-25,0.879,Battery_Critical
5243,E-Bike,1.06,2.0,19.52,20.65,77.8,70.5,0,10.8,17.9,26-35,0.703,Normal
5244,E-Bike,0.6,4.53,13.56,21.25,49.5,45.9,3,76.0,19.2,18-25,0.868,Mechanical_Fault
5245,E-Scooter,0.95,5.09,15.14,15.86,94.0,83.6,2,26.6,19.1,26-35,0.749,Normal
5246,E-Bike,3.5,34.19,6.21,9.97,22.6,10.8,3,29.2,27.2,18-25,0.678,Battery_Critical
5247,E-Scooter,1.77,6.76,13.4,19.81,91.3,86.1,3,65.8,10.7,18-25,0.843,Hard_Braking
5248,E-Bike,4.34,21.27,12.73,15.83,56.7,42.1,0,12.6,26.6,46-60,0.689,Normal
5249,E-Scooter,3.62,6.22,20.47,27.18,87.2,75.8,1,25.8,21.2,26-35,0.949,Normal
5250,E-Bike,6.13,27.46,14.58,14.73,54.3,32.3,0,44.6,33.9,18-25,0.641,Normal
5251,E-Scooter,1.47,4.97,12.81,21.54,34.2,26.3,1,17.4,36.3,26-35,0.691,Normal
5252,E-Scooter,1.6,10.52,11.79,20.38,50.9,47.8,1,26.4,29.1,36-45,0.808,Normal
5253,E-Scooter,3.09,14.22,15.21,25.75,78.8,71.8,1,25.6,10.0,18-25,0.463,Normal
5254,E-Bike,5.35,16.78,14.89,15.22,38.5,20.1,4,58.3,19.6,36-45,0.74,Mechanical_Fault
5255,E-Bike,1.31,8.63,13.62,23.75,80.1,72.6,3,35.0,23.8,,0.74,Hard_Braking
5256,E-Bike,4.99,36.04,7.85,11.58,51.9,39.5,0,13.5,26.6,26-35,0.894,Normal
5257,E-Scooter,3.9,12.83,16.96,20.52,63.7,53.6,1,3.8,34.9,26-35,0.808,Normal
5258,E-Scooter,3.63,5.92,21.1,26.42,24.5,17.3,1,11.1,31.1,26-35,0.651,Normal
5259,E-Scooter,5.91,17.6,16.16,22.77,85.0,67.9,5,4.9,24.3,36-45,0.522,Hard_Braking
5260,E-Bike,2.32,10.82,11.8,14.89,43.3,37.5,1,16.1,19.1,60+,0.673,Mechanical_Fault
5261,E-Bike,5.88,26.07,14.9,20.37,54.8,35.2,2,0.2,34.8,26-35,0.797,Hard_Braking
5262,E-Scooter,3.71,20.25,18.4,24.29,87.2,76.6,2,43.5,16.8,26-35,0.597,Battery_Critical
5263,E-Scooter,2.61,8.31,13.14,23.13,80.6,80.8,0,16.1,42.0,26-35,0.691,Normal
5264,E-Bike,6.15,30.03,11.56,14.31,21.8,2.1,3,4.1,21.6,26-35,0.928,Battery_Critical
5265,E-Scooter,2.19,6.17,17.96,19.5,55.2,43.1,1,4.1,14.6,46-60,0.675,Hard_Braking
5266,E-Scooter,4.66,14.65,22.54,30.83,65.6,49.6,2,23.6,29.3,36-45,0.751,Normal
5267,E-Scooter,1.92,5.11,25.32,29.7,80.5,75.8,1,11.7,27.0,26-35,0.864,Hard_Braking
5268,E-Bike,2.37,8.06,12.01,12.09,42.7,42.3,0,36.8,19.9,26-35,0.688,Normal
5269,E-Bike,0.3,2.0,13.31,13.97,49.8,46.7,2,65.8,33.6,26-35,0.926,Mechanical_Fault
5270,E-Scooter,4.24,16.64,16.69,22.04,86.8,72.9,1,33.4,41.8,18-25,0.696,Hard_Braking
5271,E-Bike,5.4,36.75,8.57,12.35,87.3,70.9,1,6.0,30.7,18-25,0.825,Normal
5272,E-Scooter,2.23,9.44,15.38,22.85,78.5,68.2,0,13.7,18.2,26-35,0.971,Normal
5273,E-Scooter,4.03,7.37,27.59,30.03,50.7,39.5,3,11.2,23.5,18-25,0.94,Hard_Braking
5274,E-Bike,4.35,17.38,14.38,19.8,80.1,63.5,1,16.8,24.7,26-35,0.919,Normal
5275,E-Scooter,3.86,8.13,18.12,26.67,45.2,35.4,2,19.5,17.8,26-35,0.803,Improper_Parking
5276,E-Bike,1.94,15.41,7.27,17.95,93.0,82.6,1,12.2,30.6,18-25,0.936,Normal
5277,E-Scooter,8.61,36.65,13.59,23.36,68.2,42.9,0,26.0,17.5,26-35,0.785,Mechanical_Fault
5278,E-Scooter,1.29,2.0,22.14,30.04,87.4,83.4,1,32.5,20.2,26-35,0.681,Normal
5279,E-Scooter,2.89,24.78,9.52,13.73,41.7,39.1,0,7.9,36.9,26-35,0.669,Normal
5280,E-Scooter,2.94,4.74,22.54,31.21,58.1,53.1,1,2.8,25.2,18-25,0.966,Hard_Braking
5281,E-Bike,2.7,11.95,10.49,19.1,92.1,90.7,2,38.0,25.1,60+,0.679,Hard_Braking
5282,E-Bike,2.09,8.47,21.87,28.33,33.4,15.9,0,9.3,20.9,18-25,0.813,Normal
5283,E-Bike,4.71,24.0,11.79,18.24,38.0,26.0,0,63.5,23.3,36-45,0.748,Normal
5284,E-Bike,5.66,17.45,16.2,18.29,38.9,25.3,1,3.1,24.3,36-45,0.625,Mechanical_Fault
5285,E-Scooter,8.4,24.39,18.4,28.54,79.1,50.2,2,34.6,29.7,26-35,0.627,Hard_Braking
5286,E-Scooter,1.19,3.32,17.0,17.78,61.3,58.6,1,43.5,14.8,18-25,0.855,Hard_Braking
5287,E-Bike,8.25,63.27,7.47,8.22,90.7,67.3,3,5.5,29.8,18-25,0.941,Hard_Braking
5288,E-Bike,3.63,19.98,12.5,18.04,37.0,24.7,0,6.8,25.3,26-35,0.659,Normal
5289,E-Scooter,1.33,11.27,14.56,21.9,56.3,43.1,2,7.5,16.9,,0.894,Normal
5290,E-Scooter,3.61,16.94,13.54,19.03,23.4,21.1,2,3.1,28.4,18-25,0.741,Hard_Braking
5291,E-Bike,3.83,7.7,22.1,29.18,32.2,17.1,2,24.7,38.4,26-35,0.709,Hard_Braking
5292,E-Scooter,2.34,11.49,16.7,25.18,88.7,78.9,0,21.7,15.2,18-25,0.535,Normal
5293,E-Bike,4.55,17.44,11.82,16.62,47.7,31.6,1,14.6,30.4,46-60,0.833,Normal
5294,E-Bike,10.9,44.52,13.84,25.13,51.2,22.4,1,58.7,37.4,60+,0.778,Mechanical_Fault
5295,E-Scooter,1.37,8.23,10.87,17.09,64.3,59.5,0,5.5,27.2,26-35,0.835,Normal
5296,E-Scooter,5.72,22.92,13.21,15.98,68.6,48.2,0,14.9,28.5,36-45,0.769,Normal
5297,E-Bike,0.41,2.0,16.89,22.23,37.4,34.4,0,21.7,25.0,18-25,0.898,Normal
5298,E-Scooter,1.01,5.14,13.02,18.62,57.0,56.4,0,2.0,19.9,18-25,0.84,Normal
5299,E-Bike,10.31,57.9,11.16,20.61,88.1,61.3,0,43.0,27.3,26-35,0.769,Normal
5300,E-Bike,4.94,22.59,15.9,19.49,67.0,46.1,1,18.3,27.9,26-35,0.682,Normal
5301,E-Bike,1.89,12.48,11.28,14.12,93.5,87.4,2,11.0,21.8,26-35,0.797,Normal
5302,E-Scooter,1.46,2.0,15.18,20.22,76.9,69.6,1,0.4,29.9,26-35,0.565,Hard_Braking
5303,E-Scooter,2.9,7.68,22.1,26.41,86.7,72.6,2,23.7,23.5,18-25,0.796,Hard_Braking
5304,E-Bike,4.05,23.77,12.4,22.81,66.2,50.3,1,57.5,34.6,18-25,0.931,Normal
5305,E-Scooter,5.69,21.91,15.86,22.75,91.2,76.8,0,15.3,29.5,26-35,0.89,Normal
5306,E-Scooter,2.48,11.89,14.17,19.53,23.0,9.2,6,43.7,16.8,26-35,0.812,Battery_Critical
5307,E-Bike,3.57,17.07,15.01,21.79,37.4,31.2,2,16.3,32.2,36-45,0.859,Normal
5308,E-Bike,6.15,36.56,10.13,15.1,50.4,35.4,2,19.5,6.6,18-25,0.969,Normal
5309,E-Bike,4.32,12.43,16.92,17.96,85.1,78.5,1,57.3,25.3,18-25,0.544,Mechanical_Fault
5310,E-Bike,3.3,22.55,7.73,13.64,91.2,77.4,2,84.2,21.6,26-35,0.635,Hard_Braking
5311,E-Bike,2.59,12.34,12.41,19.23,56.0,54.2,2,0.9,28.2,36-45,0.896,Normal
5312,E-Scooter,3.7,16.7,15.11,24.56,89.5,75.9,3,12.9,36.0,18-25,0.767,Hard_Braking
5313,E-Scooter,3.2,12.99,11.72,17.12,44.5,36.4,0,38.9,31.2,60+,0.747,Normal
5314,E-Bike,2.73,15.27,11.31,17.32,39.2,40.4,1,5.1,14.9,18-25,0.652,Normal
5315,E-Scooter,3.38,26.3,7.16,13.12,89.1,77.1,2,26.0,30.1,18-25,0.889,Hard_Braking
5316,E-Scooter,3.22,9.5,16.45,24.23,90.9,86.5,2,8.0,30.3,36-45,0.755,Battery_Critical
5317,E-Bike,5.56,12.48,17.54,21.16,73.7,55.8,2,2.3,30.9,46-60,0.52,Hard_Braking
5318,E-Scooter,2.76,8.46,18.98,22.35,60.5,51.7,3,1.0,29.2,18-25,0.755,Improper_Parking
5319,E-Bike,2.0,9.21,12.63,14.57,39.0,35.2,4,30.7,24.0,26-35,0.561,Hard_Braking
5320,E-Scooter,5.21,23.86,16.97,25.25,27.9,9.5,1,15.6,21.1,26-35,0.851,Battery_Critical
5321,E-Scooter,1.23,2.82,17.8,21.55,97.8,93.1,2,6.1,19.4,60+,0.556,Hard_Braking
5322,E-Scooter,2.07,2.0,25.54,25.98,63.5,59.2,2,5.2,28.4,36-45,0.756,Hard_Braking
5323,E-Scooter,1.03,2.0,15.4,19.25,33.1,28.4,3,14.5,42.0,26-35,0.857,Hard_Braking
5324,E-Bike,3.69,17.57,19.38,24.66,37.1,29.4,2,15.1,23.0,46-60,0.795,Hard_Braking
5325,E-Scooter,0.93,4.97,18.33,26.99,47.6,46.4,1,44.5,39.3,18-25,0.852,Normal
5326,E-Scooter,0.66,3.44,12.42,16.86,28.5,31.1,2,1.4,31.5,18-25,0.778,Normal
5327,E-Bike,4.83,23.97,14.19,16.67,73.5,53.4,2,38.0,19.4,18-25,0.751,Battery_Critical
5328,E-Bike,2.57,10.82,11.92,19.69,83.5,71.9,0,4.7,26.6,18-25,0.803,Normal
5329,E-Scooter,2.49,13.57,13.23,18.17,56.7,42.4,1,3.9,28.6,36-45,0.713,Normal
5330,E-Scooter,4.8,18.34,12.45,22.85,44.8,23.7,4,60.9,22.6,36-45,0.961,Hard_Braking
5331,E-Scooter,1.23,2.0,22.93,26.9,66.3,65.3,4,19.7,2.1,18-25,0.655,Hard_Braking
5332,E-Scooter,5.65,16.97,21.37,25.5,49.6,37.3,2,50.2,22.7,18-25,0.814,Hard_Braking
5333,E-Scooter,0.36,6.26,20.14,26.76,59.9,62.2,0,45.2,29.8,18-25,0.92,Normal
5334,E-Scooter,2.08,6.93,12.64,13.1,37.0,29.3,1,6.2,19.9,18-25,0.899,Normal
5335,E-Bike,9.63,56.69,10.44,15.21,95.8,65.7,1,18.0,32.0,26-35,0.632,Improper_Parking
5336,E-Bike,1.9,7.3,12.08,18.86,77.2,74.1,2,64.7,23.6,18-25,0.868,Mechanical_Fault
5337,E-Scooter,3.99,16.59,19.23,28.11,29.6,18.3,2,10.0,27.3,46-60,0.614,Hard_Braking
5338,E-Scooter,3.65,16.0,12.5,16.85,61.7,54.3,0,47.8,12.6,18-25,0.81,Normal
5339,E-Bike,2.13,4.75,13.72,27.96,40.9,42.2,1,9.2,32.1,18-25,0.789,Hard_Braking
5340,E-Scooter,0.71,2.0,14.66,22.19,74.5,76.4,2,30.6,24.3,18-25,0.974,Normal
5341,E-Scooter,2.59,2.3,14.57,20.35,60.3,54.8,1,46.2,33.3,18-25,0.832,Battery_Critical
5342,E-Scooter,3.16,7.17,20.69,25.29,81.3,67.3,5,21.0,30.6,26-35,0.913,Hard_Braking
5343,E-Scooter,2.14,11.28,14.52,19.77,78.9,64.2,3,0.7,16.5,18-25,0.734,Hard_Braking
5344,E-Scooter,4.7,14.78,17.1,17.84,44.1,36.1,2,6.8,26.0,36-45,0.697,Normal
5345,E-Bike,3.19,14.77,16.07,21.47,33.6,27.1,4,5.9,42.0,60+,0.809,Hard_Braking
5346,E-Scooter,1.33,6.53,17.64,21.18,48.9,44.3,3,9.5,31.6,18-25,,Battery_Critical
5347,E-Scooter,2.27,13.62,17.0,25.26,47.2,41.7,2,13.7,36.8,26-35,0.565,Normal
5348,E-Scooter,3.15,9.38,14.05,19.91,91.3,83.5,0,22.5,29.5,46-60,0.497,Improper_Parking
5349,E-Scooter,3.8,15.41,14.43,18.97,92.1,82.6,3,4.5,10.8,36-45,0.923,Hard_Braking
5350,E-Scooter,1.24,11.54,11.31,12.85,56.6,57.3,2,10.8,29.9,60+,0.739,Hard_Braking
5351,E-Scooter,2.32,9.45,13.73,19.69,72.6,66.3,2,10.3,21.9,36-45,0.669,Hard_Braking
5352,E-Scooter,2.86,8.07,20.34,24.35,31.6,30.7,3,60.4,26.6,60+,0.785,Mechanical_Fault
5353,E-Scooter,3.67,11.21,15.21,15.96,57.1,50.2,1,9.4,33.6,46-60,0.795,Normal
5354,E-Bike,1.84,13.45,13.21,16.59,25.2,21.7,1,5.0,14.7,36-45,0.568,Hard_Braking
5355,E-Scooter,3.76,13.99,16.7,18.44,48.2,39.9,2,46.5,25.4,18-25,0.919,Normal
5356,E-Scooter,2.05,11.67,12.95,17.93,30.5,21.8,1,26.8,22.1,26-35,0.803,Normal
5357,E-Scooter,4.28,15.77,14.71,21.25,89.7,79.5,1,0.3,10.2,,0.784,Normal
5358,E-Bike,1.53,3.13,15.37,19.3,91.5,87.4,1,18.3,23.8,46-60,0.543,Normal
5359,E-Scooter,2.51,8.18,17.78,21.21,98.7,83.1,2,8.9,22.3,26-35,0.586,Mechanical_Fault
5360,E-Scooter,0.86,4.95,13.02,16.48,88.7,88.0,1,39.3,15.7,46-60,0.955,Mechanical_Fault
5361,E-Bike,2.85,16.42,13.35,17.37,84.9,78.3,1,18.8,30.0,36-45,0.849,Normal
5362,E-Bike,4.22,22.04,11.53,18.51,62.1,49.4,4,53.5,33.5,36-45,0.68,Mechanical_Fault
5363,E-Bike,7.35,27.14,16.87,20.12,28.9,11.9,3,10.6,16.5,26-35,0.778,Battery_Critical
5364,E-Scooter,3.0,16.86,17.63,24.45,56.8,47.1,1,18.4,21.8,18-25,0.622,Normal
5365,E-Scooter,8.38,28.19,17.5,27.96,73.4,45.2,1,5.1,20.6,18-25,0.813,Normal
5366,E-Bike,8.78,50.34,10.53,20.07,58.3,35.1,3,11.5,11.8,18-25,0.787,Mechanical_Fault
5367,E-Bike,1.22,4.1,15.41,17.91,96.4,95.8,5,4.0,18.6,18-25,0.866,Hard_Braking
5368,E-Bike,0.85,2.0,12.93,16.72,60.3,57.6,4,64.0,35.8,60+,0.748,Normal
5369,E-Scooter,2.81,11.35,16.28,21.51,27.8,25.6,0,2.7,14.8,60+,0.548,Normal
5370,E-Scooter,4.2,16.24,16.57,21.58,58.3,37.4,1,51.1,27.5,26-35,0.807,Mechanical_Fault
5371,E-Scooter,0.5,2.0,18.41,28.69,40.4,35.1,2,4.3,19.4,36-45,0.718,Hard_Braking
5372,E-Scooter,3.33,20.92,11.81,19.1,84.0,65.2,4,24.2,9.2,26-35,0.857,Mechanical_Fault
5373,E-Scooter,5.17,13.3,18.07,25.32,21.2,4.4,3,16.7,25.1,18-25,0.91,Battery_Critical
5374,E-Scooter,2.2,12.36,17.5,21.63,24.5,14.3,2,22.5,30.6,26-35,0.696,Battery_Critical
5375,E-Bike,4.54,16.95,14.02,17.18,44.6,36.4,0,52.4,23.5,18-25,0.859,Normal
5376,E-Bike,1.69,9.46,11.12,13.07,83.9,72.0,1,9.3,28.7,46-60,0.731,Normal
5377,E-Scooter,1.92,6.78,10.77,18.58,38.3,33.3,3,55.0,24.0,18-25,0.862,Normal
5378,E-Scooter,0.79,2.0,15.18,20.24,68.5,63.9,2,9.4,20.7,36-45,0.92,Normal
5379,E-Scooter,3.82,13.16,18.97,23.75,52.8,42.0,2,8.9,23.8,26-35,0.828,Normal
5380,E-Bike,3.99,23.46,10.46,11.85,41.7,32.7,0,2.4,29.5,46-60,,Normal
5381,E-Bike,4.51,10.93,18.49,23.92,86.7,69.0,2,8.8,24.5,18-25,0.989,Hard_Braking
5382,E-Scooter,4.54,14.02,21.38,23.13,83.2,64.5,4,1.1,33.7,26-35,0.85,Hard_Braking
5383,E-Scooter,1.36,3.66,17.13,18.74,21.6,22.1,4,56.3,27.3,26-35,0.869,Mechanical_Fault
5384,E-Scooter,2.1,10.39,22.65,28.52,50.6,46.2,0,17.8,17.9,18-25,0.821,Normal
5385,E-Bike,2.64,11.43,12.89,13.44,60.0,52.1,1,10.9,27.4,36-45,0.781,Normal
5386,E-Scooter,4.63,19.22,18.37,18.44,54.7,44.0,4,45.9,34.9,26-35,0.883,Hard_Braking
5387,E-Scooter,1.5,2.0,17.75,23.23,89.6,85.0,0,58.4,24.1,36-45,0.752,Normal
5388,E-Scooter,8.01,33.54,17.78,23.65,37.4,16.1,2,16.1,22.8,60+,0.647,Battery_Critical
5389,E-Bike,3.36,15.44,13.96,24.6,28.9,15.4,2,10.9,16.8,18-25,,Mechanical_Fault
5390,E-Bike,1.1,2.76,11.8,15.04,36.6,31.7,2,94.5,23.1,36-45,0.714,Mechanical_Fault
5391,E-Scooter,2.03,15.27,7.78,7.81,58.2,51.0,1,23.0,13.9,18-25,0.686,Battery_Critical
5392,E-Scooter,3.12,11.86,14.4,14.47,36.9,19.2,1,2.8,37.5,26-35,0.61,Normal
5393,E-Bike,4.38,13.87,16.91,23.86,38.0,23.9,5,40.6,26.5,26-35,0.919,Hard_Braking
5394,E-Scooter,3.91,7.06,26.51,37.9,22.1,14.0,0,12.8,23.0,18-25,0.919,Battery_Critical
5395,E-Scooter,2.43,6.57,18.97,29.03,75.0,67.0,4,20.0,23.8,36-45,0.8,Hard_Braking
5396,E-Scooter,2.11,11.64,13.67,18.06,70.2,67.2,2,45.0,32.9,46-60,0.79,Normal
5397,E-Scooter,7.73,24.26,19.01,30.61,49.2,30.8,0,11.9,7.0,18-25,0.658,Normal
5398,E-Bike,5.33,24.33,13.42,17.37,58.5,42.0,1,15.6,18.1,36-45,0.932,Normal
5399,E-Scooter,1.84,6.84,18.98,19.0,84.9,78.3,0,36.1,28.6,46-60,0.649,Normal
5400,E-Scooter,4.37,18.44,14.01,21.15,73.2,55.1,2,8.0,24.5,26-35,0.801,Hard_Braking
5401,E-Bike,0.76,2.0,13.13,19.8,62.0,63.1,0,11.1,23.7,26-35,0.77,Normal
5402,E-Scooter,1.92,2.0,22.21,27.04,79.0,75.5,1,80.1,13.7,18-25,0.749,Normal
5403,E-Bike,1.33,2.0,17.27,18.99,57.7,49.8,1,18.6,17.9,46-60,0.727,Normal
5404,E-Scooter,3.2,10.67,16.83,19.96,72.2,66.8,0,0.5,15.5,46-60,0.725,Normal
5405,E-Bike,0.72,2.33,16.02,19.93,34.4,39.7,2,45.5,23.0,18-25,0.664,Normal
5406,E-Bike,2.2,7.2,14.11,20.55,65.5,61.7,6,20.3,33.0,60+,0.744,Hard_Braking
5407,E-Scooter,0.66,2.0,9.88,11.27,59.6,57.6,0,3.2,18.7,60+,0.765,Normal
5408,E-Scooter,4.7,28.15,10.39,17.42,43.5,26.9,2,9.8,32.8,46-60,0.577,Normal
5409,E-Scooter,1.74,11.26,13.83,22.4,93.7,83.4,1,5.9,24.0,18-25,0.966,Normal
5410,E-Bike,4.08,17.56,14.06,16.46,44.4,33.5,0,39.0,33.4,18-25,0.478,Normal
5411,E-Scooter,6.6,12.35,24.23,25.68,28.8,12.7,0,12.2,27.7,26-35,0.836,Battery_Critical
5412,E-Scooter,3.07,12.36,16.58,20.22,82.1,68.6,1,1.0,20.3,18-25,0.635,Normal
5413,E-Bike,2.84,12.14,13.89,16.55,60.9,48.3,1,23.1,38.1,46-60,0.843,Battery_Critical
5414,E-Scooter,2.74,9.72,14.58,15.2,53.4,47.2,2,24.6,17.9,26-35,0.977,Battery_Critical
5415,E-Scooter,3.04,21.33,12.16,14.91,91.9,81.8,1,15.7,17.6,18-25,0.962,Mechanical_Fault
5416,E-Bike,4.27,20.55,10.52,21.21,50.0,35.3,1,12.4,10.7,26-35,0.64,Normal
5417,E-Scooter,7.41,35.04,13.2,15.83,61.6,40.4,1,2.7,33.2,18-25,0.618,Hard_Braking
5418,E-Scooter,1.41,7.15,22.72,25.59,21.7,12.0,0,10.7,31.4,18-25,0.409,Improper_Parking
5419,E-Scooter,0.62,4.62,19.48,23.83,51.8,51.0,2,5.8,7.0,26-35,0.752,Normal
5420,E-Scooter,8.32,21.04,22.11,25.31,35.9,13.4,2,19.6,20.3,46-60,0.793,Battery_Critical
5421,E-Bike,0.96,12.34,5.93,8.89,54.1,51.6,1,18.8,13.9,18-25,0.859,Normal
5422,E-Scooter,0.92,4.39,15.15,22.38,92.1,91.7,3,9.3,34.0,18-25,0.578,Hard_Braking
5423,E-Scooter,3.87,15.0,14.78,18.3,93.8,78.1,0,31.3,25.5,18-25,0.914,Normal
5424,E-Bike,4.3,22.13,14.36,18.22,60.6,43.9,0,14.6,28.3,36-45,0.747,Normal
5425,E-Scooter,3.16,14.6,23.07,38.02,58.8,50.8,1,16.2,22.0,46-60,0.481,Normal
5426,E-Scooter,1.89,20.7,7.76,11.02,35.8,31.8,1,32.0,36.6,18-25,0.848,Normal
5427,E-Scooter,3.53,16.91,16.09,19.97,46.3,33.6,4,30.2,34.1,26-35,0.903,Normal
5428,E-Bike,1.49,2.06,14.15,17.1,50.4,46.8,0,12.5,39.6,36-45,0.78,Normal
5429,E-Bike,0.32,2.0,12.4,13.59,47.6,36.5,1,1.2,33.8,26-35,0.708,Normal
5430,E-Bike,4.61,22.9,12.93,16.95,40.5,32.3,1,22.9,29.7,26-35,0.91,Normal
5431,E-Scooter,3.99,21.46,9.95,17.92,34.5,22.5,1,51.9,22.7,46-60,0.744,Mechanical_Fault
5432,E-Scooter,0.7,2.0,15.95,18.15,51.1,50.4,1,9.3,27.5,26-35,0.63,Normal
5433,E-Bike,3.9,18.99,11.78,19.61,65.9,57.1,4,0.7,22.8,18-25,0.891,Hard_Braking
5434,E-Scooter,3.55,11.54,21.38,24.24,88.2,71.1,2,3.8,20.7,18-25,0.753,Hard_Braking
5435,E-Bike,7.08,66.36,6.55,11.21,34.1,9.7,3,11.9,35.0,18-25,0.602,Battery_Critical
5436,E-Scooter,4.54,11.77,17.34,19.74,94.1,76.6,1,17.0,19.0,18-25,0.836,Normal
5437,E-Bike,6.41,34.78,10.67,14.16,32.8,9.6,0,24.0,4.1,60+,0.633,Battery_Critical
5438,E-Bike,0.78,2.64,12.03,14.5,56.0,53.4,2,63.0,22.7,18-25,0.885,Normal
5439,E-Bike,5.27,35.74,8.7,12.96,51.6,37.6,1,18.3,30.9,46-60,0.499,Normal
5440,E-Bike,3.33,16.9,11.99,14.19,81.9,74.9,2,24.8,25.4,26-35,0.886,Mechanical_Fault
5441,E-Scooter,4.0,27.82,8.36,11.07,98.9,80.7,1,0.3,20.4,26-35,0.469,Hard_Braking
5442,E-Scooter,2.12,3.25,16.0,19.51,69.5,68.7,0,7.1,9.2,36-45,0.634,Normal
5443,E-Bike,1.57,3.95,14.08,24.69,79.0,78.0,1,65.6,13.7,18-25,0.876,Normal
5444,E-Scooter,1.99,2.0,13.34,15.97,59.6,53.6,1,26.7,35.6,36-45,0.677,Normal
5445,E-Scooter,5.56,32.35,10.59,19.03,40.8,23.3,0,13.8,27.5,36-45,0.642,Normal
5446,E-Scooter,1.99,9.37,20.3,23.35,92.7,86.9,1,25.0,42.0,18-25,0.83,Normal
5447,E-Scooter,6.8,16.8,20.4,27.6,34.2,15.2,2,9.6,22.3,36-45,0.755,Battery_Critical
5448,E-Scooter,1.03,8.92,13.28,20.6,45.2,42.3,0,2.5,22.1,26-35,0.71,Normal
5449,E-Scooter,6.53,43.94,9.42,17.96,94.7,72.3,1,3.5,26.3,18-25,0.782,Hard_Braking
5450,E-Scooter,3.0,12.6,20.2,22.43,68.4,61.1,1,7.6,26.1,26-35,0.733,Normal
5451,E-Bike,1.76,9.08,11.76,17.93,91.8,84.9,1,32.7,15.3,26-35,0.843,Normal
5452,E-Bike,4.5,28.1,9.57,14.23,56.2,45.1,3,27.1,16.8,36-45,0.884,Hard_Braking
5453,E-Scooter,2.16,14.5,18.1,20.14,23.9,19.5,2,10.6,35.8,26-35,0.915,Normal
5454,E-Scooter,0.43,2.0,22.4,28.04,24.8,27.7,1,13.5,3.7,26-35,0.78,Normal
5455,E-Scooter,3.54,12.93,18.16,25.98,29.8,18.5,1,52.1,25.4,26-35,0.596,Hard_Braking
5456,E-Scooter,4.36,17.22,15.78,23.3,76.3,64.5,2,7.0,23.5,36-45,0.842,Hard_Braking
5457,E-Scooter,1.77,2.94,19.36,28.0,87.7,87.8,2,0.2,30.8,18-25,0.906,Hard_Braking
5458,E-Bike,2.45,12.69,17.07,20.08,31.2,25.4,1,22.1,22.8,26-35,0.897,Normal
5459,E-Bike,4.07,19.93,10.02,12.93,75.4,58.3,1,3.6,29.9,36-45,0.551,Normal
5460,E-Scooter,7.96,38.85,11.49,19.74,86.6,57.3,1,4.5,23.1,46-60,0.741,Hard_Braking
5461,E-Scooter,0.88,2.44,15.43,25.45,98.3,93.2,1,27.6,20.8,26-35,0.843,Normal
5462,E-Bike,4.49,23.95,12.46,15.4,22.8,6.6,1,21.2,17.7,26-35,0.889,Battery_Critical
5463,E-Scooter,1.49,9.46,10.92,14.62,99.9,100.0,2,19.5,20.4,60+,0.812,Normal
5464,E-Bike,1.6,4.78,14.91,21.37,81.8,77.7,2,29.6,16.6,18-25,0.904,Normal
5465,E-Bike,1.11,12.08,10.0,15.42,43.9,35.1,4,9.0,23.4,26-35,0.768,Hard_Braking
5466,E-Scooter,2.84,5.52,12.9,20.34,79.6,69.9,4,14.4,34.9,36-45,0.887,Hard_Braking
5467,E-Scooter,0.91,5.79,15.27,18.19,32.8,30.6,1,30.9,29.4,60+,0.931,Hard_Braking
5468,E-Scooter,0.79,6.18,15.94,24.46,77.8,71.6,2,17.4,16.4,46-60,0.969,Battery_Critical
5469,E-Scooter,7.28,21.72,17.87,23.7,46.6,32.2,1,9.1,22.0,26-35,0.799,Normal
5470,E-Bike,1.23,13.4,5.33,19.24,29.8,21.0,0,15.1,20.6,36-45,0.925,Normal
5471,E-Bike,1.52,7.84,9.12,18.08,55.4,50.2,3,33.2,35.0,46-60,0.823,Hard_Braking
5472,E-Bike,2.35,11.35,12.18,20.42,45.6,37.4,3,11.8,38.4,26-35,0.968,Hard_Braking
5473,E-Bike,2.57,10.5,14.34,26.35,66.6,64.2,1,43.8,32.7,36-45,0.533,Normal
5474,E-Scooter,7.64,28.02,17.15,21.83,85.5,63.9,2,38.3,20.6,26-35,0.727,Normal
5475,E-Scooter,0.96,3.3,19.68,22.21,44.9,47.4,0,3.9,19.3,36-45,0.561,Normal
5476,E-Bike,1.13,10.41,14.03,14.65,48.0,38.1,0,24.2,25.6,18-25,0.9,Normal
5477,E-Scooter,2.1,9.85,17.28,17.53,49.2,35.4,1,30.5,24.2,26-35,0.917,Battery_Critical
5478,E-Scooter,7.11,23.01,17.8,22.03,65.4,42.0,0,13.3,37.8,18-25,0.846,Normal
5479,E-Bike,3.19,12.73,9.94,10.36,32.4,13.0,1,0.1,23.0,26-35,0.649,Battery_Critical
5480,E-Bike,4.77,12.95,17.3,23.39,44.2,29.9,1,14.4,19.2,18-25,0.537,Normal
5481,E-Bike,3.29,17.22,10.58,21.09,80.1,71.8,2,63.9,30.7,36-45,0.835,Normal
5482,E-Scooter,2.02,7.43,22.53,26.4,89.7,84.7,2,87.0,32.7,46-60,0.584,Mechanical_Fault
5483,E-Scooter,4.96,13.87,18.99,20.63,26.0,12.2,1,5.3,30.1,18-25,0.612,Battery_Critical
5484,E-Scooter,10.38,40.73,13.97,14.86,94.0,66.8,1,8.5,15.7,46-60,0.542,Normal
5485,E-Scooter,1.95,3.16,22.0,26.27,62.1,55.8,3,5.8,19.1,18-25,0.758,Hard_Braking
5486,E-Bike,3.05,6.97,15.6,19.26,45.4,26.8,1,0.7,34.0,18-25,0.488,Normal
5487,E-Scooter,2.7,10.55,13.59,17.05,98.2,87.0,2,19.2,42.0,26-35,0.793,Mechanical_Fault
5488,E-Scooter,3.36,6.66,23.81,31.94,22.2,6.5,3,24.7,10.0,36-45,0.852,Battery_Critical
5489,E-Bike,1.63,10.66,15.44,22.38,22.6,15.1,1,6.1,26.8,36-45,0.586,Normal
5490,E-Scooter,1.02,3.39,23.98,27.25,72.6,73.4,3,64.0,17.6,36-45,0.688,Hard_Braking
5491,E-Scooter,1.4,2.0,14.95,19.43,66.4,62.4,1,27.5,31.9,18-25,0.765,Normal
5492,E-Bike,3.53,11.77,15.1,18.56,64.2,55.8,1,12.5,21.4,18-25,0.84,Normal
5493,E-Bike,3.53,24.61,11.3,14.59,27.5,17.7,1,1.6,21.4,26-35,0.872,Normal
5494,E-Scooter,7.15,39.31,13.15,20.1,49.2,29.0,0,3.2,20.2,26-35,0.883,Normal
5495,E-Bike,1.86,15.68,8.04,8.55,50.0,44.4,2,15.4,30.6,36-45,0.526,Hard_Braking
5496,E-Scooter,4.57,19.0,17.8,24.23,45.1,33.8,3,6.4,26.9,36-45,0.772,Hard_Braking
5497,E-Scooter,5.9,17.25,22.32,26.66,68.0,51.2,0,36.9,25.4,26-35,0.76,Mechanical_Fault
5498,E-Scooter,1.87,5.05,20.32,26.06,53.1,47.1,3,1.7,28.7,26-35,0.836,Hard_Braking
5499,E-Bike,1.17,10.81,10.3,17.62,61.5,57.3,3,7.2,26.6,26-35,0.732,Hard_Braking
5500,E-Scooter,2.2,9.27,18.66,28.91,55.6,48.8,1,37.4,8.2,36-45,0.743,Normal
5501,E-Scooter,1.02,3.83,16.9,17.98,21.6,17.7,0,75.0,23.6,26-35,0.777,Normal
5502,E-Scooter,2.03,3.5,22.33,30.1,21.2,16.0,1,88.5,8.1,18-25,0.642,Battery_Critical
5503,E-Bike,1.08,7.2,10.41,18.28,61.7,56.3,1,0.9,11.8,18-25,0.8,Normal
5504,E-Scooter,1.5,5.27,22.08,27.67,76.7,76.2,3,4.8,17.0,18-25,0.566,Hard_Braking
5505,E-Bike,5.69,17.73,17.47,17.55,59.4,42.4,2,21.8,12.7,26-35,0.761,Mechanical_Fault
5506,E-Scooter,1.15,8.34,14.72,16.8,81.5,85.5,0,14.6,20.7,18-25,0.624,Normal
5507,E-Scooter,11.95,32.72,21.6,26.75,89.4,59.9,1,46.3,31.1,26-35,0.927,Battery_Critical
5508,E-Scooter,2.71,2.0,28.04,30.1,20.5,17.2,0,7.9,19.0,18-25,0.734,Battery_Critical
5509,E-Bike,1.27,10.35,9.41,10.55,87.2,79.2,1,5.7,8.0,18-25,0.873,Normal
5510,E-Bike,2.59,5.34,18.76,24.89,30.8,23.8,0,8.8,38.1,18-25,0.742,Normal
5511,E-Bike,0.3,6.35,11.74,16.48,78.7,84.5,2,30.1,31.9,46-60,0.895,Mechanical_Fault
5512,E-Scooter,8.33,24.39,17.07,21.44,64.4,41.3,2,18.5,18.9,36-45,0.563,Normal
5513,E-Scooter,4.15,10.92,17.46,21.27,79.6,68.8,2,1.5,32.5,60+,0.46,Battery_Critical
5514,E-Scooter,1.67,16.51,14.97,17.89,69.1,61.9,2,3.6,30.2,46-60,0.529,Normal
5515,E-Bike,1.69,16.52,7.35,13.32,36.2,39.3,3,9.3,11.9,46-60,0.716,Hard_Braking
5516,E-Scooter,1.95,13.64,13.03,18.22,55.9,47.5,1,7.2,35.8,60+,0.714,Normal
5517,E-Bike,3.12,18.37,13.38,21.91,82.4,74.1,3,10.3,12.6,26-35,0.643,Hard_Braking
5518,E-Bike,1.89,3.77,14.88,17.19,68.9,60.1,0,35.5,20.9,26-35,0.383,Improper_Parking
5519,E-Scooter,5.22,21.69,13.67,18.31,28.9,16.4,3,5.1,29.8,36-45,0.842,Hard_Braking
5520,E-Scooter,7.25,20.65,23.31,28.59,31.2,10.9,0,18.8,32.6,26-35,0.524,Battery_Critical
5521,E-Scooter,2.85,14.95,14.75,18.3,28.6,28.4,3,55.2,32.3,36-45,0.841,Hard_Braking
5522,E-Bike,2.03,10.35,13.66,17.38,40.5,36.9,1,1.1,25.0,18-25,0.616,Normal
5523,E-Scooter,0.77,6.41,23.29,28.48,37.1,34.4,1,49.4,40.1,36-45,0.924,Normal
5524,E-Bike,0.3,2.0,10.59,17.38,81.8,85.6,2,38.5,4.4,36-45,0.762,Mechanical_Fault
5525,E-Scooter,2.96,4.7,17.41,17.73,33.0,19.1,1,23.7,17.2,26-35,0.786,Normal
5526,E-Bike,0.41,3.97,13.76,17.91,87.7,82.3,1,8.9,28.8,36-45,0.569,Normal
5527,E-Scooter,7.62,24.31,19.77,22.08,54.8,31.4,1,8.1,24.6,18-25,0.93,Normal
5528,E-Bike,1.28,2.0,10.68,17.46,82.9,74.1,1,36.2,24.3,26-35,0.608,Normal
5529,E-Scooter,1.74,10.7,12.19,16.6,48.9,40.2,4,17.2,14.7,26-35,0.651,Hard_Braking
5530,E-Bike,1.2,5.99,11.98,17.4,40.8,41.8,2,16.8,23.6,18-25,0.914,Normal
5531,E-Scooter,0.3,2.04,7.48,9.09,57.7,58.2,0,7.7,14.7,26-35,0.763,Normal
5532,E-Scooter,3.12,5.64,17.54,24.09,26.3,11.6,2,6.0,28.6,36-45,0.705,Battery_Critical
5533,E-Bike,1.84,11.23,10.8,13.71,78.5,77.3,2,5.7,23.7,26-35,0.783,Normal
5534,E-Scooter,2.59,14.43,17.71,25.06,65.8,55.8,0,4.1,37.7,18-25,0.529,Normal
5535,E-Scooter,0.55,3.72,20.54,22.28,97.3,95.9,1,18.6,15.5,26-35,0.726,Normal
5536,E-Scooter,4.33,18.42,16.62,22.9,23.1,8.1,2,25.2,34.0,36-45,0.859,Battery_Critical
5537,E-Scooter,6.01,35.78,11.14,16.57,49.5,32.2,2,11.9,30.3,26-35,0.988,Normal
5538,E-Bike,0.49,3.12,14.22,22.3,33.7,30.8,1,6.7,19.1,18-25,0.43,Hard_Braking
5539,E-Scooter,1.28,10.03,12.64,15.32,53.7,48.1,0,27.0,16.5,18-25,0.673,Normal
5540,E-Scooter,1.84,11.31,16.61,16.92,63.0,60.7,2,12.9,19.3,26-35,0.81,Normal
5541,E-Scooter,0.8,7.31,21.42,22.59,47.0,48.7,1,16.1,21.0,36-45,0.801,Normal
5542,E-Bike,2.81,13.05,17.26,20.93,83.8,74.0,3,56.5,30.7,36-45,0.784,Hard_Braking
5543,E-Bike,3.59,28.24,7.34,12.36,20.3,3.5,3,1.8,19.8,26-35,0.891,Battery_Critical
5544,E-Scooter,6.82,15.26,21.12,25.29,20.7,6.8,3,25.8,36.9,60+,0.67,Battery_Critical
5545,E-Bike,3.44,14.69,17.68,24.9,89.7,88.5,2,5.4,19.8,46-60,0.714,Mechanical_Fault
5546,E-Bike,0.87,5.8,10.56,17.12,46.4,42.2,2,57.1,21.9,36-45,0.944,Hard_Braking
5547,E-Scooter,3.04,8.85,15.58,21.56,21.3,8.2,2,51.4,16.1,26-35,0.604,Battery_Critical
5548,E-Scooter,0.3,2.0,12.62,19.04,89.6,81.6,3,19.5,10.4,46-60,0.806,Normal
5549,E-Scooter,1.35,8.01,13.51,25.77,34.3,31.4,2,48.6,37.9,18-25,0.744,Hard_Braking
5550,E-Scooter,5.82,19.63,16.24,20.43,44.9,34.1,0,7.4,27.6,46-60,0.778,Normal
5551,E-Scooter,1.19,2.0,19.4,23.0,66.7,61.7,4,37.0,33.5,36-45,0.877,Hard_Braking
5552,E-Bike,12.22,51.25,14.1,17.33,25.0,0.0,2,10.4,22.6,18-25,0.926,Battery_Critical
5553,E-Bike,6.06,25.19,11.62,17.57,38.8,17.6,1,14.5,35.0,46-60,0.756,Normal
5554,E-Scooter,3.25,8.8,17.39,22.62,99.6,86.0,0,141.3,20.0,18-25,0.52,Mechanical_Fault
5555,E-Bike,1.23,5.46,11.85,17.17,22.9,26.3,2,20.0,15.5,18-25,0.724,Normal
5556,E-Scooter,0.48,2.0,22.87,26.74,73.2,79.6,1,9.8,19.0,18-25,0.791,Hard_Braking
5557,E-Scooter,1.43,8.29,18.26,19.61,57.5,47.0,2,41.2,33.6,18-25,0.815,Mechanical_Fault
5558,E-Scooter,3.84,13.16,17.98,25.51,21.9,7.7,4,15.4,30.7,18-25,0.781,Battery_Critical
5559,E-Scooter,3.9,12.86,14.54,22.86,54.1,44.3,0,35.3,34.6,18-25,0.697,Normal
5560,E-Scooter,4.89,35.99,7.58,10.71,71.6,53.2,2,25.7,36.9,26-35,0.842,Normal
5561,E-Bike,1.85,6.85,14.58,17.16,85.5,80.2,1,1.3,26.2,26-35,0.226,Improper_Parking
5562,E-Bike,7.2,30.54,13.6,16.58,27.3,10.3,1,4.0,23.8,26-35,0.97,Battery_Critical
5563,E-Bike,1.75,6.69,10.59,12.93,89.1,79.3,1,10.0,18.9,18-25,0.817,Normal
5564,E-Bike,4.13,16.16,16.15,20.95,91.0,69.1,0,43.7,20.6,18-25,0.816,Mechanical_Fault
5565,E-Scooter,3.72,18.61,11.94,15.35,87.8,78.1,0,27.9,21.6,18-25,0.737,Normal
5566,E-Bike,1.49,2.0,13.76,14.77,80.3,81.4,1,13.6,29.5,26-35,0.65,Normal
5567,E-Scooter,3.28,16.43,15.44,19.73,39.9,32.1,1,45.2,16.4,36-45,0.809,Normal
5568,E-Bike,1.02,3.48,12.64,21.75,28.1,25.8,2,5.7,22.6,26-35,0.909,Normal
5569,E-Bike,0.46,4.65,12.79,17.24,93.4,85.5,1,2.5,21.7,36-45,0.731,Battery_Critical
5570,E-Bike,4.03,19.98,13.06,18.86,48.5,39.6,1,3.2,28.2,46-60,0.376,Improper_Parking
5571,E-Scooter,4.65,14.54,21.74,28.92,54.5,37.9,2,13.2,22.4,18-25,0.737,Hard_Braking
5572,E-Bike,1.54,6.68,11.03,11.19,55.9,49.9,3,8.7,24.2,46-60,0.685,Normal
5573,E-Scooter,6.69,43.62,8.79,16.15,65.3,46.7,2,26.8,21.1,36-45,0.648,Normal
5574,E-Scooter,6.45,14.11,21.75,24.8,22.6,3.0,0,21.3,28.2,26-35,0.819,Battery_Critical
5575,E-Scooter,0.92,2.0,18.7,20.07,91.3,89.9,1,11.5,24.5,36-45,0.755,Normal
5576,E-Scooter,3.92,15.33,17.85,20.44,68.7,59.5,0,38.1,29.3,18-25,,Hard_Braking
5577,E-Bike,1.71,11.71,12.86,15.15,50.5,37.1,0,11.2,9.8,18-25,0.866,Normal
5578,E-Scooter,4.78,12.66,17.77,25.04,43.2,31.5,3,83.4,24.6,26-35,0.851,Hard_Braking
5579,E-Scooter,9.72,39.36,14.36,19.02,82.3,51.4,2,13.8,22.4,18-25,0.403,Improper_Parking
5580,E-Scooter,2.45,8.79,17.53,20.15,43.7,30.5,3,1.4,27.3,18-25,0.468,Hard_Braking
5581,E-Scooter,6.01,20.3,17.7,23.71,85.8,76.9,3,6.4,20.1,36-45,0.878,Hard_Braking
5582,E-Scooter,4.81,18.58,21.17,25.52,59.7,39.6,2,95.3,22.0,60+,0.832,Mechanical_Fault
5583,E-Bike,2.83,13.02,17.39,24.8,42.2,31.4,0,0.3,25.5,46-60,0.762,Normal
5584,E-Scooter,8.24,47.83,10.52,10.56,50.5,21.5,0,19.6,26.4,36-45,0.777,Normal
5585,E-Scooter,0.77,2.0,19.34,25.39,95.6,93.0,1,8.0,33.3,60+,0.8,Normal
5586,E-Scooter,5.75,17.22,18.22,22.39,28.7,11.6,1,6.8,14.2,36-45,0.581,Battery_Critical
5587,E-Scooter,2.4,6.96,22.05,27.08,82.6,80.5,0,34.5,8.5,36-45,0.853,Normal
5588,E-Bike,3.24,16.53,12.51,13.0,50.3,38.1,1,20.9,30.4,26-35,0.645,Normal
5589,E-Scooter,1.85,2.81,16.47,16.6,33.7,25.3,1,9.4,27.6,18-25,0.476,Normal
5590,E-Scooter,2.48,9.13,17.21,24.02,34.1,27.8,2,10.5,29.7,18-25,0.606,Normal
5591,E-Bike,1.19,6.96,15.78,16.84,78.1,76.0,1,3.6,25.9,26-35,0.723,Normal
5592,E-Bike,6.28,74.05,5.0,13.66,49.5,25.4,0,10.5,21.0,26-35,0.829,Normal
5593,E-Scooter,6.11,19.61,20.52,21.13,26.5,10.5,2,26.6,18.5,46-60,0.976,Battery_Critical
5594,E-Scooter,0.53,2.0,18.56,23.48,68.9,66.6,1,2.8,20.2,26-35,0.628,Hard_Braking
5595,E-Scooter,0.64,2.4,14.94,20.67,97.9,95.3,1,19.7,14.2,,0.709,Normal
5596,E-Scooter,1.16,2.0,18.57,23.18,51.3,45.1,3,13.3,27.0,36-45,0.648,Hard_Braking
5597,E-Bike,9.96,45.23,13.82,14.63,59.8,29.0,4,51.2,10.2,26-35,0.672,Hard_Braking
5598,E-Scooter,1.11,2.0,18.27,28.32,83.9,81.4,0,43.8,22.0,26-35,0.939,Mechanical_Fault
5599,E-Scooter,4.24,7.29,29.49,37.51,82.3,74.4,0,11.5,20.1,18-25,0.913,Normal
5600,E-Scooter,3.9,16.77,12.03,14.39,65.8,48.4,2,10.9,25.5,26-35,0.72,Normal
5601,E-Scooter,1.58,11.95,13.13,16.06,54.4,51.3,0,20.8,18.7,26-35,0.77,Normal
5602,E-Scooter,3.96,15.53,17.08,23.11,24.7,16.8,3,40.2,12.4,60+,0.944,Hard_Braking
5603,E-Bike,2.14,9.06,14.48,16.44,89.4,86.8,2,13.2,22.7,36-45,0.831,Normal
5604,E-Scooter,1.85,8.38,19.21,25.97,65.0,63.8,1,18.8,25.8,26-35,0.884,Hard_Braking
5605,E-Scooter,6.69,26.88,14.34,16.24,61.4,40.1,2,12.2,22.1,18-25,0.743,Normal
5606,E-Scooter,0.94,2.0,22.51,30.12,89.2,90.3,0,8.4,19.5,18-25,0.765,Normal
5607,E-Scooter,3.22,19.44,13.42,17.22,85.6,83.4,1,20.4,19.2,36-45,0.384,Improper_Parking
5608,E-Scooter,0.3,2.0,28.49,32.19,48.6,48.0,2,18.9,19.3,18-25,0.735,Hard_Braking
5609,E-Scooter,4.07,4.74,20.44,26.41,30.7,17.0,1,1.7,20.2,26-35,0.858,Normal
5610,E-Scooter,2.1,15.21,11.39,11.62,88.1,79.4,1,72.0,24.1,46-60,0.708,Mechanical_Fault
5611,E-Scooter,1.85,17.52,13.09,16.09,85.2,84.5,0,10.4,22.7,18-25,0.555,Normal
5612,E-Bike,3.8,18.64,15.27,22.43,41.0,30.0,0,26.3,23.8,26-35,0.753,Normal
5613,E-Bike,1.11,2.0,13.58,17.37,83.3,82.1,1,24.9,22.0,26-35,0.82,Normal
5614,E-Bike,4.66,27.22,10.32,19.94,44.3,34.7,1,53.6,35.9,46-60,0.541,Improper_Parking
5615,E-Scooter,3.22,3.72,22.22,24.13,48.5,35.8,3,18.5,6.2,36-45,0.903,Hard_Braking
5616,E-Scooter,6.88,48.87,8.73,10.61,69.5,54.5,1,24.1,26.3,26-35,0.858,Improper_Parking
5617,E-Scooter,4.95,18.25,17.51,25.18,57.4,42.9,0,28.8,22.2,36-45,0.913,Normal
5618,E-Bike,4.5,20.32,12.17,17.78,26.5,16.6,1,30.8,20.2,18-25,0.818,Normal
5619,E-Scooter,0.3,2.0,14.48,23.79,79.1,75.0,0,45.4,37.5,18-25,0.99,Normal
5620,E-Bike,2.84,12.92,15.57,20.97,77.5,68.8,1,78.7,17.9,18-25,0.621,Mechanical_Fault
5621,E-Scooter,7.86,31.13,16.97,24.87,44.0,19.5,1,64.4,16.7,26-35,0.448,Hard_Braking
5622,E-Scooter,2.67,9.83,16.93,26.17,97.9,85.7,1,29.2,26.1,26-35,0.745,Normal
5623,E-Bike,2.07,8.04,8.96,12.74,95.2,87.0,1,28.7,31.0,46-60,0.552,Normal
5624,E-Scooter,6.34,28.23,13.01,15.55,96.2,80.6,0,45.2,12.9,36-45,,Normal
5625,E-Scooter,2.43,11.62,19.47,27.03,64.4,50.6,3,10.3,22.0,60+,0.926,Hard_Braking
5626,E-Scooter,3.74,14.9,15.39,19.28,61.5,46.9,1,48.1,20.1,26-35,0.808,Normal
5627,E-Scooter,3.42,12.39,19.01,19.68,76.7,63.7,0,11.2,18.0,26-35,0.458,Normal
5628,E-Scooter,8.44,28.96,19.74,27.47,37.3,10.0,1,6.6,33.4,60+,0.749,Normal
5629,E-Scooter,2.16,3.3,18.94,24.46,80.3,67.1,2,14.3,24.9,36-45,0.956,Normal
5630,E-Scooter,5.47,15.2,23.22,29.77,38.9,20.7,0,1.0,41.6,36-45,0.786,Normal
5631,E-Scooter,9.23,22.83,21.48,25.94,41.2,12.9,2,17.3,27.8,46-60,0.848,Battery_Critical
5632,E-Scooter,1.58,8.1,14.06,19.16,48.7,42.4,0,5.9,24.1,18-25,0.743,Normal
5633,E-Scooter,0.99,2.0,18.4,26.46,67.4,63.4,0,15.1,14.2,46-60,0.794,Normal
5634,E-Scooter,2.21,12.38,11.26,17.38,54.9,52.2,3,17.4,16.6,46-60,0.954,Hard_Braking
5635,E-Scooter,6.03,41.23,8.71,15.92,21.3,3.4,1,4.7,18.7,26-35,0.852,Battery_Critical
5636,E-Bike,2.32,12.42,8.45,13.67,70.8,54.4,2,56.8,14.8,26-35,0.817,Mechanical_Fault
5637,E-Scooter,4.16,20.49,13.39,19.26,25.2,12.0,0,5.5,21.2,26-35,0.337,Improper_Parking
5638,E-Bike,1.16,5.24,13.42,14.61,34.2,23.9,1,18.0,11.1,26-35,0.889,Normal
5639,E-Scooter,2.24,10.32,13.58,17.27,95.0,85.1,1,25.0,25.1,18-25,0.916,Normal
5640,E-Bike,3.59,21.9,12.39,23.4,83.9,76.4,2,3.5,27.2,18-25,0.945,Normal
5641,E-Bike,2.53,10.14,12.27,20.0,37.8,21.9,1,3.2,36.2,18-25,0.912,Normal
5642,E-Scooter,4.52,14.57,17.58,23.23,81.8,63.2,2,66.9,10.5,46-60,0.766,Mechanical_Fault
5643,E-Scooter,6.61,29.34,12.88,13.14,23.1,0.0,1,7.7,25.5,46-60,0.858,Battery_Critical
5644,E-Scooter,3.69,28.99,8.36,11.39,29.7,18.0,2,22.1,42.0,26-35,0.693,Normal
5645,E-Scooter,1.45,9.6,20.01,28.85,80.7,74.6,2,4.5,15.6,26-35,0.874,Hard_Braking
5646,E-Bike,5.88,21.63,18.44,23.09,90.6,71.5,2,15.1,16.6,18-25,0.84,Normal
5647,E-Scooter,4.27,22.63,14.78,23.56,52.6,40.0,0,1.0,22.0,18-25,0.84,Normal
5648,E-Bike,1.14,2.38,19.01,26.04,35.2,31.8,1,28.5,30.7,36-45,0.874,Normal
5649,E-Bike,0.53,3.14,13.22,16.38,63.8,56.0,0,58.1,8.8,26-35,0.755,Normal
5650,E-Bike,1.58,9.97,19.94,27.37,46.7,37.8,1,14.6,37.7,18-25,0.653,Normal
5651,E-Bike,1.75,10.04,13.74,18.39,36.7,34.3,0,65.2,26.8,26-35,0.82,Mechanical_Fault
5652,E-Bike,3.89,21.18,12.79,15.72,83.3,67.3,1,9.2,23.0,18-25,0.875,Normal
5653,E-Scooter,8.61,24.49,20.24,29.74,82.3,52.4,0,0.5,28.0,18-25,0.892,Normal
5654,E-Bike,3.56,16.41,13.35,18.85,43.4,37.2,1,27.0,17.4,18-25,0.803,Normal
5655,E-Bike,3.2,20.97,9.72,12.39,63.1,50.4,2,23.9,29.3,36-45,0.85,Normal
5656,E-Scooter,2.9,7.73,14.32,19.33,23.3,18.8,0,27.3,21.5,26-35,0.826,Normal
5657,E-Bike,0.63,6.36,17.99,24.47,54.4,54.6,2,10.8,14.7,18-25,0.69,Normal
5658,E-Scooter,3.63,10.77,21.68,29.39,91.4,78.9,1,15.3,26.5,18-25,0.663,Normal
5659,E-Scooter,0.68,2.0,23.28,32.78,33.1,38.2,2,57.7,26.6,26-35,0.681,Mechanical_Fault
5660,E-Scooter,2.16,6.05,13.75,19.13,76.0,71.2,2,15.3,15.0,36-45,0.978,Normal
5661,E-Scooter,11.49,40.45,16.57,21.41,84.2,47.3,1,4.7,26.0,36-45,0.821,Hard_Braking
5662,E-Scooter,4.48,25.48,11.72,16.78,95.4,82.6,2,28.0,41.9,26-35,0.692,Normal
5663,E-Scooter,1.29,5.88,16.5,19.99,71.5,65.8,2,2.5,38.7,26-35,0.824,Battery_Critical
5664,E-Scooter,0.66,5.63,23.8,25.22,36.7,33.7,0,20.0,36.9,46-60,0.837,Normal
5665,E-Bike,4.32,16.55,13.72,13.89,43.7,29.9,0,5.0,24.2,46-60,0.847,Normal
5666,E-Scooter,1.24,3.78,15.74,19.88,83.4,81.2,1,28.3,36.3,26-35,0.752,Normal
5667,E-Scooter,2.7,2.08,21.44,32.5,28.5,21.9,1,5.1,25.0,18-25,0.608,Improper_Parking
5668,E-Scooter,0.94,2.0,24.15,27.26,25.8,21.5,2,0.6,16.3,26-35,0.63,Normal
5669,E-Scooter,7.76,48.41,10.15,18.4,85.7,63.0,2,7.5,20.4,26-35,0.836,Normal
5670,E-Bike,5.59,28.77,13.43,15.06,30.8,14.4,2,7.1,20.0,26-35,0.847,Battery_Critical
5671,E-Bike,0.7,2.25,14.36,19.8,31.5,31.9,3,32.5,24.4,26-35,0.74,Hard_Braking
5672,E-Bike,1.33,3.21,17.51,21.9,23.8,24.0,1,40.2,35.6,26-35,0.569,Normal
5673,E-Scooter,1.93,8.2,16.26,16.6,96.3,87.2,0,26.5,27.9,18-25,0.861,Normal
5674,E-Bike,1.47,6.07,19.61,21.1,27.2,22.0,2,25.9,30.3,26-35,0.858,Normal
5675,E-Scooter,7.35,18.2,23.06,31.29,21.3,1.8,4,3.8,24.9,60+,0.84,Battery_Critical
5676,E-Scooter,2.45,8.05,21.72,24.91,63.2,56.9,3,18.6,35.5,18-25,0.909,Hard_Braking
5677,E-Scooter,1.83,4.19,22.22,25.83,82.4,72.3,1,28.9,11.8,26-35,0.762,Normal
5678,E-Bike,5.01,27.52,10.59,19.03,58.0,37.1,1,42.0,18.7,60+,0.853,Normal
5679,E-Scooter,2.51,21.89,11.13,16.3,34.4,35.2,2,9.7,20.9,26-35,0.862,Hard_Braking
5680,E-Bike,1.1,7.35,13.53,22.69,90.2,89.4,2,0.4,20.9,18-25,0.806,Hard_Braking
5681,E-Scooter,3.26,16.7,15.02,16.81,79.7,72.3,1,57.7,20.5,18-25,0.779,Normal
5682,E-Scooter,4.86,13.34,17.77,21.3,50.2,29.7,1,13.2,25.1,18-25,0.879,Normal
5683,E-Scooter,0.98,2.03,20.91,28.67,97.1,95.3,2,1.7,20.2,26-35,0.932,Normal
5684,E-Bike,3.49,9.59,17.86,19.19,82.7,67.8,2,15.5,22.6,26-35,,Mechanical_Fault
5685,E-Scooter,1.43,5.63,23.6,31.44,70.6,65.1,1,21.8,32.2,36-45,0.827,Battery_Critical
5686,E-Bike,4.61,22.06,12.09,20.28,23.2,11.9,3,17.6,24.8,18-25,0.844,Hard_Braking
5687,E-Scooter,0.96,5.64,14.67,24.96,22.7,17.9,0,23.7,27.6,18-25,0.788,Normal
5688,E-Scooter,1.88,7.3,14.2,21.26,66.4,58.7,5,25.1,35.5,36-45,0.766,Hard_Braking
5689,E-Scooter,2.17,10.09,16.65,22.57,57.1,49.3,0,9.4,23.1,26-35,0.471,Normal
5690,E-Scooter,3.59,9.96,18.7,30.92,69.4,60.8,1,27.9,18.9,18-25,0.926,Normal
5691,E-Bike,0.85,4.7,10.2,15.42,70.4,69.8,0,2.5,28.0,26-35,0.685,Normal
5692,E-Scooter,5.03,17.17,17.81,22.97,84.1,72.5,4,14.6,25.2,18-25,0.86,Hard_Braking
5693,E-Bike,1.25,11.53,14.01,22.27,75.6,74.3,0,7.1,31.5,26-35,0.527,Normal
5694,E-Scooter,3.25,8.42,20.3,23.74,65.3,54.8,3,18.8,18.5,26-35,0.844,Hard_Braking
5695,E-Scooter,3.03,18.11,9.92,11.66,75.5,62.4,2,23.8,30.8,18-25,0.837,Normal
5696,E-Scooter,1.28,10.03,16.85,22.21,69.1,75.0,2,66.7,15.8,26-35,,Mechanical_Fault
5697,E-Scooter,1.52,8.66,16.47,24.19,32.7,33.7,1,35.1,30.0,18-25,0.44,Hard_Braking
5698,E-Bike,3.76,23.96,11.37,18.0,79.1,66.3,0,32.7,27.9,36-45,0.526,Normal
5699,E-Scooter,0.49,2.0,23.64,25.61,67.5,70.1,1,39.8,27.3,18-25,0.492,Hard_Braking
5700,E-Bike,2.0,3.84,14.45,18.15,50.9,40.8,2,15.0,19.2,46-60,0.781,Normal
5701,E-Bike,2.05,10.47,11.2,16.39,30.7,25.9,2,1.9,27.1,18-25,0.621,Hard_Braking
5702,E-Bike,5.96,15.39,17.81,24.57,55.1,38.7,1,2.3,30.0,18-25,0.936,Normal
5703,E-Scooter,2.25,5.61,21.36,25.22,97.3,89.1,1,29.1,30.7,46-60,0.857,Hard_Braking
5704,E-Bike,3.64,24.57,8.1,15.33,41.5,26.5,0,18.3,12.5,26-35,0.843,Normal
5705,E-Scooter,5.54,20.53,18.37,21.47,69.3,47.6,0,17.0,19.7,26-35,0.63,Normal
5706,E-Bike,0.86,3.74,10.38,11.8,56.4,51.0,0,11.0,31.7,26-35,0.524,Normal
5707,E-Bike,2.7,12.56,14.51,17.96,74.6,68.3,0,35.9,35.8,18-25,0.958,Normal
5708,E-Bike,2.46,14.94,12.62,19.76,93.2,78.9,3,57.8,24.3,26-35,0.757,Hard_Braking
5709,E-Scooter,1.11,5.09,19.35,25.14,21.3,13.3,1,7.1,19.0,18-25,0.511,Normal
5710,E-Bike,1.29,2.0,16.59,21.09,79.4,76.4,2,14.7,26.7,26-35,0.752,Normal
5711,E-Scooter,5.23,23.05,16.66,16.7,42.8,20.2,2,28.8,27.9,18-25,0.763,Normal
5712,E-Scooter,2.11,9.88,16.31,20.43,92.5,90.9,2,32.9,40.9,18-25,0.719,Normal
5713,E-Bike,1.59,2.51,17.23,19.32,43.5,37.7,1,8.1,19.3,18-25,0.655,Normal
5714,E-Scooter,4.11,13.82,18.99,28.31,80.6,71.8,3,7.7,36.3,18-25,0.425,Hard_Braking
5715,E-Bike,0.3,3.61,17.36,21.35,78.6,77.8,1,19.0,30.6,26-35,0.578,Improper_Parking
5716,E-Scooter,0.77,7.31,14.22,17.89,66.6,68.2,2,10.3,13.4,18-25,0.458,Hard_Braking
5717,E-Scooter,1.64,3.04,21.27,23.37,84.8,77.8,1,2.9,33.3,60+,0.888,Hard_Braking
5718,E-Bike,5.7,34.82,10.72,16.26,67.9,47.5,2,4.7,26.6,18-25,0.583,Normal
5719,E-Scooter,9.89,29.18,19.38,22.21,78.1,50.8,1,15.0,35.8,46-60,0.762,Normal
5720,E-Scooter,0.65,2.0,19.56,27.29,90.7,84.5,1,6.6,12.1,18-25,0.82,Normal
5721,E-Bike,4.39,6.41,18.27,22.22,56.0,40.1,2,58.3,26.7,26-35,0.716,Mechanical_Fault
5722,E-Scooter,1.81,3.22,18.92,23.57,60.7,48.7,1,48.6,28.7,36-45,0.976,Normal
5723,E-Bike,0.84,3.2,9.32,17.21,51.3,52.0,1,56.1,27.5,26-35,0.635,Normal
5724,E-Scooter,4.17,18.03,17.02,21.08,66.3,48.2,0,62.9,14.7,18-25,0.807,Normal
5725,E-Bike,4.46,19.34,13.72,19.03,45.5,30.3,2,11.8,33.4,18-25,0.705,Normal
5726,E-Scooter,3.74,13.56,14.77,19.36,85.7,73.2,2,1.8,19.7,26-35,0.588,Hard_Braking
5727,E-Bike,3.91,27.4,8.61,13.6,29.6,8.9,2,43.4,22.6,26-35,0.876,Battery_Critical
5728,E-Bike,1.93,10.59,10.26,15.35,93.4,90.2,0,10.0,22.6,18-25,0.984,Normal
5729,E-Scooter,1.25,3.26,15.75,22.02,20.7,20.3,2,16.3,33.2,26-35,0.828,Battery_Critical
5730,E-Bike,1.49,2.03,16.52,23.6,66.4,60.0,0,4.2,23.3,26-35,0.604,Normal
5731,E-Bike,5.82,24.47,13.74,19.06,60.2,46.6,1,6.3,20.2,18-25,0.492,Battery_Critical
5732,E-Scooter,1.42,2.92,19.68,27.61,97.6,100.0,1,9.9,24.1,46-60,,Normal
5733,E-Bike,7.97,34.86,12.16,20.69,82.7,50.6,0,37.1,29.6,18-25,0.729,Mechanical_Fault
5734,E-Bike,10.18,52.82,12.71,17.27,46.7,17.6,1,6.9,41.7,36-45,0.607,Improper_Parking
5735,E-Scooter,2.37,9.72,16.72,21.4,37.2,29.0,0,0.6,28.2,46-60,0.788,Normal
5736,E-Bike,1.23,2.0,15.74,19.9,61.2,58.9,3,14.7,16.4,26-35,0.626,Hard_Braking
5737,E-Bike,4.39,14.84,15.75,18.39,97.0,84.7,1,10.4,31.1,26-35,0.463,Normal
5738,E-Bike,0.3,2.0,16.28,22.37,20.3,14.7,0,17.5,29.7,36-45,0.922,Normal
5739,E-Scooter,2.26,6.68,20.11,21.55,79.5,73.7,0,19.5,33.9,46-60,0.718,Normal
5740,E-Scooter,1.61,8.92,17.57,20.6,69.5,63.6,1,29.9,21.9,18-25,0.851,Normal
5741,E-Bike,0.67,5.02,9.97,18.83,71.3,68.4,0,5.4,27.8,18-25,0.658,Normal
5742,E-Bike,1.57,8.72,12.46,18.78,21.6,17.7,1,12.4,10.2,36-45,0.718,Mechanical_Fault
5743,E-Bike,3.09,14.15,10.16,18.04,59.3,59.9,1,26.0,24.9,18-25,0.831,Mechanical_Fault
5744,E-Scooter,4.39,9.12,25.48,30.59,89.6,73.6,1,35.5,33.7,18-25,0.464,Normal
5745,E-Scooter,1.13,4.11,16.97,23.63,58.1,63.1,0,93.0,32.6,,0.953,Mechanical_Fault
5746,E-Scooter,10.13,37.91,17.19,21.04,31.1,0.0,1,0.2,10.4,36-45,0.859,Battery_Critical
5747,E-Bike,13.74,80.0,9.68,17.35,98.1,57.2,0,6.4,29.4,36-45,0.48,Improper_Parking
5748,E-Bike,1.95,6.07,14.67,18.93,94.0,88.3,3,24.2,27.5,18-25,0.914,Hard_Braking
5749,E-Bike,1.65,7.14,13.03,13.32,34.0,35.2,0,5.2,25.0,18-25,0.722,Normal
5750,E-Bike,1.57,14.62,7.81,8.88,64.9,58.1,1,13.0,17.0,18-25,0.792,Mechanical_Fault
5751,E-Scooter,3.62,15.32,17.03,18.2,55.5,45.9,1,53.3,26.2,18-25,0.684,Battery_Critical
5752,E-Scooter,5.53,14.88,21.86,27.6,39.2,27.4,2,32.1,15.9,18-25,0.693,Normal
5753,E-Bike,7.02,33.03,12.86,14.65,55.4,30.6,0,24.8,30.1,18-25,0.658,Normal
5754,E-Bike,0.89,5.65,10.2,15.11,64.9,60.2,2,10.0,29.6,36-45,0.717,Normal
5755,E-Scooter,5.09,22.84,20.36,26.06,81.4,68.7,0,17.7,37.5,18-25,0.755,Normal
5756,E-Scooter,4.33,9.44,23.42,31.5,88.9,80.2,2,9.2,24.2,26-35,0.7,Normal
5757,E-Scooter,5.59,14.21,22.36,29.03,46.2,28.4,1,21.9,11.4,18-25,0.772,Normal
5758,E-Scooter,4.49,12.81,20.66,24.81,70.5,61.2,2,1.7,33.6,36-45,0.725,Normal
5759,E-Bike,2.41,12.62,16.6,19.61,89.1,86.8,3,7.6,22.0,46-60,0.584,Hard_Braking
5760,E-Scooter,3.55,8.98,21.95,28.69,93.2,81.0,4,41.7,15.4,26-35,0.862,Hard_Braking
5761,E-Scooter,1.37,6.65,12.48,19.19,64.1,55.9,4,6.7,22.9,46-60,0.873,Hard_Braking
5762,E-Scooter,1.92,8.38,19.85,21.11,77.2,71.5,1,16.7,-0.5,46-60,0.503,Hard_Braking
5763,E-Bike,0.94,2.48,14.3,18.62,66.7,65.4,1,10.2,26.8,26-35,0.843,Normal
5764,E-Scooter,2.32,8.36,14.7,24.5,27.4,20.3,2,36.1,13.4,18-25,0.38,Improper_Parking
5765,E-Bike,2.35,11.12,12.56,13.26,44.7,40.1,2,3.5,23.1,60+,0.713,Hard_Braking
5766,E-Bike,1.37,7.53,13.74,21.59,40.2,36.5,0,14.7,23.0,46-60,0.87,Normal
5767,E-Scooter,1.87,10.51,22.43,27.47,58.0,53.6,0,26.7,28.1,26-35,0.786,Normal
5768,E-Bike,2.17,4.83,18.39,24.25,30.8,31.0,3,8.2,33.8,18-25,0.668,Hard_Braking
5769,E-Scooter,3.95,14.49,21.26,28.94,58.9,51.1,2,5.1,32.3,36-45,0.824,Normal
5770,E-Scooter,1.58,3.23,23.49,29.54,64.0,58.1,2,12.6,19.2,18-25,0.712,Hard_Braking
5771,E-Scooter,1.63,12.27,7.39,8.52,63.4,54.2,2,38.6,34.9,26-35,0.917,Hard_Braking
5772,E-Bike,2.59,15.82,11.67,17.59,22.9,8.4,0,6.5,21.3,46-60,0.514,Battery_Critical
5773,E-Bike,9.88,44.18,13.42,16.31,94.0,68.6,2,23.6,42.0,18-25,0.667,Normal
5774,E-Bike,2.48,11.04,10.91,15.94,45.0,32.8,1,7.4,19.5,36-45,0.871,Normal
5775,E-Bike,0.68,2.0,17.9,18.42,98.0,94.8,1,2.5,21.4,46-60,0.905,Normal
5776,E-Scooter,5.22,21.61,18.37,29.04,26.2,12.6,2,13.0,25.2,36-45,0.914,Battery_Critical
5777,E-Bike,3.44,14.86,13.16,20.34,95.8,89.2,3,35.8,9.8,26-35,0.928,Hard_Braking
5778,E-Bike,4.31,18.48,10.7,14.27,35.1,15.5,1,2.1,17.8,18-25,0.795,Normal
5779,E-Bike,1.31,6.36,18.48,20.53,52.8,54.1,2,21.5,17.5,46-60,0.666,Improper_Parking
5780,E-Bike,7.02,28.6,13.81,16.45,60.6,41.0,2,8.6,19.1,36-45,0.815,Normal
5781,E-Bike,2.14,27.77,5.0,9.09,43.9,40.5,1,0.9,23.8,26-35,0.787,Normal
5782,E-Scooter,5.28,22.61,15.3,22.09,51.3,38.0,3,9.1,23.5,26-35,0.713,Battery_Critical
5783,E-Scooter,0.3,2.0,15.1,22.75,73.6,76.0,1,27.8,15.2,26-35,0.681,Mechanical_Fault
5784,E-Bike,5.51,29.98,11.17,16.32,82.1,64.1,3,11.5,29.4,36-45,0.765,Hard_Braking
5785,E-Scooter,1.71,8.0,16.62,25.46,35.4,36.6,0,27.4,30.7,46-60,0.527,Normal
5786,E-Bike,2.97,12.43,13.12,14.46,44.9,35.6,1,28.2,21.9,36-45,0.683,Normal
5787,E-Scooter,4.98,11.09,17.79,19.87,52.3,29.5,2,21.4,22.5,36-45,0.804,Normal
5788,E-Scooter,7.76,29.9,15.79,21.21,22.4,0.7,2,20.0,19.9,36-45,0.951,Battery_Critical
5789,E-Scooter,4.49,22.32,13.39,21.55,46.4,35.1,0,36.7,35.3,26-35,0.327,Improper_Parking
5790,E-Scooter,2.14,14.23,18.14,25.01,98.9,92.5,2,2.8,20.7,26-35,0.535,Hard_Braking
5791,E-Scooter,2.79,8.77,15.1,18.26,88.2,93.9,0,15.8,35.2,36-45,0.854,Normal
5792,E-Scooter,5.28,18.49,15.93,20.6,97.7,81.8,1,6.7,20.1,36-45,0.786,Normal
5793,E-Scooter,1.74,3.16,16.49,21.51,80.0,73.8,1,60.2,21.6,26-35,0.911,Normal
5794,E-Bike,1.76,8.61,10.72,16.95,51.2,42.7,5,53.0,22.3,26-35,0.735,Hard_Braking
5795,E-Bike,0.3,2.63,12.1,17.04,59.8,65.1,0,55.1,22.0,26-35,0.775,Normal
5796,E-Scooter,12.82,51.72,15.05,22.66,52.9,7.8,4,0.9,22.1,18-25,0.493,Hard_Braking
5797,E-Scooter,2.16,12.28,17.03,22.37,66.8,59.2,1,9.7,26.1,26-35,0.884,Normal
5798,E-Scooter,7.22,30.34,16.55,17.71,70.4,46.3,1,14.2,18.9,36-45,0.746,Normal
5799,E-Scooter,3.07,9.78,14.32,20.16,58.7,51.8,3,18.3,27.5,36-45,0.848,Hard_Braking
5800,E-Bike,2.31,13.91,14.58,15.08,38.6,30.6,2,3.8,36.3,18-25,0.71,Hard_Braking
5801,E-Scooter,2.95,14.78,11.43,16.03,48.2,32.4,1,30.5,14.7,18-25,0.829,Normal
5802,E-Bike,4.16,15.23,18.47,18.9,53.4,38.4,3,9.0,14.5,36-45,0.833,Hard_Braking
5803,E-Scooter,3.01,14.38,10.32,20.6,27.8,26.1,3,27.9,24.3,60+,0.881,Hard_Braking
5804,E-Scooter,2.14,7.63,21.56,24.77,81.5,77.9,0,3.0,39.5,18-25,0.788,Normal
5805,E-Bike,3.26,9.08,15.52,20.8,95.7,85.7,3,32.7,16.0,36-45,0.891,Hard_Braking
5806,E-Scooter,1.36,2.7,16.92,23.58,38.6,35.4,0,12.1,36.5,18-25,0.764,Normal
5807,E-Scooter,1.62,10.0,14.51,20.87,98.5,100.0,0,6.5,24.4,18-25,0.896,Normal
5808,E-Scooter,1.73,7.01,15.9,24.8,71.8,71.2,3,13.9,26.6,36-45,0.748,Hard_Braking
5809,E-Bike,4.25,32.51,8.08,11.09,72.7,57.3,0,0.9,29.9,18-25,0.613,Normal
5810,E-Bike,1.54,5.27,11.94,14.11,39.8,39.8,1,62.4,10.0,46-60,0.63,Battery_Critical
5811,E-Bike,4.11,16.05,15.18,21.32,38.4,25.5,1,50.4,36.9,36-45,0.532,Normal
5812,E-Scooter,3.67,11.6,22.22,26.47,71.6,53.5,2,21.8,21.6,18-25,0.69,Mechanical_Fault
5813,E-Bike,3.3,17.29,12.04,17.83,61.4,48.4,1,2.5,28.1,46-60,0.83,Normal
5814,E-Bike,1.79,2.6,13.46,18.53,53.3,41.3,3,14.6,13.3,18-25,0.621,Hard_Braking
5815,E-Bike,5.77,25.63,13.05,23.82,52.8,33.3,0,16.7,11.7,18-25,0.464,Normal
5816,E-Bike,3.71,26.71,9.93,10.54,31.5,20.2,0,4.5,25.4,26-35,0.561,Normal
5817,E-Scooter,0.92,2.73,18.3,23.72,91.7,94.1,3,33.5,29.5,18-25,0.89,Hard_Braking
5818,E-Scooter,3.71,14.23,20.84,27.43,80.1,73.4,1,30.0,32.3,36-45,0.541,Normal
5819,E-Bike,2.52,13.18,14.57,21.17,40.3,28.8,1,2.8,17.0,26-35,0.97,Normal
5820,E-Scooter,1.76,6.88,14.27,14.3,66.7,63.6,3,5.2,19.1,36-45,0.879,Hard_Braking
5821,E-Scooter,2.34,15.37,13.29,19.52,77.7,74.1,0,84.0,14.7,60+,0.883,Mechanical_Fault
5822,E-Bike,0.73,2.0,15.41,17.31,36.2,25.3,3,42.1,21.1,,0.84,Hard_Braking
5823,E-Bike,2.04,7.53,14.6,17.37,77.3,73.9,1,5.7,22.7,26-35,0.66,Normal
5824,E-Bike,1.02,9.12,15.51,26.97,82.9,84.9,3,46.2,13.5,26-35,0.8,Hard_Braking
5825,E-Bike,5.27,31.57,10.04,16.61,66.4,53.5,1,0.9,28.9,26-35,0.73,Normal
5826,E-Scooter,0.89,2.0,15.58,18.69,29.6,28.3,0,19.2,24.3,18-25,0.723,Normal
5827,E-Bike,9.26,52.79,10.91,19.7,71.2,44.1,1,30.8,28.4,26-35,0.899,Mechanical_Fault
5828,E-Scooter,0.68,3.52,17.54,23.76,76.3,74.0,2,15.9,22.2,36-45,0.946,Normal
5829,E-Bike,3.28,18.72,12.3,16.09,53.1,36.9,1,12.3,22.7,18-25,0.767,Hard_Braking
5830,E-Bike,1.89,2.12,18.93,27.6,92.1,87.7,2,0.9,26.2,26-35,0.723,Normal
5831,E-Bike,1.79,18.86,6.51,13.53,46.9,40.8,0,39.4,24.7,18-25,0.703,Normal
5832,E-Scooter,2.17,13.03,15.48,20.34,37.2,34.5,2,32.7,36.7,46-60,0.675,Mechanical_Fault
5833,E-Scooter,2.42,5.05,16.3,21.27,86.6,80.2,0,1.6,26.1,18-25,0.897,Hard_Braking
5834,E-Scooter,0.89,7.03,13.34,21.1,60.3,46.9,0,16.2,28.1,26-35,0.581,Normal
5835,E-Scooter,5.11,14.38,21.21,28.44,87.0,74.0,0,18.4,15.7,36-45,0.653,Normal
5836,E-Scooter,2.17,14.57,9.28,16.29,64.2,51.7,0,2.6,24.3,26-35,0.329,Improper_Parking
5837,E-Bike,0.82,8.66,15.32,71.65,92.8,91.1,1,43.3,36.6,26-35,0.654,Normal
5838,E-Bike,0.66,7.77,10.35,13.82,80.0,75.7,3,4.0,30.4,26-35,0.829,Hard_Braking
5839,E-Bike,1.72,4.52,16.98,26.12,82.1,74.1,2,0.8,18.8,36-45,0.975,Hard_Braking
5840,E-Bike,1.49,10.2,13.24,16.44,34.4,36.9,1,18.2,31.3,18-25,0.557,Normal
5841,E-Bike,9.09,47.26,11.87,16.08,87.3,66.2,0,10.4,24.9,46-60,0.845,Normal
5842,E-Scooter,7.43,16.82,20.24,25.63,43.9,24.1,2,11.3,19.6,36-45,0.648,Normal
5843,E-Scooter,1.11,8.71,12.22,21.54,87.3,87.2,0,22.7,12.4,46-60,0.735,Mechanical_Fault
5844,E-Scooter,4.65,9.33,23.26,28.49,63.0,48.0,1,1.0,24.1,18-25,0.559,Normal
5845,E-Scooter,2.27,6.97,14.05,17.01,83.9,74.9,1,29.8,24.7,18-25,0.727,Normal
5846,E-Scooter,1.66,2.0,22.1,30.27,45.4,33.4,2,9.5,27.5,26-35,0.701,Hard_Braking
5847,E-Scooter,3.3,17.75,13.54,24.34,76.0,64.1,0,32.9,19.5,18-25,0.886,Normal
5848,E-Scooter,2.04,11.38,14.76,24.59,78.0,73.5,0,25.5,14.9,26-35,0.765,Normal
5849,E-Scooter,4.14,16.28,14.94,20.44,67.8,54.4,2,25.4,27.1,36-45,0.959,Normal
5850,E-Scooter,1.33,8.95,15.9,22.52,94.4,87.7,3,28.4,27.9,46-60,0.839,Mechanical_Fault
5851,E-Scooter,2.78,21.08,9.02,15.39,67.1,57.2,0,8.7,26.3,36-45,0.839,Normal
5852,E-Scooter,6.98,31.87,15.59,18.25,54.0,33.4,4,57.6,25.2,26-35,0.622,Hard_Braking
5853,E-Scooter,3.96,20.83,11.6,16.91,38.0,25.4,0,1.7,26.0,18-25,0.755,Normal
5854,E-Bike,0.84,3.15,13.08,15.45,62.1,57.3,1,24.5,22.5,26-35,0.866,Improper_Parking
5855,E-Scooter,2.63,9.27,20.82,22.22,97.6,87.4,1,59.4,10.8,18-25,0.637,Normal
5856,E-Scooter,2.82,7.58,15.63,20.03,34.1,25.8,0,25.8,21.1,36-45,0.888,Normal
5857,E-Scooter,3.42,24.35,10.53,10.94,96.1,88.7,2,14.0,24.3,18-25,0.586,Normal
5858,E-Scooter,2.77,14.68,13.17,21.77,27.5,21.9,1,0.4,26.2,26-35,0.294,Improper_Parking
5859,E-Bike,2.08,8.03,11.55,16.51,46.5,48.3,1,7.5,34.8,26-35,0.756,Normal
5860,E-Scooter,2.47,14.73,14.12,18.82,74.1,65.5,0,44.4,32.1,18-25,0.82,Normal
5861,E-Scooter,2.6,13.84,20.15,20.18,97.5,93.0,2,20.2,27.8,36-45,0.757,Normal
5862,E-Scooter,1.84,13.19,10.78,16.81,53.7,50.9,2,1.6,26.1,26-35,0.75,Normal
5863,E-Scooter,1.43,2.37,20.96,32.65,80.8,76.8,3,18.0,16.1,18-25,0.728,Normal
5864,E-Scooter,4.59,15.58,18.05,20.02,43.6,34.1,1,26.3,22.1,26-35,0.902,Normal
5865,E-Scooter,2.76,13.53,17.4,20.13,89.3,87.2,3,13.8,7.4,18-25,0.828,Hard_Braking
5866,E-Bike,3.73,18.78,13.93,18.51,89.7,77.5,0,6.6,18.7,18-25,0.834,Improper_Parking
5867,E-Bike,5.24,30.38,11.31,22.85,44.0,28.9,0,3.4,27.1,60+,0.673,Normal
5868,E-Bike,2.88,10.72,17.69,19.54,68.3,59.4,1,1.5,12.6,26-35,0.875,Normal
5869,E-Scooter,2.14,6.75,11.26,16.99,99.5,95.4,0,0.2,17.0,18-25,0.722,Normal
5870,E-Scooter,1.65,5.53,19.59,25.5,89.3,84.0,1,4.0,19.1,18-25,0.787,Normal
5871,E-Scooter,5.46,16.02,17.53,25.98,50.8,45.2,1,11.1,17.5,26-35,0.774,Normal
5872,E-Scooter,3.71,2.41,23.76,30.12,24.6,22.6,0,15.0,32.0,46-60,0.966,Normal
5873,E-Scooter,0.8,8.48,11.72,17.43,92.3,89.5,2,26.9,12.7,46-60,0.851,Hard_Braking
5874,E-Bike,3.18,11.91,15.38,19.75,72.2,68.2,1,9.8,20.4,18-25,0.833,Hard_Braking
5875,E-Scooter,0.68,3.52,21.38,26.36,92.0,91.0,1,4.4,29.2,36-45,0.964,Normal
5876,E-Scooter,3.94,16.18,17.99,26.4,62.0,53.4,3,13.9,19.7,36-45,0.686,Hard_Braking
5877,E-Bike,4.86,18.44,15.45,25.22,70.9,51.7,1,14.7,29.3,26-35,0.738,Normal
5878,E-Bike,4.01,19.31,13.57,19.89,28.8,9.8,3,27.2,13.2,46-60,0.858,Battery_Critical
5879,E-Bike,5.23,22.01,14.3,14.41,69.3,51.2,0,10.9,34.9,18-25,0.725,Normal
5880,E-Scooter,0.68,2.0,15.97,20.35,39.0,45.9,1,4.5,15.7,46-60,0.778,Battery_Critical
5881,E-Scooter,3.74,12.49,16.67,25.89,96.3,86.9,1,29.0,27.0,36-45,0.917,Normal
5882,E-Bike,3.43,35.19,6.12,8.28,85.8,74.5,1,9.3,21.9,26-35,0.719,Normal
5883,E-Scooter,2.06,9.62,16.63,18.85,23.8,18.0,2,0.9,28.4,36-45,0.632,Battery_Critical
5884,E-Scooter,2.86,17.07,15.65,21.95,73.3,61.9,1,7.3,22.5,36-45,0.907,Normal
5885,E-Scooter,5.7,25.52,16.54,24.24,73.7,54.1,2,20.9,21.4,46-60,0.948,Mechanical_Fault
5886,E-Scooter,1.38,9.57,15.16,21.77,58.0,53.7,1,11.9,27.9,36-45,0.962,Normal
5887,E-Scooter,4.17,13.24,20.75,23.92,63.9,41.7,4,12.1,28.7,60+,0.669,Hard_Braking
5888,E-Bike,3.39,16.28,11.48,15.37,93.2,74.4,1,1.7,24.9,18-25,0.741,Normal
5889,E-Bike,3.14,13.01,10.04,14.55,72.9,64.9,3,78.5,31.6,26-35,0.421,Hard_Braking
5890,E-Bike,2.68,9.5,18.18,25.04,73.4,61.0,2,75.4,24.2,36-45,0.904,Hard_Braking
5891,E-Scooter,2.67,6.19,21.47,28.7,25.9,11.6,1,8.5,29.8,26-35,0.604,Battery_Critical
5892,E-Bike,1.89,15.0,13.33,23.01,71.1,59.2,0,58.4,20.0,36-45,0.822,Hard_Braking
5893,E-Bike,0.57,4.36,13.63,15.54,27.0,26.5,0,22.3,31.8,46-60,0.416,Improper_Parking
5894,E-Scooter,5.9,22.34,15.64,16.05,27.4,10.5,0,15.5,18.3,18-25,0.921,Normal
5895,E-Bike,3.14,11.61,14.61,14.64,44.1,32.2,1,50.1,16.0,18-25,0.863,Normal
5896,E-Bike,7.43,42.54,10.63,18.46,55.1,28.6,1,6.4,37.7,18-25,0.637,Normal
5897,E-Bike,3.4,22.93,11.81,17.99,29.7,18.3,2,33.0,30.6,60+,0.679,Normal
5898,E-Scooter,3.96,11.43,26.55,34.98,32.5,19.0,1,1.6,18.5,26-35,,Normal
5899,E-Scooter,2.96,12.76,18.05,18.1,25.0,24.5,3,19.2,33.8,46-60,0.897,Hard_Braking
5900,E-Bike,2.73,19.42,9.45,22.94,85.5,75.2,1,50.3,26.8,36-45,0.879,Hard_Braking
5901,E-Bike,1.62,9.24,15.76,19.8,26.7,22.8,1,26.7,18.8,18-25,0.816,Normal
5902,E-Scooter,1.82,5.08,16.46,22.25,85.9,88.6,2,9.0,42.0,46-60,0.756,Hard_Braking
5903,E-Scooter,3.26,5.72,18.32,21.57,66.1,56.2,3,49.7,23.7,26-35,0.78,Hard_Braking
5904,E-Bike,4.43,24.12,13.9,16.87,94.2,75.5,0,6.1,28.7,18-25,0.854,Normal
5905,E-Scooter,1.64,11.62,10.72,13.73,29.8,29.4,1,42.5,36.0,26-35,0.943,Hard_Braking
5906,E-Scooter,4.27,8.93,18.49,19.96,46.8,29.7,2,136.6,32.6,18-25,0.798,Mechanical_Fault
5907,E-Scooter,1.32,3.96,15.06,21.29,92.6,86.5,0,2.2,25.3,60+,0.705,Normal
5908,E-Bike,1.26,3.92,12.04,13.04,39.0,34.2,4,5.5,35.0,36-45,0.727,Hard_Braking
5909,E-Bike,1.97,14.37,7.97,9.62,76.8,68.7,0,21.1,24.0,26-35,0.642,Normal
5910,E-Bike,2.25,18.16,15.4,16.91,75.2,65.1,0,12.4,16.5,36-45,0.545,Improper_Parking
5911,E-Scooter,3.96,12.61,15.86,21.7,24.2,9.5,1,51.7,38.5,26-35,0.691,Battery_Critical
5912,E-Scooter,9.87,21.98,23.4,27.73,35.7,6.2,2,1.7,33.0,26-35,0.618,Battery_Critical
5913,E-Scooter,1.12,2.0,13.73,19.54,88.8,83.7,0,42.7,19.6,26-35,0.603,Mechanical_Fault
5914,E-Scooter,8.0,39.58,11.73,16.5,27.7,0.5,1,32.5,31.8,36-45,0.861,Battery_Critical
5915,E-Scooter,0.84,4.01,22.17,27.3,71.1,73.9,0,4.5,21.8,36-45,0.875,Normal
5916,E-Scooter,1.09,10.54,21.96,24.53,61.3,58.9,1,26.7,10.6,46-60,0.659,Normal
5917,E-Bike,4.46,23.71,11.29,17.92,50.4,37.4,3,4.1,28.8,18-25,0.716,Hard_Braking
5918,E-Scooter,0.85,2.0,18.95,23.63,74.8,72.6,0,18.5,21.6,36-45,0.616,Normal
5919,E-Scooter,2.27,10.36,20.22,22.5,52.8,44.4,2,18.4,25.5,18-25,0.684,Hard_Braking
5920,E-Scooter,2.04,8.53,22.54,29.51,29.4,23.1,0,20.8,13.1,26-35,0.506,Normal
5921,E-Scooter,2.07,8.37,21.22,28.31,80.5,71.3,2,16.1,1.3,18-25,0.897,Normal
5922,E-Scooter,2.71,17.44,13.02,21.09,73.4,59.9,2,4.7,23.7,46-60,0.942,Normal
5923,E-Scooter,3.45,11.52,18.65,20.86,72.4,66.9,2,19.8,26.6,36-45,0.488,Mechanical_Fault
5924,E-Bike,0.77,4.61,11.51,12.78,33.0,28.3,1,17.1,31.2,18-25,0.846,Normal
5925,E-Scooter,1.31,7.56,14.86,24.89,95.5,87.3,0,50.0,23.0,26-35,0.82,Normal
5926,E-Scooter,4.84,18.67,19.63,22.74,73.7,57.4,2,58.1,18.8,26-35,0.807,Normal
5927,E-Scooter,2.06,10.11,15.03,19.05,77.6,69.7,1,5.9,27.3,60+,0.686,Normal
5928,E-Bike,1.55,8.78,13.09,16.87,31.8,16.1,2,31.2,28.9,18-25,0.739,Hard_Braking
5929,E-Scooter,4.36,18.18,15.96,17.98,99.0,86.4,0,24.6,20.4,18-25,0.751,Normal
5930,E-Bike,2.27,4.38,17.17,23.46,47.0,44.1,3,0.7,29.9,26-35,0.781,Hard_Braking
5931,E-Scooter,5.93,14.09,21.29,25.03,86.6,74.0,2,3.7,36.1,18-25,0.662,Normal
5932,E-Bike,7.15,24.98,16.15,22.37,28.0,5.5,3,8.9,19.5,60+,0.768,Battery_Critical
5933,E-Bike,3.4,19.05,9.43,13.39,89.0,81.4,0,2.8,14.1,60+,0.818,Normal
5934,E-Scooter,2.51,10.28,15.09,25.77,79.0,68.6,2,18.5,21.6,36-45,0.854,Hard_Braking
5935,E-Bike,0.54,2.0,16.37,20.34,40.1,40.6,4,19.1,12.5,18-25,0.615,Hard_Braking
5936,E-Bike,4.54,19.57,14.29,18.2,44.0,26.5,0,9.2,27.3,18-25,0.634,Normal
5937,E-Scooter,2.83,9.25,24.24,26.4,65.8,57.5,1,15.4,18.3,36-45,0.746,Normal
5938,E-Scooter,7.73,18.21,21.56,26.77,92.9,64.5,1,23.0,19.8,36-45,0.792,Normal
5939,E-Bike,1.61,11.01,8.54,11.84,59.3,59.8,1,66.6,25.3,26-35,0.739,Normal
5940,E-Scooter,1.06,4.52,16.88,20.46,58.7,55.9,1,52.6,14.5,18-25,0.673,Normal
5941,E-Bike,1.36,10.67,10.1,12.56,57.6,51.6,2,5.9,39.6,36-45,0.766,Normal
5942,E-Scooter,0.3,3.92,10.33,13.74,45.1,48.3,0,6.3,4.1,36-45,0.834,Normal
5943,E-Bike,0.58,5.74,12.01,18.43,36.1,33.8,0,14.2,42.0,36-45,0.791,Normal
5944,E-Bike,1.71,12.17,12.08,16.05,98.1,97.5,0,47.3,23.1,26-35,0.787,Normal
5945,E-Scooter,4.09,9.93,19.48,25.38,37.4,25.6,2,1.6,21.3,36-45,0.653,Hard_Braking
5946,E-Scooter,4.85,17.63,19.14,26.79,30.5,16.3,1,3.9,20.0,26-35,0.707,Normal
5947,E-Scooter,7.35,23.71,18.38,23.16,68.4,48.6,1,17.5,19.6,26-35,0.872,Normal
5948,E-Scooter,2.52,9.67,20.64,21.83,88.3,87.4,0,8.5,34.0,18-25,0.503,Normal
5949,E-Scooter,3.05,13.56,15.07,21.18,58.3,52.6,1,137.2,15.3,18-25,0.796,Mechanical_Fault
5950,E-Scooter,3.11,12.63,13.36,17.44,95.3,85.0,3,7.0,16.1,26-35,0.776,Hard_Braking
5951,E-Scooter,1.78,5.09,26.43,33.99,92.1,85.4,3,13.9,36.5,26-35,0.803,Hard_Braking
5952,E-Bike,12.69,58.46,12.46,16.29,77.8,44.1,1,29.5,36.9,36-45,0.657,Normal
5953,E-Scooter,0.49,2.0,20.89,23.52,21.1,11.2,1,43.0,33.8,36-45,0.666,Battery_Critical
5954,E-Scooter,2.37,10.06,14.05,14.31,30.7,22.5,1,128.6,10.3,18-25,0.857,Mechanical_Fault
5955,E-Bike,0.96,8.56,8.84,13.77,45.0,46.1,3,22.2,17.6,60+,0.726,Hard_Braking
5956,E-Scooter,0.74,2.0,19.94,23.18,39.4,37.7,3,0.1,20.3,26-35,0.606,Hard_Braking
5957,E-Scooter,14.0,71.23,11.52,16.68,86.7,43.8,0,29.4,25.7,26-35,0.772,Improper_Parking
5958,E-Scooter,8.79,29.37,18.19,24.84,39.5,14.2,2,1.5,25.7,46-60,0.969,Battery_Critical
5959,E-Bike,1.88,6.1,11.18,13.22,58.3,48.7,2,3.5,12.7,18-25,0.589,Normal
5960,E-Scooter,1.0,2.0,25.02,31.5,90.6,86.6,2,1.7,21.0,18-25,0.783,Hard_Braking
5961,E-Scooter,5.96,17.31,21.75,29.36,73.0,57.7,0,26.9,23.7,46-60,0.77,Normal
5962,E-Scooter,0.48,2.0,20.59,21.91,22.4,25.0,2,49.3,21.8,36-45,0.755,Improper_Parking
5963,E-Scooter,4.61,25.22,10.01,12.88,28.4,13.2,0,17.8,16.3,46-60,0.686,Normal
5964,E-Scooter,1.19,2.58,21.27,23.77,46.4,44.8,0,11.6,11.1,18-25,0.903,Normal
5965,E-Bike,3.02,21.43,8.29,18.24,80.8,72.6,0,14.3,32.1,18-25,0.899,Normal
5966,E-Bike,3.86,13.1,16.35,23.04,32.7,24.7,2,11.3,19.7,26-35,,Normal
5967,E-Scooter,0.88,2.0,16.42,20.58,27.4,29.1,3,18.9,38.8,26-35,0.783,Hard_Braking
5968,E-Bike,2.49,9.71,14.28,15.26,97.5,81.4,1,4.6,13.2,18-25,0.486,Normal
5969,E-Scooter,1.8,2.0,14.51,22.67,77.7,68.4,0,25.1,38.4,26-35,0.974,Normal
5970,E-Scooter,3.75,11.39,23.8,28.5,36.4,18.9,3,12.0,38.7,36-45,0.878,Mechanical_Fault
5971,E-Bike,2.34,10.58,14.46,25.2,82.0,83.5,2,4.6,19.0,60+,0.476,Hard_Braking
5972,E-Scooter,2.95,7.95,15.94,20.82,38.2,36.2,1,20.8,24.4,18-25,0.676,Normal
5973,E-Scooter,3.14,10.32,25.36,28.16,93.2,83.2,0,24.1,24.2,36-45,0.855,Normal
5974,E-Scooter,0.3,2.0,14.46,16.75,93.5,94.3,2,7.0,42.0,60+,0.88,Normal
5975,E-Bike,8.06,37.08,13.34,15.53,81.1,50.5,2,11.0,37.8,26-35,0.58,Hard_Braking
5976,E-Scooter,2.35,7.65,17.62,25.37,35.9,31.9,2,5.7,20.6,18-25,0.717,Hard_Braking
5977,E-Scooter,5.26,11.15,19.63,22.01,45.6,32.6,1,19.8,18.9,26-35,0.876,Normal
5978,E-Bike,4.17,37.25,7.11,15.92,54.1,37.7,3,15.6,22.0,18-25,0.833,Hard_Braking
5979,E-Bike,1.66,11.76,8.92,11.12,66.3,61.9,1,3.4,11.4,26-35,0.751,Normal
5980,E-Bike,3.11,10.16,15.01,20.75,81.2,69.6,3,32.7,18.9,18-25,0.741,Hard_Braking
5981,E-Scooter,2.21,6.02,25.13,34.23,79.1,77.9,1,15.1,19.4,46-60,0.861,Hard_Braking
5982,E-Scooter,2.53,6.78,16.55,23.13,27.5,19.2,3,2.2,30.0,26-35,0.775,Hard_Braking
5983,E-Scooter,2.22,8.61,13.46,19.92,52.9,51.7,2,13.2,39.2,26-35,0.896,Normal
5984,E-Bike,1.47,5.81,11.11,15.42,90.1,90.4,1,16.7,25.3,46-60,0.844,Normal
5985,E-Scooter,3.23,6.18,26.49,27.24,25.2,23.0,1,9.8,14.3,18-25,0.827,Normal
5986,E-Scooter,0.97,7.13,17.38,21.16,68.6,62.6,0,15.3,13.3,26-35,0.682,Normal
5987,E-Scooter,5.24,34.41,8.46,9.32,51.7,41.5,0,22.5,33.0,26-35,0.786,Normal
5988,E-Scooter,5.42,18.48,12.67,17.94,53.7,43.2,1,1.6,30.2,26-35,0.509,Mechanical_Fault
5989,E-Scooter,3.6,12.19,18.37,23.12,89.8,77.0,2,23.7,25.0,18-25,0.853,Hard_Braking
5990,E-Scooter,4.27,14.46,19.3,28.81,47.9,34.5,0,5.3,37.3,36-45,0.737,Normal
5991,E-Scooter,6.42,27.15,18.01,22.79,92.4,72.4,2,3.9,21.6,26-35,0.655,Improper_Parking
5992,E-Scooter,9.18,25.33,21.55,29.63,72.7,47.0,0,23.6,31.9,60+,0.899,Normal
5993,E-Scooter,0.3,5.46,13.54,21.11,47.1,46.4,1,45.9,16.1,46-60,0.851,Mechanical_Fault
5994,E-Bike,2.72,9.0,12.42,13.53,21.6,3.9,2,12.2,28.9,36-45,0.94,Battery_Critical
5995,E-Scooter,2.55,12.46,12.88,22.38,61.0,53.2,2,34.6,30.0,26-35,0.867,Normal
5996,E-Bike,1.84,14.34,10.14,14.78,45.2,36.5,3,26.7,24.2,36-45,0.842,Hard_Braking
5997,E-Bike,1.02,4.16,14.25,15.91,43.3,48.3,1,7.2,22.8,18-25,0.795,Normal
5998,E-Bike,1.6,10.72,13.43,20.5,66.2,61.1,3,7.3,23.3,36-45,0.919,Hard_Braking
5999,E-Bike,0.77,3.0,12.99,17.33,65.6,63.2,2,0.9,16.2,26-35,0.726,Hard_Braking
6000,E-Scooter,6.65,21.41,16.44,21.96,88.4,69.0,2,28.6,28.5,60+,0.603,Improper_Parking
6001,E-Scooter,0.95,2.0,19.03,25.88,50.2,48.3,1,38.6,27.8,26-35,0.446,Mechanical_Fault
6002,E-Bike,3.18,12.36,13.31,16.42,96.8,88.3,3,11.2,24.6,18-25,0.927,Hard_Braking
6003,E-Scooter,3.74,16.79,19.35,28.26,52.2,41.2,2,21.1,19.2,18-25,0.816,Hard_Braking
6004,E-Bike,3.72,21.56,11.56,15.33,88.0,79.1,0,6.9,24.1,18-25,0.951,Normal
6005,E-Scooter,3.95,6.48,17.01,22.61,37.1,15.9,2,0.8,17.8,46-60,0.973,Normal
6006,E-Scooter,3.18,12.77,17.57,20.85,60.8,51.0,2,5.7,30.7,36-45,0.752,Normal
6007,E-Bike,6.47,22.8,14.33,19.74,70.3,52.1,2,3.8,28.7,26-35,0.866,Hard_Braking
6008,E-Scooter,3.13,5.93,17.45,22.7,25.9,20.3,2,23.2,31.2,26-35,0.949,Hard_Braking
6009,E-Bike,4.83,23.33,11.92,17.24,30.1,19.0,3,0.4,19.5,26-35,0.854,Hard_Braking
6010,E-Scooter,0.3,2.0,17.13,21.91,66.2,63.1,1,2.8,18.3,18-25,0.687,Normal
6011,E-Bike,4.57,24.4,11.26,16.33,21.2,4.5,0,10.9,22.6,46-60,0.74,Battery_Critical
6012,E-Scooter,1.77,11.01,9.69,19.06,35.7,30.2,0,160.0,13.7,60+,0.869,Mechanical_Fault
6013,E-Scooter,1.06,5.44,18.8,25.03,81.3,75.3,3,1.3,28.1,46-60,0.873,Hard_Braking
6014,E-Scooter,6.42,31.39,12.99,17.37,59.1,41.4,0,3.5,18.8,18-25,0.783,Normal
6015,E-Bike,1.58,10.44,14.85,17.85,71.7,71.7,2,63.1,16.7,26-35,0.883,Normal
6016,E-Bike,1.09,6.14,14.82,19.0,34.5,35.9,2,2.4,25.4,60+,0.651,Hard_Braking
6017,E-Bike,4.56,12.44,15.77,24.25,74.2,68.1,2,14.3,33.0,26-35,0.836,Mechanical_Fault
6018,E-Scooter,3.12,7.95,22.02,27.45,67.3,57.8,0,8.8,21.8,18-25,0.785,Hard_Braking
6019,E-Scooter,2.82,9.06,15.0,19.27,78.7,70.1,1,3.4,21.3,26-35,0.793,Improper_Parking
6020,E-Scooter,5.46,28.15,14.43,24.68,33.7,14.3,6,60.5,30.5,18-25,0.479,Hard_Braking
6021,E-Bike,2.96,14.27,10.33,14.58,94.1,83.3,2,5.3,41.4,26-35,0.51,Hard_Braking
6022,E-Bike,10.42,57.94,10.25,11.33,34.2,6.0,2,46.4,27.4,46-60,0.819,Battery_Critical
6023,E-Bike,0.39,2.32,7.03,8.25,59.3,58.9,1,20.1,23.6,18-25,0.552,Normal
6024,E-Scooter,2.32,9.75,22.38,26.81,30.7,25.8,1,35.6,6.6,36-45,0.839,Normal
6025,E-Scooter,1.33,6.72,12.85,16.79,42.3,45.3,1,0.4,16.5,26-35,0.798,Normal
6026,E-Scooter,2.62,10.09,13.51,19.96,77.0,62.8,1,24.3,24.0,36-45,0.844,Normal
6027,E-Scooter,2.44,2.0,18.07,19.96,87.4,75.8,3,3.0,20.3,26-35,0.754,Hard_Braking
6028,E-Bike,3.66,18.19,13.03,23.58,43.1,33.5,3,3.3,14.1,46-60,0.532,Hard_Braking
6029,E-Bike,6.01,27.14,13.57,13.95,38.2,10.3,0,23.8,17.7,46-60,0.966,Battery_Critical
6030,E-Scooter,9.37,28.77,17.82,25.59,49.4,19.9,1,2.0,27.8,26-35,0.812,Normal
6031,E-Scooter,1.64,12.87,13.79,16.26,41.3,38.1,2,39.0,26.7,18-25,0.876,Mechanical_Fault
6032,E-Bike,0.56,4.03,9.5,13.86,24.5,22.4,0,0.9,22.9,46-60,0.805,Normal
6033,E-Scooter,6.78,19.88,20.37,27.44,45.7,27.3,0,12.8,19.2,36-45,0.908,Improper_Parking
6034,E-Bike,4.14,38.2,6.49,10.38,96.7,91.2,4,30.3,12.6,18-25,0.746,Hard_Braking
6035,E-Scooter,0.65,2.0,10.87,17.39,96.6,96.5,3,5.4,19.9,26-35,0.484,Hard_Braking
6036,E-Bike,6.92,54.36,7.43,15.56,60.3,43.1,3,22.8,29.4,46-60,0.936,Hard_Braking
6037,E-Scooter,4.96,22.95,12.07,16.09,98.9,88.8,2,9.9,25.1,26-35,0.557,Normal
6038,E-Bike,4.97,26.34,12.37,17.66,91.9,76.5,1,35.1,33.3,26-35,0.674,Normal
6039,E-Bike,3.25,28.93,7.0,17.44,96.8,80.5,1,25.2,22.4,60+,0.744,Improper_Parking
6040,E-Scooter,0.5,2.0,16.28,17.7,46.7,45.0,1,5.5,21.1,18-25,0.884,Normal
6041,E-Scooter,1.87,11.2,12.04,16.57,76.9,69.5,1,1.8,33.5,36-45,0.706,Normal
6042,E-Scooter,1.24,7.33,12.78,20.71,90.2,90.0,1,12.8,24.6,36-45,0.785,Normal
6043,E-Scooter,1.15,4.01,18.36,23.35,34.0,28.3,0,1.6,28.6,18-25,0.968,Battery_Critical
6044,E-Scooter,1.5,8.71,9.31,10.69,62.9,48.6,2,2.9,21.0,26-35,0.913,Hard_Braking
6045,E-Scooter,2.18,7.09,20.3,28.27,81.3,80.1,2,28.6,21.8,46-60,0.98,Normal
6046,E-Scooter,1.97,7.17,14.18,16.66,70.3,66.1,5,8.2,21.2,26-35,0.906,Hard_Braking
6047,E-Scooter,1.19,2.0,17.61,19.27,79.5,69.5,1,1.0,32.6,18-25,0.782,Normal
6048,E-Scooter,4.83,13.94,20.77,24.14,75.4,59.6,5,19.6,17.3,36-45,0.632,Hard_Braking
6049,E-Scooter,0.68,4.4,14.61,20.83,27.2,20.6,2,27.6,27.0,36-45,0.86,Battery_Critical
6050,E-Scooter,1.05,4.93,21.54,24.35,60.3,56.8,0,30.8,42.0,26-35,0.769,Normal
6051,E-Scooter,0.3,2.0,32.97,34.63,72.0,78.9,0,12.6,6.7,46-60,0.702,Normal
6052,E-Bike,0.98,3.24,13.3,18.37,62.4,60.7,0,3.4,40.5,18-25,0.696,Normal
6053,E-Bike,4.96,27.96,11.38,17.14,84.3,65.1,3,48.8,30.7,60+,0.491,Hard_Braking
6054,E-Bike,1.52,4.48,12.3,20.43,50.0,46.6,1,30.7,13.6,36-45,0.456,Normal
6055,E-Scooter,4.54,26.53,12.74,19.35,40.1,29.5,3,29.2,20.7,18-25,0.778,Hard_Braking
6056,E-Scooter,3.86,9.33,22.63,28.84,46.1,35.5,4,3.1,22.6,46-60,0.638,Hard_Braking
6057,E-Scooter,1.01,3.11,15.53,23.6,21.5,16.2,0,3.7,26.0,18-25,0.851,Improper_Parking
6058,E-Scooter,1.61,6.96,16.68,18.31,37.5,40.6,2,53.5,14.0,18-25,0.709,Battery_Critical
6059,E-Bike,2.81,18.2,8.07,11.79,59.3,51.1,1,9.6,25.0,26-35,0.913,Normal
6060,E-Scooter,1.78,9.83,15.37,18.35,80.2,76.1,0,20.1,25.7,46-60,0.742,Normal
6061,E-Scooter,6.76,24.74,18.8,26.42,69.6,50.3,2,16.0,31.0,26-35,0.94,Normal
6062,E-Scooter,3.65,17.45,11.7,17.19,57.4,46.5,1,26.6,20.0,26-35,0.711,Normal
6063,E-Scooter,4.2,12.79,16.11,23.04,71.3,57.0,1,0.1,21.8,18-25,0.674,Normal
6064,E-Scooter,3.16,20.85,9.9,16.91,87.1,79.5,2,4.8,20.4,26-35,0.944,Hard_Braking
6065,E-Bike,1.07,9.0,11.45,11.89,34.5,25.7,2,9.8,36.2,26-35,0.805,Improper_Parking
6066,E-Scooter,5.0,12.58,20.14,21.32,68.5,51.2,2,5.1,19.2,46-60,0.564,Hard_Braking
6067,E-Bike,4.51,14.52,17.7,20.84,52.4,46.8,1,29.0,20.6,18-25,0.485,Normal
6068,E-Scooter,2.08,9.38,10.79,17.5,49.3,42.6,3,0.0,17.7,36-45,0.442,Hard_Braking
6069,E-Bike,0.3,4.2,12.96,13.91,67.3,65.9,0,4.6,16.4,36-45,0.761,Normal
6070,E-Bike,1.5,6.56,13.39,13.43,98.3,84.6,1,29.8,20.4,46-60,0.817,Normal
6071,E-Scooter,4.07,16.27,13.58,21.26,68.5,60.1,3,13.1,35.5,26-35,0.711,Hard_Braking
6072,E-Bike,1.76,2.0,11.68,17.08,82.6,69.6,3,26.6,18.2,18-25,0.878,Hard_Braking
6073,E-Bike,0.84,7.64,15.34,18.28,64.3,63.4,3,19.7,29.5,36-45,0.329,Improper_Parking
6074,E-Bike,2.72,18.4,11.66,15.74,44.7,42.4,2,30.5,11.8,18-25,0.728,Hard_Braking
6075,E-Scooter,3.98,6.32,17.54,24.95,29.0,11.1,6,2.0,23.4,26-35,0.815,Hard_Braking
6076,E-Scooter,0.84,6.07,16.23,20.62,73.0,73.9,2,17.8,3.2,18-25,0.686,Normal
6077,E-Bike,0.31,3.87,12.56,15.93,33.1,30.0,1,3.4,13.4,18-25,0.747,Normal
6078,E-Bike,1.62,3.23,13.06,15.5,76.2,74.4,1,60.5,33.6,26-35,0.789,Normal
6079,E-Scooter,5.05,28.46,11.44,14.08,53.2,46.4,1,29.2,22.3,46-60,0.867,Normal
6080,E-Scooter,1.36,4.6,19.41,30.2,89.7,88.1,2,18.6,29.1,18-25,0.804,Hard_Braking
6081,E-Scooter,5.12,12.08,21.57,27.76,29.9,12.9,1,4.5,26.0,46-60,0.796,Battery_Critical
6082,E-Scooter,4.36,22.05,14.92,19.77,53.5,37.7,1,47.1,8.4,26-35,0.824,Mechanical_Fault
6083,E-Scooter,2.01,7.44,15.89,19.27,58.5,46.9,1,8.4,25.5,26-35,0.726,Normal
6084,E-Scooter,4.09,21.14,14.85,18.91,37.7,28.3,0,11.9,10.6,26-35,0.842,Normal
6085,E-Scooter,3.91,8.4,18.94,22.29,95.3,84.8,2,30.0,17.6,18-25,0.832,Normal
6086,E-Scooter,0.3,2.0,16.93,20.14,48.4,46.5,2,0.5,25.5,18-25,0.902,Mechanical_Fault
6087,E-Scooter,4.3,20.12,11.5,16.69,37.7,30.4,2,16.3,32.3,18-25,0.768,Normal
6088,E-Scooter,3.09,11.0,13.65,22.79,49.5,37.9,3,20.4,15.6,18-25,0.725,Hard_Braking
6089,E-Bike,2.53,5.36,16.22,22.42,25.7,15.1,1,6.5,19.8,26-35,0.586,Normal
6090,E-Bike,3.65,18.08,10.8,20.36,93.8,84.9,1,13.8,32.8,36-45,0.79,Battery_Critical
6091,E-Bike,1.73,4.72,16.96,27.46,65.7,67.5,2,3.1,21.5,36-45,0.684,Hard_Braking
6092,E-Bike,11.45,57.57,12.09,19.06,32.0,0.0,0,21.4,22.2,18-25,0.548,Battery_Critical
6093,E-Bike,2.15,9.58,15.43,19.93,46.1,35.7,0,67.6,26.5,36-45,0.667,Normal
6094,E-Scooter,2.31,9.84,16.96,20.47,64.3,55.2,0,4.9,20.9,26-35,0.858,Normal
6095,E-Bike,0.3,2.0,15.11,19.82,22.3,24.8,0,57.8,25.0,26-35,0.784,Normal
6096,E-Scooter,2.44,17.91,8.14,16.75,27.7,21.8,3,6.3,17.6,46-60,0.562,Hard_Braking
6097,E-Bike,1.41,6.28,15.38,17.89,88.5,82.5,1,4.3,15.0,26-35,0.675,Normal
6098,E-Bike,1.17,3.43,14.87,22.8,39.2,35.5,2,9.1,15.9,26-35,0.844,Normal
6099,E-Bike,3.35,17.15,16.18,22.87,32.1,25.0,3,17.0,20.3,60+,0.804,Hard_Braking
6100,E-Scooter,3.45,6.6,18.82,28.0,50.6,39.7,1,35.5,24.6,26-35,0.894,Normal
6101,E-Scooter,2.73,7.88,15.39,20.68,49.6,44.2,2,9.3,17.1,26-35,0.9,Battery_Critical
6102,E-Bike,9.03,32.81,16.19,20.73,84.0,58.8,3,17.2,18.9,36-45,0.739,Hard_Braking
6103,E-Scooter,4.32,14.68,17.17,17.53,30.5,25.7,0,32.3,17.8,18-25,0.608,Normal
6104,E-Bike,3.5,16.21,13.35,15.36,50.5,44.5,1,10.9,25.6,26-35,,Normal
6105,E-Bike,1.36,4.64,17.79,23.04,29.0,30.1,1,12.5,35.9,26-35,0.665,Normal
6106,E-Scooter,4.11,8.63,19.3,28.67,81.9,72.3,2,18.3,27.5,36-45,0.66,Hard_Braking
6107,E-Scooter,3.85,14.05,19.2,22.89,91.9,80.5,0,15.7,14.9,18-25,0.773,Normal
6108,E-Scooter,2.38,9.82,10.62,14.54,58.5,63.0,3,1.8,31.8,26-35,0.514,Hard_Braking
6109,E-Bike,4.7,15.48,16.75,18.35,35.6,22.4,0,6.0,22.6,18-25,0.643,Normal
6110,E-Bike,5.81,16.1,18.62,24.39,25.2,14.1,5,28.5,25.8,26-35,0.838,Hard_Braking
6111,E-Scooter,5.0,16.7,15.47,21.63,33.4,14.4,1,35.7,10.7,26-35,0.644,Battery_Critical
6112,E-Bike,7.25,65.73,6.18,13.19,81.9,56.2,0,6.0,27.9,46-60,0.63,Normal
6113,E-Bike,3.4,17.14,12.19,17.22,69.9,65.9,4,3.0,26.7,18-25,0.936,Improper_Parking
6114,E-Scooter,4.8,17.09,16.19,28.58,65.1,48.0,2,8.6,32.8,46-60,0.909,Normal
6115,E-Scooter,3.03,11.47,14.39,19.65,60.4,56.5,1,3.6,20.2,26-35,0.717,Normal
6116,E-Scooter,4.31,6.25,22.05,27.49,92.4,81.9,1,36.2,39.1,18-25,0.822,Normal
6117,E-Scooter,1.13,11.4,13.7,20.06,93.1,97.3,4,3.7,27.4,18-25,0.725,Hard_Braking
6118,E-Bike,3.29,18.66,13.22,20.58,96.4,88.0,1,6.4,33.8,26-35,0.744,Normal
6119,E-Scooter,0.98,5.4,18.1,29.26,51.7,47.8,3,2.9,33.9,26-35,0.529,Hard_Braking
6120,E-Scooter,3.96,11.26,20.05,25.11,31.3,16.7,0,35.9,23.0,26-35,0.742,Battery_Critical
6121,E-Bike,5.84,30.76,12.91,24.41,98.2,86.4,1,0.3,21.8,26-35,0.842,Hard_Braking
6122,E-Scooter,2.51,8.82,15.66,23.12,38.2,27.8,2,13.3,18.6,18-25,0.889,Hard_Braking
6123,E-Scooter,1.5,5.6,15.89,23.16,58.0,51.4,3,5.5,28.7,26-35,0.978,Hard_Braking
6124,E-Bike,2.05,14.42,12.11,15.47,70.7,55.3,2,7.6,27.6,18-25,0.617,Normal
6125,E-Scooter,2.42,4.51,22.7,28.97,35.4,22.8,1,5.6,35.9,26-35,0.893,Normal
6126,E-Bike,3.57,10.48,14.44,18.79,21.0,7.2,0,28.6,18.1,26-35,0.976,Battery_Critical
6127,E-Scooter,4.68,26.43,12.29,24.9,69.8,53.8,3,18.2,24.5,18-25,0.623,Hard_Braking
6128,E-Bike,4.04,12.38,17.07,17.55,39.0,26.7,2,11.6,27.0,18-25,0.842,Hard_Braking
6129,E-Scooter,0.66,2.0,12.16,15.38,51.7,46.9,0,15.0,25.9,26-35,0.617,Normal
6130,E-Bike,1.63,11.42,13.03,20.16,82.3,79.9,0,2.2,16.4,26-35,0.946,Normal
6131,E-Scooter,3.87,12.17,18.01,21.51,61.1,45.7,0,49.4,26.8,36-45,0.527,Normal
6132,E-Bike,1.45,11.55,12.12,19.27,58.9,50.4,0,4.2,32.9,26-35,0.973,Normal
6133,E-Scooter,10.16,25.91,20.71,25.14,82.6,48.9,5,12.8,17.5,36-45,0.736,Hard_Braking
6134,E-Bike,0.83,2.4,9.99,18.67,42.2,40.9,2,1.7,13.8,46-60,0.912,Normal
6135,E-Bike,0.57,3.19,11.83,16.61,93.0,90.9,1,9.0,35.9,36-45,0.868,Hard_Braking
6136,E-Bike,5.22,22.54,12.98,15.14,61.3,34.6,1,12.7,24.6,36-45,0.858,Normal
6137,E-Scooter,0.6,6.5,18.45,27.93,40.4,44.5,1,22.3,36.1,36-45,0.889,Normal
6138,E-Bike,1.44,6.86,13.49,14.36,26.7,19.2,1,30.7,23.2,26-35,0.685,Normal
6139,E-Bike,2.23,8.84,15.28,20.8,75.0,73.8,2,11.3,22.0,18-25,0.651,Hard_Braking
6140,E-Bike,7.64,32.12,13.22,18.44,67.8,42.2,1,66.5,26.5,46-60,0.66,Mechanical_Fault
6141,E-Scooter,0.3,2.0,16.19,24.31,27.3,21.7,4,57.4,27.6,46-60,0.894,Hard_Braking
6142,E-Bike,2.99,14.69,13.72,18.87,73.4,68.3,2,23.0,29.7,36-45,0.658,Normal
6143,E-Scooter,5.7,17.13,19.63,25.73,93.3,78.0,3,28.4,11.8,26-35,0.612,Hard_Braking
6144,E-Bike,2.63,13.82,11.92,19.2,83.5,76.1,0,22.0,14.5,18-25,0.779,Normal
6145,E-Bike,3.38,21.5,9.92,16.0,26.8,16.6,1,0.7,28.5,46-60,0.697,Normal
6146,E-Scooter,2.0,11.72,13.41,21.09,98.2,96.7,2,60.1,20.8,18-25,0.555,Normal
6147,E-Scooter,0.95,2.04,14.72,17.16,88.0,81.2,2,32.1,16.5,18-25,0.848,Hard_Braking
6148,E-Bike,0.55,3.21,6.9,12.6,37.3,33.9,2,5.4,27.3,36-45,0.701,Mechanical_Fault
6149,E-Scooter,1.6,2.0,18.55,23.06,83.6,82.8,2,30.7,23.0,36-45,0.691,Normal
6150,E-Bike,0.41,4.73,13.3,14.4,46.4,46.9,0,17.8,24.7,36-45,0.722,Normal
6151,E-Bike,3.15,7.89,12.71,15.77,42.1,39.4,3,26.3,38.4,18-25,0.905,Hard_Braking
6152,E-Scooter,9.3,23.73,21.56,30.71,33.8,8.8,0,26.3,35.7,18-25,0.879,Battery_Critical
6153,E-Bike,2.47,8.93,15.95,16.77,72.5,66.4,0,8.3,27.1,18-25,0.852,Normal
6154,E-Scooter,2.8,2.0,18.74,23.18,22.0,9.0,1,18.7,31.1,46-60,0.713,Battery_Critical
6155,E-Bike,1.13,5.65,12.54,14.58,28.9,29.3,3,27.6,23.6,36-45,0.828,Hard_Braking
6156,E-Scooter,3.67,4.87,20.25,26.99,21.9,18.5,1,41.1,18.0,18-25,0.67,Mechanical_Fault
6157,E-Bike,0.3,2.0,17.82,24.15,41.9,41.5,3,10.7,32.2,18-25,0.858,Normal
6158,E-Scooter,1.35,10.55,15.18,19.48,92.7,92.3,0,19.9,15.5,26-35,0.882,Normal
6159,E-Scooter,1.29,8.63,9.11,16.17,23.0,17.3,3,41.7,25.7,36-45,0.644,Normal
6160,E-Scooter,4.07,19.05,13.63,22.05,59.3,53.7,0,43.5,14.3,18-25,0.734,Normal
6161,E-Bike,10.86,49.95,12.78,19.97,95.6,61.0,3,0.9,37.4,26-35,0.662,Normal
6162,E-Bike,1.47,11.11,12.06,22.25,90.4,88.4,0,38.7,17.7,26-35,0.855,Mechanical_Fault
6163,E-Bike,1.19,2.0,20.02,22.64,23.9,19.3,3,1.6,24.5,26-35,0.838,Hard_Braking
6164,E-Bike,2.51,13.47,10.65,14.22,37.1,23.0,4,43.2,8.2,26-35,0.978,Hard_Braking
6165,E-Scooter,2.09,8.5,19.96,27.27,51.0,41.7,2,17.1,15.1,26-35,0.714,Normal
6166,E-Bike,8.05,46.72,11.83,20.06,58.0,33.8,1,15.7,24.7,60+,0.715,Normal
6167,E-Bike,5.66,39.05,9.19,18.6,91.1,70.3,2,8.6,18.9,26-35,0.816,Normal
6168,E-Scooter,1.93,2.51,18.81,27.82,72.2,64.0,1,10.4,23.1,46-60,0.496,Normal
6169,E-Scooter,2.94,11.89,13.09,18.71,40.8,31.1,2,11.7,27.7,18-25,0.578,Battery_Critical
6170,E-Scooter,5.8,30.8,11.48,15.68,83.8,68.7,2,27.0,13.0,18-25,0.829,Normal
6171,E-Bike,2.29,14.16,10.26,13.21,35.8,22.0,1,20.6,31.1,18-25,0.67,Normal
6172,E-Bike,2.11,14.24,14.21,18.0,38.2,29.9,2,21.0,19.9,26-35,0.724,Battery_Critical
6173,E-Bike,1.6,4.62,11.93,15.77,20.2,23.9,1,1.8,24.6,26-35,0.838,Hard_Braking
6174,E-Scooter,0.57,7.85,9.82,13.79,29.6,34.4,0,2.1,18.1,26-35,0.551,Normal
6175,E-Bike,0.64,3.64,12.04,19.79,58.9,53.7,2,5.9,23.2,26-35,0.4,Improper_Parking
6176,E-Scooter,2.67,9.43,25.2,32.09,52.0,44.2,2,19.3,38.0,36-45,0.591,Normal
6177,E-Bike,5.52,34.23,10.3,14.11,69.0,48.3,1,4.9,24.8,26-35,0.791,Improper_Parking
6178,E-Bike,2.3,11.97,14.46,20.46,84.9,72.7,2,24.9,33.0,18-25,0.863,Mechanical_Fault
6179,E-Scooter,4.5,26.98,9.8,16.04,40.0,22.0,2,6.7,25.0,26-35,0.68,Hard_Braking
6180,E-Bike,6.98,29.39,13.4,18.75,40.6,16.6,3,0.1,17.2,18-25,0.975,Hard_Braking
6181,E-Bike,3.81,14.25,14.45,19.0,84.4,78.0,1,20.7,35.2,46-60,0.576,Normal
6182,E-Bike,5.14,23.61,13.61,19.4,61.9,42.9,4,11.5,23.3,18-25,0.719,Hard_Braking
6183,E-Scooter,1.54,7.34,16.41,18.9,87.2,82.3,0,1.1,20.0,18-25,0.727,Normal
6184,E-Scooter,5.12,23.35,12.36,14.43,49.5,32.9,1,15.4,25.2,18-25,0.814,Normal
6185,E-Scooter,6.41,28.03,13.62,17.64,82.3,66.9,1,39.5,24.3,18-25,0.655,Normal
6186,E-Scooter,3.49,7.73,19.26,24.25,21.2,10.6,1,16.7,12.7,26-35,0.614,Battery_Critical
6187,E-Bike,3.3,25.41,7.18,14.15,51.8,38.8,1,10.4,27.0,26-35,0.681,Normal
6188,E-Scooter,3.49,17.43,15.14,20.37,73.6,70.9,1,5.3,33.3,46-60,0.817,Normal
6189,E-Scooter,2.35,13.75,13.23,14.57,60.7,47.1,2,12.1,18.8,26-35,0.791,Normal
6190,E-Bike,3.65,20.83,12.43,20.27,93.5,82.5,1,5.7,31.8,18-25,0.733,Normal
6191,E-Scooter,3.02,15.77,18.71,27.07,55.3,51.1,1,25.7,14.4,18-25,0.597,Improper_Parking
6192,E-Scooter,0.91,2.0,18.71,20.14,71.8,68.6,0,36.8,26.3,60+,0.409,Improper_Parking
6193,E-Scooter,0.48,2.2,10.67,15.28,21.4,21.6,0,9.0,22.4,26-35,0.551,Normal
6194,E-Scooter,4.55,17.6,15.56,21.97,92.8,83.7,1,6.9,23.8,18-25,0.805,Normal
6195,E-Bike,3.56,16.39,11.56,18.15,73.0,61.1,1,12.9,26.5,26-35,0.914,Normal
6196,E-Scooter,1.55,7.66,24.96,32.5,88.1,77.1,0,1.0,14.2,46-60,0.587,Normal
6197,E-Scooter,3.87,15.27,16.87,19.35,84.9,67.3,2,22.7,17.7,46-60,0.884,Normal
6198,E-Scooter,2.36,10.23,21.75,26.98,25.1,24.6,0,52.3,19.0,46-60,0.87,Normal
6199,E-Scooter,2.64,4.22,22.42,29.61,26.5,21.0,2,12.9,27.0,18-25,0.888,Hard_Braking
6200,E-Bike,5.2,21.48,16.5,26.68,54.6,38.6,1,142.7,28.6,46-60,0.665,Mechanical_Fault
6201,E-Scooter,1.45,2.0,24.27,31.4,76.6,69.5,1,10.1,20.1,18-25,0.764,Hard_Braking
6202,E-Bike,1.47,3.95,14.91,21.37,28.8,26.2,3,50.8,14.7,26-35,0.855,Hard_Braking
6203,E-Scooter,1.36,3.73,23.1,24.56,94.2,93.3,3,5.0,30.1,18-25,0.807,Hard_Braking
6204,E-Bike,2.44,9.69,12.47,15.35,48.1,34.7,3,3.7,16.9,26-35,0.8,Hard_Braking
6205,E-Scooter,1.64,5.71,26.34,35.0,95.0,89.7,2,12.0,33.1,26-35,0.814,Hard_Braking
6206,E-Scooter,1.63,4.18,24.46,30.8,57.4,51.7,2,9.5,9.0,26-35,0.689,Normal
6207,E-Scooter,12.99,60.36,12.62,16.63,65.7,32.5,0,22.9,21.0,26-35,0.664,Normal
6208,E-Scooter,6.87,31.0,13.96,24.39,32.3,11.9,2,14.4,27.9,36-45,0.896,Battery_Critical
6209,E-Bike,2.75,12.79,13.27,18.79,28.8,20.5,1,0.4,30.8,26-35,0.882,Normal
6210,E-Scooter,2.37,10.94,13.9,23.55,45.2,40.6,2,1.8,18.2,18-25,0.903,Normal
6211,E-Scooter,1.67,2.0,13.42,18.93,57.4,45.8,1,6.7,27.4,26-35,0.864,Normal
6212,E-Bike,1.92,4.28,13.74,17.96,92.9,89.3,0,21.7,20.6,18-25,0.882,Mechanical_Fault
6213,E-Scooter,6.1,27.95,15.32,22.39,90.9,73.3,4,45.8,14.9,36-45,0.59,Hard_Braking
6214,E-Scooter,1.11,2.01,22.42,32.16,73.9,73.4,2,10.1,16.3,18-25,0.945,Hard_Braking
6215,E-Scooter,3.05,13.74,13.88,15.59,67.3,58.2,0,17.3,7.6,26-35,0.851,Normal
6216,E-Bike,1.17,2.0,16.38,21.2,32.9,28.4,2,119.2,24.3,46-60,0.699,Mechanical_Fault
6217,E-Scooter,1.91,6.98,13.81,18.82,21.8,22.7,1,7.7,23.0,18-25,0.841,Normal
6218,E-Scooter,5.03,20.49,16.6,23.19,54.4,35.9,1,12.5,12.3,18-25,0.784,Mechanical_Fault
6219,E-Scooter,0.54,4.46,18.42,22.97,49.5,44.4,3,13.5,29.5,26-35,0.961,Normal
6220,E-Scooter,7.06,18.12,19.95,23.55,27.8,4.8,2,0.3,32.9,18-25,0.723,Battery_Critical
6221,E-Scooter,2.83,5.25,28.01,28.94,48.2,38.0,1,4.8,14.6,18-25,0.867,Normal
6222,E-Scooter,5.97,21.93,15.03,21.08,53.3,25.1,1,22.7,26.2,26-35,0.776,Normal
6223,E-Bike,1.69,15.71,7.7,15.44,38.0,30.0,1,7.4,20.1,18-25,0.643,Normal
6224,E-Scooter,1.72,2.15,20.12,26.16,62.9,57.9,0,24.4,26.3,26-35,0.683,Normal
6225,E-Bike,4.55,18.98,14.01,20.25,94.1,77.7,1,0.3,17.0,18-25,0.748,Normal
6226,E-Bike,12.51,36.93,19.15,25.11,44.7,7.9,1,82.9,27.2,46-60,0.552,Battery_Critical
6227,E-Bike,2.07,2.7,21.12,24.73,74.3,69.4,0,53.6,19.3,18-25,0.346,Improper_Parking
6228,E-Bike,1.29,2.0,14.26,21.84,83.2,82.4,1,1.8,16.0,36-45,0.652,Normal
6229,E-Bike,0.3,3.65,11.44,18.24,89.0,96.7,1,1.5,16.7,46-60,0.924,Normal
6230,E-Scooter,2.85,12.66,15.07,22.33,28.0,13.1,1,13.1,17.1,36-45,0.774,Battery_Critical
6231,E-Scooter,3.29,15.11,15.5,18.52,54.1,45.2,2,11.4,18.9,26-35,0.654,Hard_Braking
6232,E-Bike,1.33,10.76,15.61,24.73,65.0,48.8,1,23.5,29.3,18-25,0.947,Normal
6233,E-Bike,4.17,35.2,7.18,9.19,97.1,80.7,2,6.8,32.2,18-25,0.973,Improper_Parking
6234,E-Scooter,3.68,11.37,18.29,28.55,78.0,73.4,1,1.1,35.8,18-25,0.683,Normal
6235,E-Bike,4.98,14.4,16.53,23.69,78.1,61.8,1,28.0,34.9,46-60,0.757,Normal
6236,E-Scooter,1.76,9.87,23.52,25.25,56.7,58.5,0,16.6,6.3,18-25,0.835,Normal
6237,E-Bike,3.43,16.38,13.25,17.5,71.5,58.1,4,8.0,36.7,18-25,0.651,Hard_Braking
6238,E-Bike,7.52,29.16,17.53,28.46,62.7,32.0,0,104.7,21.1,36-45,0.911,Improper_Parking
6239,E-Bike,6.73,38.05,12.18,21.57,49.6,30.7,1,38.3,26.2,36-45,0.641,Improper_Parking
6240,E-Bike,2.48,12.3,10.58,17.89,44.9,42.9,0,0.8,25.3,18-25,0.569,Normal
6241,E-Scooter,3.39,10.62,16.84,23.91,63.5,48.1,2,27.8,18.5,36-45,0.606,Hard_Braking
6242,E-Scooter,3.76,12.13,19.94,25.49,82.6,78.4,0,5.1,24.5,18-25,0.476,Normal
6243,E-Scooter,1.62,3.49,22.68,28.03,87.2,82.9,3,3.3,28.7,26-35,0.585,Hard_Braking
6244,E-Bike,10.82,48.66,12.19,22.09,86.7,56.8,3,20.1,3.2,26-35,0.54,Normal
6245,E-Scooter,4.15,18.39,13.93,19.33,52.4,42.2,1,17.6,25.8,26-35,0.907,Improper_Parking
6246,E-Scooter,3.14,8.85,19.2,22.76,22.1,9.8,2,77.0,24.6,26-35,0.827,Battery_Critical
6247,E-Bike,4.93,24.15,10.88,16.62,92.1,75.0,0,50.9,27.0,60+,0.86,Normal
6248,E-Scooter,4.0,12.69,15.76,16.75,48.8,33.2,1,42.2,21.2,36-45,0.664,Hard_Braking
6249,E-Bike,2.39,15.57,10.79,18.3,78.9,76.7,1,2.0,25.1,18-25,0.592,Normal
6250,E-Scooter,6.29,20.39,18.0,19.72,59.2,35.3,4,32.1,39.1,18-25,0.741,Hard_Braking
6251,E-Scooter,6.05,23.17,14.94,15.69,51.5,29.7,2,17.4,14.8,26-35,0.833,Normal
6252,E-Bike,3.33,11.21,15.84,20.52,24.8,20.8,0,30.9,42.0,46-60,0.546,Normal
6253,E-Scooter,0.58,2.83,14.75,15.72,95.9,98.0,1,3.2,16.7,60+,0.748,Battery_Critical
6254,E-Scooter,2.4,9.14,18.19,26.35,72.5,55.9,2,28.4,21.3,18-25,0.833,Hard_Braking
6255,E-Bike,5.07,25.1,11.46,14.67,32.6,17.6,0,32.4,25.8,18-25,0.475,Normal
6256,E-Bike,3.23,18.25,9.17,17.47,55.7,48.0,0,46.2,20.8,18-25,0.869,Mechanical_Fault
6257,E-Bike,2.86,9.91,13.91,19.98,61.4,57.3,2,13.3,27.2,36-45,0.738,Hard_Braking
6258,E-Scooter,6.24,15.98,19.04,23.43,99.6,87.4,2,35.2,22.8,18-25,0.881,Normal
6259,E-Scooter,4.23,16.61,17.04,23.18,97.3,89.1,2,3.7,20.8,18-25,0.49,Hard_Braking
6260,E-Bike,0.3,5.05,14.42,20.09,96.3,91.4,1,3.0,31.9,18-25,0.457,Normal
6261,E-Scooter,6.0,28.89,14.19,19.05,57.8,41.7,1,42.2,23.5,36-45,0.792,Battery_Critical
6262,E-Bike,4.18,23.15,14.31,18.76,28.1,24.7,0,21.2,28.6,18-25,0.83,Normal
6263,E-Bike,4.74,19.21,18.13,21.22,64.8,47.5,2,52.4,41.4,18-25,0.85,Hard_Braking
6264,E-Bike,1.41,13.86,14.62,18.61,50.9,46.4,2,36.5,16.9,18-25,0.93,Mechanical_Fault
6265,E-Bike,4.39,16.47,14.74,18.69,48.2,39.4,1,11.6,22.1,26-35,0.58,Normal
6266,E-Bike,3.17,13.07,13.96,14.08,82.3,75.4,3,0.2,15.9,18-25,0.876,Hard_Braking
6267,E-Bike,9.73,31.88,17.79,17.84,54.3,24.0,1,11.8,37.2,18-25,0.866,Mechanical_Fault
6268,E-Bike,1.22,5.55,9.69,15.87,33.8,31.0,1,46.5,15.1,36-45,0.839,Normal
6269,E-Bike,1.7,10.03,9.33,11.34,53.6,54.3,2,76.4,26.9,18-25,0.871,Normal
6270,E-Scooter,0.55,3.76,12.82,13.41,59.5,51.6,0,45.4,21.8,18-25,0.766,Normal
6271,E-Bike,8.15,41.81,11.74,13.44,88.8,66.1,0,21.1,21.4,18-25,0.75,Normal
6272,E-Scooter,1.35,5.28,12.91,17.99,48.4,50.3,1,16.7,20.8,18-25,0.869,Normal
6273,E-Scooter,0.3,2.0,16.23,25.56,34.2,31.5,1,18.8,4.7,26-35,0.858,Normal
6274,E-Scooter,3.9,16.68,15.46,20.4,33.3,20.0,2,19.9,31.4,26-35,0.903,Normal
6275,E-Bike,3.56,11.42,14.24,19.47,55.4,42.8,1,8.2,22.7,46-60,0.795,Normal
6276,E-Bike,2.54,10.94,16.35,28.57,80.6,69.8,2,2.6,25.7,36-45,0.86,Normal
6277,E-Scooter,2.7,15.63,11.95,13.51,74.2,62.9,0,31.7,28.8,36-45,0.944,Normal
6278,E-Scooter,3.39,13.85,18.1,18.16,53.5,49.3,0,30.2,14.7,26-35,0.562,Normal
6279,E-Scooter,0.43,2.0,9.69,18.42,33.2,30.0,0,68.3,24.3,18-25,0.796,Normal
6280,E-Scooter,2.6,7.98,19.28,25.48,88.1,81.7,3,0.4,21.1,36-45,0.706,Hard_Braking
6281,E-Scooter,1.01,6.72,15.25,22.28,27.4,23.0,0,20.5,25.8,26-35,0.965,Normal
6282,E-Bike,3.01,13.9,12.59,20.57,46.2,35.7,2,9.6,3.5,46-60,0.619,Normal
6283,E-Bike,3.6,19.76,9.01,10.95,27.6,21.9,2,11.2,24.3,60+,0.838,Normal
6284,E-Scooter,3.87,15.15,16.55,19.82,61.1,45.4,2,2.4,6.3,46-60,0.502,Improper_Parking
6285,E-Bike,5.13,21.12,14.59,24.61,96.9,76.8,1,13.0,23.2,36-45,0.644,Normal
6286,E-Scooter,1.76,6.85,20.64,28.92,78.3,72.3,0,10.8,33.2,26-35,0.695,Normal
6287,E-Bike,3.82,21.35,11.27,14.38,66.3,65.1,0,38.0,24.7,18-25,0.871,Normal
6288,E-Scooter,3.93,11.84,17.95,23.45,88.7,80.4,2,22.0,32.7,26-35,0.903,Battery_Critical
6289,E-Bike,6.38,28.06,15.19,23.24,43.4,22.5,1,18.4,16.0,18-25,0.806,Battery_Critical
6290,E-Scooter,1.62,2.75,15.76,20.2,38.9,30.6,1,33.1,23.5,18-25,0.718,Battery_Critical
6291,E-Scooter,5.12,22.6,17.24,23.24,51.8,36.6,3,44.4,22.3,36-45,0.647,Hard_Braking
6292,E-Bike,11.97,46.05,15.49,17.52,73.0,39.5,1,57.6,34.4,18-25,0.761,Hard_Braking
6293,E-Scooter,3.58,12.11,18.97,26.64,36.3,23.5,1,10.0,17.9,18-25,0.862,Hard_Braking
6294,E-Bike,1.78,9.29,15.65,17.45,88.2,87.3,2,7.1,18.7,46-60,0.856,Hard_Braking
6295,E-Scooter,1.03,4.15,17.89,20.77,35.1,33.4,4,17.2,14.1,46-60,0.675,Hard_Braking
6296,E-Scooter,3.97,14.52,18.37,23.99,97.3,82.9,2,26.0,24.4,26-35,0.719,Hard_Braking
6297,E-Bike,2.32,13.84,10.87,22.36,87.0,86.3,0,2.4,28.8,18-25,0.526,Normal
6298,E-Bike,2.6,16.44,12.83,23.51,42.2,31.8,2,0.2,24.0,26-35,0.781,Hard_Braking
6299,E-Scooter,1.55,6.75,17.67,20.84,60.2,50.4,2,2.4,38.0,46-60,0.857,Normal
6300,E-Bike,0.99,2.33,16.94,21.63,58.9,56.4,0,131.9,30.8,46-60,0.812,Mechanical_Fault
6301,E-Scooter,7.55,44.86,9.95,15.48,37.3,7.0,1,1.1,9.4,26-35,0.946,Battery_Critical
6302,E-Scooter,4.26,34.85,8.77,10.42,24.5,9.8,3,5.6,35.1,18-25,0.879,Battery_Critical
6303,E-Scooter,1.12,5.65,18.25,22.84,78.8,62.7,2,14.0,26.6,26-35,0.951,Normal
6304,E-Bike,4.31,27.22,10.73,13.63,66.3,53.6,1,10.8,18.9,26-35,0.778,Improper_Parking
6305,E-Scooter,3.29,14.58,12.08,17.09,51.7,45.1,3,14.0,17.8,26-35,0.674,Improper_Parking
6306,E-Bike,0.41,6.36,13.14,17.15,41.4,42.3,3,35.8,32.1,18-25,0.939,Normal
6307,E-Scooter,0.3,2.0,17.18,23.01,34.6,31.3,2,3.6,24.8,18-25,0.82,Hard_Braking
6308,E-Scooter,1.35,2.0,18.66,24.4,72.3,68.1,2,10.1,11.8,26-35,0.611,Hard_Braking
6309,E-Scooter,2.04,10.7,11.27,17.23,90.5,82.4,1,15.0,34.5,,0.948,Normal
6310,E-Scooter,3.14,15.38,10.4,17.28,22.6,10.2,1,19.1,24.9,18-25,0.914,Normal
6311,E-Scooter,2.35,4.98,17.29,25.01,28.2,27.5,1,10.8,13.5,18-25,0.705,Hard_Braking
6312,E-Scooter,3.13,18.5,10.82,19.18,84.8,67.8,1,14.7,30.6,46-60,0.637,Normal
6313,E-Scooter,1.69,7.55,14.74,17.85,52.0,45.1,1,11.8,24.9,18-25,0.513,Normal
6314,E-Scooter,2.07,9.46,17.52,17.96,75.9,65.9,2,59.2,28.2,26-35,0.646,Hard_Braking
6315,E-Bike,3.53,18.9,8.79,14.92,87.1,84.0,1,0.7,24.9,36-45,0.84,Normal
6316,E-Scooter,2.72,10.27,15.29,21.83,31.4,31.1,2,4.1,34.4,46-60,0.896,Improper_Parking
6317,E-Bike,3.47,24.82,9.63,18.31,51.4,44.0,1,17.5,25.6,36-45,0.811,Mechanical_Fault
6318,E-Bike,2.0,8.6,16.57,18.76,72.4,65.3,2,13.4,21.3,46-60,0.717,Normal
6319,E-Bike,0.3,2.0,11.95,12.86,25.0,25.2,2,6.0,29.7,36-45,0.729,Normal
6320,E-Scooter,0.3,3.17,10.61,13.96,66.1,54.2,4,14.6,19.2,26-35,0.698,Hard_Braking
6321,E-Bike,1.48,10.29,13.43,19.13,39.5,38.8,0,24.8,28.5,36-45,0.703,Normal
6322,E-Scooter,1.36,7.48,12.67,17.82,40.6,41.4,0,4.1,19.6,36-45,0.916,Normal
6323,E-Scooter,2.83,29.16,5.67,13.92,58.9,54.5,1,28.9,14.9,26-35,0.9,Normal
6324,E-Bike,3.53,14.58,16.27,17.83,55.6,41.3,1,22.0,15.6,36-45,0.492,Improper_Parking
6325,E-Scooter,5.3,19.16,18.47,22.33,84.5,65.3,2,11.6,23.8,18-25,0.785,Hard_Braking
6326,E-Bike,2.54,26.9,5.0,10.36,61.5,54.0,0,7.4,26.5,26-35,0.901,Normal
6327,E-Scooter,1.16,7.0,17.31,23.65,71.7,60.7,1,35.1,34.3,26-35,0.945,Hard_Braking
6328,E-Bike,5.41,49.24,6.56,7.17,37.2,26.6,1,20.6,34.1,18-25,0.553,Mechanical_Fault
6329,E-Scooter,2.76,12.27,20.93,25.98,77.3,69.1,1,0.6,11.5,36-45,0.921,Normal
6330,E-Bike,3.69,18.96,9.82,14.34,32.1,16.1,1,5.6,9.9,18-25,0.824,Battery_Critical
6331,E-Scooter,5.02,13.78,21.74,27.95,45.4,32.1,0,32.4,20.3,18-25,0.802,Normal
6332,E-Scooter,4.77,17.42,18.28,21.78,53.5,36.6,2,4.5,8.9,26-35,0.727,Normal
6333,E-Scooter,3.81,15.27,15.67,19.17,96.3,86.6,2,10.2,9.9,46-60,0.486,Mechanical_Fault
6334,E-Scooter,3.92,12.68,16.34,22.94,87.2,78.4,0,76.3,30.7,18-25,0.913,Normal
6335,E-Scooter,2.59,7.33,16.44,22.54,79.5,70.7,2,78.6,19.8,26-35,0.651,Hard_Braking
6336,E-Bike,1.06,4.98,11.33,12.22,57.8,48.0,1,9.2,30.0,26-35,0.885,Normal
6337,E-Scooter,3.39,14.21,17.74,21.6,66.3,53.9,1,6.1,22.3,46-60,0.888,Normal
6338,E-Scooter,1.62,6.39,19.03,21.46,34.9,28.7,1,41.5,23.7,18-25,0.928,Normal
6339,E-Bike,1.18,7.17,8.92,12.03,97.8,96.4,0,33.7,34.3,18-25,0.663,Normal
6340,E-Scooter,4.36,22.47,13.07,20.12,97.4,82.8,0,11.6,20.7,18-25,0.324,Improper_Parking
6341,E-Scooter,4.22,14.55,20.31,26.81,99.8,90.6,1,5.3,19.1,36-45,0.811,Normal
6342,E-Scooter,0.99,2.0,19.16,22.48,81.3,77.7,1,32.9,33.3,36-45,0.901,Mechanical_Fault
6343,E-Bike,0.92,4.44,10.34,13.92,29.3,27.5,4,8.6,40.1,26-35,0.528,Hard_Braking
6344,E-Bike,4.1,23.29,10.23,15.62,32.4,23.2,0,103.1,28.2,26-35,0.784,Normal
6345,E-Scooter,2.1,5.02,19.06,20.13,72.4,68.2,1,17.8,11.7,36-45,0.703,Normal
6346,E-Bike,3.66,28.68,7.01,14.11,29.3,16.9,1,16.1,34.9,18-25,0.717,Normal
6347,E-Bike,1.47,7.45,17.03,17.19,65.9,62.4,3,11.7,12.2,18-25,0.762,Hard_Braking
6348,E-Bike,1.43,6.98,10.76,11.52,24.9,28.7,1,18.4,20.6,26-35,0.969,Normal
6349,E-Bike,2.14,20.12,11.03,12.42,25.5,17.8,0,22.1,24.0,26-35,0.73,Normal
6350,E-Scooter,1.19,4.71,11.45,20.11,42.0,31.6,2,20.7,22.0,18-25,0.687,Normal
6351,E-Bike,12.98,62.59,12.57,15.69,78.3,43.4,1,28.0,27.3,18-25,0.584,Normal
6352,E-Scooter,2.34,5.87,19.97,27.37,56.0,45.6,2,29.3,29.9,46-60,0.856,Hard_Braking
6353,E-Scooter,1.91,8.36,16.25,22.43,40.7,41.2,1,2.5,16.9,36-45,0.913,Normal
6354,E-Scooter,1.94,10.61,11.15,16.7,36.7,39.6,2,4.8,29.4,18-25,0.69,Normal
6355,E-Scooter,0.85,2.0,19.13,24.54,61.3,59.2,2,11.6,23.2,18-25,0.933,Hard_Braking
6356,E-Scooter,2.24,4.67,20.77,27.67,94.6,90.7,1,2.4,13.5,18-25,0.696,Battery_Critical
6357,E-Scooter,0.65,6.82,9.19,10.42,83.6,80.6,3,8.8,35.6,18-25,0.731,Hard_Braking
6358,E-Scooter,1.91,6.92,15.61,23.47,20.9,15.9,1,20.8,18.3,46-60,,Battery_Critical
6359,E-Scooter,2.67,8.71,16.4,18.31,53.6,39.1,0,20.9,23.4,26-35,0.819,Normal
6360,E-Bike,4.0,14.96,12.77,21.31,77.6,69.2,1,3.7,20.4,36-45,0.563,Mechanical_Fault
6361,E-Scooter,4.45,18.28,14.0,17.58,75.8,62.8,3,21.0,20.0,26-35,0.679,Hard_Braking
6362,E-Scooter,1.34,4.3,19.06,22.52,42.5,35.0,3,0.3,25.2,26-35,0.871,Hard_Braking
6363,E-Scooter,1.22,2.0,23.18,29.17,24.2,20.7,3,4.3,27.0,26-35,0.649,Hard_Braking
6364,E-Scooter,3.0,11.6,14.9,18.8,71.3,57.7,2,3.4,22.9,36-45,0.72,Hard_Braking
6365,E-Scooter,3.16,10.31,21.09,29.92,58.2,46.8,1,10.4,33.1,26-35,0.869,Normal
6366,E-Scooter,2.35,14.71,13.0,15.28,36.8,28.9,4,2.8,20.8,18-25,0.644,Hard_Braking
6367,E-Scooter,2.18,12.4,16.65,21.54,83.5,78.1,1,80.1,23.5,36-45,0.844,Normal
6368,E-Scooter,4.61,11.75,18.1,22.53,70.8,60.7,1,31.9,33.7,,0.82,Hard_Braking
6369,E-Bike,1.14,4.3,14.21,17.97,99.5,93.3,2,7.2,14.6,18-25,0.947,Battery_Critical
6370,E-Scooter,5.51,32.58,10.79,16.15,36.0,19.3,1,10.2,22.0,26-35,0.828,Normal
6371,E-Scooter,0.78,3.4,18.97,27.21,24.3,19.9,2,26.5,35.8,60+,0.957,Normal
6372,E-Scooter,3.92,20.23,11.1,13.58,58.9,47.6,1,18.2,16.8,26-35,0.594,Normal
6373,E-Scooter,2.07,9.74,18.29,20.54,84.7,78.5,0,22.7,12.2,46-60,0.78,Battery_Critical
6374,E-Scooter,2.16,9.51,23.17,28.8,49.7,45.6,6,2.6,29.3,18-25,0.766,Hard_Braking
6375,E-Scooter,2.22,6.79,16.9,26.09,52.8,40.3,2,15.1,31.6,18-25,0.934,Normal
6376,E-Scooter,2.22,8.1,16.08,16.41,76.7,76.1,2,31.3,31.3,60+,0.8,Hard_Braking
6377,E-Bike,3.38,15.33,14.33,19.65,23.9,6.7,1,13.4,26.4,36-45,0.664,Battery_Critical
6378,E-Scooter,1.35,5.25,20.06,21.29,95.5,95.8,0,4.8,16.2,46-60,0.883,Normal
6379,E-Scooter,4.29,9.6,15.96,25.56,40.9,35.2,2,63.3,33.1,36-45,0.704,Normal
6380,E-Scooter,3.21,10.58,20.26,26.61,90.1,86.0,0,10.4,24.6,26-35,0.769,Normal
6381,E-Scooter,3.19,9.22,21.86,33.47,45.2,33.6,0,146.4,24.3,46-60,0.539,Mechanical_Fault
6382,E-Bike,1.75,9.53,11.04,19.11,48.2,40.8,0,0.1,42.0,46-60,0.689,Normal
6383,E-Scooter,1.99,10.01,15.58,22.72,85.1,72.5,1,2.0,33.4,60+,0.602,Normal
6384,E-Bike,7.15,34.22,12.92,13.34,28.2,15.8,3,4.5,15.6,18-25,0.918,Hard_Braking
6385,E-Scooter,6.48,27.44,17.17,22.76,68.5,46.2,0,36.6,10.1,26-35,0.605,Normal
6386,E-Scooter,2.72,10.11,18.36,24.94,87.6,83.2,2,43.4,34.1,26-35,0.95,Hard_Braking
6387,E-Scooter,3.03,10.69,15.42,20.64,42.0,34.7,2,27.1,29.0,18-25,0.798,Hard_Braking
6388,E-Scooter,1.21,10.4,14.07,23.03,87.9,79.7,0,12.6,11.7,18-25,0.817,Normal
6389,E-Bike,2.32,9.03,11.46,16.24,98.0,88.7,2,65.3,25.5,18-25,0.873,Hard_Braking
6390,E-Scooter,0.73,2.58,23.07,27.04,71.5,65.1,1,24.2,20.5,18-25,0.955,Battery_Critical
6391,E-Scooter,2.6,12.6,17.69,24.69,48.5,40.1,1,3.9,35.5,18-25,0.803,Normal
6392,E-Scooter,1.78,6.09,16.65,17.22,31.6,21.0,2,4.5,30.3,26-35,0.815,Normal
6393,E-Bike,0.76,2.0,15.99,26.32,99.9,100.0,1,14.4,22.7,18-25,0.849,Battery_Critical
6394,E-Bike,5.37,20.19,12.55,16.14,74.2,66.6,0,10.2,40.0,18-25,0.76,Normal
6395,E-Scooter,3.88,15.62,19.53,23.94,33.5,20.1,0,18.1,27.8,26-35,0.413,Improper_Parking
6396,E-Scooter,0.64,5.95,23.28,27.93,30.6,25.8,3,2.3,17.7,26-35,0.347,Improper_Parking
6397,E-Scooter,0.88,4.97,15.28,15.88,20.0,14.3,0,5.3,31.1,26-35,0.574,Normal
6398,E-Bike,4.87,30.08,12.17,17.87,36.4,22.7,3,41.3,16.3,36-45,0.783,Hard_Braking
6399,E-Scooter,6.63,16.79,22.73,25.11,90.9,68.1,1,10.5,29.3,60+,0.43,Hard_Braking
6400,E-Scooter,3.47,8.42,18.46,21.82,60.4,57.6,1,37.6,30.3,18-25,0.855,Hard_Braking
6401,E-Bike,2.88,22.45,8.32,12.36,57.6,54.4,3,33.8,28.9,18-25,0.96,Hard_Braking
6402,E-Scooter,0.71,2.0,11.97,19.63,44.8,40.5,1,19.9,34.4,36-45,0.745,Normal
6403,E-Bike,0.58,8.8,15.6,21.31,43.9,41.6,1,6.7,15.5,26-35,0.952,Normal
6404,E-Scooter,5.05,19.34,13.47,18.4,38.7,21.2,0,7.7,26.9,46-60,0.67,Normal
6405,E-Scooter,3.4,11.5,13.62,17.35,91.2,72.2,2,3.3,21.2,46-60,0.626,Improper_Parking
6406,E-Scooter,1.97,6.97,13.33,23.15,59.3,53.0,2,6.7,35.2,60+,0.744,Normal
6407,E-Scooter,14.0,63.07,12.44,15.47,76.3,34.3,1,11.1,34.1,46-60,0.904,Normal
6408,E-Scooter,4.74,11.41,18.55,18.76,90.5,75.2,2,5.2,23.8,46-60,0.872,Improper_Parking
6409,E-Scooter,6.46,23.11,18.3,22.72,25.3,8.8,0,18.7,35.9,18-25,0.39,Improper_Parking
6410,E-Bike,7.03,26.49,14.4,19.93,81.2,59.2,0,1.4,19.8,18-25,0.849,Normal
6411,E-Scooter,3.43,36.79,5.63,9.68,27.4,9.7,1,7.5,7.9,36-45,0.482,Battery_Critical
6412,E-Bike,1.56,2.2,15.69,24.17,29.9,26.6,2,4.8,22.1,26-35,0.698,Hard_Braking
6413,E-Bike,3.4,20.19,9.32,13.68,92.6,84.0,0,10.4,12.2,36-45,0.985,Normal
6414,E-Scooter,1.42,4.16,19.36,20.59,75.5,73.6,2,9.4,19.7,36-45,0.915,Hard_Braking
6415,E-Scooter,5.03,25.46,13.08,13.57,27.2,20.5,2,30.2,9.9,18-25,0.858,Normal
6416,E-Bike,4.08,12.98,17.49,23.43,64.5,51.7,1,40.1,30.9,36-45,0.683,Normal
6417,E-Scooter,4.92,14.39,16.45,21.95,62.7,43.8,4,92.0,24.8,26-35,0.552,Hard_Braking
6418,E-Scooter,1.89,8.87,14.51,15.76,34.0,33.2,1,29.8,26.0,36-45,0.647,Normal
6419,E-Scooter,2.56,9.43,13.02,14.02,33.6,33.3,1,7.5,17.5,18-25,0.698,Normal
6420,E-Scooter,5.38,20.18,16.09,17.26,55.8,42.2,1,50.7,29.3,26-35,0.688,Hard_Braking
6421,E-Scooter,5.24,23.97,15.59,21.36,52.3,36.9,1,34.1,13.0,18-25,0.69,Improper_Parking
6422,E-Scooter,2.01,3.9,17.03,25.09,65.9,61.4,1,15.7,32.0,18-25,0.647,Hard_Braking
6423,E-Bike,4.28,20.88,12.76,18.39,37.7,26.3,0,1.3,20.8,26-35,,Normal
6424,E-Bike,5.42,21.1,14.69,22.88,52.7,34.3,1,11.2,37.2,26-35,,Normal
6425,E-Bike,1.3,2.37,13.65,25.01,89.7,86.1,1,2.5,27.1,26-35,0.772,Normal
6426,E-Bike,13.26,43.02,18.39,24.94,47.6,8.0,0,3.7,27.6,26-35,0.591,Battery_Critical
6427,E-Bike,2.25,7.32,14.75,21.83,58.0,50.7,2,19.0,37.1,26-35,0.303,Improper_Parking
6428,E-Scooter,7.26,24.79,15.69,20.72,42.7,14.5,0,29.1,23.5,26-35,0.913,Battery_Critical
6429,E-Bike,0.94,7.67,14.96,22.92,41.2,39.0,4,20.1,29.1,26-35,0.635,Hard_Braking
6430,E-Bike,2.01,5.38,12.0,17.14,30.0,21.0,1,7.6,31.1,26-35,0.73,Normal
6431,E-Scooter,0.84,5.49,9.54,14.25,67.4,61.0,3,4.6,34.1,46-60,0.717,Hard_Braking
6432,E-Bike,2.38,8.63,19.05,21.96,46.5,44.0,1,9.6,17.3,18-25,0.834,Normal
6433,E-Scooter,2.85,7.34,17.98,27.45,94.8,84.2,0,18.7,29.9,18-25,0.876,Normal
6434,E-Bike,6.98,30.91,13.32,19.54,90.8,72.4,0,13.7,11.1,36-45,0.897,Normal
6435,E-Scooter,5.77,20.53,14.21,17.29,83.8,65.7,0,14.3,11.5,18-25,0.658,Normal
6436,E-Bike,3.26,14.14,12.37,21.26,61.9,49.2,2,2.2,19.6,26-35,0.681,Hard_Braking
6437,E-Scooter,8.3,24.5,21.15,24.34,96.2,74.4,1,15.4,23.3,18-25,0.67,Normal
6438,E-Scooter,4.94,11.87,24.77,29.93,46.9,31.9,1,3.5,29.1,18-25,0.664,Normal
6439,E-Bike,6.55,57.33,7.27,10.48,66.3,43.5,0,1.7,14.5,36-45,0.767,Normal
6440,E-Bike,1.98,8.48,14.42,18.52,24.5,21.3,0,4.8,21.0,18-25,0.816,Normal
6441,E-Bike,0.58,2.0,11.41,16.73,54.0,50.3,2,20.9,36.4,60+,0.835,Hard_Braking
6442,E-Bike,1.7,6.09,16.19,22.67,21.1,16.8,0,6.0,22.4,26-35,0.973,Normal
6443,E-Bike,3.8,13.42,13.26,18.11,76.9,65.1,2,0.5,13.4,26-35,0.878,Normal
6444,E-Scooter,2.51,7.63,16.14,24.91,44.7,32.1,2,4.1,25.6,26-35,0.98,Improper_Parking
6445,E-Bike,1.97,9.02,15.72,22.2,87.2,85.7,0,16.1,32.6,26-35,0.605,Normal
6446,E-Bike,0.51,9.35,11.29,14.89,87.6,89.1,1,1.5,25.8,60+,0.816,Battery_Critical
6447,E-Bike,2.53,14.52,10.85,17.39,52.5,48.0,1,23.1,33.7,18-25,0.808,Normal
6448,E-Scooter,14.0,58.97,15.16,20.88,68.6,24.1,0,2.4,10.3,46-60,0.917,Normal
6449,E-Scooter,2.18,3.38,22.99,28.55,91.9,85.3,0,12.2,21.6,36-45,0.897,Normal
6450,E-Bike,2.4,8.43,15.34,23.57,67.3,61.2,0,28.7,34.3,46-60,0.373,Improper_Parking
6451,E-Bike,6.83,37.28,12.06,19.28,43.6,27.5,2,43.9,33.5,26-35,0.747,Mechanical_Fault
6452,E-Scooter,3.28,5.67,17.99,20.07,46.2,37.7,1,21.0,35.4,26-35,0.746,Normal
6453,E-Scooter,4.15,12.75,22.55,29.48,97.6,91.5,1,2.3,18.3,46-60,0.892,Normal
6454,E-Bike,1.67,6.12,15.98,19.57,97.7,92.9,0,2.2,2.8,36-45,0.948,Normal
6455,E-Scooter,0.96,9.14,14.6,26.08,49.6,49.1,2,10.4,8.3,26-35,0.992,Normal
6456,E-Bike,3.11,11.45,13.29,17.83,93.9,84.5,1,1.8,22.4,36-45,0.903,Normal
6457,E-Bike,4.6,25.25,11.18,18.33,48.2,39.3,3,56.2,39.9,18-25,0.719,Hard_Braking
6458,E-Scooter,9.92,37.65,15.43,19.23,52.1,15.7,1,31.5,13.5,36-45,0.563,Mechanical_Fault
6459,E-Scooter,3.49,13.22,14.52,24.13,24.2,14.5,1,9.6,31.1,18-25,0.706,Normal
6460,E-Scooter,3.26,11.63,20.21,24.11,92.5,86.4,2,112.0,28.5,60+,0.41,Improper_Parking
6461,E-Bike,7.2,36.62,13.56,15.74,92.6,71.0,1,9.5,23.0,18-25,,Normal
6462,E-Scooter,5.56,18.0,19.48,28.01,34.6,18.6,0,17.1,31.5,36-45,0.96,Normal
6463,E-Scooter,6.16,19.17,21.75,25.5,47.3,31.4,3,28.9,20.6,18-25,0.863,Hard_Braking
6464,E-Bike,0.57,2.0,19.93,29.47,42.6,34.2,0,8.6,31.9,46-60,0.73,Normal
6465,E-Bike,1.81,4.41,14.11,18.49,46.3,40.6,2,33.3,38.2,26-35,0.793,Normal
6466,E-Bike,3.07,9.16,13.15,20.42,58.0,45.2,3,27.8,16.5,26-35,0.826,Hard_Braking
6467,E-Bike,2.09,8.76,13.51,18.49,67.2,61.8,1,46.8,15.2,36-45,0.845,Normal
6468,E-Bike,1.0,4.52,8.79,12.62,78.4,79.1,2,10.0,26.4,46-60,0.689,Hard_Braking
6469,E-Scooter,3.28,9.94,22.66,32.6,27.0,12.6,2,4.1,18.5,46-60,0.806,Battery_Critical
6470,E-Scooter,3.69,16.81,14.24,19.45,89.9,81.2,3,18.0,32.8,18-25,0.558,Battery_Critical
6471,E-Bike,3.06,13.26,11.09,15.07,89.4,82.5,2,7.9,22.6,60+,0.581,Normal
6472,E-Bike,1.35,3.56,13.12,17.48,28.5,16.9,2,2.9,17.8,36-45,0.905,Improper_Parking
6473,E-Scooter,1.13,15.35,6.11,15.01,72.9,75.7,5,33.0,18.7,18-25,0.631,Hard_Braking
6474,E-Scooter,9.0,37.89,15.42,19.77,34.5,6.6,0,7.7,21.4,18-25,0.597,Battery_Critical
6475,E-Scooter,14.0,39.31,18.78,22.87,51.4,8.7,2,15.8,20.8,26-35,0.669,Battery_Critical
6476,E-Bike,2.54,22.51,7.38,13.52,39.8,30.3,2,61.7,10.8,46-60,0.945,Mechanical_Fault
6477,E-Bike,1.71,4.86,14.91,16.18,70.4,64.9,3,34.0,14.6,26-35,0.595,Normal
6478,E-Scooter,1.51,11.8,7.22,12.64,87.3,80.2,1,19.3,24.4,26-35,0.897,Normal
6479,E-Scooter,7.2,29.62,16.35,25.6,67.4,45.0,0,32.1,27.8,18-25,0.828,Normal
6480,E-Scooter,4.1,13.93,23.11,27.06,80.8,73.8,1,14.0,25.1,26-35,0.685,Normal
6481,E-Scooter,10.67,41.71,15.84,20.18,70.5,41.9,3,49.9,24.2,26-35,0.899,Hard_Braking
6482,E-Bike,0.91,5.47,11.84,20.02,28.8,20.3,1,2.4,35.5,36-45,0.917,Hard_Braking
6483,E-Bike,3.35,12.65,13.84,14.85,58.4,53.1,4,25.2,22.5,18-25,0.673,Hard_Braking
6484,E-Bike,3.73,13.86,15.79,21.28,75.5,66.6,1,9.9,29.4,36-45,0.559,Mechanical_Fault
6485,E-Bike,1.47,2.67,15.8,18.34,52.8,44.6,1,31.7,24.6,26-35,0.741,Normal
6486,E-Scooter,1.03,5.35,21.36,31.59,92.6,93.4,2,6.7,32.8,18-25,0.78,Hard_Braking
6487,E-Bike,1.54,7.9,12.87,21.67,66.7,59.4,1,6.9,31.5,18-25,0.962,Normal
6488,E-Bike,5.02,18.15,11.96,22.59,28.0,14.2,0,25.4,25.3,46-60,0.62,Normal
6489,E-Bike,2.93,17.08,9.96,16.46,22.6,24.8,1,16.5,23.6,60+,0.896,Normal
6490,E-Bike,2.81,11.51,12.5,19.56,34.3,29.3,2,12.9,27.2,46-60,0.952,Hard_Braking
6491,E-Bike,2.76,8.37,13.0,19.09,66.7,53.8,3,24.7,24.1,26-35,0.448,Hard_Braking
6492,E-Bike,5.03,21.8,13.19,17.87,31.7,20.1,2,51.4,26.5,18-25,0.655,Mechanical_Fault
6493,E-Scooter,2.08,6.38,20.9,30.81,49.2,40.1,1,3.2,32.1,60+,0.431,Improper_Parking
6494,E-Scooter,1.0,8.49,13.01,20.46,83.5,75.5,1,10.7,12.2,36-45,0.627,Normal
6495,E-Scooter,0.59,2.0,14.05,14.94,67.2,69.1,0,28.7,32.2,26-35,0.932,Normal
6496,E-Scooter,8.52,33.65,16.53,25.01,51.4,23.5,3,40.5,22.4,18-25,0.96,Battery_Critical
6497,E-Bike,2.53,16.91,10.75,15.27,64.8,56.9,2,29.7,13.8,18-25,0.406,Improper_Parking
6498,E-Scooter,2.84,9.91,18.6,25.51,48.3,39.3,2,11.7,31.8,36-45,0.813,Hard_Braking
6499,E-Scooter,0.5,2.0,22.67,29.31,65.9,57.9,0,14.9,27.6,36-45,0.844,Improper_Parking
6500,E-Bike,4.65,19.92,14.35,25.11,71.5,63.3,1,54.5,24.0,18-25,0.467,Mechanical_Fault
6501,E-Bike,6.16,23.77,16.15,22.02,36.6,20.5,0,3.3,20.5,18-25,0.505,Mechanical_Fault
6502,E-Scooter,7.77,22.28,19.47,26.66,48.8,24.1,3,1.4,27.7,,0.674,Hard_Braking
6503,E-Scooter,5.33,21.31,14.83,20.1,86.3,64.5,0,42.9,26.9,18-25,0.831,Normal
6504,E-Bike,4.74,21.21,14.13,18.45,62.3,49.7,0,5.4,24.4,26-35,0.847,Normal
6505,E-Bike,3.04,14.29,12.99,24.57,70.4,59.4,2,2.2,18.3,18-25,0.832,Hard_Braking
6506,E-Scooter,4.77,17.3,16.03,26.08,92.6,90.0,0,7.5,21.8,46-60,0.802,Normal
6507,E-Bike,1.95,2.0,12.83,19.18,21.2,19.1,0,3.5,16.4,18-25,0.611,Normal
6508,E-Scooter,3.15,13.51,16.24,17.17,51.2,44.0,1,9.4,9.0,26-35,0.705,Normal
6509,E-Bike,1.86,6.69,15.15,18.63,70.8,65.1,4,21.5,20.7,26-35,0.535,Hard_Braking
6510,E-Scooter,3.57,10.96,17.72,25.3,70.9,53.6,2,14.5,16.6,18-25,0.548,Normal
6511,E-Scooter,4.02,8.11,22.35,30.1,35.9,20.7,2,39.2,28.5,26-35,0.605,Hard_Braking
6512,E-Scooter,4.0,13.99,16.97,17.45,41.6,33.1,2,37.2,26.1,36-45,0.907,Hard_Braking
6513,E-Scooter,3.78,18.33,12.99,26.12,48.7,33.3,2,34.7,21.5,18-25,0.82,Mechanical_Fault
6514,E-Bike,1.36,8.32,18.43,29.82,46.8,47.8,3,33.7,31.8,18-25,0.763,Hard_Braking
6515,E-Scooter,3.74,10.88,16.44,16.44,98.4,85.6,2,47.2,23.8,18-25,0.807,Normal
6516,E-Bike,8.25,52.45,9.38,18.0,27.4,11.2,0,31.3,30.1,18-25,0.791,Battery_Critical
6517,E-Scooter,1.64,3.74,17.23,20.24,89.0,80.1,0,49.6,24.5,18-25,0.603,Normal
6518,E-Scooter,0.71,5.03,10.59,16.33,31.1,31.9,1,0.8,32.3,18-25,0.713,Normal
6519,E-Bike,10.26,62.1,9.46,12.73,36.3,4.8,3,6.7,15.9,18-25,0.902,Battery_Critical
6520,E-Scooter,5.09,22.86,19.38,25.02,79.3,66.6,4,39.5,27.4,36-45,0.465,Hard_Braking
6521,E-Bike,4.97,29.69,9.85,13.1,74.5,59.8,2,14.4,22.1,36-45,0.775,Normal
6522,E-Bike,4.64,17.05,14.37,22.09,92.7,81.9,3,7.3,20.5,26-35,0.559,Mechanical_Fault
6523,E-Bike,4.07,14.8,15.45,17.79,79.8,71.8,4,8.9,29.4,36-45,0.841,Battery_Critical
6524,E-Bike,4.21,15.31,15.5,22.26,37.9,23.7,0,52.2,38.0,18-25,0.526,Normal
6525,E-Bike,1.55,8.15,15.95,26.06,88.9,92.9,1,2.4,42.0,18-25,0.867,Normal
6526,E-Scooter,5.04,13.07,22.38,25.26,61.0,42.3,2,78.1,35.4,26-35,0.974,Mechanical_Fault
6527,E-Scooter,5.01,13.54,17.62,22.64,86.0,69.9,3,6.8,21.5,26-35,0.429,Hard_Braking
6528,E-Scooter,2.98,14.63,12.34,19.81,54.9,47.2,3,12.0,26.3,18-25,0.647,Hard_Braking
6529,E-Bike,0.96,2.38,14.04,15.82,51.3,53.7,1,5.5,23.7,36-45,0.494,Hard_Braking
6530,E-Bike,0.34,2.0,9.57,10.99,31.2,30.6,1,3.4,35.8,18-25,0.927,Normal
6531,E-Bike,4.0,19.19,11.64,17.82,77.2,75.5,2,2.0,34.0,18-25,0.826,Hard_Braking
6532,E-Bike,1.18,8.24,13.54,20.34,63.1,64.4,0,7.5,15.5,18-25,0.612,Normal
6533,E-Scooter,2.03,11.13,14.44,15.95,93.6,85.3,1,19.0,28.9,26-35,0.941,Normal
6534,E-Scooter,0.92,5.12,13.14,17.94,80.1,80.0,2,2.7,10.5,18-25,0.75,Normal
6535,E-Scooter,0.57,2.0,18.82,26.89,95.3,95.9,0,21.6,25.9,26-35,0.774,Normal
6536,E-Scooter,5.38,17.08,17.32,19.23,93.6,73.1,1,14.2,25.7,26-35,0.953,Normal
6537,E-Bike,4.97,17.69,14.29,14.69,42.6,32.7,0,51.1,25.2,26-35,0.832,Normal
6538,E-Scooter,2.69,13.02,13.02,22.95,50.9,50.1,1,4.0,38.4,46-60,0.602,Normal
6539,E-Scooter,1.55,2.0,22.79,23.44,27.1,19.7,3,8.9,16.8,26-35,0.423,Hard_Braking
6540,E-Scooter,1.63,9.48,15.37,17.12,53.9,51.4,2,15.3,33.0,36-45,0.667,Normal
6541,E-Scooter,2.22,7.47,16.86,17.19,94.9,89.2,1,67.4,18.7,60+,0.919,Normal
6542,E-Bike,3.9,18.13,17.63,22.74,69.6,58.7,0,29.6,24.0,26-35,0.646,Normal
6543,E-Scooter,0.81,2.0,18.14,19.8,20.6,21.0,0,37.9,30.2,18-25,0.885,Normal
6544,E-Bike,1.57,5.76,10.9,14.63,66.2,58.4,0,15.0,31.9,26-35,0.755,Normal
6545,E-Bike,3.86,18.83,12.97,14.07,43.2,27.9,1,0.4,32.1,18-25,0.752,Normal
6546,E-Bike,3.55,17.28,14.92,18.92,45.1,31.7,2,4.2,21.5,26-35,0.431,Mechanical_Fault
6547,E-Scooter,0.85,2.0,19.27,28.49,95.8,95.0,1,15.7,25.9,18-25,0.655,Mechanical_Fault
6548,E-Scooter,4.23,19.31,19.88,26.06,75.9,64.4,0,60.8,22.6,26-35,0.554,Mechanical_Fault
6549,E-Scooter,4.86,22.0,19.24,28.85,55.5,34.2,0,20.6,26.2,18-25,0.742,Normal
6550,E-Bike,0.98,3.36,13.69,18.92,59.5,59.4,1,36.6,32.7,26-35,0.793,Normal
6551,E-Bike,4.64,24.0,12.24,14.04,50.3,38.6,3,46.7,25.6,18-25,0.873,Hard_Braking
6552,E-Scooter,3.02,16.99,9.6,18.16,71.3,66.0,0,124.1,26.9,18-25,0.506,Normal
6553,E-Bike,0.74,3.23,10.79,14.69,48.0,40.0,1,4.4,27.7,46-60,0.809,Normal
6554,E-Bike,4.43,17.3,12.64,24.52,31.3,17.6,1,13.6,38.2,60+,0.52,Normal
6555,E-Bike,1.75,12.32,7.27,11.6,82.7,81.4,0,17.1,8.7,18-25,0.744,Battery_Critical
6556,E-Bike,4.51,22.95,9.3,19.2,63.0,45.0,4,2.3,27.2,18-25,0.928,Hard_Braking
6557,E-Bike,3.11,9.97,15.46,17.7,56.2,50.6,0,6.9,29.1,18-25,0.541,Normal
6558,E-Scooter,6.19,13.42,19.83,21.01,57.7,35.9,2,10.2,20.7,36-45,0.81,Battery_Critical
6559,E-Scooter,3.09,4.43,20.67,22.27,57.6,47.7,1,19.4,35.4,36-45,0.885,Normal
6560,E-Scooter,4.55,10.49,22.72,30.81,30.2,16.5,2,18.5,23.2,26-35,0.813,Hard_Braking
6561,E-Bike,2.32,16.65,9.23,19.15,36.0,28.0,1,33.0,2.7,46-60,0.577,Improper_Parking
6562,E-Scooter,6.2,22.31,14.36,20.27,94.3,73.2,0,6.7,27.8,46-60,0.327,Improper_Parking
6563,E-Bike,7.0,35.85,11.9,21.75,82.2,60.3,4,32.5,14.8,18-25,0.928,Hard_Braking
6564,E-Scooter,14.0,80.0,9.97,17.02,96.7,56.6,0,2.3,8.2,46-60,0.739,Improper_Parking
6565,E-Scooter,3.24,9.84,17.2,20.61,28.6,21.4,2,31.4,30.6,18-25,0.775,Mechanical_Fault
6566,E-Scooter,8.47,23.16,19.35,24.01,27.3,2.0,2,14.0,32.3,26-35,0.658,Battery_Critical
6567,E-Scooter,1.01,8.37,14.18,20.99,82.5,78.0,2,38.2,10.4,18-25,0.517,Mechanical_Fault
6568,E-Bike,2.18,11.18,14.88,20.83,99.9,95.1,1,0.2,20.5,36-45,0.34,Improper_Parking
6569,E-Bike,4.37,21.43,12.66,15.04,29.6,22.5,2,1.5,31.1,18-25,0.482,Hard_Braking
6570,E-Bike,0.62,5.57,13.39,16.88,90.5,88.9,3,49.2,27.5,46-60,0.646,Mechanical_Fault
6571,E-Scooter,2.61,11.16,13.15,22.46,36.8,20.0,1,4.4,13.7,18-25,0.396,Improper_Parking
6572,E-Bike,3.28,27.3,8.25,17.25,48.8,28.7,4,3.1,17.1,46-60,0.886,Hard_Braking
6573,E-Bike,1.22,5.5,13.52,19.38,26.4,17.3,0,1.0,37.7,18-25,0.751,Normal
6574,E-Bike,3.16,18.81,11.6,20.65,39.1,34.7,3,33.8,15.5,18-25,0.549,Normal
6575,E-Bike,5.11,22.76,14.48,21.44,69.1,48.2,0,15.1,15.0,18-25,0.428,Hard_Braking
6576,E-Bike,1.32,3.57,22.17,29.41,84.4,82.7,1,19.3,16.1,18-25,0.653,Normal
6577,E-Bike,5.47,23.86,13.95,15.28,78.3,56.8,1,14.1,20.1,36-45,0.878,Normal
6578,E-Scooter,3.14,17.72,13.78,20.71,58.7,58.4,1,8.1,23.2,60+,0.934,Hard_Braking
6579,E-Bike,0.59,4.16,15.3,24.85,21.6,22.6,2,14.8,25.2,60+,0.769,Hard_Braking
6580,E-Scooter,5.05,21.3,14.4,20.37,94.2,83.0,1,31.5,22.1,26-35,0.644,Mechanical_Fault
6581,E-Scooter,4.02,22.88,10.42,20.11,60.2,48.1,0,7.7,10.6,26-35,0.421,Improper_Parking
6582,E-Bike,6.77,23.99,14.23,22.75,65.5,42.0,1,12.2,20.3,36-45,0.863,Normal
6583,E-Scooter,1.49,5.67,21.54,24.84,20.3,12.3,1,44.8,21.4,18-25,0.356,Improper_Parking
6584,E-Bike,1.09,4.02,17.25,22.85,65.8,63.1,1,4.6,25.5,26-35,0.593,Normal
6585,E-Scooter,5.41,22.89,17.52,28.93,32.5,15.7,5,12.6,9.2,26-35,0.663,Hard_Braking
6586,E-Scooter,1.01,3.02,13.69,18.12,20.6,19.9,1,3.8,28.1,18-25,0.884,Normal
6587,E-Scooter,0.68,4.04,14.18,21.72,87.5,85.6,4,5.1,36.9,18-25,0.779,Hard_Braking
6588,E-Scooter,5.05,17.35,15.24,18.91,93.0,75.5,3,28.5,18.7,26-35,0.825,Improper_Parking
6589,E-Scooter,0.92,3.42,14.64,15.95,69.3,64.9,0,16.8,30.8,26-35,0.698,Improper_Parking
6590,E-Scooter,5.08,24.39,11.74,19.8,22.2,13.0,1,12.6,26.7,26-35,0.748,Battery_Critical
6591,E-Scooter,6.2,36.63,10.94,12.14,78.9,59.6,1,8.2,23.7,18-25,0.827,Normal
6592,E-Bike,3.32,13.83,13.66,19.05,81.4,68.2,1,10.3,31.9,26-35,0.46,Mechanical_Fault
6593,E-Bike,3.21,19.05,10.01,13.87,79.3,71.7,2,21.2,21.3,36-45,0.816,Normal
6594,E-Bike,4.9,23.65,11.22,14.15,24.2,12.0,2,20.3,41.3,26-35,0.663,Battery_Critical
6595,E-Bike,9.04,68.46,8.23,10.38,40.0,12.1,0,47.1,33.0,36-45,0.925,Battery_Critical
6596,E-Bike,3.09,10.44,14.3,16.77,27.1,20.3,2,77.7,17.7,18-25,0.664,Hard_Braking
6597,E-Scooter,4.0,18.78,13.25,17.35,74.2,60.3,1,8.7,24.7,18-25,0.671,Normal
6598,E-Scooter,4.85,16.21,14.93,20.25,54.6,32.0,1,5.4,31.5,26-35,0.662,Improper_Parking
6599,E-Scooter,5.14,19.74,13.84,19.02,66.2,48.8,1,9.1,29.1,36-45,0.666,Normal
6600,E-Scooter,0.43,2.0,22.4,28.04,24.8,27.7,1,13.5,3.7,26-35,0.78,Normal
6601,E-Bike,1.0,3.52,13.19,14.73,48.7,49.7,0,3.7,12.8,26-35,0.819,Normal
6602,E-Scooter,3.13,6.5,16.97,23.52,83.3,71.4,0,3.3,24.6,18-25,0.76,Normal
6603,E-Scooter,5.75,21.56,14.81,22.6,64.2,49.1,4,2.9,23.2,36-45,0.799,Hard_Braking
6604,E-Bike,0.6,2.0,11.57,11.81,63.7,59.3,2,40.2,36.0,26-35,0.841,Hard_Braking
6605,E-Scooter,6.91,12.86,22.73,27.81,44.7,26.4,1,5.4,27.6,18-25,0.938,Normal
6606,E-Bike,6.45,29.25,12.98,14.45,96.5,78.8,0,1.0,22.3,18-25,0.841,Improper_Parking
6607,E-Scooter,3.2,18.22,10.64,15.59,83.7,73.3,1,15.0,21.7,46-60,0.639,Normal
6608,E-Scooter,2.15,12.13,10.45,20.67,95.0,85.4,0,2.2,15.6,36-45,0.791,Normal
6609,E-Scooter,1.13,4.64,20.22,22.23,77.8,73.9,0,27.3,27.3,26-35,0.863,Hard_Braking
6610,E-Scooter,0.74,2.0,26.06,32.72,36.6,39.0,2,35.5,32.9,18-25,0.702,Normal
6611,E-Scooter,4.9,13.26,19.45,22.69,93.9,78.5,2,35.0,8.7,60+,0.834,Hard_Braking
6612,E-Scooter,0.45,2.0,15.01,20.28,76.6,73.8,0,24.5,11.7,46-60,0.514,Battery_Critical
6613,E-Bike,8.72,61.44,8.98,17.0,73.0,48.0,2,22.3,19.0,18-25,0.798,Normal
6614,E-Scooter,4.78,14.17,19.35,23.01,60.9,39.3,4,1.9,20.9,18-25,0.658,Hard_Braking
6615,E-Scooter,6.37,18.93,20.99,31.14,56.8,36.8,2,28.1,20.1,18-25,0.584,Hard_Braking
6616,E-Scooter,5.69,15.2,22.21,26.51,48.0,26.7,3,27.4,29.1,26-35,0.992,Mechanical_Fault
6617,E-Scooter,0.5,2.0,7.63,12.24,42.7,44.6,1,5.3,13.5,18-25,0.693,Normal
6618,E-Scooter,5.11,16.97,17.74,23.61,66.2,49.8,2,20.2,20.0,36-45,0.73,Normal
6619,E-Scooter,1.37,6.87,18.41,25.25,46.0,48.7,1,6.1,24.5,26-35,0.811,Normal
6620,E-Bike,2.74,9.49,14.23,18.7,49.4,37.2,1,3.1,28.6,26-35,0.66,Normal
6621,E-Bike,0.41,2.0,13.35,14.04,31.3,34.2,2,1.2,27.1,36-45,0.687,Hard_Braking
6622,E-Scooter,0.74,2.73,18.24,26.2,45.1,45.4,0,68.9,23.7,46-60,0.469,Normal
6623,E-Bike,2.52,20.22,11.9,22.15,28.4,23.5,1,31.6,26.6,36-45,0.875,Normal
6624,E-Bike,3.78,22.78,11.54,18.53,56.7,43.1,0,3.9,29.2,18-25,0.578,Normal
6625,E-Scooter,2.75,6.61,19.74,25.7,65.7,58.8,0,11.4,13.9,46-60,0.708,Normal
6626,E-Scooter,3.71,13.1,20.16,26.32,92.6,84.6,1,4.9,22.6,18-25,0.954,Normal
6627,E-Scooter,10.1,43.49,13.56,19.89,90.4,61.7,4,2.2,14.4,18-25,0.874,Improper_Parking
6628,E-Bike,1.74,2.33,15.98,18.76,84.4,80.7,1,0.2,24.2,26-35,0.727,Normal
6629,E-Scooter,1.02,2.0,13.94,21.82,39.5,40.1,1,16.2,37.6,18-25,0.802,Normal
6630,E-Scooter,2.44,10.76,12.19,17.43,21.5,9.3,2,1.1,11.7,18-25,0.59,Battery_Critical
6631,E-Bike,0.38,2.56,8.89,19.32,53.6,49.7,1,94.6,30.5,46-60,0.415,Improper_Parking
6632,E-Scooter,4.6,13.36,19.35,21.62,39.6,25.2,1,26.9,37.8,18-25,0.79,Mechanical_Fault
6633,E-Bike,4.23,31.89,9.07,14.84,23.3,2.0,1,6.6,0.3,36-45,0.77,Battery_Critical
6634,E-Bike,6.5,30.3,12.38,21.61,93.2,73.6,0,19.3,10.8,26-35,0.646,Normal
6635,E-Scooter,4.27,5.83,29.03,34.01,71.0,58.3,0,9.0,7.2,36-45,0.577,Hard_Braking
6636,E-Scooter,1.61,2.06,16.44,24.43,59.6,55.7,2,0.2,42.0,36-45,0.533,Hard_Braking
6637,E-Scooter,1.16,3.32,23.42,28.8,97.0,93.0,0,0.3,17.2,18-25,0.789,Normal
6638,E-Bike,0.3,3.8,9.96,14.53,78.5,74.5,1,2.2,42.0,46-60,0.626,Battery_Critical
6639,E-Bike,0.96,4.69,13.87,20.15,91.9,93.2,1,4.4,32.1,18-25,0.726,Normal
6640,E-Scooter,2.96,8.58,18.49,25.63,43.3,34.0,0,15.9,27.0,26-35,0.883,Normal
6641,E-Scooter,1.85,5.95,21.35,25.73,37.7,34.1,2,5.6,12.3,26-35,0.825,Hard_Braking
6642,E-Bike,1.28,5.76,10.54,17.97,69.3,65.7,1,4.8,18.7,18-25,0.547,Normal
6643,E-Scooter,0.42,2.0,17.95,20.92,36.5,37.2,2,31.6,16.4,46-60,0.74,Mechanical_Fault
6644,E-Scooter,2.04,10.74,16.3,21.3,40.1,27.1,3,9.3,31.5,26-35,0.595,Hard_Braking
6645,E-Bike,3.87,20.88,10.45,18.97,45.8,34.4,1,19.8,18.9,18-25,0.87,Normal
6646,E-Bike,2.6,11.4,14.74,21.25,98.1,88.7,0,25.9,21.5,18-25,0.771,Normal
6647,E-Scooter,7.9,35.91,15.48,25.09,82.1,54.8,0,5.0,13.2,36-45,0.726,Normal
6648,E-Scooter,4.02,10.76,15.52,16.69,21.8,11.5,1,27.3,21.7,18-25,0.557,Mechanical_Fault
6649,E-Scooter,5.15,28.6,10.91,13.83,37.5,22.0,1,32.4,11.6,36-45,0.807,Normal
6650,E-Scooter,3.06,8.73,17.17,18.11,21.2,13.1,1,105.8,32.6,26-35,0.859,Mechanical_Fault
6651,E-Bike,5.29,34.06,8.87,16.54,80.7,67.4,0,17.0,19.6,36-45,0.799,Normal
6652,E-Scooter,1.24,4.4,21.95,25.51,50.7,52.2,0,21.6,17.6,26-35,0.751,Normal
6653,E-Scooter,6.15,38.95,9.7,12.89,73.5,56.6,3,4.4,36.8,26-35,0.753,Hard_Braking
6654,E-Bike,5.82,27.74,11.24,16.62,96.5,67.8,1,13.2,20.6,36-45,0.842,Battery_Critical
6655,E-Scooter,1.0,3.94,18.85,26.29,99.8,100.0,3,15.5,18.9,26-35,0.764,Hard_Braking
6656,E-Bike,0.96,5.77,11.5,17.2,29.6,23.3,1,57.0,23.5,26-35,0.802,Mechanical_Fault
6657,E-Scooter,1.33,4.33,11.82,20.97,45.0,44.5,1,42.3,32.6,60+,0.528,Mechanical_Fault
6658,E-Bike,1.64,7.08,15.12,21.19,59.8,51.6,1,4.3,17.6,46-60,0.974,Normal
6659,E-Bike,1.58,5.12,15.18,20.55,46.0,46.9,1,0.4,23.6,18-25,0.679,Normal
6660,E-Bike,11.23,51.84,13.81,15.83,36.6,10.3,0,6.0,27.5,46-60,0.934,Battery_Critical
6661,E-Scooter,3.82,20.54,14.79,20.22,74.2,62.9,2,14.4,26.0,18-25,0.942,Normal
6662,E-Scooter,3.11,10.9,13.63,19.65,95.3,82.0,0,2.1,25.6,36-45,0.864,Normal
6663,E-Bike,0.45,6.23,16.23,21.21,60.0,57.7,2,18.2,29.4,36-45,0.631,Normal
6664,E-Bike,4.41,18.64,14.19,21.52,30.3,13.4,2,10.9,6.8,46-60,0.659,Battery_Critical
6665,E-Bike,2.2,9.72,14.71,21.33,39.2,26.2,1,10.1,25.3,18-25,0.822,Hard_Braking
6666,E-Bike,4.85,18.41,14.08,21.7,72.3,56.8,1,48.1,26.8,18-25,0.861,Normal
6667,E-Scooter,5.36,16.76,19.82,28.09,83.6,67.0,1,6.0,12.6,36-45,0.97,Normal
6668,E-Scooter,9.9,30.94,21.27,22.76,26.6,5.7,1,21.4,24.0,18-25,0.955,Battery_Critical
6669,E-Bike,0.87,2.0,11.75,16.63,82.7,81.4,1,2.5,22.4,18-25,0.845,Hard_Braking
6670,E-Scooter,4.43,11.36,18.81,23.56,67.7,55.6,1,21.9,23.0,26-35,0.566,Normal
6671,E-Scooter,4.79,15.49,19.21,25.7,96.3,87.8,0,17.7,21.2,46-60,0.806,Normal
6672,E-Bike,3.67,11.58,13.1,15.54,50.7,39.4,2,0.5,40.5,46-60,0.662,Normal
6673,E-Scooter,5.56,18.62,17.26,24.03,24.9,2.3,0,12.0,24.5,36-45,0.601,Battery_Critical
6674,E-Bike,1.64,5.85,14.28,18.84,45.3,47.2,2,30.5,42.0,36-45,0.804,Normal
6675,E-Scooter,4.29,16.18,11.6,14.82,71.9,60.5,0,31.2,26.5,46-60,0.811,Normal
6676,E-Scooter,4.33,14.35,19.11,26.46,75.1,65.6,4,9.9,21.9,18-25,0.768,Hard_Braking
6677,E-Scooter,3.94,21.06,11.05,18.65,98.3,88.9,2,25.3,24.3,46-60,0.517,Normal
6678,E-Scooter,4.24,18.59,15.15,15.68,97.3,88.4,0,21.6,21.8,60+,0.917,Normal
6679,E-Scooter,5.48,19.51,18.27,23.43,75.9,54.1,0,2.8,20.2,36-45,0.871,Normal
6680,E-Scooter,5.74,18.29,17.01,26.11,69.8,52.8,1,1.3,26.2,18-25,0.851,Normal
6681,E-Scooter,5.79,29.22,16.9,21.45,25.8,7.4,0,15.2,21.9,18-25,0.46,Battery_Critical
6682,E-Bike,0.77,7.13,14.53,17.61,35.9,36.6,0,26.9,21.1,36-45,0.795,Normal
6683,E-Scooter,1.02,2.0,20.05,21.67,41.0,36.7,2,23.1,27.8,26-35,0.528,Hard_Braking
6684,E-Scooter,1.61,7.54,21.07,25.01,24.0,22.7,2,2.8,29.4,18-25,0.932,Normal
6685,E-Scooter,4.04,15.75,13.85,17.75,41.3,25.6,2,12.1,29.8,18-25,0.593,Hard_Braking
6686,E-Bike,2.7,12.57,15.66,21.67,23.8,13.4,2,47.8,13.5,26-35,0.617,Normal
6687,E-Bike,4.89,26.51,11.87,16.68,23.6,9.8,0,24.7,29.7,60+,0.745,Battery_Critical
6688,E-Bike,5.83,32.46,11.17,14.61,92.5,78.5,0,16.9,36.5,18-25,0.668,Normal
6689,E-Bike,4.97,17.14,16.86,22.97,46.5,32.5,3,46.0,10.2,26-35,0.673,Hard_Braking
6690,E-Bike,8.74,38.39,12.88,17.2,53.6,24.8,2,48.6,24.9,36-45,0.718,Mechanical_Fault
6691,E-Bike,3.0,17.1,13.63,16.0,83.9,73.2,2,37.8,19.9,26-35,0.698,Normal
6692,E-Scooter,0.62,2.0,9.12,13.69,68.6,63.2,0,10.3,29.4,18-25,0.771,Normal
6693,E-Bike,0.75,3.68,15.07,19.21,32.2,25.7,2,80.2,28.0,60+,0.512,Hard_Braking
6694,E-Bike,0.81,3.83,19.51,25.03,48.2,47.5,1,3.3,21.5,26-35,0.651,Normal
6695,E-Scooter,4.87,23.13,12.45,19.63,84.6,69.1,1,3.1,30.0,18-25,0.844,Mechanical_Fault
6696,E-Bike,0.65,8.24,15.7,16.18,50.4,50.6,2,1.4,32.4,26-35,0.551,Normal
6697,E-Bike,1.12,5.6,13.86,18.66,23.5,25.9,1,4.7,24.7,36-45,0.771,Normal
6698,E-Scooter,3.41,7.69,21.19,25.1,57.7,54.0,3,25.1,28.5,18-25,0.941,Normal
6699,E-Scooter,3.33,10.26,14.77,22.7,23.2,13.7,3,9.1,33.7,18-25,0.67,Battery_Critical
6700,E-Scooter,1.05,2.99,15.51,20.7,24.1,22.6,1,96.0,27.1,26-35,0.664,Mechanical_Fault
6701,E-Scooter,6.76,16.16,21.45,22.97,50.5,29.9,1,32.0,14.6,46-60,0.703,Mechanical_Fault
6702,E-Scooter,1.65,11.07,8.18,11.61,31.0,28.3,1,12.7,24.5,18-25,0.719,Normal
6703,E-Bike,5.46,31.68,11.95,21.0,83.7,64.1,0,45.1,25.4,46-60,0.86,Normal
6704,E-Scooter,3.96,10.48,17.43,21.39,76.5,66.6,2,1.2,21.5,26-35,0.679,Improper_Parking
6705,E-Scooter,2.45,6.17,19.54,24.51,20.7,9.3,1,0.3,5.6,36-45,0.387,Improper_Parking
6706,E-Scooter,1.4,7.4,15.86,17.42,22.8,21.9,5,1.9,25.5,46-60,0.856,Hard_Braking
6707,E-Bike,1.5,7.83,17.39,25.91,32.4,30.4,2,14.9,32.1,,0.587,Hard_Braking
6708,E-Bike,0.3,2.0,13.62,16.0,80.1,79.5,0,5.1,20.5,26-35,0.692,Improper_Parking
6709,E-Scooter,9.65,40.86,13.99,22.33,78.9,49.0,0,27.7,13.8,26-35,0.376,Improper_Parking
6710,E-Scooter,4.69,15.87,23.75,29.0,63.3,51.8,0,17.0,14.1,26-35,0.85,Normal
6711,E-Scooter,2.5,12.9,14.38,20.79,59.3,50.7,1,75.5,11.3,18-25,0.911,Mechanical_Fault
6712,E-Scooter,3.13,15.46,15.14,20.62,56.8,52.2,3,4.6,27.6,36-45,0.839,Hard_Braking
6713,E-Bike,4.88,25.1,13.79,22.88,91.5,73.2,1,0.4,19.0,36-45,0.739,Normal
6714,E-Scooter,0.37,2.0,19.51,19.59,65.3,61.8,1,2.3,40.6,18-25,0.96,Normal
6715,E-Scooter,1.59,7.45,19.02,23.84,28.0,24.1,1,8.1,29.2,18-25,0.646,Normal
6716,E-Scooter,3.48,20.44,10.09,20.79,88.3,80.8,3,32.5,21.8,18-25,0.736,Hard_Braking
6717,E-Bike,4.25,16.23,16.95,25.72,92.7,82.3,1,17.4,28.1,26-35,0.739,Normal
6718,E-Bike,3.29,9.56,18.64,21.69,81.0,67.6,3,92.3,23.5,18-25,0.98,Mechanical_Fault
6719,E-Scooter,2.91,15.57,11.71,16.51,37.4,25.6,0,29.5,18.3,36-45,0.78,Normal
6720,E-Bike,0.85,6.75,15.82,22.67,36.2,33.6,1,38.3,17.5,18-25,0.707,Battery_Critical
6721,E-Scooter,1.45,2.3,16.46,24.45,86.1,82.2,1,5.0,28.4,26-35,0.926,Normal
6722,E-Scooter,4.13,14.77,25.35,31.71,64.7,49.0,0,13.6,18.0,26-35,0.524,Normal
6723,E-Scooter,6.85,15.29,23.5,29.95,57.2,42.0,3,43.2,19.7,36-45,0.814,Hard_Braking
6724,E-Scooter,8.01,25.98,16.32,23.23,54.9,33.3,1,12.9,31.8,26-35,0.854,Mechanical_Fault
6725,E-Scooter,2.18,19.41,8.08,11.42,85.5,72.9,1,10.1,23.5,36-45,0.802,Normal
6726,E-Bike,1.22,6.08,18.98,22.27,67.2,58.7,0,31.0,14.8,18-25,0.615,Normal
6727,E-Scooter,2.31,10.41,20.82,35.48,68.8,59.1,1,29.9,21.0,36-45,0.704,Hard_Braking
6728,E-Bike,4.76,20.62,15.28,26.22,94.3,80.6,2,10.4,28.1,26-35,0.872,Hard_Braking
6729,E-Bike,2.53,26.71,6.11,13.06,63.4,57.2,0,25.7,30.8,26-35,0.626,Normal
6730,E-Scooter,3.92,8.68,20.23,29.59,48.7,33.6,0,3.0,27.1,36-45,0.843,Mechanical_Fault
6731,E-Bike,1.3,12.88,9.86,11.0,51.4,47.8,2,5.8,16.1,26-35,0.699,Battery_Critical
6732,E-Bike,14.0,48.32,16.2,19.04,48.3,5.6,1,10.9,29.7,18-25,0.433,Battery_Critical
6733,E-Bike,3.33,14.88,12.37,16.32,88.7,73.9,4,2.0,9.2,26-35,0.847,Hard_Braking
6734,E-Scooter,2.68,10.24,18.55,21.27,89.3,85.2,3,23.8,24.4,46-60,0.954,Hard_Braking
6735,E-Scooter,1.24,4.95,18.39,26.38,41.6,36.9,0,7.3,33.9,26-35,0.865,Normal
6736,E-Bike,1.43,5.56,10.08,13.07,20.2,14.7,2,26.6,24.4,18-25,0.6,Normal
6737,E-Bike,2.41,17.14,9.63,12.75,28.5,16.8,2,0.9,5.9,18-25,0.488,Normal
6738,E-Scooter,8.01,24.95,15.2,19.33,59.0,38.4,4,8.6,32.7,26-35,0.849,Hard_Braking
6739,E-Bike,2.33,10.51,12.81,17.42,25.4,10.7,2,10.5,21.5,36-45,0.874,Battery_Critical
6740,E-Scooter,2.0,6.5,22.73,28.33,27.3,18.7,2,16.6,35.1,26-35,0.851,Hard_Braking
6741,E-Bike,8.33,31.16,14.5,15.84,88.6,64.1,0,31.4,12.8,46-60,0.847,Mechanical_Fault
6742,E-Bike,1.97,13.08,10.34,13.74,71.5,62.8,0,16.8,17.1,36-45,0.856,Normal
6743,E-Scooter,4.78,17.91,13.68,16.49,33.4,20.6,3,20.7,21.0,36-45,0.929,Improper_Parking
6744,E-Bike,3.26,24.48,8.74,9.11,56.0,40.0,0,28.1,25.0,46-60,0.718,Normal
6745,E-Scooter,3.6,12.92,19.98,20.18,94.6,86.1,3,10.2,24.2,26-35,0.839,Hard_Braking
6746,E-Bike,1.48,7.77,12.8,13.09,47.9,49.3,0,0.2,17.4,26-35,0.941,Normal
6747,E-Bike,5.11,19.82,12.04,14.87,43.8,27.5,4,2.8,32.5,26-35,0.401,Improper_Parking
6748,E-Scooter,6.06,17.55,18.91,25.89,54.6,37.2,1,0.4,26.7,18-25,0.314,Improper_Parking
6749,E-Bike,1.93,9.98,13.79,22.68,30.9,18.4,0,0.2,30.6,36-45,0.962,Normal
6750,E-Scooter,0.48,2.0,17.93,29.08,61.7,57.7,0,39.9,42.0,26-35,0.71,Hard_Braking
6751,E-Bike,4.45,19.48,12.22,21.01,84.2,70.1,1,5.6,23.0,36-45,0.724,Battery_Critical
6752,E-Bike,5.14,50.64,6.26,9.01,59.9,42.8,3,5.5,20.5,46-60,0.83,Hard_Braking
6753,E-Scooter,1.55,8.68,12.43,19.54,21.7,16.1,1,72.9,34.3,46-60,0.712,Normal
6754,E-Scooter,1.26,7.67,16.94,23.2,32.6,25.9,2,10.3,17.2,60+,0.894,Normal
6755,E-Scooter,3.34,11.63,21.55,26.9,94.4,85.5,2,12.1,-1.0,18-25,,Hard_Braking
6756,E-Scooter,4.4,17.84,13.36,13.93,77.5,62.6,2,80.8,42.0,18-25,0.666,Battery_Critical
6757,E-Bike,4.74,21.82,14.16,15.16,29.1,10.6,1,4.4,23.6,18-25,0.852,Battery_Critical
6758,E-Scooter,2.77,19.82,10.53,12.36,44.2,36.2,2,30.8,28.1,18-25,0.929,Improper_Parking
6759,E-Scooter,4.62,13.95,18.96,23.49,29.6,15.2,1,74.2,20.9,26-35,0.857,Normal
6760,E-Scooter,0.64,5.19,24.88,29.85,59.0,57.9,2,5.6,22.2,26-35,0.816,Improper_Parking
6761,E-Bike,4.27,23.14,12.36,17.53,61.9,44.6,1,9.1,26.5,46-60,0.661,Hard_Braking
6762,E-Scooter,0.75,7.41,11.76,23.15,54.3,46.0,1,3.5,13.4,26-35,0.915,Normal
6763,E-Bike,3.19,11.88,12.73,15.49,70.7,63.0,0,21.3,9.7,26-35,0.567,Normal
6764,E-Scooter,0.35,2.0,14.08,16.93,53.8,47.6,1,11.4,32.8,26-35,0.626,Normal
6765,E-Scooter,5.61,21.0,18.07,20.01,41.4,21.9,0,19.4,31.7,46-60,0.489,Normal
6766,E-Scooter,2.98,11.96,16.37,20.66,26.1,22.8,2,28.1,22.7,36-45,0.33,Improper_Parking
6767,E-Bike,6.55,30.54,11.54,16.96,82.8,68.6,1,30.0,20.7,36-45,0.467,Normal
6768,E-Scooter,1.33,5.65,12.6,15.51,88.8,90.1,0,22.7,14.5,60+,0.724,Normal
6769,E-Scooter,1.8,2.44,23.02,26.59,23.6,21.6,1,35.2,28.3,18-25,0.593,Normal
6770,E-Bike,0.96,3.3,16.96,21.8,92.6,94.2,2,5.6,22.3,18-25,0.509,Hard_Braking
6771,E-Scooter,5.13,27.09,14.81,14.94,32.6,21.0,1,0.3,20.6,18-25,0.885,Normal
6772,E-Scooter,0.3,2.0,11.94,12.99,30.1,31.9,0,2.2,22.9,26-35,0.685,Normal
6773,E-Scooter,12.23,46.36,15.09,23.21,49.4,5.7,2,2.4,21.8,46-60,0.853,Battery_Critical
6774,E-Scooter,3.77,11.96,18.64,23.92,89.1,78.2,0,8.9,9.4,18-25,0.827,Normal
6775,E-Scooter,1.18,3.74,11.01,16.17,72.8,64.2,1,10.4,21.2,18-25,0.66,Normal
6776,E-Bike,4.01,18.46,15.98,22.54,68.5,52.6,0,80.0,20.6,18-25,0.668,Normal
6777,E-Bike,4.22,14.72,20.68,24.72,45.1,34.4,2,21.3,27.5,26-35,0.926,Normal
6778,E-Scooter,4.35,16.94,19.31,25.73,61.6,48.8,2,1.2,22.3,18-25,0.843,Hard_Braking
6779,E-Scooter,2.06,6.66,12.15,19.42,38.7,33.0,2,47.3,21.0,36-45,0.745,Hard_Braking
6780,E-Scooter,3.23,7.07,19.58,25.89,57.6,40.2,3,25.7,25.5,18-25,0.699,Mechanical_Fault
6781,E-Scooter,5.2,18.97,16.98,23.11,82.7,61.1,1,28.6,13.1,46-60,0.966,Normal
6782,E-Scooter,2.13,6.68,12.86,18.48,46.8,50.3,1,29.1,32.0,46-60,0.804,Battery_Critical
6783,E-Bike,0.99,5.17,9.37,16.59,25.5,24.2,1,5.2,15.2,26-35,0.691,Normal
6784,E-Bike,1.42,10.05,12.21,12.39,56.9,52.8,2,29.4,21.3,36-45,0.681,Hard_Braking
6785,E-Bike,2.45,6.02,16.78,19.29,48.8,40.4,0,13.8,7.3,36-45,0.795,Normal
6786,E-Scooter,3.19,9.24,16.29,19.41,24.5,15.6,1,2.1,24.7,26-35,0.661,Normal
6787,E-Scooter,6.55,42.73,9.68,14.72,86.3,65.6,3,23.6,30.8,18-25,0.782,Hard_Braking
6788,E-Scooter,2.12,8.85,14.89,14.91,39.3,36.3,0,28.1,26.4,18-25,0.841,Mechanical_Fault
6789,E-Scooter,2.37,2.0,32.02,32.6,30.0,20.1,1,6.0,22.6,18-25,0.674,Hard_Braking
6790,E-Scooter,1.21,3.24,18.18,23.23,52.5,45.1,2,14.1,31.3,36-45,0.714,Normal
6791,E-Bike,6.27,28.07,13.98,20.59,97.2,82.0,1,1.0,7.4,18-25,0.553,Normal
6792,E-Bike,3.04,11.41,16.13,21.06,30.6,16.8,0,36.9,21.3,46-60,0.912,Normal
6793,E-Scooter,1.64,4.01,13.4,17.09,77.0,76.9,1,49.6,15.7,18-25,0.598,Normal
6794,E-Bike,7.69,41.91,10.37,13.12,71.6,39.9,2,7.6,20.0,46-60,0.989,Normal
6795,E-Bike,3.11,11.55,14.23,18.3,97.1,84.0,0,1.6,18.6,26-35,0.805,Normal
6796,E-Scooter,6.71,29.14,12.69,19.41,93.4,74.4,1,19.1,20.9,36-45,0.967,Normal
6797,E-Bike,2.52,22.21,6.84,10.89,89.4,77.4,1,10.3,25.9,18-25,0.906,Normal
6798,E-Scooter,3.98,18.82,12.2,17.47,39.1,31.2,1,12.5,15.0,46-60,0.939,Normal
6799,E-Scooter,7.01,28.11,16.12,23.19,57.8,41.1,1,8.8,36.8,26-35,0.467,Normal
6800,E-Scooter,2.46,6.09,22.54,29.39,36.1,24.0,1,13.7,39.0,36-45,0.88,Normal
6801,E-Bike,1.28,3.95,11.0,11.87,59.6,55.5,0,28.2,24.4,60+,0.942,Normal
6802,E-Bike,4.3,18.67,11.92,16.67,43.6,23.7,3,22.9,26.2,18-25,0.738,Normal
6803,E-Bike,0.95,3.8,15.26,21.34,85.0,84.3,0,9.6,11.8,26-35,0.943,Normal
6804,E-Bike,5.34,21.54,14.83,21.91,64.8,52.6,1,10.7,27.4,18-25,0.821,Normal
6805,E-Scooter,6.75,19.9,24.02,29.3,56.7,38.4,1,51.2,14.0,46-60,0.945,Mechanical_Fault
6806,E-Scooter,2.06,8.1,18.8,27.48,72.3,65.1,3,21.1,14.9,26-35,0.942,Hard_Braking
6807,E-Scooter,1.63,9.37,16.33,19.75,28.8,28.2,1,72.5,29.5,36-45,0.866,Mechanical_Fault
6808,E-Scooter,2.5,9.04,19.96,26.71,97.5,89.3,1,5.9,20.0,60+,0.83,Normal
6809,E-Scooter,3.02,10.72,15.99,21.32,53.4,39.9,2,7.7,30.8,18-25,0.338,Improper_Parking
6810,E-Bike,2.76,15.13,9.58,15.61,94.5,89.3,1,2.5,18.6,18-25,0.86,Normal
6811,E-Scooter,2.5,4.34,18.99,24.09,84.9,81.7,1,34.1,11.2,36-45,0.612,Normal
6812,E-Scooter,0.34,2.0,13.51,17.09,55.2,53.2,1,39.6,18.1,26-35,0.956,Normal
6813,E-Scooter,8.77,25.01,20.39,23.89,87.3,55.6,0,4.8,33.2,18-25,0.829,Normal
6814,E-Bike,5.21,26.06,11.91,12.98,70.6,53.5,1,10.1,29.9,36-45,0.494,Normal
6815,E-Scooter,4.69,14.47,13.89,25.9,74.3,63.1,2,12.9,27.5,36-45,0.738,Hard_Braking
6816,E-Bike,1.86,19.99,6.74,16.37,66.2,57.5,1,10.4,21.5,46-60,0.8,Normal
6817,E-Bike,3.2,12.82,12.72,20.35,43.1,38.2,0,38.5,26.0,36-45,0.792,Normal
6818,E-Bike,3.21,21.19,10.41,15.81,33.7,26.3,3,6.6,33.1,26-35,0.711,Hard_Braking
6819,E-Bike,2.08,15.38,13.09,21.27,48.5,39.7,0,15.2,35.5,26-35,0.811,Normal
6820,E-Bike,3.71,23.11,9.98,16.76,34.7,21.9,1,14.5,23.5,26-35,0.761,Improper_Parking
6821,E-Scooter,1.04,3.72,13.28,17.34,97.1,99.3,2,6.3,22.0,26-35,0.874,Normal
6822,E-Scooter,3.2,8.14,21.74,23.77,59.9,53.0,0,17.7,36.9,26-35,0.896,Normal
6823,E-Scooter,0.79,6.29,18.11,26.52,61.4,59.1,2,5.4,42.0,36-45,0.851,Normal
6824,E-Scooter,4.02,9.01,15.1,16.9,50.9,32.3,0,28.5,17.0,46-60,0.755,Normal
6825,E-Bike,4.46,13.34,18.66,21.28,60.0,44.1,2,19.3,16.2,26-35,0.771,Normal
6826,E-Scooter,4.71,25.44,12.6,20.92,91.6,78.3,2,25.0,18.7,26-35,0.769,Hard_Braking
6827,E-Bike,2.51,9.22,18.89,25.43,92.2,84.9,2,2.9,13.0,36-45,0.744,Improper_Parking
6828,E-Scooter,2.63,8.91,13.8,23.51,33.4,30.2,2,44.7,21.5,46-60,0.467,Mechanical_Fault
6829,E-Bike,1.68,5.24,13.2,13.57,56.9,54.4,3,32.9,19.6,18-25,0.897,Hard_Braking
6830,E-Scooter,4.54,17.57,16.76,21.62,94.6,77.4,3,20.6,23.0,46-60,0.867,Hard_Braking
6831,E-Scooter,1.9,5.22,19.13,25.36,98.2,94.5,0,10.6,35.7,18-25,,Normal
6832,E-Bike,1.46,6.0,9.36,15.47,70.5,60.6,1,30.5,28.2,36-45,0.916,Normal
6833,E-Bike,10.87,40.8,15.48,19.01,86.8,47.4,1,41.2,26.4,18-25,0.896,Normal
6834,E-Scooter,0.81,3.05,22.36,27.86,98.7,97.6,2,6.4,10.9,46-60,0.945,Hard_Braking
6835,E-Bike,4.17,21.6,15.51,22.48,94.4,84.5,1,5.8,30.3,46-60,0.714,Normal
6836,E-Bike,5.87,23.73,13.6,17.06,49.6,36.8,0,7.8,35.5,26-35,0.724,Normal
6837,E-Scooter,6.65,15.74,26.72,32.18,82.8,60.8,2,22.5,32.7,18-25,0.809,Normal
6838,E-Scooter,0.3,2.0,26.23,30.58,53.7,49.0,3,17.6,22.5,26-35,0.612,Hard_Braking
6839,E-Bike,1.34,5.99,13.66,17.92,81.3,67.6,2,4.1,17.9,46-60,0.854,Hard_Braking
6840,E-Scooter,1.66,7.32,17.35,19.61,60.1,65.4,0,3.0,17.2,26-35,0.819,Hard_Braking
6841,E-Scooter,8.14,49.48,9.76,17.65,98.7,72.7,0,7.8,13.5,18-25,0.727,Normal
6842,E-Scooter,0.95,4.58,20.99,28.3,26.8,27.5,2,5.6,19.8,18-25,0.72,Hard_Braking
6843,E-Bike,0.45,5.1,9.02,17.11,33.2,34.5,2,24.6,40.7,46-60,0.594,Normal
6844,E-Bike,2.12,8.18,17.19,22.51,80.2,71.4,2,26.5,9.1,36-45,0.852,Hard_Braking
6845,E-Scooter,2.75,12.47,16.02,22.34,57.4,55.1,0,4.8,21.2,,0.631,Improper_Parking
6846,E-Scooter,6.03,20.02,17.04,19.99,95.9,81.0,0,0.2,26.5,46-60,0.826,Normal
6847,E-Scooter,3.87,13.63,13.02,13.06,34.7,27.1,2,13.3,17.8,36-45,0.839,Hard_Braking
6848,E-Scooter,0.3,6.1,14.35,22.22,38.4,39.1,1,23.1,19.6,18-25,0.654,Normal
6849,E-Scooter,1.14,3.16,18.67,21.37,81.4,79.0,0,9.2,25.3,26-35,0.99,Normal
6850,E-Scooter,4.1,9.35,18.94,23.6,48.4,37.4,3,1.4,32.2,46-60,0.619,Hard_Braking
6851,E-Bike,4.22,23.31,11.6,16.31,88.9,74.7,2,3.0,26.8,18-25,0.977,Normal
6852,E-Bike,3.36,14.04,14.43,16.0,25.9,13.8,1,11.3,28.0,26-35,0.97,Normal
6853,E-Bike,3.52,11.1,13.91,21.6,37.5,24.3,1,9.3,22.0,46-60,0.592,Normal
6854,E-Bike,5.48,18.92,17.64,24.5,48.4,34.2,3,16.1,19.7,36-45,0.828,Hard_Braking
6855,E-Scooter,0.49,6.78,17.65,21.79,70.8,68.1,1,22.4,25.8,18-25,0.622,Normal
6856,E-Scooter,5.33,18.09,17.73,27.82,57.3,41.8,1,3.5,15.5,18-25,0.556,Normal
6857,E-Scooter,1.3,6.5,20.39,26.33,96.1,92.6,1,0.9,11.6,60+,0.86,Hard_Braking
6858,E-Scooter,4.24,11.53,13.71,20.11,60.9,44.8,0,10.3,14.7,26-35,0.856,Normal
6859,E-Scooter,2.03,8.85,15.45,22.54,43.8,39.1,0,24.2,29.1,36-45,0.843,Normal
6860,E-Scooter,3.51,15.33,17.89,23.68,83.0,75.2,1,30.8,36.3,36-45,0.74,Mechanical_Fault
6861,E-Scooter,2.73,2.0,18.1,23.01,92.1,90.6,1,27.5,20.1,18-25,0.784,Normal
6862,E-Scooter,7.93,22.4,18.8,23.65,86.4,62.4,0,27.7,22.7,26-35,0.689,Normal
6863,E-Scooter,2.7,9.26,18.71,20.9,54.6,50.1,0,9.7,26.5,18-25,0.952,Normal
6864,E-Bike,4.47,27.98,10.3,14.22,77.9,66.8,2,9.9,30.4,18-25,0.963,Hard_Braking
6865,E-Scooter,5.64,27.93,11.22,14.7,63.4,48.1,2,9.1,22.3,26-35,0.859,Hard_Braking
6866,E-Scooter,5.43,23.8,13.48,21.77,80.0,62.7,1,75.9,13.5,18-25,0.665,Mechanical_Fault
6867,E-Bike,0.76,7.28,8.45,10.85,40.9,40.5,1,36.8,16.6,18-25,0.57,Mechanical_Fault
6868,E-Bike,2.42,10.42,14.6,16.75,33.6,21.6,3,47.7,32.5,18-25,0.636,Hard_Braking
6869,E-Scooter,7.82,22.72,19.11,21.55,42.2,22.1,2,11.6,18.6,46-60,0.832,Hard_Braking
6870,E-Bike,3.56,7.48,22.6,27.43,82.4,73.0,2,78.0,31.7,18-25,0.555,Hard_Braking
6871,E-Scooter,3.43,7.07,18.28,24.34,52.2,41.9,0,24.8,27.3,26-35,0.662,Mechanical_Fault
6872,E-Scooter,1.01,2.38,18.67,19.19,77.7,69.5,3,9.8,24.2,46-60,0.877,Normal
6873,E-Scooter,5.07,19.93,22.17,26.02,23.3,9.7,0,34.7,27.7,18-25,0.934,Battery_Critical
6874,E-Scooter,2.93,6.34,18.59,24.49,91.2,82.5,0,13.7,30.1,46-60,0.839,Normal
6875,E-Scooter,0.76,2.0,10.29,16.6,25.4,20.2,2,15.0,23.6,18-25,0.598,Normal
6876,E-Bike,1.22,7.86,11.21,20.12,57.2,57.4,1,24.8,13.4,26-35,0.774,Normal
6877,E-Scooter,3.92,9.1,16.72,23.62,77.0,69.5,5,9.9,27.2,18-25,0.763,Hard_Braking
6878,E-Bike,12.16,56.38,13.56,17.71,34.1,0.0,4,28.5,24.7,46-60,0.6,Battery_Critical
6879,E-Scooter,2.75,4.72,21.74,26.03,66.9,58.9,1,10.2,18.6,18-25,0.844,Normal
6880,E-Scooter,2.63,2.75,14.91,16.76,83.2,83.0,2,58.7,29.3,18-25,0.721,Mechanical_Fault
6881,E-Scooter,2.51,7.37,13.81,17.9,50.1,39.4,1,13.2,25.3,18-25,0.735,Battery_Critical
6882,E-Scooter,0.3,4.72,19.94,25.57,24.5,30.2,1,2.0,29.1,36-45,0.736,Normal
6883,E-Bike,8.1,31.81,13.22,13.42,31.7,4.9,1,9.2,22.6,18-25,0.837,Battery_Critical
6884,E-Scooter,2.21,2.0,20.0,23.51,62.5,62.6,2,1.0,15.7,26-35,0.677,Improper_Parking
6885,E-Scooter,1.56,7.99,23.23,28.75,27.5,25.5,3,41.3,18.3,26-35,0.921,Hard_Braking
6886,E-Scooter,5.22,10.58,22.89,24.08,50.3,31.8,3,9.3,18.3,36-45,0.818,Hard_Braking
6887,E-Scooter,3.43,9.58,17.39,21.71,44.6,37.1,1,27.7,39.5,26-35,0.407,Improper_Parking
6888,E-Scooter,1.25,2.0,23.37,31.03,87.8,80.3,1,69.6,30.5,18-25,0.946,Normal
6889,E-Scooter,7.11,47.55,8.64,15.84,29.1,5.0,0,16.2,15.6,46-60,0.825,Battery_Critical
6890,E-Bike,4.37,16.18,16.41,25.28,74.0,57.9,0,24.4,7.4,18-25,0.612,Normal
6891,E-Scooter,1.94,12.06,13.43,20.98,40.8,36.0,2,5.0,12.9,18-25,0.905,Hard_Braking
6892,E-Scooter,7.45,13.14,24.91,28.95,91.2,71.3,3,39.1,23.0,18-25,0.457,Hard_Braking
6893,E-Bike,6.03,28.66,11.39,15.1,47.0,29.0,1,52.4,30.5,18-25,0.85,Normal
6894,E-Scooter,2.04,7.3,13.91,19.62,88.1,87.1,1,59.7,12.7,26-35,0.869,Hard_Braking
6895,E-Scooter,4.49,23.65,12.29,16.99,30.2,17.0,2,8.6,20.7,18-25,0.938,Hard_Braking
6896,E-Scooter,3.51,8.13,18.14,26.13,75.1,63.9,0,4.4,27.5,26-35,0.561,Normal
6897,E-Scooter,7.94,51.75,9.92,16.38,32.9,13.2,3,4.8,1.5,26-35,0.842,Hard_Braking
6898,E-Bike,5.44,34.91,10.85,13.94,96.9,85.0,3,45.2,29.1,26-35,0.831,Mechanical_Fault
6899,E-Bike,3.23,14.01,10.36,12.84,76.5,66.4,2,4.5,14.0,36-45,0.94,Hard_Braking
6900,E-Bike,3.43,11.63,13.78,22.7,25.9,14.6,1,14.2,35.9,36-45,0.726,Battery_Critical
6901,E-Scooter,2.77,11.09,13.96,18.51,78.6,68.4,3,30.4,6.1,36-45,,Hard_Braking
6902,E-Bike,7.97,38.57,12.07,18.24,92.2,67.3,1,3.4,33.6,18-25,0.764,Normal
6903,E-Bike,2.71,10.06,12.68,17.97,55.1,47.8,3,2.2,32.2,26-35,0.82,Hard_Braking
6904,E-Scooter,4.55,13.55,20.31,26.1,95.9,84.0,2,28.6,20.2,18-25,0.736,Battery_Critical
6905,E-Scooter,2.55,8.26,19.31,19.83,39.5,30.6,4,55.7,35.4,26-35,0.684,Hard_Braking
6906,E-Bike,1.02,9.2,11.99,14.62,24.3,21.5,4,6.7,6.2,36-45,0.959,Hard_Braking
6907,E-Scooter,1.52,6.04,14.19,17.41,24.2,13.8,0,31.5,12.5,36-45,0.532,Battery_Critical
6908,E-Bike,0.78,5.91,11.62,11.85,54.1,47.3,2,1.9,7.5,26-35,0.784,Normal
6909,E-Scooter,4.18,13.63,19.52,27.65,61.1,46.2,1,15.3,28.3,36-45,0.633,Normal
6910,E-Scooter,5.34,24.88,12.92,20.37,49.8,26.8,1,21.8,19.9,18-25,0.71,Normal
6911,E-Scooter,0.57,2.0,15.56,21.47,46.1,46.2,0,14.5,24.6,46-60,0.831,Normal
6912,E-Scooter,2.9,13.37,14.53,20.95,72.8,62.8,1,25.8,20.1,18-25,0.541,Normal
6913,E-Scooter,14.0,37.31,19.77,26.68,97.9,54.6,0,3.3,20.7,36-45,0.868,Normal
6914,E-Scooter,1.01,2.93,23.4,29.21,71.2,65.0,2,0.5,10.7,26-35,0.513,Improper_Parking
6915,E-Scooter,4.82,13.03,21.09,29.55,27.4,13.9,4,7.7,35.6,36-45,0.473,Hard_Braking
6916,E-Scooter,1.08,3.14,12.28,14.03,40.1,35.6,1,2.5,25.2,26-35,0.517,Normal
6917,E-Scooter,3.28,15.09,20.25,28.4,25.0,12.2,2,79.5,13.2,36-45,0.867,Battery_Critical
6918,E-Bike,8.17,45.74,10.8,11.44,51.9,31.2,2,17.4,25.3,26-35,0.642,Normal
6919,E-Bike,4.2,12.83,17.74,20.45,70.9,56.8,1,1.4,38.2,60+,0.58,Normal
6920,E-Scooter,1.44,6.07,15.73,22.9,98.7,96.2,4,12.4,29.4,36-45,0.824,Hard_Braking
6921,E-Scooter,2.45,11.49,20.2,23.62,34.5,30.3,2,40.1,25.8,46-60,0.566,Normal
6922,E-Bike,1.28,4.01,10.13,16.98,47.7,45.0,1,35.5,20.3,46-60,0.815,Normal
6923,E-Scooter,9.12,40.94,13.52,18.38,52.9,24.6,4,31.2,23.7,46-60,0.7,Hard_Braking
6924,E-Bike,1.61,9.44,15.01,20.46,78.0,73.2,1,49.7,19.5,26-35,0.671,Normal
6925,E-Bike,0.78,3.47,9.13,12.0,67.0,61.3,2,8.3,17.4,36-45,0.855,Normal
6926,E-Scooter,4.19,14.01,18.19,21.16,92.0,84.1,1,24.6,12.9,18-25,0.784,Normal
6927,E-Bike,3.82,22.74,10.95,14.93,59.3,39.6,0,24.7,25.1,36-45,0.647,Normal
6928,E-Bike,4.31,22.35,12.68,13.47,33.1,18.6,0,16.1,27.2,60+,0.808,Normal
6929,E-Scooter,3.59,14.75,16.8,28.13,60.6,44.9,2,20.3,30.2,46-60,0.935,Hard_Braking
6930,E-Bike,3.59,13.65,13.03,18.35,33.5,21.2,2,6.9,24.2,36-45,0.8,Hard_Braking
6931,E-Bike,3.57,15.32,12.39,21.72,90.8,79.5,0,11.1,20.0,36-45,0.794,Normal
6932,E-Bike,4.19,32.1,8.26,11.41,54.7,42.9,1,5.6,21.8,36-45,0.559,Normal
6933,E-Scooter,4.77,8.68,20.82,22.36,35.4,20.6,1,14.1,32.0,46-60,,Hard_Braking
6934,E-Bike,9.73,31.88,17.79,17.84,54.3,24.0,1,11.8,37.2,18-25,0.866,Mechanical_Fault
6935,E-Bike,1.65,12.27,13.71,24.71,22.3,12.3,0,8.6,21.0,60+,0.683,Battery_Critical
6936,E-Scooter,1.98,7.02,19.21,19.68,72.2,65.6,2,4.5,21.8,46-60,0.557,Hard_Braking
6937,E-Scooter,6.39,21.47,19.94,23.98,61.9,41.1,2,2.1,14.2,26-35,0.809,Battery_Critical
6938,E-Bike,2.1,8.61,13.24,16.64,57.9,54.7,1,118.1,22.1,60+,0.601,Normal
6939,E-Scooter,1.28,2.0,15.42,20.43,34.9,20.5,0,6.5,28.8,46-60,0.535,Normal
6940,E-Bike,2.62,13.84,12.84,17.41,37.0,28.0,1,1.4,16.5,60+,0.835,Normal
6941,E-Bike,2.97,14.78,13.6,20.57,97.4,90.9,3,8.2,25.9,26-35,0.757,Hard_Braking
6942,E-Scooter,4.87,16.64,17.01,23.59,48.5,34.1,2,13.5,21.2,36-45,0.692,Mechanical_Fault
6943,E-Bike,4.78,22.14,13.66,17.08,87.9,66.9,0,25.0,28.9,46-60,0.813,Normal
6944,E-Scooter,5.23,15.9,17.84,17.92,49.7,37.1,3,52.0,7.0,46-60,0.869,Hard_Braking
6945,E-Bike,5.54,43.74,7.22,16.14,56.6,34.8,1,34.8,30.6,36-45,0.408,Hard_Braking
6946,E-Bike,3.29,12.48,17.3,20.85,46.7,36.7,0,11.3,19.4,36-45,0.922,Normal
6947,E-Bike,3.69,7.36,16.98,25.53,23.4,11.4,2,0.3,11.6,26-35,0.681,Battery_Critical
6948,E-Scooter,1.15,2.0,25.76,28.76,41.1,40.7,0,29.4,31.0,46-60,0.553,Normal
6949,E-Scooter,2.94,9.15,21.87,24.36,57.5,53.6,3,11.5,12.0,26-35,0.883,Hard_Braking
6950,E-Scooter,2.63,8.26,13.84,15.35,60.3,46.0,0,9.1,31.8,36-45,0.754,Normal
6951,E-Scooter,4.82,16.5,15.74,16.79,36.7,17.8,0,1.4,33.3,26-35,0.708,Battery_Critical
6952,E-Scooter,2.13,5.69,19.2,23.02,21.5,17.9,1,8.7,18.2,26-35,0.666,Normal
6953,E-Scooter,3.75,15.99,15.38,19.32,92.5,80.2,0,7.6,35.8,46-60,0.882,Normal
6954,E-Bike,3.49,16.83,15.71,19.93,66.2,55.3,6,56.2,28.4,18-25,0.75,Hard_Braking
6955,E-Scooter,3.66,16.55,14.06,22.35,89.7,75.6,1,13.2,29.3,18-25,0.826,Normal
6956,E-Bike,2.72,10.9,14.74,22.91,95.3,91.0,2,1.4,34.9,26-35,0.88,Normal
6957,E-Scooter,3.97,17.92,16.7,23.43,82.4,69.2,0,10.8,27.6,18-25,0.795,Normal
6958,E-Scooter,1.08,4.98,18.42,21.01,58.5,52.2,0,41.1,30.3,18-25,0.903,Normal
6959,E-Bike,5.27,23.71,12.78,18.0,24.4,8.5,2,4.9,11.2,18-25,0.907,Battery_Critical
6960,E-Scooter,0.3,2.81,19.59,24.38,81.0,78.3,1,18.4,22.4,36-45,0.873,Normal
6961,E-Scooter,2.55,15.34,15.42,18.83,88.6,79.0,1,52.5,25.1,26-35,0.54,Normal
6962,E-Scooter,5.49,25.96,14.27,21.4,75.1,59.1,2,23.0,13.3,18-25,0.859,Hard_Braking
6963,E-Scooter,0.61,2.28,18.75,22.36,94.7,94.2,3,41.6,20.7,18-25,0.943,Mechanical_Fault
6964,E-Scooter,1.48,6.79,11.74,16.91,56.4,57.3,1,14.3,29.2,18-25,0.954,Normal
6965,E-Bike,3.8,19.12,13.79,19.57,35.3,32.4,0,7.8,19.5,46-60,0.957,Normal
6966,E-Scooter,2.34,13.73,12.9,14.99,51.7,50.2,4,13.1,26.9,36-45,0.906,Hard_Braking
6967,E-Scooter,3.58,4.12,20.79,28.18,26.6,15.5,0,11.8,19.1,46-60,0.733,Normal
6968,E-Bike,2.51,21.77,7.73,11.53,72.2,63.9,2,19.4,12.3,18-25,,Normal
6969,E-Scooter,2.32,7.26,18.95,22.82,91.1,79.0,2,3.6,1.9,46-60,0.91,Hard_Braking
6970,E-Bike,5.86,26.55,15.06,24.03,53.3,31.0,1,71.2,25.4,60+,0.832,Normal
6971,E-Scooter,3.43,11.2,17.52,22.95,88.1,80.3,2,24.7,26.3,18-25,0.943,Battery_Critical
6972,E-Bike,5.36,16.8,14.74,16.25,34.1,25.2,2,4.7,42.0,26-35,0.838,Hard_Braking
6973,E-Bike,1.85,13.13,10.92,20.33,78.7,73.8,1,0.0,27.5,26-35,0.506,Normal
6974,E-Bike,8.33,52.69,10.1,16.58,98.5,79.9,0,21.2,18.0,36-45,0.676,Normal
6975,E-Bike,1.75,10.2,13.43,21.29,43.2,37.9,1,2.8,28.1,36-45,0.513,Normal
6976,E-Bike,0.57,3.68,12.08,15.56,22.8,24.2,1,0.3,30.2,18-25,0.696,Normal
6977,E-Scooter,2.45,12.0,12.78,17.57,27.1,10.8,0,31.0,18.0,46-60,0.484,Battery_Critical
6978,E-Bike,1.42,2.0,16.26,19.21,77.0,66.5,0,18.1,32.4,18-25,0.417,Improper_Parking
6979,E-Scooter,8.28,27.39,20.24,20.24,39.6,14.7,2,22.6,28.0,18-25,0.555,Battery_Critical
6980,E-Scooter,3.44,12.83,15.14,18.89,91.8,81.8,1,37.7,13.3,60+,0.955,Improper_Parking
6981,E-Scooter,5.12,13.32,21.23,24.33,72.1,52.3,2,0.4,27.2,18-25,0.385,Improper_Parking
6982,E-Bike,3.27,17.83,16.04,19.59,26.8,21.3,1,11.6,32.5,60+,0.646,Normal
6983,E-Scooter,0.97,5.02,18.8,24.37,92.2,89.5,2,10.1,27.4,46-60,0.758,Normal
6984,E-Scooter,2.15,7.55,22.01,29.95,83.2,78.1,0,32.9,30.6,36-45,0.757,Normal
6985,E-Scooter,1.34,9.6,17.66,20.87,57.2,51.9,4,12.8,19.7,18-25,0.599,Hard_Braking
6986,E-Bike,3.26,15.28,12.44,12.49,30.8,17.7,2,18.8,28.5,18-25,0.909,Hard_Braking
6987,E-Bike,0.96,2.0,13.66,19.33,74.9,72.4,0,0.9,36.8,26-35,0.787,Normal
6988,E-Scooter,2.84,8.7,22.52,23.56,43.7,37.4,1,22.3,22.6,26-35,0.849,Normal
6989,E-Scooter,5.7,15.8,27.8,28.2,94.4,82.8,3,7.5,32.2,36-45,0.819,Hard_Braking
6990,E-Scooter,10.47,49.9,14.1,24.62,87.0,55.8,0,3.9,33.2,26-35,0.665,Normal
6991,E-Scooter,0.97,2.0,19.37,27.32,57.9,54.1,1,25.1,24.6,18-25,0.67,Normal
6992,E-Scooter,3.66,6.01,23.71,29.53,31.7,19.1,1,28.5,23.3,18-25,0.688,Normal
6993,E-Scooter,2.54,14.14,12.07,24.99,99.3,95.5,1,12.4,14.0,26-35,0.901,Normal
6994,E-Scooter,0.9,4.91,15.9,19.07,47.1,48.2,0,30.0,20.4,18-25,0.6,Normal
6995,E-Scooter,3.1,9.32,20.1,24.4,55.3,44.7,2,16.6,22.6,18-25,0.736,Hard_Braking
6996,E-Bike,1.33,10.91,11.94,19.2,80.4,82.5,1,12.9,31.2,26-35,0.89,Normal
6997,E-Bike,1.84,12.91,12.74,22.82,85.0,81.7,1,38.5,16.1,46-60,0.845,Normal
6998,E-Bike,2.07,12.25,9.24,17.38,69.9,60.4,1,16.4,31.2,36-45,0.41,Improper_Parking
6999,E-Bike,3.29,19.54,14.34,19.29,55.7,43.4,3,10.4,26.2,26-35,0.772,Normal
7000,E-Bike,2.01,8.79,10.7,13.55,35.7,27.9,2,7.4,14.7,46-60,0.706,Hard_Braking
7001,E-Bike,1.42,6.17,14.56,24.76,81.4,75.0,1,40.6,17.5,36-45,0.896,Hard_Braking
7002,E-Scooter,2.04,14.33,14.71,26.81,65.1,54.2,1,8.5,31.1,60+,0.764,Battery_Critical
7003,E-Scooter,4.73,15.03,20.32,25.24,78.5,65.1,2,58.3,21.1,26-35,0.843,Normal
7004,E-Scooter,3.65,11.57,20.81,26.72,82.8,69.1,2,13.9,30.6,36-45,0.923,Hard_Braking
7005,E-Scooter,2.98,7.06,19.38,23.82,37.3,30.4,2,12.6,24.3,18-25,0.705,Normal
7006,E-Scooter,1.95,7.79,15.04,21.88,33.2,35.5,1,11.4,20.4,26-35,0.755,Normal
7007,E-Bike,3.53,14.28,12.68,18.63,23.5,16.5,1,0.7,21.5,36-45,0.846,Battery_Critical
7008,E-Bike,5.09,17.95,12.72,13.75,32.2,19.2,2,69.7,13.4,60+,0.682,Hard_Braking
7009,E-Bike,8.48,29.83,14.69,21.79,64.5,36.9,0,13.9,25.7,46-60,0.908,Normal
7010,E-Scooter,1.89,9.91,13.3,22.77,78.1,76.8,1,8.2,32.6,26-35,0.929,Normal
7011,E-Scooter,11.91,26.64,22.96,26.21,72.0,37.7,1,15.7,12.3,18-25,0.914,Mechanical_Fault
7012,E-Bike,2.91,15.86,13.87,15.89,28.1,12.1,1,35.6,31.2,18-25,0.503,Battery_Critical
7013,E-Scooter,2.58,11.84,17.62,22.56,76.1,65.3,2,3.5,26.0,46-60,0.79,Normal
7014,E-Scooter,7.16,40.01,10.8,18.27,94.2,74.6,0,10.0,27.8,36-45,0.435,Battery_Critical
7015,E-Scooter,7.61,30.02,15.79,22.65,96.5,71.8,0,39.6,19.6,18-25,0.826,Improper_Parking
7016,E-Bike,6.32,24.12,15.96,23.83,33.8,11.2,2,31.4,22.4,18-25,0.947,Battery_Critical
7017,E-Scooter,2.86,4.51,23.82,25.72,68.6,70.2,1,2.9,30.2,26-35,0.557,Normal
7018,E-Bike,1.8,13.35,13.41,16.9,91.3,82.9,3,1.9,14.5,26-35,0.951,Normal
7019,E-Scooter,1.22,4.35,17.51,27.13,49.7,47.9,3,36.8,19.7,26-35,0.712,Battery_Critical
7020,E-Scooter,1.35,2.69,19.71,27.57,53.5,42.1,1,2.3,27.1,18-25,0.73,Normal
7021,E-Bike,11.87,64.33,11.34,17.85,37.6,2.1,1,73.8,21.2,26-35,0.521,Battery_Critical
7022,E-Bike,2.47,8.12,14.01,16.46,24.5,15.7,3,66.7,18.7,18-25,0.865,Normal
7023,E-Scooter,1.93,10.8,16.4,23.07,30.0,21.9,1,61.3,17.8,46-60,0.644,Normal
7024,E-Scooter,5.84,20.66,18.97,25.49,80.5,65.9,2,30.1,28.8,26-35,0.873,Mechanical_Fault
7025,E-Scooter,2.6,12.44,14.83,21.78,42.3,33.7,0,34.7,14.2,36-45,0.787,Normal
7026,E-Bike,6.3,25.74,14.54,20.85,36.6,19.2,1,6.7,22.1,60+,0.851,Normal
7027,E-Scooter,1.95,6.08,16.44,19.29,95.3,90.4,1,13.7,20.6,18-25,0.886,Normal
7028,E-Scooter,4.6,11.49,18.68,24.29,38.9,25.2,2,40.2,33.5,18-25,0.874,Battery_Critical
7029,E-Bike,5.87,19.21,17.75,19.31,83.2,66.0,0,5.9,26.4,26-35,0.665,Normal
7030,E-Scooter,1.89,12.13,16.78,23.32,36.9,34.7,1,19.4,33.6,36-45,0.918,Normal
7031,E-Bike,10.18,52.48,12.13,18.13,95.2,62.4,0,15.9,19.6,18-25,0.968,Normal
7032,E-Scooter,1.46,5.05,22.57,30.56,55.6,45.3,0,3.2,16.4,36-45,0.889,Normal
7033,E-Scooter,2.46,9.57,18.33,21.52,60.0,51.2,1,15.0,10.4,36-45,0.746,Normal
7034,E-Scooter,3.33,12.09,17.58,25.76,75.1,67.1,0,3.1,24.3,60+,0.744,Normal
7035,E-Scooter,5.45,17.98,16.23,19.93,92.0,76.2,0,8.2,29.5,36-45,0.862,Mechanical_Fault
7036,E-Bike,3.43,18.45,9.93,15.1,83.9,77.7,0,20.4,27.5,46-60,0.7,Normal
7037,E-Scooter,4.24,9.28,22.78,30.12,66.7,49.9,1,102.7,30.5,26-35,0.279,Improper_Parking
7038,E-Scooter,5.45,18.67,16.22,17.86,52.7,35.9,2,32.8,8.7,18-25,0.809,Mechanical_Fault
7039,E-Bike,2.68,11.23,14.84,24.21,60.9,53.1,3,0.8,35.1,26-35,0.812,Hard_Braking
7040,E-Scooter,13.63,46.81,18.6,22.37,52.9,12.6,2,9.6,17.6,18-25,0.766,Battery_Critical
7041,E-Bike,6.52,33.01,11.72,13.65,94.5,77.3,2,33.9,25.5,36-45,0.847,Hard_Braking
7042,E-Scooter,3.59,13.12,13.82,16.48,59.9,43.2,1,11.0,22.1,26-35,0.829,Normal
7043,E-Scooter,0.85,2.0,17.77,20.44,97.0,100.0,1,57.8,31.2,60+,0.56,Normal
7044,E-Bike,1.25,14.96,5.39,14.79,23.9,23.7,3,9.9,33.9,26-35,0.58,Hard_Braking
7045,E-Scooter,5.09,17.66,15.43,20.4,73.9,61.0,1,4.7,19.9,36-45,0.879,Normal
7046,E-Bike,1.12,2.0,21.56,31.15,95.0,90.9,2,3.5,9.0,26-35,0.782,Hard_Braking
7047,E-Scooter,2.06,2.0,24.57,26.77,26.3,24.7,1,43.5,29.7,18-25,0.98,Normal
7048,E-Scooter,3.47,14.04,12.1,20.92,73.2,64.6,1,32.1,27.0,36-45,0.833,Battery_Critical
7049,E-Bike,5.22,24.56,13.66,16.49,81.9,69.0,2,22.1,34.1,60+,0.653,Improper_Parking
7050,E-Bike,4.24,14.06,14.3,21.33,22.7,9.6,2,1.4,32.6,46-60,0.525,Battery_Critical
7051,E-Bike,6.68,36.19,10.96,18.65,41.8,22.7,1,38.8,20.6,46-60,0.85,Normal
7052,E-Scooter,9.72,30.09,19.06,24.94,97.6,77.4,2,46.4,24.3,46-60,0.858,Mechanical_Fault
7053,E-Bike,2.62,12.53,15.43,21.42,94.9,88.9,2,147.2,29.1,46-60,0.784,Normal
7054,E-Bike,1.55,11.92,10.72,14.87,97.5,94.0,0,15.4,24.2,,0.832,Normal
7055,E-Bike,1.72,6.32,15.8,22.86,30.5,29.2,1,12.7,35.3,18-25,0.786,Normal
7056,E-Scooter,4.96,17.58,17.14,20.64,34.9,23.9,3,18.5,29.0,36-45,0.688,Mechanical_Fault
7057,E-Bike,3.04,20.36,11.36,24.43,77.0,66.5,1,0.6,22.0,46-60,0.699,Improper_Parking
7058,E-Scooter,2.21,8.05,15.69,19.87,20.9,16.0,1,48.0,30.7,46-60,0.912,Normal
7059,E-Bike,1.17,7.1,10.14,10.68,46.9,31.3,3,26.8,17.6,18-25,0.498,Hard_Braking
7060,E-Bike,2.09,10.82,10.01,15.71,32.8,22.4,1,2.7,14.3,46-60,0.908,Normal
7061,E-Scooter,4.35,19.84,16.37,22.76,98.3,89.2,1,4.2,21.7,18-25,0.754,Normal
7062,E-Scooter,4.77,9.1,27.09,29.79,72.1,60.9,1,5.8,25.1,46-60,0.748,Normal
7063,E-Scooter,1.69,4.76,14.78,21.02,76.6,71.3,2,30.9,24.8,18-25,0.937,Normal
7064,E-Bike,1.0,8.99,17.79,20.84,48.7,45.3,1,9.9,24.3,18-25,0.689,Normal
7065,E-Scooter,2.19,10.37,11.85,12.01,59.3,56.5,1,4.4,24.4,26-35,0.779,Normal
7066,E-Bike,3.91,25.71,11.81,18.26,45.4,38.0,3,5.5,35.0,18-25,0.807,Hard_Braking
7067,E-Bike,6.03,41.66,9.08,9.51,84.8,62.3,0,7.6,42.0,46-60,0.976,Normal
7068,E-Bike,3.39,20.96,11.52,13.91,95.3,82.1,2,3.0,28.3,26-35,0.827,Mechanical_Fault
7069,E-Bike,5.89,33.92,9.66,11.17,54.8,40.3,0,30.9,30.9,60+,0.48,Mechanical_Fault
7070,E-Scooter,3.56,15.18,21.73,27.5,64.7,48.8,1,4.1,16.9,18-25,0.539,Normal
7071,E-Scooter,3.65,9.19,20.81,28.06,20.9,18.2,2,13.7,27.9,26-35,0.584,Normal
7072,E-Bike,1.57,10.83,8.1,11.43,68.7,67.5,2,14.7,22.5,36-45,0.996,Normal
7073,E-Scooter,9.18,41.69,12.85,15.93,52.6,30.2,3,21.0,22.8,46-60,0.55,Hard_Braking
7074,E-Bike,1.88,3.63,16.75,23.75,44.7,43.5,3,0.2,11.5,36-45,0.852,Normal
7075,E-Scooter,2.88,10.11,18.19,19.62,82.2,73.9,3,0.4,17.0,18-25,0.691,Hard_Braking
7076,E-Scooter,1.77,2.0,25.61,29.59,71.2,66.6,2,18.4,15.9,26-35,0.721,Mechanical_Fault
7077,E-Scooter,2.79,10.66,18.67,27.44,90.5,81.2,0,5.1,16.9,36-45,0.819,Normal
7078,E-Scooter,7.59,25.08,17.21,17.83,59.6,40.8,1,1.7,31.1,36-45,0.731,Normal
7079,E-Bike,3.32,14.91,12.75,18.2,75.5,61.4,0,21.7,39.4,36-45,0.905,Normal
7080,E-Scooter,4.33,25.05,11.69,16.11,20.8,11.7,2,42.6,32.4,36-45,0.833,Battery_Critical
7081,E-Bike,1.28,2.0,12.62,14.93,70.6,67.8,0,0.1,31.4,18-25,0.984,Normal
7082,E-Bike,2.98,14.49,11.04,12.69,84.5,70.7,1,8.3,21.4,18-25,0.923,Normal
7083,E-Scooter,6.68,19.59,19.45,24.64,62.1,44.7,1,15.3,20.0,46-60,0.809,Battery_Critical
7084,E-Scooter,2.54,12.3,13.83,17.68,90.0,80.9,2,6.0,21.2,18-25,0.89,Normal
7085,E-Scooter,1.64,6.18,18.72,29.64,40.2,30.5,1,10.5,30.7,26-35,0.445,Hard_Braking
7086,E-Scooter,1.87,7.01,14.74,24.0,90.2,87.4,2,6.7,34.0,46-60,0.615,Battery_Critical
7087,E-Bike,3.77,16.95,13.32,19.01,58.2,49.4,1,31.7,22.1,26-35,0.834,Normal
7088,E-Scooter,1.62,4.22,16.61,25.15,91.3,83.0,3,15.0,29.9,36-45,0.813,Hard_Braking
7089,E-Scooter,4.97,17.6,17.7,21.28,48.8,29.3,3,35.8,10.6,36-45,0.892,Mechanical_Fault
7090,E-Scooter,4.2,14.37,16.11,25.85,77.4,62.0,3,37.5,16.7,18-25,0.91,Hard_Braking
7091,E-Scooter,0.45,2.13,10.65,17.09,91.0,87.0,0,12.8,20.7,18-25,0.344,Improper_Parking
7092,E-Scooter,1.87,15.19,10.29,11.29,69.7,64.1,2,4.1,25.6,18-25,0.755,Hard_Braking
7093,E-Scooter,3.91,18.97,14.06,20.48,72.4,54.4,1,14.7,27.9,36-45,0.694,Mechanical_Fault
7094,E-Scooter,1.38,9.4,17.46,21.81,90.1,89.7,0,11.2,14.4,26-35,0.994,Mechanical_Fault
7095,E-Scooter,2.87,10.74,17.74,18.36,21.5,18.7,1,28.9,19.9,46-60,0.917,Normal
7096,E-Scooter,1.1,11.45,18.62,28.71,69.4,63.4,1,9.0,19.2,18-25,0.376,Improper_Parking
7097,E-Scooter,3.23,25.88,8.46,12.34,22.5,9.8,0,3.5,29.8,18-25,0.587,Battery_Critical
7098,E-Scooter,0.42,2.0,15.77,21.61,27.0,23.1,3,0.2,18.3,60+,0.608,Hard_Braking
7099,E-Bike,5.99,24.05,14.1,19.28,26.7,8.3,1,53.5,3.9,46-60,0.565,Battery_Critical
7100,E-Scooter,4.89,24.06,14.6,21.76,38.9,24.2,2,20.5,26.2,18-25,0.545,Hard_Braking
7101,E-Bike,6.28,26.82,14.29,15.87,53.1,37.5,0,12.0,8.8,18-25,0.51,Normal
7102,E-Bike,6.31,20.13,15.44,18.24,96.2,73.8,1,55.2,29.7,46-60,0.98,Mechanical_Fault
7103,E-Scooter,4.57,24.58,10.49,13.32,24.1,16.0,1,24.3,33.6,60+,0.92,Normal
7104,E-Bike,4.79,19.64,14.14,21.42,43.9,31.5,0,14.6,27.5,26-35,0.687,Normal
7105,E-Bike,4.17,19.92,11.69,18.38,69.7,55.7,1,5.4,13.7,36-45,0.927,Hard_Braking
7106,E-Bike,6.01,23.58,21.17,25.25,98.2,84.1,1,4.6,27.8,46-60,0.832,Normal
7107,E-Scooter,1.94,6.69,15.56,25.87,93.5,78.8,3,6.6,21.1,26-35,0.694,Hard_Braking
7108,E-Bike,3.11,10.34,12.02,18.96,66.8,55.6,2,15.7,26.7,36-45,0.963,Battery_Critical
7109,E-Scooter,1.53,8.05,23.31,25.4,21.1,10.1,2,3.7,21.1,36-45,0.648,Battery_Critical
7110,E-Scooter,4.12,12.76,17.25,19.25,37.4,22.0,0,18.8,32.0,26-35,0.805,Battery_Critical
7111,E-Bike,1.84,11.35,13.09,20.6,31.9,23.7,1,39.3,28.0,36-45,0.699,Hard_Braking
7112,E-Bike,5.42,21.8,15.39,21.95,30.8,9.0,2,7.2,19.1,18-25,0.875,Battery_Critical
7113,E-Scooter,2.52,5.95,20.44,25.37,44.2,37.9,0,26.8,25.3,26-35,0.696,Normal
7114,E-Bike,4.3,30.19,8.09,13.68,52.5,39.3,1,1.4,20.2,36-45,0.67,Normal
7115,E-Bike,3.82,17.31,14.14,18.05,25.4,9.0,1,8.9,27.5,46-60,0.781,Battery_Critical
7116,E-Scooter,0.83,4.98,13.63,20.1,54.7,49.3,0,5.8,38.8,18-25,0.713,Normal
7117,E-Scooter,9.23,34.67,14.51,18.13,45.5,8.4,2,2.4,13.7,26-35,0.82,Battery_Critical
7118,E-Bike,7.49,67.51,6.98,9.27,66.1,41.0,1,11.1,25.0,26-35,0.885,Normal
7119,E-Scooter,1.68,5.26,15.49,21.34,81.4,77.3,1,4.1,35.0,18-25,0.903,Normal
7120,E-Scooter,1.83,8.57,17.44,22.57,34.7,29.0,2,44.3,18.3,18-25,0.742,Normal
7121,E-Bike,2.57,18.42,9.06,12.76,33.8,26.4,1,5.3,19.3,60+,0.42,Improper_Parking
7122,E-Scooter,7.72,22.97,20.48,21.96,26.8,8.0,1,38.0,22.6,18-25,0.636,Battery_Critical
7123,E-Scooter,1.72,4.34,17.39,21.66,58.4,52.3,0,4.6,22.0,36-45,0.674,Normal
7124,E-Bike,2.36,11.95,12.48,19.77,94.7,80.1,2,23.1,32.1,18-25,0.796,Normal
7125,E-Scooter,1.16,4.33,22.65,29.27,49.8,51.5,2,8.1,22.7,60+,0.718,Hard_Braking
7126,E-Scooter,1.98,5.24,17.36,25.85,96.7,83.6,1,3.5,18.0,18-25,0.607,Normal
7127,E-Bike,5.64,30.2,12.21,21.2,71.9,53.8,0,37.5,25.6,18-25,0.795,Mechanical_Fault
7128,E-Bike,3.51,13.94,14.02,16.53,21.6,9.6,2,86.5,8.9,36-45,0.627,Mechanical_Fault
7129,E-Bike,3.98,12.51,14.15,15.81,25.0,17.4,2,64.2,26.0,36-45,0.67,Mechanical_Fault
7130,E-Scooter,4.44,22.87,14.0,16.17,61.9,55.7,2,47.9,40.5,60+,0.921,Hard_Braking
7131,E-Scooter,4.47,12.8,20.67,23.06,95.4,79.0,1,8.2,23.8,18-25,0.852,Normal
7132,E-Scooter,1.89,9.14,16.19,25.92,56.7,50.5,1,11.6,18.1,26-35,0.679,Battery_Critical
7133,E-Bike,3.59,19.46,8.53,15.93,97.2,82.4,2,26.4,21.6,60+,0.611,Normal
7134,E-Bike,8.33,36.57,13.8,20.42,54.4,19.0,1,11.9,31.0,46-60,0.598,Normal
7135,E-Scooter,3.02,6.02,20.95,24.94,47.6,34.5,1,43.2,38.6,26-35,0.806,Normal
7136,E-Scooter,1.09,3.69,11.68,13.13,24.7,24.5,1,0.5,30.0,18-25,0.921,Hard_Braking
7137,E-Bike,5.99,27.34,14.76,19.23,61.7,41.8,1,12.8,17.8,18-25,0.658,Improper_Parking
7138,E-Scooter,4.8,22.2,15.16,21.32,93.0,72.2,2,0.4,32.1,18-25,0.453,Normal
7139,E-Scooter,5.21,14.97,17.71,24.75,49.6,31.8,2,8.4,24.3,18-25,0.756,Hard_Braking
7140,E-Bike,1.44,3.08,13.32,15.39,62.7,64.6,1,56.1,16.6,26-35,0.838,Normal
7141,E-Bike,2.31,7.42,11.75,13.94,24.2,10.4,0,7.9,38.0,18-25,0.796,Battery_Critical
7142,E-Bike,1.23,8.38,12.48,17.64,69.1,61.2,1,62.5,29.8,18-25,0.852,Normal
7143,E-Scooter,2.2,6.27,22.68,28.37,66.3,57.8,1,38.2,22.0,18-25,0.475,Mechanical_Fault
7144,E-Scooter,0.82,2.0,26.31,26.85,95.3,88.3,2,4.9,29.4,36-45,0.906,Normal
7145,E-Scooter,3.56,8.86,18.53,25.47,30.7,21.6,1,34.8,41.0,36-45,0.867,Hard_Braking
7146,E-Scooter,6.15,14.08,21.22,25.1,22.5,2.1,2,54.6,33.7,26-35,0.657,Battery_Critical
7147,E-Bike,2.64,11.06,16.31,25.01,67.7,58.0,3,0.7,18.6,18-25,0.825,Hard_Braking
7148,E-Scooter,6.07,24.63,15.88,19.18,55.1,32.5,1,23.0,25.4,26-35,0.776,Battery_Critical
7149,E-Scooter,2.62,7.05,16.77,20.13,30.0,20.6,1,4.7,38.8,18-25,0.828,Normal
7150,E-Bike,5.14,25.46,13.95,17.27,33.3,21.2,0,2.3,27.7,36-45,0.808,Normal
7151,E-Bike,3.2,14.44,10.62,17.87,92.7,79.4,0,134.6,26.8,26-35,0.465,Battery_Critical
7152,E-Scooter,3.03,7.16,20.9,23.36,59.6,52.1,0,4.1,27.8,18-25,0.763,Normal
7153,E-Scooter,0.47,9.7,8.75,13.14,48.0,53.6,0,45.9,4.1,18-25,0.955,Normal
7154,E-Scooter,10.11,36.63,16.92,22.37,72.3,46.3,0,2.5,34.5,36-45,0.781,Normal
7155,E-Scooter,2.19,5.54,17.88,22.59,67.6,67.1,1,11.2,23.1,18-25,0.901,Hard_Braking
7156,E-Scooter,0.3,2.0,20.15,26.89,74.0,73.7,1,19.9,17.3,26-35,0.855,Normal
7157,E-Bike,2.63,15.43,13.67,13.73,40.5,31.8,2,26.3,41.3,18-25,0.59,Normal
7158,E-Scooter,2.04,10.11,16.64,21.93,68.6,61.0,2,27.0,32.0,46-60,0.545,Mechanical_Fault
7159,E-Scooter,4.41,15.6,16.95,24.97,78.1,65.9,2,4.1,34.4,36-45,0.318,Improper_Parking
7160,E-Scooter,4.01,8.91,22.83,32.59,89.2,83.1,1,9.5,6.7,26-35,0.846,Normal
7161,E-Bike,1.28,2.27,14.66,19.63,32.5,35.0,2,13.7,34.6,18-25,0.546,Normal
7162,E-Scooter,3.25,7.38,17.55,26.67,56.3,46.0,0,61.0,12.2,26-35,0.612,Normal
7163,E-Bike,3.31,11.96,15.16,21.82,63.6,60.0,1,4.8,21.7,26-35,0.742,Normal
7164,E-Scooter,0.64,2.0,16.26,16.5,39.9,37.7,1,34.1,25.2,18-25,0.887,Normal
7165,E-Scooter,1.21,3.12,16.67,19.76,95.6,96.3,1,23.6,36.8,18-25,0.832,Normal
7166,E-Scooter,1.62,3.69,14.56,16.63,99.2,90.7,1,36.3,30.8,26-35,0.569,Normal
7167,E-Bike,6.02,17.07,17.53,25.42,34.6,12.0,0,6.5,24.1,46-60,0.6,Battery_Critical
7168,E-Bike,6.97,48.84,8.95,16.07,25.5,6.1,1,9.0,22.1,46-60,0.803,Battery_Critical
7169,E-Bike,5.38,53.54,6.08,14.47,70.3,53.6,0,8.3,18.1,18-25,0.862,Normal
7170,E-Bike,3.75,18.88,11.22,12.5,74.3,66.2,1,9.3,4.5,46-60,0.972,Mechanical_Fault
7171,E-Scooter,2.76,15.3,14.28,18.5,62.5,48.7,0,29.8,39.3,18-25,0.778,Mechanical_Fault
7172,E-Scooter,0.97,2.0,15.13,21.25,53.4,54.4,5,48.0,21.1,18-25,0.723,Hard_Braking
7173,E-Scooter,1.96,2.0,22.94,28.25,23.8,16.7,0,3.0,29.8,26-35,0.774,Battery_Critical
7174,E-Scooter,2.19,7.96,17.5,20.57,45.6,41.2,0,0.8,14.9,26-35,0.423,Battery_Critical
7175,E-Scooter,3.43,11.14,18.48,22.26,88.1,77.4,1,10.2,23.5,18-25,0.678,Battery_Critical
7176,E-Scooter,2.3,17.49,8.34,12.73,25.8,29.9,0,14.1,36.1,26-35,0.829,Normal
7177,E-Scooter,7.73,43.87,10.52,12.82,88.4,77.8,3,8.1,24.5,46-60,0.778,Normal
7178,E-Scooter,3.2,10.29,21.03,29.62,51.5,46.2,1,11.6,26.6,36-45,0.829,Normal
7179,E-Scooter,0.68,7.98,15.7,17.7,97.8,100.0,1,29.8,7.0,18-25,0.748,Normal
7180,E-Scooter,0.61,3.14,17.95,18.78,41.5,33.8,0,4.0,24.7,46-60,0.94,Normal
7181,E-Scooter,7.0,25.66,16.52,24.71,41.4,27.7,0,52.5,19.7,46-60,0.859,Normal
7182,E-Scooter,3.44,11.39,20.32,27.82,42.5,36.4,1,20.8,19.8,18-25,0.45,Hard_Braking
7183,E-Scooter,3.54,13.77,21.86,27.01,44.4,30.6,3,14.1,26.4,46-60,0.395,Improper_Parking
7184,E-Bike,1.44,2.83,15.55,22.96,89.9,91.2,2,10.1,22.3,26-35,0.765,Improper_Parking
7185,E-Scooter,1.51,5.84,11.88,16.44,67.8,71.8,4,31.7,17.6,36-45,0.941,Hard_Braking
7186,E-Bike,7.74,44.85,10.87,22.55,46.1,24.5,1,59.6,11.2,36-45,0.48,Normal
7187,E-Bike,1.39,13.15,8.04,15.93,83.7,78.9,0,75.7,27.4,36-45,0.771,Mechanical_Fault
7188,E-Scooter,3.07,8.21,17.92,23.55,69.4,64.4,1,1.1,30.2,18-25,0.897,Normal
7189,E-Scooter,1.88,7.93,13.91,23.04,59.0,50.2,4,12.1,39.3,26-35,0.911,Hard_Braking
7190,E-Scooter,1.14,3.04,13.56,17.41,62.6,53.7,2,2.1,19.0,36-45,0.921,Normal
7191,E-Bike,1.45,14.31,9.39,18.98,53.7,48.8,0,26.4,36.3,60+,0.555,Normal
7192,E-Bike,6.9,27.97,13.58,19.28,31.9,6.4,3,50.9,13.3,36-45,0.62,Hard_Braking
7193,E-Bike,2.41,18.66,11.53,15.37,34.0,27.7,1,86.9,27.6,18-25,0.971,Normal
7194,E-Scooter,0.3,2.0,16.81,22.86,95.1,95.9,1,2.1,28.0,36-45,0.821,Normal
7195,E-Scooter,13.85,39.73,20.6,23.13,79.5,44.2,0,14.3,23.9,18-25,0.855,Normal
7196,E-Scooter,2.24,10.4,18.48,20.29,73.6,67.2,0,23.4,25.4,18-25,0.685,Normal
7197,E-Scooter,1.38,2.0,16.8,20.44,73.3,69.2,0,5.7,27.1,36-45,0.839,Improper_Parking
7198,E-Scooter,9.22,24.83,21.98,28.76,48.3,26.8,2,42.4,17.8,36-45,0.681,Hard_Braking
7199,E-Bike,5.53,31.45,10.79,20.05,41.4,26.1,1,8.9,23.3,18-25,0.928,Normal
7200,E-Bike,0.32,2.0,14.22,21.45,22.9,20.5,2,36.2,33.4,26-35,0.768,Hard_Braking
7201,E-Scooter,3.61,15.54,16.8,17.75,67.8,56.3,0,5.4,28.1,18-25,0.853,Normal
7202,E-Scooter,2.25,8.93,14.74,22.28,98.1,91.5,1,2.7,14.5,26-35,0.74,Battery_Critical
7203,E-Scooter,1.26,8.46,10.39,16.3,41.8,40.9,2,12.0,23.0,18-25,0.934,Normal
7204,E-Scooter,6.65,24.81,17.85,20.57,82.1,58.5,1,70.6,0.8,26-35,0.686,Hard_Braking
7205,E-Bike,2.29,9.36,13.11,26.02,49.7,38.0,0,3.0,25.4,18-25,0.939,Normal
7206,E-Scooter,1.77,7.61,16.82,20.57,91.4,92.8,0,10.8,23.7,18-25,0.869,Normal
7207,E-Scooter,1.99,12.46,20.86,22.69,54.7,48.8,1,64.5,22.7,60+,0.685,Mechanical_Fault
7208,E-Bike,6.48,26.63,13.38,14.25,96.2,80.4,2,7.2,21.3,18-25,0.691,Normal
7209,E-Bike,4.53,23.25,13.53,15.05,36.1,26.6,2,6.9,24.8,18-25,0.931,Hard_Braking
7210,E-Bike,3.44,13.52,16.23,19.31,89.8,80.6,0,19.3,24.5,18-25,0.636,Normal
7211,E-Scooter,1.62,9.16,20.31,24.07,58.4,51.5,3,11.6,30.9,36-45,0.557,Hard_Braking
7212,E-Bike,2.5,13.45,10.41,15.86,54.3,46.3,1,4.1,29.3,18-25,0.731,Normal
7213,E-Scooter,6.35,25.15,17.3,18.18,68.9,50.9,1,44.7,19.5,46-60,0.463,Hard_Braking
7214,E-Scooter,3.97,12.59,14.8,18.7,21.8,13.8,1,21.2,32.0,26-35,0.905,Battery_Critical
7215,E-Scooter,1.68,13.78,12.81,13.88,27.4,20.9,0,13.1,29.0,46-60,0.617,Normal
7216,E-Scooter,0.63,3.76,6.91,12.0,93.8,90.3,4,3.5,22.8,36-45,0.649,Hard_Braking
7217,E-Bike,5.75,19.28,17.29,27.54,77.0,63.1,2,18.3,20.4,46-60,0.819,Improper_Parking
7218,E-Bike,3.15,11.78,15.27,23.19,69.9,68.5,2,55.0,18.5,36-45,0.829,Normal
7219,E-Scooter,3.01,15.0,13.08,15.62,40.8,34.0,1,26.7,31.7,60+,0.858,Hard_Braking
7220,E-Bike,2.91,5.11,12.56,21.16,77.6,63.2,2,43.5,13.5,18-25,0.694,Mechanical_Fault
7221,E-Scooter,2.36,7.61,15.93,22.01,73.0,68.3,0,0.2,37.1,18-25,0.586,Normal
7222,E-Bike,2.13,4.97,14.29,20.46,94.3,89.1,1,2.7,31.6,18-25,0.689,Normal
7223,E-Scooter,4.91,9.21,19.65,28.09,55.6,39.4,1,26.3,16.5,26-35,0.624,Mechanical_Fault
7224,E-Scooter,1.09,3.17,18.11,20.98,56.5,59.2,1,29.4,27.0,18-25,0.511,Normal
7225,E-Scooter,2.88,16.18,11.42,20.56,83.5,70.5,4,33.0,36.4,46-60,0.922,Hard_Braking
7226,E-Scooter,1.47,2.0,20.33,27.37,93.1,87.6,1,0.9,28.4,26-35,0.727,Normal
7227,E-Scooter,4.17,15.31,19.34,25.02,97.5,81.5,4,16.0,42.0,26-35,0.576,Hard_Braking
7228,E-Scooter,1.82,2.0,15.96,18.76,88.7,88.1,1,27.6,2.8,26-35,0.465,Hard_Braking
7229,E-Scooter,4.01,18.43,12.65,17.76,64.3,52.3,0,19.0,14.0,26-35,0.731,Normal
7230,E-Scooter,3.04,3.06,21.27,22.58,61.3,40.3,2,5.0,30.7,18-25,0.91,Hard_Braking
7231,E-Bike,8.42,65.18,7.46,13.62,77.6,54.6,1,24.5,28.0,36-45,0.754,Normal
7232,E-Bike,3.21,11.79,13.25,16.04,73.3,68.3,2,38.9,22.1,26-35,0.842,Hard_Braking
7233,E-Scooter,2.91,10.51,15.87,17.82,93.8,78.0,3,28.7,21.6,36-45,0.777,Normal
7234,E-Bike,0.97,4.58,14.98,21.43,53.1,56.7,2,3.2,23.1,26-35,0.818,Hard_Braking
7235,E-Scooter,3.32,11.57,15.6,17.37,77.9,66.1,1,13.7,20.8,36-45,0.497,Normal
7236,E-Scooter,3.7,9.82,17.19,24.46,26.3,7.1,1,1.2,17.4,46-60,0.973,Battery_Critical
7237,E-Bike,6.78,31.2,13.27,17.27,40.2,19.4,1,16.4,20.8,46-60,0.793,Battery_Critical
7238,E-Scooter,4.15,20.02,16.26,22.33,99.5,92.7,2,60.0,24.2,36-45,0.755,Hard_Braking
7239,E-Bike,4.78,25.57,11.71,17.26,86.0,73.3,0,13.0,32.7,26-35,0.871,Normal
7240,E-Bike,2.66,8.48,12.45,23.58,45.2,37.8,0,9.3,29.5,26-35,0.819,Normal
7241,E-Scooter,3.02,11.19,18.24,24.66,41.5,28.0,0,45.3,42.0,26-35,0.66,Normal
7242,E-Scooter,6.93,28.69,15.47,22.96,97.4,78.3,2,31.7,17.5,26-35,0.364,Improper_Parking
7243,E-Bike,0.55,2.0,11.71,12.14,63.3,63.7,1,58.8,32.1,26-35,0.441,Mechanical_Fault
7244,E-Scooter,0.3,3.88,19.72,25.78,54.4,49.6,2,18.9,29.4,26-35,0.422,Hard_Braking
7245,E-Bike,3.97,17.05,16.56,20.98,38.0,29.1,4,0.6,8.9,36-45,0.692,Hard_Braking
7246,E-Bike,4.47,17.68,13.56,14.93,71.5,62.1,3,2.8,26.6,18-25,0.822,Hard_Braking
7247,E-Bike,1.6,11.67,11.21,11.81,90.1,85.5,2,49.5,12.7,26-35,0.495,Normal
7248,E-Bike,0.31,2.0,13.1,19.6,20.9,28.8,2,19.3,22.8,46-60,0.714,Normal
7249,E-Scooter,4.94,16.62,13.5,16.96,39.5,26.5,0,81.6,8.7,36-45,0.952,Mechanical_Fault
7250,E-Scooter,3.2,18.51,9.74,16.28,28.4,18.5,2,23.8,19.5,26-35,0.573,Hard_Braking
7251,E-Scooter,2.25,7.96,14.39,19.1,55.3,56.5,4,15.2,24.4,18-25,0.753,Hard_Braking
7252,E-Scooter,1.46,4.63,23.32,24.95,86.9,82.5,1,22.7,26.9,46-60,0.831,Hard_Braking
7253,E-Bike,8.14,54.57,9.63,13.49,96.0,73.8,0,7.6,23.0,18-25,0.733,Normal
7254,E-Bike,3.38,8.95,18.86,31.98,88.2,74.8,0,29.6,25.5,18-25,0.604,Normal
7255,E-Bike,1.53,2.77,13.01,14.4,55.9,55.9,3,1.6,18.9,46-60,0.615,Hard_Braking
7256,E-Bike,6.99,34.15,13.42,14.62,62.8,49.1,1,11.9,24.4,36-45,0.94,Normal
7257,E-Scooter,1.88,9.22,17.69,22.65,93.0,83.3,1,7.3,19.5,26-35,,Normal
7258,E-Scooter,6.05,15.2,18.83,25.82,56.6,49.7,2,17.9,20.1,26-35,0.812,Hard_Braking
7259,E-Bike,2.34,16.21,11.48,11.96,28.7,21.5,1,1.7,39.8,36-45,0.812,Improper_Parking
7260,E-Bike,1.06,5.53,10.53,21.02,84.9,82.8,2,4.2,18.1,26-35,0.963,Hard_Braking
7261,E-Bike,4.12,22.27,12.39,20.77,26.6,17.6,0,28.5,29.7,36-45,0.805,Normal
7262,E-Scooter,3.86,5.97,22.77,28.58,68.3,53.2,1,4.4,17.6,26-35,,Normal
7263,E-Scooter,5.72,23.97,15.58,21.79,34.6,19.6,0,24.3,28.7,36-45,0.689,Normal
7264,E-Scooter,0.58,2.0,13.98,16.42,42.4,38.0,2,0.5,23.0,26-35,0.951,Hard_Braking
7265,E-Scooter,3.16,16.21,17.18,21.7,51.7,49.5,1,8.1,23.4,36-45,0.953,Normal
7266,E-Bike,3.6,10.08,17.93,28.37,35.3,20.1,1,1.3,15.9,46-60,0.889,Hard_Braking
7267,E-Bike,1.21,2.56,15.29,20.68,21.1,19.0,3,37.0,25.2,26-35,0.726,Normal
7268,E-Bike,3.05,15.15,12.05,14.37,33.6,32.1,0,21.6,31.3,36-45,0.879,Normal
7269,E-Scooter,2.55,8.89,16.22,22.77,36.6,27.2,2,52.4,21.4,46-60,0.9,Normal
7270,E-Bike,4.17,19.85,13.8,27.71,40.6,37.1,2,25.8,37.2,18-25,0.713,Hard_Braking
7271,E-Scooter,2.91,9.37,26.35,30.5,58.2,48.6,0,17.7,22.2,26-35,0.579,Normal
7272,E-Scooter,1.1,2.73,10.26,12.81,74.7,72.0,0,66.2,29.7,26-35,0.806,Normal
7273,E-Scooter,6.19,12.6,22.6,28.03,80.0,62.5,1,13.8,12.2,18-25,0.642,Normal
7274,E-Scooter,11.41,44.74,16.14,26.09,51.5,16.6,1,38.7,19.4,26-35,0.72,Mechanical_Fault
7275,E-Bike,3.9,13.49,18.27,25.08,48.8,33.9,1,8.3,19.0,60+,0.656,Improper_Parking
7276,E-Scooter,2.31,13.87,12.79,16.32,43.7,28.5,0,27.0,16.3,36-45,0.757,Normal
7277,E-Scooter,1.27,2.0,16.09,21.02,57.1,60.2,1,3.6,39.5,36-45,0.353,Improper_Parking
7278,E-Bike,2.76,21.38,7.66,7.69,51.4,45.6,2,23.3,20.7,26-35,0.731,Mechanical_Fault
7279,E-Scooter,4.41,14.84,16.39,23.88,90.2,81.7,0,23.7,16.4,18-25,0.824,Normal
7280,E-Scooter,0.52,2.0,17.86,19.23,77.9,78.5,1,10.5,35.6,18-25,0.785,Normal
7281,E-Bike,4.76,27.85,10.92,15.03,39.7,26.7,3,28.5,19.2,36-45,0.751,Hard_Braking
7282,E-Bike,4.36,15.16,14.64,16.91,70.1,55.8,0,4.7,33.2,36-45,0.879,Normal
7283,E-Bike,0.3,2.0,10.98,14.29,53.8,50.4,0,15.8,20.3,26-35,0.907,Normal
7284,E-Bike,1.64,3.71,16.67,20.38,81.6,74.5,1,3.3,28.3,36-45,0.313,Improper_Parking
7285,E-Scooter,3.63,10.91,14.83,19.2,28.6,19.7,0,1.9,12.5,18-25,0.737,Improper_Parking
7286,E-Bike,3.59,17.72,14.38,20.01,29.3,21.1,0,3.7,27.1,18-25,0.669,Normal
7287,E-Scooter,4.1,16.48,13.82,15.4,36.8,28.2,0,5.4,18.0,36-45,0.546,Normal
7288,E-Scooter,2.05,12.6,12.4,13.35,30.1,21.0,2,5.1,19.7,26-35,0.413,Improper_Parking
7289,E-Bike,2.0,16.24,10.3,14.01,33.1,19.2,2,26.2,18.5,26-35,0.74,Normal
7290,E-Scooter,1.21,2.0,18.16,20.62,74.2,71.9,1,1.9,14.8,26-35,0.864,Normal
7291,E-Scooter,0.58,2.0,19.72,21.62,74.0,71.6,0,27.7,37.5,18-25,0.836,Normal
7292,E-Scooter,0.57,4.11,23.66,26.29,50.3,54.1,1,41.8,32.4,36-45,0.905,Normal
7293,E-Bike,1.05,3.48,12.47,17.2,88.6,80.0,0,3.9,5.9,18-25,0.845,Normal
7294,E-Bike,0.67,4.04,10.38,15.02,63.5,58.5,1,14.3,18.4,26-35,0.92,Normal
7295,E-Scooter,4.92,24.2,11.0,16.74,85.1,74.5,3,36.8,27.3,26-35,0.92,Hard_Braking
7296,E-Scooter,2.11,9.25,20.94,29.35,88.8,76.2,2,2.5,33.3,18-25,0.834,Normal
7297,E-Scooter,4.12,10.0,21.74,26.94,87.6,74.9,2,6.5,17.5,46-60,0.807,Hard_Braking
7298,E-Scooter,3.76,17.11,14.95,22.49,35.7,17.2,2,5.0,7.3,46-60,0.938,Normal
7299,E-Scooter,7.2,24.11,16.34,22.82,48.5,21.3,1,52.5,13.1,46-60,0.633,Normal
7300,E-Scooter,3.34,10.63,16.36,25.59,25.6,11.7,0,3.3,22.7,36-45,0.785,Battery_Critical
7301,E-Bike,1.24,7.16,13.99,15.24,67.9,63.6,1,1.3,21.6,46-60,0.504,Normal
7302,E-Scooter,5.01,17.29,19.13,25.07,26.7,8.0,0,14.8,17.5,26-35,0.742,Battery_Critical
7303,E-Scooter,3.36,7.41,16.31,24.37,86.2,81.9,2,8.8,20.2,26-35,0.542,Normal
7304,E-Bike,1.67,9.47,10.81,17.1,98.8,92.3,2,9.4,19.2,36-45,0.894,Normal
7305,E-Scooter,1.3,4.67,17.09,17.17,51.5,54.0,1,15.1,12.4,46-60,0.799,Hard_Braking
7306,E-Bike,3.93,13.28,13.57,19.85,67.8,50.5,1,26.0,5.3,60+,0.765,Battery_Critical
7307,E-Bike,2.8,10.38,18.44,22.69,45.6,37.6,1,19.9,28.6,18-25,0.856,Normal
7308,E-Scooter,2.67,8.14,19.76,20.06,99.8,93.9,1,6.9,18.9,26-35,0.525,Normal
7309,E-Bike,1.67,13.3,12.03,19.38,72.5,65.6,2,117.8,14.4,,0.82,Mechanical_Fault
7310,E-Scooter,1.2,6.65,14.56,20.9,68.4,68.7,3,10.4,31.6,18-25,0.597,Hard_Braking
7311,E-Scooter,14.0,46.82,16.9,17.23,26.8,0.0,1,30.2,14.1,26-35,0.736,Battery_Critical
7312,E-Scooter,2.5,18.33,12.74,17.76,20.6,7.7,4,7.1,21.4,36-45,0.836,Battery_Critical
7313,E-Scooter,4.75,16.85,20.94,27.98,87.4,75.2,3,36.0,20.8,36-45,0.674,Battery_Critical
7314,E-Scooter,13.67,53.24,16.4,25.73,99.6,63.4,3,12.7,15.4,36-45,0.857,Improper_Parking
7315,E-Bike,5.99,29.05,11.22,18.86,73.3,58.2,0,2.1,22.8,26-35,0.488,Improper_Parking
7316,E-Bike,7.12,40.47,10.36,17.38,64.2,43.0,4,8.8,30.7,26-35,0.727,Hard_Braking
7317,E-Scooter,3.42,15.1,18.22,20.58,49.0,42.9,1,29.8,26.9,36-45,0.943,Mechanical_Fault
7318,E-Scooter,2.53,13.04,14.33,15.23,80.5,79.3,1,14.7,18.5,46-60,0.844,Normal
7319,E-Bike,6.79,49.74,7.91,13.93,87.7,63.2,2,8.6,14.6,60+,0.847,Hard_Braking
7320,E-Scooter,1.21,2.0,14.57,16.06,70.5,67.8,0,33.5,14.2,46-60,0.681,Normal
7321,E-Bike,4.64,28.15,11.22,16.83,85.3,68.3,1,38.7,31.7,26-35,0.493,Normal
7322,E-Scooter,2.8,10.28,13.52,16.49,75.8,63.2,2,56.0,24.8,36-45,0.655,Hard_Braking
7323,E-Bike,0.98,4.1,8.0,15.4,76.4,76.4,1,47.5,38.9,46-60,0.707,Normal
7324,E-Scooter,3.45,17.94,11.19,16.88,78.6,69.4,2,40.0,34.4,18-25,0.798,Normal
7325,E-Bike,1.16,7.33,13.77,20.58,75.6,66.7,2,13.4,18.0,60+,0.602,Hard_Braking
7326,E-Scooter,5.02,22.47,12.24,12.26,37.1,16.2,0,6.7,33.7,18-25,0.687,Normal
7327,E-Bike,6.4,24.91,12.55,20.16,86.3,66.7,3,14.8,31.3,46-60,0.288,Improper_Parking
7328,E-Bike,1.95,3.32,13.1,22.04,64.9,54.6,1,0.4,29.6,18-25,0.912,Normal
7329,E-Scooter,1.61,8.25,17.17,24.52,57.8,59.8,4,27.0,19.2,18-25,0.921,Hard_Braking
7330,E-Bike,3.01,11.07,19.03,19.99,46.5,36.9,0,4.4,22.0,18-25,0.611,Normal
7331,E-Scooter,0.62,2.0,19.61,22.86,80.3,75.1,0,35.9,23.9,26-35,0.955,Normal
7332,E-Bike,1.39,2.0,12.66,20.78,51.6,41.0,2,114.5,24.2,36-45,0.815,Normal
7333,E-Scooter,0.3,2.0,18.61,20.54,37.4,40.3,2,21.3,35.4,18-25,0.867,Normal
7334,E-Bike,3.35,11.69,16.09,23.48,20.5,9.0,1,17.6,37.4,18-25,0.847,Battery_Critical
7335,E-Bike,7.19,25.75,15.14,18.04,21.2,0.2,1,14.6,26.4,26-35,0.701,Battery_Critical
7336,E-Scooter,5.37,19.88,18.95,28.96,49.8,38.7,2,90.9,24.5,18-25,0.769,Mechanical_Fault
7337,E-Bike,1.08,2.18,16.17,19.6,96.9,92.3,1,46.0,19.1,18-25,0.758,Normal
7338,E-Scooter,2.02,5.91,17.77,26.94,92.6,86.2,2,12.7,22.1,18-25,0.789,Normal
7339,E-Scooter,3.8,8.27,21.02,21.28,44.0,27.2,1,27.0,18.5,36-45,0.714,Normal
7340,E-Scooter,8.49,26.47,16.55,23.55,53.3,18.2,0,8.8,8.4,18-25,0.835,Normal
7341,E-Scooter,3.06,13.32,17.88,18.48,70.2,68.5,2,17.7,18.8,26-35,0.65,Normal
7342,E-Bike,2.54,8.54,12.78,23.22,83.9,79.2,0,4.3,18.3,36-45,0.879,Normal
7343,E-Scooter,3.45,6.69,21.56,25.48,61.2,52.6,2,19.0,18.9,18-25,0.822,Improper_Parking
7344,E-Scooter,5.99,12.15,22.11,27.24,87.2,68.2,0,1.0,23.4,18-25,0.829,Normal
7345,E-Bike,2.16,11.05,12.22,21.89,76.9,70.1,1,3.7,24.9,46-60,0.671,Normal
7346,E-Scooter,2.7,7.18,22.09,24.99,78.2,66.0,1,5.2,22.4,18-25,0.638,Normal
7347,E-Bike,6.36,24.12,14.59,20.77,20.3,1.1,1,8.7,13.2,26-35,0.954,Battery_Critical
7348,E-Scooter,0.69,2.3,21.24,26.03,33.2,32.6,1,19.3,32.2,36-45,0.788,Normal
7349,E-Bike,2.4,9.28,12.72,14.16,61.4,58.2,1,11.1,13.2,26-35,0.771,Normal
7350,E-Scooter,4.29,15.01,23.3,24.85,84.6,67.8,2,23.3,20.7,18-25,0.665,Normal
7351,E-Bike,7.1,37.86,12.75,20.11,39.8,20.4,2,29.0,6.3,36-45,0.882,Normal
7352,E-Bike,1.66,4.21,17.65,21.76,85.9,85.5,2,2.4,32.8,18-25,0.798,Hard_Braking
7353,E-Scooter,4.97,25.81,11.65,17.86,92.5,71.5,4,15.4,21.0,36-45,0.481,Hard_Braking
7354,E-Bike,1.66,4.95,13.29,18.49,70.9,65.3,1,23.3,25.7,18-25,0.949,Normal
7355,E-Bike,1.03,7.32,8.13,15.29,58.0,51.8,2,25.8,35.1,26-35,0.692,Normal
7356,E-Bike,1.96,8.29,13.54,14.59,42.3,31.2,0,13.2,13.3,46-60,0.83,Normal
7357,E-Scooter,5.35,20.61,16.56,24.72,31.4,10.2,3,14.1,20.9,26-35,0.674,Battery_Critical
7358,E-Scooter,4.12,13.51,22.27,24.24,45.0,31.3,2,12.6,29.4,26-35,0.881,Hard_Braking
7359,E-Bike,6.44,23.41,15.86,19.17,60.4,38.6,0,1.6,13.7,26-35,0.827,Normal
7360,E-Scooter,9.57,30.56,19.39,20.41,84.5,55.8,1,13.8,24.7,36-45,0.81,Hard_Braking
7361,E-Scooter,3.11,11.13,17.84,24.12,92.1,79.4,2,9.6,23.7,18-25,0.769,Normal
7362,E-Bike,2.05,6.23,10.61,15.08,27.1,19.9,3,65.9,29.3,26-35,0.954,Hard_Braking
7363,E-Bike,3.77,15.96,13.85,19.48,54.2,42.6,0,7.3,6.0,26-35,0.803,Normal
7364,E-Scooter,1.66,10.31,15.93,22.58,26.4,15.2,1,14.4,16.2,18-25,0.882,Normal
7365,E-Scooter,5.8,36.49,11.44,17.69,99.1,85.4,3,9.3,22.8,18-25,0.844,Normal
7366,E-Bike,4.55,22.43,11.9,16.46,25.8,12.1,1,16.2,20.0,18-25,0.567,Battery_Critical
7367,E-Bike,0.3,2.67,13.03,24.33,32.7,30.7,2,13.2,25.7,60+,0.85,Normal
7368,E-Scooter,8.59,27.8,15.38,23.54,35.8,1.8,3,1.3,22.7,60+,0.763,Battery_Critical
7369,E-Scooter,5.87,34.76,9.86,13.27,24.7,6.3,2,23.3,27.0,36-45,0.8,Battery_Critical
7370,E-Scooter,5.18,14.02,15.9,17.91,97.5,81.8,1,5.0,28.6,18-25,0.834,Normal
7371,E-Bike,1.24,4.78,12.44,15.81,87.4,84.3,1,23.7,17.5,46-60,0.702,Hard_Braking
7372,E-Scooter,6.85,29.55,12.97,18.51,54.5,40.5,0,41.4,16.9,26-35,0.721,Normal
7373,E-Scooter,1.43,9.63,8.95,16.25,20.8,23.8,2,5.1,34.1,46-60,0.707,Normal
7374,E-Scooter,2.36,5.97,20.79,25.48,34.0,19.3,1,22.7,4.6,26-35,0.7,Normal
7375,E-Bike,9.89,30.09,19.01,23.86,30.4,0.0,0,56.7,24.5,18-25,0.674,Battery_Critical
7376,E-Scooter,3.91,22.59,11.22,16.13,57.4,47.8,3,36.2,26.8,46-60,0.67,Hard_Braking
7377,E-Scooter,0.44,2.0,6.43,14.54,78.6,73.6,2,33.3,28.9,60+,0.777,Hard_Braking
7378,E-Scooter,1.72,2.92,20.62,21.89,43.8,38.5,1,4.2,28.5,26-35,0.874,Battery_Critical
7379,E-Scooter,0.33,2.16,20.13,22.15,26.6,22.9,2,78.8,29.8,36-45,0.94,Normal
7380,E-Scooter,0.96,2.0,19.97,28.57,38.1,36.6,2,1.6,42.0,18-25,0.728,Normal
7381,E-Scooter,4.93,22.21,13.42,20.46,66.9,45.7,1,2.5,22.4,18-25,0.857,Normal
7382,E-Scooter,2.43,5.12,20.21,27.29,29.0,23.0,2,30.2,37.3,36-45,0.793,Hard_Braking
7383,E-Scooter,12.29,50.22,14.08,16.88,45.3,12.6,2,22.8,35.7,26-35,0.836,Normal
7384,E-Scooter,2.36,4.61,21.83,22.53,86.0,78.2,0,8.6,33.2,26-35,0.755,Normal
7385,E-Scooter,4.04,17.92,15.19,19.43,70.0,58.7,0,24.2,27.8,18-25,0.696,Normal
7386,E-Bike,6.98,27.35,14.26,22.8,27.9,8.8,1,4.2,22.1,36-45,0.731,Battery_Critical
7387,E-Scooter,8.8,23.64,17.56,27.9,30.5,8.9,1,39.1,21.5,60+,0.748,Battery_Critical
7388,E-Bike,3.18,10.36,12.44,14.29,35.0,24.1,1,29.5,28.9,26-35,0.629,Normal
7389,E-Scooter,0.43,2.0,16.27,22.04,85.8,77.2,2,6.9,29.9,26-35,0.475,Normal
7390,E-Scooter,1.85,6.24,18.79,19.1,22.6,21.9,0,7.9,8.9,18-25,0.337,Improper_Parking
7391,E-Bike,2.75,12.66,11.81,16.9,31.4,24.6,2,104.5,38.7,26-35,0.7,Normal
7392,E-Bike,1.57,2.0,15.73,27.54,42.3,42.0,0,15.4,17.0,18-25,0.954,Battery_Critical
7393,E-Scooter,6.6,15.76,23.68,25.64,55.3,35.3,1,38.2,29.5,18-25,0.777,Normal
7394,E-Scooter,3.7,14.99,12.92,15.99,65.9,55.1,1,2.9,23.9,46-60,0.669,Battery_Critical
7395,E-Bike,4.24,27.49,9.18,17.46,53.3,44.2,2,0.7,26.3,60+,0.8,Normal
7396,E-Scooter,6.12,17.35,22.77,32.09,94.3,79.7,2,22.1,37.7,36-45,0.683,Normal
7397,E-Bike,3.42,23.83,10.2,11.66,55.8,46.4,1,10.8,23.6,36-45,0.57,Normal
7398,E-Scooter,1.13,6.33,11.56,16.12,80.1,74.9,3,3.5,32.8,60+,0.854,Normal
7399,E-Scooter,3.35,12.76,14.24,26.87,53.9,37.7,3,1.8,21.3,36-45,0.931,Hard_Braking
7400,E-Scooter,0.79,8.13,11.45,23.18,78.9,78.9,2,4.2,24.8,26-35,0.753,Battery_Critical
7401,E-Scooter,3.82,13.34,16.55,21.47,78.3,75.6,0,0.1,31.2,36-45,0.902,Normal
7402,E-Scooter,3.75,12.98,18.49,22.8,71.3,58.6,1,21.9,16.2,60+,0.822,Mechanical_Fault
7403,E-Scooter,4.29,19.42,13.58,20.2,40.9,22.9,2,13.3,29.0,36-45,0.798,Hard_Braking
7404,E-Bike,12.13,60.98,11.7,15.07,53.8,15.7,2,35.3,34.6,46-60,0.869,Normal
7405,E-Bike,1.52,16.03,5.0,9.27,62.4,53.0,2,39.7,24.3,36-45,0.981,Hard_Braking
7406,E-Scooter,6.64,24.28,15.52,27.5,92.6,67.2,1,8.6,23.3,18-25,0.812,Normal
7407,E-Bike,8.24,48.45,11.68,22.38,84.2,61.9,1,13.1,20.9,60+,0.86,Normal
7408,E-Scooter,4.05,19.63,15.71,22.2,61.3,50.1,1,2.1,34.8,26-35,0.691,Normal
7409,E-Bike,0.71,5.22,13.67,23.32,42.0,33.4,1,3.0,26.8,46-60,0.528,Normal
7410,E-Scooter,2.76,7.57,13.24,19.15,98.7,92.6,2,6.4,16.1,46-60,0.927,Normal
7411,E-Bike,5.92,26.23,12.97,18.71,45.5,30.5,2,12.6,19.1,46-60,0.905,Hard_Braking
7412,E-Bike,2.55,4.31,17.55,22.74,84.2,77.4,1,33.4,13.2,18-25,0.814,Normal
7413,E-Scooter,5.76,26.74,13.65,23.86,69.7,58.2,3,17.8,28.4,18-25,0.893,Hard_Braking
7414,E-Scooter,1.78,8.29,15.96,17.76,38.0,30.6,4,44.4,23.5,60+,0.473,Hard_Braking
7415,E-Scooter,3.46,14.14,11.95,19.45,74.2,68.4,1,11.9,36.3,26-35,0.667,Normal
7416,E-Scooter,5.92,24.27,17.72,21.76,38.7,23.5,0,28.6,39.8,36-45,0.898,Normal
7417,E-Scooter,3.52,12.78,15.69,18.9,25.4,15.6,2,63.2,37.5,36-45,0.484,Battery_Critical
7418,E-Scooter,0.79,2.48,18.51,23.48,79.5,76.2,2,9.1,21.2,18-25,,Normal
7419,E-Bike,3.68,34.38,6.69,9.4,20.7,9.9,0,2.5,18.6,46-60,0.949,Battery_Critical
7420,E-Bike,1.38,9.8,14.46,14.86,44.5,39.6,0,19.0,14.9,18-25,0.899,Normal
7421,E-Scooter,3.89,12.85,24.33,33.07,77.0,68.3,4,12.8,28.1,26-35,0.897,Hard_Braking
7422,E-Scooter,3.69,15.86,19.21,23.91,69.9,56.8,1,15.1,16.6,60+,0.753,Normal
7423,E-Bike,0.96,7.38,11.78,15.51,43.5,40.5,3,4.1,33.3,26-35,0.555,Improper_Parking
7424,E-Bike,2.78,12.31,9.87,14.47,77.4,73.8,3,16.8,7.7,18-25,0.898,Mechanical_Fault
7425,E-Scooter,5.9,22.87,16.59,21.36,84.0,68.3,1,5.3,30.7,18-25,0.75,Normal
7426,E-Bike,1.1,5.58,9.25,14.53,47.0,40.2,1,1.3,28.3,18-25,0.762,Normal
7427,E-Bike,6.02,55.54,7.7,11.17,63.5,48.0,2,37.1,16.5,46-60,0.989,Normal
7428,E-Bike,2.45,13.08,13.96,16.14,99.9,92.1,1,57.5,26.8,46-60,0.609,Normal
7429,E-Bike,4.43,21.17,11.23,17.51,80.6,63.8,4,53.3,18.1,26-35,0.745,Hard_Braking
7430,E-Bike,6.61,25.06,16.19,23.27,27.8,10.7,0,13.8,7.4,26-35,0.905,Improper_Parking
7431,E-Scooter,3.18,12.34,16.94,20.88,65.6,51.7,1,11.6,12.9,18-25,0.699,Normal
7432,E-Scooter,1.46,8.92,20.23,27.25,67.1,73.3,1,13.2,29.4,26-35,0.612,Normal
7433,E-Scooter,5.63,13.54,21.88,25.78,80.9,63.6,3,8.2,31.5,26-35,0.844,Hard_Braking
7434,E-Scooter,6.15,25.64,14.78,18.68,89.9,70.8,2,3.8,11.8,18-25,0.875,Hard_Braking
7435,E-Scooter,1.7,4.21,14.04,20.01,50.3,46.2,2,14.6,35.9,26-35,0.668,Normal
7436,E-Bike,4.97,21.37,13.31,19.74,41.8,25.0,2,17.9,24.4,36-45,0.621,Normal
7437,E-Bike,6.86,33.08,15.04,18.32,53.4,34.2,1,25.9,31.3,46-60,0.805,Hard_Braking
7438,E-Bike,3.4,15.53,19.58,25.57,56.5,44.7,1,10.1,24.4,18-25,0.748,Normal
7439,E-Bike,1.27,8.3,16.36,23.34,47.9,44.9,0,12.7,22.9,26-35,0.757,Normal
7440,E-Scooter,7.84,22.42,22.52,27.83,98.8,71.9,1,7.6,8.7,18-25,0.87,Normal
7441,E-Bike,2.39,11.39,13.51,20.1,52.8,50.2,1,4.8,30.7,60+,0.81,Hard_Braking
7442,E-Scooter,0.66,3.13,23.2,27.34,84.3,83.2,0,4.4,20.5,26-35,0.71,Normal
7443,E-Scooter,4.25,11.09,16.1,22.53,70.1,57.3,2,19.7,18.4,18-25,0.82,Mechanical_Fault
7444,E-Scooter,4.6,18.71,17.09,21.65,23.5,11.2,1,0.6,25.5,26-35,0.792,Battery_Critical
7445,E-Bike,8.49,39.0,12.23,16.79,45.2,31.2,2,62.2,22.1,26-35,0.755,Mechanical_Fault
7446,E-Scooter,3.0,8.21,16.73,22.72,70.8,57.0,0,4.2,11.1,18-25,0.837,Normal
7447,E-Bike,4.42,38.86,7.68,10.74,38.7,23.2,1,16.3,26.2,26-35,0.954,Normal
7448,E-Bike,4.54,25.18,11.12,11.67,64.9,45.3,0,41.8,33.6,18-25,0.762,Normal
7449,E-Bike,6.54,39.15,10.46,11.02,97.8,80.5,0,50.7,-0.7,26-35,0.788,Normal
7450,E-Scooter,0.69,3.64,22.16,27.5,71.4,72.0,5,16.3,25.2,46-60,0.573,Hard_Braking
7451,E-Bike,2.61,14.72,12.5,24.15,53.4,42.4,1,8.7,18.9,36-45,0.627,Normal
7452,E-Scooter,5.62,24.55,17.21,21.11,64.5,53.8,2,37.5,18.6,26-35,0.834,Mechanical_Fault
7453,E-Scooter,2.26,4.12,26.04,29.2,30.9,24.0,3,10.6,30.3,18-25,0.833,Hard_Braking
7454,E-Bike,2.88,7.92,17.47,23.34,50.8,45.2,1,40.0,19.9,36-45,0.759,Normal
7455,E-Scooter,1.99,15.84,16.59,24.93,45.9,39.3,0,3.4,23.8,26-35,0.441,Hard_Braking
7456,E-Scooter,4.04,14.49,18.54,24.63,26.8,15.3,0,2.8,19.7,36-45,0.752,Battery_Critical
7457,E-Scooter,2.38,2.0,20.56,27.76,95.3,89.0,4,24.1,11.5,18-25,0.642,Hard_Braking
7458,E-Scooter,1.67,7.72,16.8,20.13,49.2,45.4,5,87.1,22.9,36-45,0.774,Hard_Braking
7459,E-Bike,2.2,2.92,14.9,26.2,29.1,16.3,0,4.0,24.9,26-35,0.644,Normal
7460,E-Bike,2.44,12.94,12.81,20.42,71.8,64.8,2,15.5,22.9,26-35,0.943,Normal
7461,E-Bike,2.67,21.58,7.91,15.3,53.1,45.5,3,21.8,12.8,26-35,0.58,Hard_Braking
7462,E-Scooter,1.67,5.27,16.13,20.54,84.8,88.9,0,56.6,33.5,18-25,0.629,Normal
7463,E-Scooter,3.89,13.06,15.02,17.9,85.3,70.0,1,14.0,20.6,36-45,0.549,Normal
7464,E-Scooter,1.6,7.09,16.56,22.93,90.5,78.0,2,30.9,10.5,26-35,0.973,Hard_Braking
7465,E-Bike,5.36,31.94,8.97,16.88,43.2,29.9,0,53.5,31.6,26-35,0.905,Normal
7466,E-Bike,3.56,23.48,11.69,13.08,89.9,79.9,2,16.8,24.9,36-45,0.748,Mechanical_Fault
7467,E-Bike,6.28,31.85,11.76,12.86,59.6,37.7,0,1.1,39.2,,0.805,Normal
7468,E-Scooter,2.56,10.36,21.86,28.66,60.9,56.5,2,3.1,25.6,18-25,0.669,Normal
7469,E-Scooter,0.56,2.0,16.29,23.82,32.8,32.2,0,19.7,14.5,18-25,0.804,Normal
7470,E-Scooter,2.84,13.58,12.8,13.26,98.2,89.5,0,13.8,33.0,18-25,0.864,Normal
7471,E-Scooter,3.46,8.64,20.63,27.43,21.5,14.2,1,2.5,20.5,18-25,0.752,Mechanical_Fault
7472,E-Scooter,2.01,7.36,15.24,23.11,90.6,86.7,1,14.9,19.3,18-25,0.965,Normal
7473,E-Bike,1.66,8.0,12.33,19.57,93.7,85.4,1,16.5,26.0,18-25,0.844,Hard_Braking
7474,E-Bike,0.67,2.0,13.29,18.51,59.4,54.4,1,18.7,30.3,26-35,0.83,Normal
7475,E-Bike,0.43,2.0,8.3,15.03,90.7,90.4,0,3.0,22.3,26-35,0.786,Normal
7476,E-Bike,7.0,44.51,10.33,17.32,20.3,1.5,0,12.4,27.3,36-45,0.674,Battery_Critical
7477,E-Scooter,1.89,14.51,11.49,11.59,30.2,20.8,0,10.6,31.2,26-35,0.76,Normal
7478,E-Scooter,2.4,2.57,24.21,29.31,47.7,31.5,2,23.5,32.8,26-35,0.847,Normal
7479,E-Scooter,4.5,15.57,17.21,25.52,78.2,61.4,0,10.3,28.6,26-35,0.792,Normal
7480,E-Scooter,1.84,4.98,15.19,25.25,77.0,78.5,1,35.9,20.3,18-25,0.916,Normal
7481,E-Bike,1.3,2.77,15.53,19.49,95.3,89.6,2,15.2,35.9,26-35,0.95,Mechanical_Fault
7482,E-Bike,3.73,12.45,12.14,19.39,94.2,78.7,0,37.7,19.6,46-60,0.61,Mechanical_Fault
7483,E-Bike,2.54,6.41,15.0,19.77,94.8,87.2,3,20.5,26.2,36-45,0.93,Hard_Braking
7484,E-Bike,2.36,11.78,12.86,21.54,65.5,54.0,1,3.0,23.9,36-45,0.301,Improper_Parking
7485,E-Bike,10.68,61.14,10.45,19.16,24.1,0.0,2,9.9,39.7,18-25,0.786,Battery_Critical
7486,E-Scooter,2.86,13.45,13.45,25.66,63.8,63.0,5,12.6,10.0,18-25,0.655,Hard_Braking
7487,E-Scooter,5.32,23.4,13.89,18.55,36.3,17.2,1,59.7,25.3,46-60,0.561,Battery_Critical
7488,E-Scooter,3.01,7.04,16.87,22.44,25.2,22.3,4,3.2,19.1,36-45,0.39,Improper_Parking
7489,E-Scooter,2.6,14.23,17.38,22.95,76.7,69.2,0,41.0,17.8,26-35,0.928,Normal
7490,E-Scooter,1.58,4.08,21.32,25.36,25.7,24.2,2,10.3,19.3,46-60,0.772,Hard_Braking
7491,E-Bike,5.19,25.53,12.05,19.83,70.9,57.3,0,48.6,24.4,26-35,0.968,Normal
7492,E-Scooter,6.33,22.84,18.55,22.54,25.6,7.9,3,75.8,20.6,26-35,0.285,Improper_Parking
7493,E-Bike,1.11,7.09,14.58,17.85,99.7,94.7,2,0.5,37.3,18-25,0.888,Normal
7494,E-Scooter,1.96,9.27,13.3,18.35,51.2,47.2,2,23.7,21.0,36-45,0.902,Hard_Braking
7495,E-Scooter,2.45,7.28,17.48,24.18,59.3,51.7,1,25.0,21.7,18-25,0.903,Improper_Parking
7496,E-Scooter,2.35,7.49,12.13,14.12,30.8,19.2,1,12.3,23.3,26-35,0.907,Normal
7497,E-Bike,2.47,11.71,16.8,20.18,69.9,61.8,1,24.2,19.5,26-35,0.765,Mechanical_Fault
7498,E-Bike,3.34,18.44,12.92,18.7,56.1,46.9,0,14.9,16.7,46-60,0.836,Normal
7499,E-Scooter,1.63,5.51,18.36,24.47,96.4,89.6,1,3.6,17.2,18-25,0.43,Hard_Braking
7500,E-Scooter,3.0,12.19,17.43,25.08,34.8,29.2,3,58.7,36.4,18-25,0.558,Hard_Braking
7501,E-Scooter,5.21,17.13,15.61,15.86,43.8,37.1,2,21.9,14.6,18-25,0.571,Normal
7502,E-Scooter,3.96,24.88,11.46,14.52,98.0,86.2,1,26.1,21.5,26-35,0.813,Normal
7503,E-Bike,1.04,6.37,14.78,16.8,26.0,24.3,3,37.1,10.4,18-25,0.612,Hard_Braking
7504,E-Bike,6.67,20.53,15.64,23.13,98.2,78.0,0,14.4,22.8,26-35,0.879,Normal
7505,E-Bike,5.28,28.37,11.41,17.96,39.2,22.0,2,6.7,21.1,18-25,0.764,Hard_Braking
7506,E-Scooter,0.72,2.0,14.3,18.23,81.7,79.0,1,8.8,23.3,36-45,0.482,Battery_Critical
7507,E-Bike,3.44,19.13,12.73,17.69,33.2,24.4,1,23.3,21.7,26-35,0.5,Normal
7508,E-Scooter,4.84,28.13,9.42,14.51,55.1,42.2,1,19.8,8.9,18-25,0.836,Normal
7509,E-Scooter,4.94,16.94,15.0,18.59,49.9,41.4,2,10.2,29.7,36-45,0.849,Hard_Braking
7510,E-Scooter,4.19,28.7,10.84,17.71,84.5,65.1,0,42.1,32.3,46-60,0.827,Normal
7511,E-Bike,10.89,80.0,5.22,12.04,96.0,59.5,2,20.0,34.7,36-45,0.46,Hard_Braking
7512,E-Bike,6.32,27.18,13.2,15.89,37.3,18.2,3,39.4,25.1,26-35,0.632,Battery_Critical
7513,E-Scooter,3.32,11.62,15.14,15.85,38.2,29.6,2,0.0,27.2,26-35,0.8,Normal
7514,E-Bike,1.9,6.66,9.47,11.03,62.1,57.7,3,39.6,30.4,18-25,0.722,Normal
7515,E-Scooter,1.08,2.0,22.31,24.77,46.0,41.7,2,6.0,22.4,18-25,0.663,Normal
7516,E-Scooter,1.57,7.74,11.39,19.96,24.1,18.7,3,50.7,25.9,36-45,0.862,Hard_Braking
7517,E-Bike,3.38,14.41,11.77,14.2,44.0,33.3,0,32.5,24.8,60+,0.828,Normal
7518,E-Scooter,1.34,3.29,16.09,16.42,79.2,71.8,2,2.9,35.8,18-25,0.56,Normal
7519,E-Bike,2.47,16.41,10.18,12.56,28.1,20.5,3,6.0,21.5,18-25,0.588,Normal
7520,E-Bike,2.74,11.09,12.27,16.34,46.9,39.1,1,4.4,23.3,18-25,0.849,Hard_Braking
7521,E-Bike,0.65,2.0,10.46,13.07,40.6,33.8,0,21.2,13.8,36-45,0.801,Normal
7522,E-Bike,0.63,4.37,18.91,20.07,30.0,23.2,1,7.6,24.5,26-35,0.867,Normal
7523,E-Scooter,2.69,11.49,16.35,21.19,86.8,79.9,1,48.2,15.2,26-35,0.674,Normal
7524,E-Scooter,2.92,6.12,24.71,31.95,44.0,33.8,1,7.9,19.4,26-35,0.543,Battery_Critical
7525,E-Scooter,4.4,7.36,22.98,25.53,90.0,77.1,3,18.6,20.2,18-25,0.981,Hard_Braking
7526,E-Scooter,4.82,28.72,10.68,15.8,76.1,61.6,2,8.0,9.4,18-25,0.698,Hard_Braking
7527,E-Scooter,2.11,9.95,17.1,26.01,68.7,61.2,2,12.4,33.1,36-45,0.895,Hard_Braking
7528,E-Bike,4.71,15.95,14.96,15.49,30.3,24.6,2,0.8,34.4,18-25,0.764,Hard_Braking
7529,E-Scooter,4.14,13.4,19.28,25.63,41.5,34.1,5,16.0,17.9,26-35,0.758,Hard_Braking
7530,E-Scooter,0.34,2.0,16.39,22.45,60.4,54.1,0,30.0,27.0,36-45,0.961,Normal
7531,E-Scooter,1.49,3.33,19.66,28.76,70.3,66.8,0,17.9,30.0,18-25,0.778,Normal
7532,E-Bike,1.39,10.58,17.94,25.74,40.7,37.4,4,55.6,13.1,26-35,0.923,Hard_Braking
7533,E-Scooter,3.64,10.96,18.83,20.96,87.0,79.9,0,25.5,14.8,26-35,0.943,Normal
7534,E-Bike,2.82,14.4,10.66,16.74,31.3,25.1,3,21.1,23.6,18-25,0.598,Normal
7535,E-Scooter,1.4,2.56,20.44,25.59,84.8,84.0,1,16.8,29.7,,0.622,Normal
7536,E-Scooter,2.15,6.55,14.89,21.62,56.7,54.1,1,12.5,25.9,26-35,0.582,Normal
7537,E-Bike,2.25,11.5,10.02,19.04,72.8,62.2,1,4.7,14.4,18-25,0.707,Improper_Parking
7538,E-Bike,2.1,7.85,14.51,18.25,96.8,90.2,0,15.8,17.2,60+,0.572,Normal
7539,E-Scooter,2.37,9.04,13.52,18.39,69.5,56.7,2,11.5,26.2,26-35,0.779,Hard_Braking
7540,E-Scooter,10.62,55.82,11.72,12.59,63.5,33.7,2,5.4,29.2,18-25,0.668,Improper_Parking
7541,E-Scooter,4.38,13.93,20.59,24.74,21.4,9.5,1,2.6,13.1,26-35,0.729,Battery_Critical
7542,E-Bike,6.73,24.76,15.07,16.72,36.7,17.7,2,10.4,15.3,26-35,0.776,Normal
7543,E-Scooter,4.79,7.46,21.68,25.11,77.7,65.1,0,1.9,37.6,36-45,0.844,Mechanical_Fault
7544,E-Bike,2.05,14.96,11.1,20.36,62.5,60.1,0,25.6,35.2,18-25,0.598,Mechanical_Fault
7545,E-Scooter,1.69,4.5,18.79,21.75,91.5,85.8,0,29.7,36.5,36-45,0.83,Normal
7546,E-Scooter,3.58,12.02,16.84,24.22,30.1,23.1,2,35.3,25.0,26-35,0.706,Normal
7547,E-Scooter,1.8,6.4,17.14,21.53,30.6,21.1,2,23.6,35.5,36-45,0.799,Normal
7548,E-Scooter,3.19,9.94,18.88,20.48,59.5,50.6,0,2.7,23.7,18-25,0.634,Normal
7549,E-Scooter,6.24,23.38,16.24,25.46,70.7,51.8,2,3.0,26.4,36-45,0.669,Hard_Braking
7550,E-Scooter,2.07,6.36,16.84,22.68,39.8,38.4,0,21.2,24.9,18-25,0.694,Normal
7551,E-Scooter,0.56,2.0,16.88,20.43,23.4,19.1,2,1.4,34.8,26-35,0.641,Normal
7552,E-Bike,3.31,19.03,9.77,10.95,78.1,74.4,1,23.5,24.9,18-25,0.84,Normal
7553,E-Bike,3.77,16.36,13.5,21.82,38.7,26.7,1,25.9,26.1,36-45,0.856,Normal
7554,E-Scooter,1.15,3.34,15.39,21.26,84.3,83.7,3,4.0,20.9,26-35,0.57,Hard_Braking
7555,E-Bike,1.62,9.64,14.65,23.33,46.8,36.8,0,33.2,23.6,26-35,0.689,Normal
7556,E-Bike,1.95,11.31,8.86,12.68,95.4,85.7,2,0.5,9.1,18-25,0.48,Normal
7557,E-Scooter,2.45,13.68,11.32,17.19,29.8,21.2,1,0.1,27.8,26-35,0.904,Normal
7558,E-Scooter,4.67,15.22,18.92,23.44,77.6,59.2,0,3.6,30.7,26-35,0.816,Normal
7559,E-Bike,2.09,12.58,9.05,14.37,37.2,29.3,0,4.5,26.8,26-35,0.511,Mechanical_Fault
7560,E-Scooter,1.81,2.0,21.17,23.91,63.3,61.7,2,14.7,17.1,60+,0.713,Normal
7561,E-Bike,1.82,8.76,12.72,20.03,95.2,90.6,1,19.1,24.7,36-45,0.859,Normal
7562,E-Scooter,3.09,10.81,20.85,22.43,71.0,59.5,1,13.8,17.0,26-35,0.913,Normal
7563,E-Scooter,3.5,15.83,14.31,24.6,46.1,42.9,2,1.9,22.2,18-25,0.859,Hard_Braking
7564,E-Scooter,3.23,14.73,11.74,11.98,79.2,73.2,1,24.3,28.0,26-35,0.857,Normal
7565,E-Bike,5.25,25.63,11.52,16.75,96.4,81.3,1,3.4,29.9,36-45,0.879,Normal
7566,E-Bike,3.95,14.13,16.45,21.54,90.4,80.0,2,1.0,32.8,26-35,0.663,Hard_Braking
7567,E-Bike,6.36,25.41,13.38,20.42,99.8,79.3,1,1.5,24.3,36-45,0.588,Normal
7568,E-Bike,3.35,16.22,8.71,15.68,81.4,72.8,2,4.7,32.9,18-25,0.884,Normal
7569,E-Bike,4.91,23.3,12.14,14.25,84.2,65.8,1,54.0,11.6,18-25,0.865,Normal
7570,E-Scooter,2.17,11.57,15.72,20.11,44.4,43.7,0,0.4,29.6,46-60,0.834,Normal
7571,E-Scooter,4.2,15.93,16.84,21.04,23.7,8.8,0,0.8,9.2,26-35,0.634,Battery_Critical
7572,E-Scooter,3.08,21.83,10.01,19.87,46.2,38.6,0,3.1,19.8,18-25,0.609,Normal
7573,E-Bike,4.15,12.17,22.77,24.83,40.3,31.2,0,19.5,19.9,60+,0.601,Normal
7574,E-Scooter,5.12,25.75,10.04,10.89,42.9,30.0,1,5.9,31.2,26-35,0.733,Normal
7575,E-Scooter,3.64,8.72,16.74,18.56,70.1,62.5,2,3.5,17.7,60+,0.641,Hard_Braking
7576,E-Scooter,3.42,11.93,14.95,18.89,88.1,76.7,1,6.3,21.9,18-25,0.899,Normal
7577,E-Scooter,3.83,11.07,23.86,32.85,58.8,49.1,0,16.1,13.2,18-25,0.832,Mechanical_Fault
7578,E-Scooter,3.32,13.28,15.34,16.7,64.9,58.3,1,19.0,30.0,46-60,0.793,Mechanical_Fault
7579,E-Bike,7.38,37.69,12.58,22.5,28.4,6.6,0,8.6,25.8,26-35,0.856,Battery_Critical
7580,E-Scooter,4.59,18.55,15.7,23.74,96.2,86.8,1,59.2,27.6,36-45,0.504,Normal
7581,E-Scooter,1.8,3.75,18.01,28.39,55.9,48.5,1,18.1,40.4,60+,0.658,Mechanical_Fault
7582,E-Bike,2.18,10.32,13.63,26.96,69.5,62.5,0,7.1,25.5,18-25,0.765,Mechanical_Fault
7583,E-Scooter,0.97,5.04,20.7,29.37,90.6,93.0,3,32.6,18.8,36-45,0.732,Hard_Braking
7584,E-Scooter,0.3,2.0,16.41,19.98,84.4,85.3,1,62.0,11.8,18-25,0.471,Normal
7585,E-Scooter,7.32,32.64,12.0,16.65,94.9,74.9,3,17.4,32.9,36-45,0.839,Hard_Braking
7586,E-Bike,3.1,10.78,15.03,15.04,53.0,39.7,1,33.0,35.0,36-45,0.723,Normal
7587,E-Bike,2.07,8.66,13.02,15.9,74.1,67.1,0,22.3,21.0,36-45,0.409,Improper_Parking
7588,E-Scooter,1.33,2.45,22.89,29.66,46.2,41.0,2,0.7,17.9,36-45,0.67,Hard_Braking
7589,E-Bike,9.97,64.0,9.19,13.91,24.3,0.0,2,4.8,11.1,26-35,0.517,Battery_Critical
7590,E-Bike,1.07,3.91,10.18,18.59,22.7,20.5,2,6.2,30.8,26-35,0.777,Improper_Parking
7591,E-Bike,1.21,4.72,6.07,13.0,44.1,35.3,1,22.9,23.7,18-25,0.682,Normal
7592,E-Scooter,4.2,19.91,10.47,17.64,49.2,36.4,3,1.3,24.5,26-35,0.928,Hard_Braking
7593,E-Bike,2.13,17.17,9.24,12.51,89.6,77.2,3,45.4,22.5,18-25,0.506,Mechanical_Fault
7594,E-Bike,3.49,13.3,12.92,18.52,91.3,74.9,0,94.6,25.9,46-60,0.666,Mechanical_Fault
7595,E-Scooter,2.6,4.57,17.75,23.06,46.0,37.9,1,0.3,29.2,36-45,0.708,Normal
7596,E-Scooter,3.3,12.88,16.23,22.64,91.8,81.4,2,11.5,37.0,36-45,0.663,Mechanical_Fault
7597,E-Scooter,0.37,4.54,17.68,28.95,50.9,49.1,2,19.9,13.9,26-35,0.895,Normal
7598,E-Bike,2.92,19.21,14.11,18.8,58.0,53.0,1,7.3,8.0,18-25,0.87,Normal
7599,E-Scooter,1.24,5.74,18.98,19.19,43.2,45.1,3,3.0,13.4,26-35,0.893,Hard_Braking
7600,E-Scooter,3.26,13.2,17.5,21.37,55.2,45.1,0,19.4,13.0,60+,0.907,Normal
7601,E-Scooter,4.1,11.56,23.05,30.69,28.2,18.6,3,19.6,25.4,18-25,0.485,Hard_Braking
7602,E-Scooter,3.38,7.21,23.21,26.41,61.8,54.0,2,1.1,10.7,46-60,0.702,Hard_Braking
7603,E-Bike,2.63,15.14,10.96,16.71,69.5,70.7,1,2.5,26.2,26-35,0.677,Hard_Braking
7604,E-Bike,4.9,14.42,18.5,21.69,30.0,9.5,3,52.5,31.2,18-25,0.891,Battery_Critical
7605,E-Bike,4.63,17.55,13.38,19.63,86.5,67.1,3,49.1,19.7,26-35,0.743,Mechanical_Fault
7606,E-Bike,1.84,11.85,14.22,18.31,43.8,37.4,2,34.7,27.9,18-25,,Normal
7607,E-Scooter,1.48,3.33,18.91,24.32,69.1,61.9,1,1.0,26.6,18-25,0.839,Normal
7608,E-Bike,1.07,9.18,12.73,18.94,85.4,87.3,0,1.7,31.0,18-25,0.424,Mechanical_Fault
7609,E-Scooter,0.93,10.01,20.53,27.31,29.9,32.5,3,30.7,27.4,60+,0.874,Hard_Braking
7610,E-Scooter,7.79,19.71,23.2,29.28,36.9,18.2,0,12.2,32.3,46-60,0.939,Normal
7611,E-Scooter,1.8,5.27,27.02,31.18,90.0,82.6,1,2.1,31.7,36-45,0.613,Normal
7612,E-Scooter,0.3,2.21,18.27,25.33,24.5,17.5,1,7.3,11.7,18-25,0.785,Normal
7613,E-Scooter,3.75,15.71,12.0,16.79,32.0,21.3,1,45.7,10.9,18-25,0.82,Normal
7614,E-Scooter,3.63,13.41,15.87,17.79,29.6,18.3,4,49.8,28.2,36-45,0.582,Hard_Braking
7615,E-Scooter,7.69,28.63,14.85,19.99,99.3,70.0,0,15.6,31.7,26-35,0.854,Normal
7616,E-Scooter,1.76,4.64,13.38,19.61,56.5,51.3,0,81.8,19.7,18-25,0.743,Mechanical_Fault
7617,E-Scooter,5.05,11.19,17.5,28.7,89.6,70.7,1,68.7,34.9,26-35,0.85,Mechanical_Fault
7618,E-Scooter,2.48,9.56,14.28,18.94,71.8,66.7,0,8.4,16.5,46-60,0.818,Hard_Braking
7619,E-Scooter,4.64,19.93,13.95,15.21,97.1,89.4,0,47.1,23.0,26-35,0.949,Normal
7620,E-Scooter,4.06,22.69,13.51,19.1,97.3,79.0,2,19.9,42.0,36-45,0.437,Improper_Parking
7621,E-Bike,4.27,21.23,10.96,20.69,28.6,13.8,2,19.1,42.0,26-35,0.797,Battery_Critical
7622,E-Bike,3.29,12.63,12.06,23.12,28.0,21.6,1,27.2,10.1,26-35,0.759,Normal
7623,E-Bike,2.34,25.69,7.26,15.27,60.0,46.0,1,2.2,28.7,46-60,0.725,Normal
7624,E-Bike,4.53,34.57,6.83,13.02,97.8,80.4,0,1.8,36.2,26-35,0.744,Normal
7625,E-Scooter,0.99,3.64,16.45,23.45,86.2,85.5,0,34.6,14.0,18-25,0.879,Normal
7626,E-Bike,0.91,3.65,12.39,18.17,77.7,76.7,2,16.2,16.4,36-45,0.836,Normal
7627,E-Scooter,1.29,4.31,17.38,24.06,51.6,45.7,1,18.9,15.6,26-35,0.687,Normal
7628,E-Scooter,2.6,10.8,15.98,19.45,91.7,89.9,1,61.8,17.7,18-25,0.822,Normal
7629,E-Bike,7.03,13.92,20.51,33.72,49.8,32.0,2,31.7,27.6,36-45,0.693,Hard_Braking
7630,E-Bike,7.29,35.87,11.64,14.12,56.5,34.2,1,2.6,16.7,36-45,0.876,Normal
7631,E-Scooter,2.96,12.52,16.63,22.63,90.8,80.1,0,40.5,29.1,26-35,0.883,Normal
7632,E-Bike,4.06,11.06,13.5,20.8,53.6,38.5,0,20.6,20.4,46-60,0.733,Normal
7633,E-Scooter,4.36,11.98,16.7,28.34,51.2,36.8,1,25.1,11.7,26-35,0.89,Normal
7634,E-Scooter,3.12,2.56,23.33,28.53,34.7,29.2,3,4.9,29.1,26-35,0.909,Mechanical_Fault
7635,E-Scooter,7.75,28.8,18.93,26.57,52.7,25.9,0,5.1,33.9,36-45,0.681,Normal
7636,E-Scooter,0.65,3.3,20.42,29.2,59.4,61.1,1,33.8,28.1,18-25,0.645,Hard_Braking
7637,E-Bike,0.79,7.86,7.24,18.86,40.5,39.3,0,35.7,16.7,18-25,0.772,Normal
7638,E-Bike,4.68,33.38,8.27,14.31,77.9,60.9,0,19.2,21.4,18-25,0.831,Normal
7639,E-Bike,0.62,4.03,15.3,17.74,48.2,47.9,0,16.2,25.3,36-45,0.76,Normal
7640,E-Scooter,8.75,21.26,22.36,27.1,97.3,68.0,2,11.0,18.2,46-60,0.921,Mechanical_Fault
7641,E-Scooter,2.42,9.37,16.61,25.1,22.1,18.1,3,12.3,12.0,,0.928,Normal
7642,E-Scooter,3.34,14.47,18.92,23.15,75.2,64.3,2,27.6,21.5,26-35,0.916,Mechanical_Fault
7643,E-Scooter,1.3,6.93,12.95,15.32,32.2,30.2,1,0.4,29.4,26-35,0.864,Normal
7644,E-Scooter,1.39,5.61,10.16,20.72,84.9,82.1,3,53.3,21.7,46-60,0.825,Hard_Braking
7645,E-Scooter,0.39,2.0,18.43,19.38,72.7,80.9,1,11.3,22.0,60+,0.736,Normal
7646,E-Scooter,2.34,3.02,21.44,28.35,29.0,18.0,1,31.1,33.9,36-45,0.527,Hard_Braking
7647,E-Scooter,5.44,20.92,18.02,27.44,34.1,21.2,0,24.2,26.7,26-35,0.64,Normal
7648,E-Bike,3.38,13.56,15.58,17.87,76.8,64.2,2,13.8,26.0,60+,0.972,Normal
7649,E-Scooter,1.83,6.33,19.0,21.2,92.8,91.0,1,5.3,18.1,26-35,0.781,Normal
7650,E-Bike,1.34,7.48,17.59,25.84,72.5,75.4,2,20.8,27.7,26-35,0.355,Improper_Parking
7651,E-Scooter,3.21,13.59,22.21,29.45,40.3,29.6,1,18.7,20.6,18-25,0.636,Normal
7652,E-Bike,2.55,9.9,14.84,16.0,72.2,66.3,2,43.2,21.5,36-45,0.819,Hard_Braking
7653,E-Scooter,1.91,9.3,13.39,17.46,21.0,12.1,1,6.6,24.2,26-35,0.594,Battery_Critical
7654,E-Scooter,5.22,23.45,16.33,23.63,46.9,33.4,0,3.0,19.8,36-45,0.594,Normal
7655,E-Bike,0.52,2.0,14.78,23.94,38.9,40.1,1,70.5,20.5,60+,0.631,Mechanical_Fault
7656,E-Scooter,2.62,6.33,17.91,23.06,72.5,67.1,1,3.9,22.3,18-25,0.871,Normal
7657,E-Scooter,1.37,6.27,16.8,22.93,73.3,63.5,2,44.8,29.1,,0.908,Hard_Braking
7658,E-Bike,1.88,7.96,10.68,14.85,22.6,15.5,2,20.7,16.8,18-25,0.769,Hard_Braking
7659,E-Scooter,0.53,2.0,12.26,19.0,22.0,20.3,2,28.7,23.4,26-35,0.901,Mechanical_Fault
7660,E-Bike,6.4,28.73,13.31,21.89,62.7,42.3,3,0.2,14.4,18-25,0.281,Improper_Parking
7661,E-Bike,6.3,21.82,16.45,17.11,42.8,25.9,1,24.6,30.9,18-25,0.34,Improper_Parking
7662,E-Scooter,0.92,2.0,12.81,14.08,37.3,43.9,1,10.6,23.1,36-45,0.6,Normal
7663,E-Bike,2.26,4.43,18.0,28.89,30.9,32.3,0,2.7,28.1,26-35,0.82,Normal
7664,E-Scooter,0.36,3.84,28.37,32.69,98.0,88.4,1,13.8,10.8,36-45,0.447,Mechanical_Fault
7665,E-Scooter,1.6,6.81,22.43,28.81,22.2,12.8,3,4.6,17.0,18-25,0.846,Hard_Braking
7666,E-Scooter,0.65,8.68,12.27,15.81,76.3,80.6,1,10.9,27.4,26-35,0.815,Normal
7667,E-Scooter,0.77,2.0,18.52,24.51,45.7,39.9,1,5.3,27.6,18-25,0.801,Normal
7668,E-Scooter,10.13,32.72,18.77,20.52,25.0,0.0,2,4.0,12.5,36-45,0.924,Battery_Critical
7669,E-Scooter,7.3,19.71,18.88,19.92,56.1,33.3,1,36.5,26.9,46-60,0.928,Battery_Critical
7670,E-Bike,0.3,3.09,8.64,13.87,20.8,17.4,2,28.0,20.2,18-25,0.789,Battery_Critical
7671,E-Scooter,0.37,2.0,19.32,27.67,61.9,60.0,0,3.1,10.0,36-45,0.886,Normal
7672,E-Scooter,1.16,5.5,15.68,20.7,56.6,56.4,0,29.1,31.0,26-35,0.727,Battery_Critical
7673,E-Scooter,3.72,8.9,22.01,22.82,80.8,75.1,2,3.4,13.3,26-35,0.889,Hard_Braking
7674,E-Scooter,2.25,9.26,15.15,22.89,88.4,79.8,1,1.1,37.0,36-45,0.815,Normal
7675,E-Scooter,1.89,4.77,17.12,22.78,63.8,52.7,0,160.0,16.3,26-35,0.923,Mechanical_Fault
7676,E-Bike,0.94,2.0,12.85,14.45,62.8,57.6,0,3.7,16.3,36-45,0.777,Normal
7677,E-Scooter,4.24,23.49,12.99,19.19,27.8,14.9,1,18.4,23.7,36-45,0.915,Battery_Critical
7678,E-Scooter,0.45,5.96,18.08,24.37,45.0,52.6,1,2.2,15.2,46-60,0.752,Hard_Braking
7679,E-Scooter,3.68,19.79,11.73,16.67,56.6,46.1,2,5.2,22.0,46-60,0.734,Hard_Braking
7680,E-Scooter,1.37,9.31,21.24,29.57,21.0,5.0,1,13.0,18.5,60+,0.671,Battery_Critical
7681,E-Bike,10.89,70.88,9.93,10.44,49.0,20.6,2,3.9,23.0,26-35,0.602,Normal
7682,E-Bike,1.59,12.83,10.52,11.81,37.6,28.4,0,3.4,22.3,18-25,0.902,Improper_Parking
7683,E-Scooter,2.24,12.84,10.29,14.01,74.1,66.0,1,65.2,28.8,36-45,0.74,Mechanical_Fault
7684,E-Bike,2.03,11.47,10.96,15.39,55.3,46.1,3,3.3,9.2,18-25,0.862,Hard_Braking
7685,E-Bike,1.88,3.78,15.83,19.9,91.7,81.5,3,9.7,17.5,18-25,0.491,Hard_Braking
7686,E-Bike,1.01,5.26,12.73,23.57,70.7,77.1,1,25.8,29.6,36-45,0.61,Normal
7687,E-Bike,1.91,10.09,7.88,11.28,61.9,69.6,1,6.3,37.7,46-60,0.917,Hard_Braking
7688,E-Scooter,5.05,24.84,13.35,19.63,56.9,46.4,3,9.0,22.6,36-45,0.761,Hard_Braking
7689,E-Scooter,1.5,2.21,24.15,24.52,20.9,17.0,1,3.1,37.7,18-25,0.751,Normal
7690,E-Bike,1.18,8.04,13.97,17.85,64.8,68.0,2,3.4,18.0,36-45,0.693,Normal
7691,E-Bike,1.14,6.06,16.06,22.53,98.4,100.0,3,35.0,18.5,46-60,0.466,Hard_Braking
7692,E-Scooter,2.04,2.0,21.76,22.92,62.5,58.3,2,63.2,16.3,36-45,0.791,Normal
7693,E-Scooter,2.76,5.67,18.74,25.98,85.4,75.6,2,25.5,30.1,26-35,0.766,Hard_Braking
7694,E-Scooter,3.87,4.96,24.06,32.11,61.1,47.8,1,3.0,19.9,26-35,0.824,Improper_Parking
7695,E-Scooter,3.44,9.7,16.17,76.23,53.3,37.1,1,3.4,16.7,36-45,0.728,Normal
7696,E-Scooter,0.68,3.7,14.42,22.55,57.6,55.5,0,6.7,32.6,36-45,0.418,Improper_Parking
7697,E-Scooter,2.05,12.83,17.5,21.79,55.1,48.9,5,22.5,34.4,36-45,0.545,Hard_Braking
7698,E-Scooter,3.71,17.02,17.08,22.77,95.4,86.5,2,23.5,30.3,36-45,0.347,Improper_Parking
7699,E-Bike,0.9,9.56,10.32,19.59,64.9,65.4,1,2.9,26.0,18-25,0.738,Normal
7700,E-Bike,2.91,12.96,13.42,15.92,46.4,38.4,4,1.7,25.5,26-35,0.733,Hard_Braking
7701,E-Scooter,5.71,10.9,31.62,36.5,46.9,30.1,0,20.8,5.2,60+,0.765,Mechanical_Fault
7702,E-Bike,4.07,21.03,10.99,17.91,61.4,47.0,2,1.8,29.3,26-35,0.525,Normal
7703,E-Scooter,8.18,49.52,10.47,13.15,84.0,60.8,0,18.5,22.6,60+,0.836,Normal
7704,E-Scooter,2.4,11.39,17.91,22.18,72.9,64.1,3,10.5,27.3,36-45,0.852,Hard_Braking
7705,E-Scooter,5.12,11.24,18.91,24.33,85.1,67.7,6,4.6,35.0,36-45,0.969,Hard_Braking
7706,E-Scooter,4.88,12.36,20.43,30.17,71.4,58.1,2,4.3,22.7,46-60,0.767,Hard_Braking
7707,E-Scooter,1.9,2.0,23.36,32.62,72.7,67.1,1,30.4,27.1,26-35,0.897,Normal
7708,E-Scooter,13.25,46.34,17.02,22.17,39.2,5.9,2,7.9,28.2,26-35,0.936,Battery_Critical
7709,E-Scooter,5.72,16.77,20.25,21.36,39.4,29.2,3,1.6,17.6,18-25,0.693,Hard_Braking
7710,E-Scooter,0.72,2.0,19.2,19.46,85.7,86.1,2,4.2,36.5,,0.422,Hard_Braking
7711,E-Bike,2.87,11.75,15.9,20.79,64.6,59.8,2,1.0,32.9,26-35,0.527,Hard_Braking
7712,E-Scooter,3.66,8.19,18.89,21.38,30.3,22.7,1,6.1,15.9,26-35,0.618,Normal
7713,E-Scooter,0.86,2.0,11.42,17.27,24.9,15.6,2,101.1,24.4,26-35,0.789,Mechanical_Fault
7714,E-Bike,1.83,6.42,12.64,20.19,88.6,81.5,1,28.3,32.8,18-25,0.668,Normal
7715,E-Scooter,2.79,23.62,8.29,10.23,98.6,96.1,0,35.9,20.7,18-25,0.726,Normal
7716,E-Scooter,1.05,2.0,15.27,21.92,87.3,81.7,3,1.5,27.0,18-25,0.571,Hard_Braking
7717,E-Bike,0.85,5.76,13.04,21.92,87.7,80.2,2,31.8,24.8,18-25,0.708,Mechanical_Fault
7718,E-Bike,1.99,8.41,10.92,14.67,20.7,18.5,2,21.4,35.8,46-60,0.693,Hard_Braking
7719,E-Scooter,4.67,10.39,21.0,27.73,49.6,32.6,0,26.3,16.7,36-45,0.799,Normal
7720,E-Bike,4.15,25.28,9.95,13.96,44.2,38.3,1,26.2,31.6,36-45,0.668,Normal
7721,E-Scooter,0.57,2.0,19.2,24.05,64.5,68.8,0,5.1,27.9,36-45,0.76,Normal
7722,E-Bike,1.74,8.74,14.37,21.19,63.3,53.0,1,3.8,20.4,46-60,0.593,Normal
7723,E-Scooter,1.38,5.26,21.76,26.79,99.8,96.2,1,9.7,17.4,26-35,0.85,Normal
7724,E-Bike,8.29,35.07,12.3,19.37,74.1,46.5,2,2.1,25.2,26-35,0.982,Hard_Braking
7725,E-Bike,4.71,25.67,11.98,20.81,87.3,72.2,1,6.8,21.5,36-45,0.63,Normal
7726,E-Scooter,1.57,6.91,14.54,19.0,28.5,23.0,0,2.7,32.7,26-35,0.772,Normal
7727,E-Scooter,0.7,3.37,19.84,24.92,20.6,17.3,0,16.5,14.5,18-25,0.819,Normal
7728,E-Scooter,4.09,10.88,21.86,27.08,74.8,65.2,0,17.6,25.0,18-25,0.902,Normal
7729,E-Scooter,2.77,12.38,15.06,18.17,27.6,25.6,2,12.8,27.3,26-35,0.718,Normal
7730,E-Bike,3.28,14.3,13.27,19.36,58.9,49.3,2,4.4,28.1,26-35,0.454,Hard_Braking
7731,E-Bike,5.46,20.5,14.31,25.06,69.2,56.8,2,24.3,12.6,36-45,0.953,Normal
7732,E-Scooter,1.87,8.87,21.52,28.6,64.0,65.6,1,5.8,30.8,26-35,,Normal
7733,E-Scooter,4.03,25.45,10.79,14.23,90.8,82.2,0,10.8,9.3,26-35,0.846,Normal
7734,E-Bike,0.67,3.8,13.64,15.49,23.4,23.7,0,17.3,22.8,18-25,0.816,Normal
7735,E-Scooter,5.84,18.69,19.07,19.77,50.6,40.2,1,22.1,30.3,26-35,0.51,Normal
7736,E-Scooter,2.97,7.81,16.44,20.94,38.1,28.5,3,1.2,19.1,26-35,0.694,Hard_Braking
7737,E-Scooter,0.81,7.18,12.52,13.54,84.5,78.4,3,20.2,26.7,46-60,0.559,Hard_Braking
7738,E-Scooter,3.18,15.35,15.69,24.18,28.1,22.5,0,6.8,25.0,46-60,0.786,Normal
7739,E-Scooter,2.28,2.0,15.01,22.45,98.4,100.0,1,4.2,30.5,60+,0.975,Normal
7740,E-Bike,2.67,19.63,11.76,19.81,60.4,53.8,1,18.4,17.4,18-25,0.882,Normal
7741,E-Bike,0.33,5.77,10.57,16.86,50.2,45.3,3,2.2,22.3,46-60,0.619,Hard_Braking
7742,E-Scooter,0.36,4.42,20.11,25.17,51.9,55.1,2,22.9,23.0,36-45,0.686,Normal
7743,E-Bike,4.81,22.48,14.14,22.56,44.0,26.1,2,15.1,25.2,26-35,0.738,Improper_Parking
7744,E-Bike,2.89,21.81,11.69,19.89,56.1,50.6,1,53.5,16.6,46-60,0.39,Improper_Parking
7745,E-Scooter,1.66,4.36,17.4,26.87,37.4,32.3,0,9.1,42.0,18-25,0.822,Normal
7746,E-Scooter,3.24,9.41,15.72,20.1,90.6,81.7,1,2.8,33.7,60+,0.82,Improper_Parking
7747,E-Scooter,1.41,3.7,15.48,18.26,61.9,50.9,2,14.9,17.9,18-25,0.892,Normal
7748,E-Scooter,0.68,2.0,18.33,25.93,91.9,94.1,1,10.2,34.9,18-25,0.667,Normal
7749,E-Scooter,1.81,3.21,16.29,20.58,27.4,26.3,3,64.7,37.4,26-35,0.927,Hard_Braking
7750,E-Bike,3.62,16.39,11.76,15.0,85.4,76.2,1,6.1,32.1,18-25,0.556,Normal
7751,E-Bike,3.82,18.61,13.32,17.76,93.6,85.6,0,5.5,16.8,18-25,0.88,Mechanical_Fault
7752,E-Scooter,5.24,20.65,14.77,18.32,68.1,52.5,3,16.0,22.4,18-25,0.981,Hard_Braking
7753,E-Scooter,6.35,41.61,10.98,14.14,57.8,29.1,2,44.0,27.2,18-25,0.574,Mechanical_Fault
7754,E-Scooter,2.01,6.56,20.52,23.21,22.1,14.9,0,16.1,5.8,26-35,0.911,Normal
7755,E-Scooter,2.78,10.32,28.03,32.27,91.7,89.3,0,0.7,26.3,60+,0.758,Normal
7756,E-Scooter,2.16,6.85,20.95,30.9,51.0,45.0,1,26.9,34.6,60+,0.588,Hard_Braking
7757,E-Scooter,2.02,9.85,15.48,22.3,82.1,78.6,1,10.9,31.5,26-35,0.729,Normal
7758,E-Bike,3.6,14.44,15.3,19.9,43.9,37.7,1,0.2,13.8,36-45,0.646,Battery_Critical
7759,E-Bike,3.28,15.34,15.22,16.26,47.0,34.9,1,3.5,22.3,36-45,0.906,Normal
7760,E-Scooter,6.48,32.19,11.58,18.04,30.1,16.0,1,17.4,13.8,18-25,0.649,Normal
7761,E-Scooter,3.06,9.5,20.04,25.85,52.3,45.2,1,17.7,26.1,36-45,0.762,Normal
7762,E-Bike,3.11,16.59,12.52,19.89,73.9,59.0,1,37.6,30.3,46-60,0.909,Normal
7763,E-Bike,1.7,12.31,9.52,12.84,27.9,19.0,1,3.4,15.8,36-45,0.797,Normal
7764,E-Bike,1.39,7.64,13.22,17.72,83.0,83.9,3,2.2,16.2,18-25,0.81,Hard_Braking
7765,E-Scooter,1.81,8.39,17.82,27.32,49.9,45.9,1,10.0,31.7,18-25,0.665,Hard_Braking
7766,E-Scooter,3.59,13.78,18.0,27.31,63.9,51.5,0,28.4,38.3,26-35,0.487,Improper_Parking
7767,E-Bike,4.43,16.12,16.28,24.3,43.7,26.5,0,125.6,28.3,26-35,0.872,Mechanical_Fault
7768,E-Scooter,4.88,19.18,14.38,22.13,69.0,51.1,1,33.9,10.7,36-45,0.872,Normal
7769,E-Bike,1.64,12.85,8.81,17.11,39.4,28.2,0,1.8,17.4,26-35,0.892,Normal
7770,E-Bike,4.82,32.18,11.58,13.61,46.9,37.2,2,9.4,3.7,26-35,0.698,Hard_Braking
7771,E-Scooter,3.54,10.69,24.32,29.87,92.0,75.9,1,35.4,23.9,26-35,0.798,Normal
7772,E-Bike,3.29,11.04,18.71,20.52,39.2,36.8,1,13.3,28.8,36-45,0.552,Battery_Critical
7773,E-Scooter,0.3,2.0,13.15,19.94,22.6,19.7,2,2.9,25.4,36-45,0.582,Normal
7774,E-Scooter,2.87,11.31,13.14,16.58,28.9,15.8,3,11.6,29.7,46-60,0.654,Hard_Braking
7775,E-Scooter,2.17,11.56,13.8,21.76,57.1,56.0,3,5.6,34.4,18-25,0.79,Hard_Braking
7776,E-Bike,2.88,12.41,15.05,19.21,80.2,68.7,2,7.1,19.1,36-45,0.85,Normal
7777,E-Bike,2.0,5.11,17.16,21.24,34.3,29.2,0,21.5,22.7,18-25,0.917,Normal
7778,E-Scooter,3.13,16.96,13.25,22.53,95.5,84.3,2,6.2,20.7,26-35,0.852,Normal
7779,E-Scooter,1.42,4.41,20.83,23.29,94.2,94.3,0,27.7,20.5,18-25,0.675,Normal
7780,E-Bike,4.86,19.17,13.61,18.54,59.3,48.7,2,20.2,29.8,36-45,0.936,Hard_Braking
7781,E-Scooter,5.14,22.77,14.21,16.14,22.3,0.0,4,52.7,10.3,46-60,0.868,Battery_Critical
7782,E-Scooter,0.91,3.27,16.75,19.08,36.2,29.9,2,5.7,24.0,26-35,0.876,Hard_Braking
7783,E-Bike,1.35,4.83,12.55,15.47,67.2,62.8,2,3.3,28.5,18-25,0.397,Improper_Parking
7784,E-Scooter,3.71,10.34,13.35,21.47,74.8,62.5,0,16.8,17.1,26-35,0.913,Normal
7785,E-Scooter,2.86,10.62,17.05,24.84,93.8,84.4,2,9.1,6.3,26-35,0.815,Hard_Braking
7786,E-Scooter,2.18,6.08,20.63,29.73,91.4,87.6,1,21.5,24.9,26-35,0.953,Normal
7787,E-Bike,1.39,7.56,14.57,16.18,23.8,19.0,0,45.8,25.5,36-45,0.793,Normal
7788,E-Scooter,6.02,33.35,10.96,17.29,49.3,32.3,0,15.2,32.3,26-35,0.724,Mechanical_Fault
7789,E-Bike,3.25,8.09,15.24,16.75,92.7,75.5,1,19.8,33.9,18-25,0.713,Normal
7790,E-Bike,1.81,12.85,12.54,19.33,72.4,65.1,2,29.4,9.9,18-25,0.979,Normal
7791,E-Bike,4.04,17.2,13.9,19.96,70.6,57.3,2,3.1,29.5,,0.533,Normal
7792,E-Bike,1.14,11.83,10.34,19.6,66.2,68.0,2,8.5,11.3,36-45,0.837,Normal
7793,E-Bike,7.71,35.97,13.69,24.72,66.9,38.5,0,16.2,1.2,36-45,0.929,Normal
7794,E-Bike,0.82,2.0,13.5,20.15,43.5,38.7,1,8.7,25.9,36-45,0.7,Normal
7795,E-Scooter,5.76,21.14,16.8,17.84,73.8,61.2,2,95.3,25.4,36-45,0.71,Improper_Parking
7796,E-Scooter,2.96,8.18,22.09,30.1,65.9,52.9,2,44.1,30.6,26-35,0.576,Hard_Braking
7797,E-Bike,1.07,7.52,17.13,22.22,53.2,46.6,1,2.7,12.1,26-35,0.897,Normal
7798,E-Bike,3.79,25.51,9.09,16.5,23.1,11.0,1,49.3,24.6,46-60,0.967,Battery_Critical
7799,E-Scooter,8.01,38.83,11.24,11.27,79.9,59.8,1,20.9,30.0,18-25,0.854,Normal
7800,E-Bike,1.81,5.63,11.22,15.91,97.8,91.3,2,12.5,31.7,60+,0.77,Hard_Braking
7801,E-Scooter,2.53,6.86,17.88,21.09,47.8,41.0,1,42.5,16.5,18-25,0.591,Normal
7802,E-Bike,3.21,7.84,16.77,21.86,85.8,76.4,1,43.2,23.3,26-35,0.795,Mechanical_Fault
7803,E-Scooter,1.24,10.74,5.0,9.74,75.2,72.1,1,33.7,22.3,46-60,0.791,Normal
7804,E-Bike,5.15,44.08,7.73,13.22,57.9,45.9,2,23.7,13.1,36-45,0.834,Hard_Braking
7805,E-Bike,2.24,9.59,16.26,20.8,21.3,17.1,1,10.1,25.8,26-35,0.885,Normal
7806,E-Scooter,0.89,3.32,16.28,20.57,76.8,75.5,0,3.3,10.2,18-25,0.671,Normal
7807,E-Scooter,3.56,9.58,18.96,21.38,91.1,83.6,3,16.0,22.5,36-45,0.515,Hard_Braking
7808,E-Scooter,4.95,16.01,21.59,22.29,40.9,25.7,2,4.8,20.4,36-45,0.677,Normal
7809,E-Scooter,5.12,22.58,13.48,19.33,82.1,67.7,1,2.7,11.6,18-25,0.81,Hard_Braking
7810,E-Scooter,0.45,2.0,17.01,21.29,29.2,22.0,2,46.8,18.4,18-25,0.724,Hard_Braking
7811,E-Scooter,0.97,5.18,20.21,22.96,59.1,50.0,1,0.7,19.3,46-60,0.791,Hard_Braking
7812,E-Bike,2.97,14.13,13.45,18.95,59.7,56.8,0,1.9,17.1,26-35,0.655,Normal
7813,E-Bike,5.91,29.17,10.57,11.55,43.5,23.9,4,17.3,21.1,36-45,0.572,Hard_Braking
7814,E-Scooter,0.76,2.0,14.28,25.6,100.0,97.7,0,1.6,42.0,36-45,0.624,Normal
7815,E-Bike,7.96,24.72,17.21,21.78,74.2,50.3,1,5.8,21.6,46-60,0.835,Normal
7816,E-Scooter,0.43,5.6,16.44,24.91,83.3,86.4,2,28.6,39.6,18-25,0.898,Normal
7817,E-Scooter,0.67,4.46,15.29,20.42,92.4,85.2,0,18.9,20.2,18-25,0.928,Normal
7818,E-Scooter,2.2,4.57,16.93,23.72,60.7,45.8,2,14.8,29.7,18-25,0.47,Hard_Braking
7819,E-Scooter,2.0,10.0,11.62,25.32,48.6,45.2,1,13.1,23.7,,0.825,Normal
7820,E-Scooter,4.02,15.01,14.88,17.32,71.9,51.0,2,59.4,22.9,36-45,0.73,Hard_Braking
7821,E-Bike,5.24,17.23,17.85,24.58,55.5,49.4,0,0.8,21.6,18-25,0.517,Normal
7822,E-Bike,5.4,18.68,18.24,22.39,60.5,41.8,1,11.3,21.3,60+,0.75,Normal
7823,E-Scooter,3.89,8.12,20.57,25.88,74.7,58.4,4,26.6,13.0,18-25,0.667,Hard_Braking
7824,E-Bike,1.76,16.18,12.91,20.18,31.0,28.1,1,13.2,21.6,36-45,0.828,Normal
7825,E-Scooter,3.09,9.0,15.79,17.24,84.2,72.0,3,32.5,23.1,18-25,0.779,Hard_Braking
7826,E-Scooter,0.92,10.28,17.94,24.54,49.4,46.3,1,14.0,29.7,26-35,0.712,Normal
7827,E-Scooter,3.16,12.18,16.85,24.62,60.1,52.7,0,35.7,34.7,36-45,0.743,Normal
7828,E-Scooter,2.05,6.52,22.85,27.14,90.5,86.1,2,13.8,21.3,26-35,0.664,Hard_Braking
7829,E-Scooter,6.11,20.82,16.27,20.2,32.4,11.6,0,60.4,34.7,46-60,0.796,Battery_Critical
7830,E-Scooter,3.62,19.16,13.24,19.84,88.3,82.7,1,7.8,35.9,18-25,0.99,Normal
7831,E-Scooter,3.72,15.68,17.31,20.61,66.5,58.0,3,18.2,29.9,18-25,0.836,Hard_Braking
7832,E-Scooter,2.32,6.92,13.18,21.24,69.5,56.3,1,39.1,39.5,36-45,0.718,Hard_Braking
7833,E-Scooter,5.8,17.62,22.8,31.9,91.6,79.5,0,2.9,16.0,36-45,0.74,Hard_Braking
7834,E-Scooter,2.62,16.73,11.64,18.02,29.5,20.8,0,4.7,23.1,18-25,0.929,Battery_Critical
7835,E-Bike,1.67,2.0,14.95,16.51,50.8,46.2,1,30.2,31.4,18-25,0.483,Normal
7836,E-Scooter,0.3,6.76,13.21,17.93,24.6,27.0,3,11.9,37.5,36-45,0.907,Battery_Critical
7837,E-Bike,3.99,16.14,15.94,25.86,87.3,76.2,0,4.7,26.2,26-35,0.836,Normal
7838,E-Bike,5.5,18.96,14.6,16.72,67.2,53.8,3,15.1,41.5,36-45,0.934,Hard_Braking
7839,E-Bike,3.02,10.49,14.66,16.56,29.2,24.4,0,0.6,28.9,36-45,0.654,Normal
7840,E-Scooter,0.68,2.0,18.67,23.82,60.7,54.8,2,38.6,14.0,26-35,,Battery_Critical
7841,E-Bike,3.71,19.91,11.4,23.58,48.5,31.2,1,16.8,29.8,26-35,0.8,Normal
7842,E-Scooter,0.74,2.0,18.05,23.65,55.6,59.4,2,15.8,28.8,26-35,0.942,Improper_Parking
7843,E-Scooter,2.96,6.72,17.16,26.23,32.2,27.6,3,5.0,24.4,36-45,0.635,Hard_Braking
7844,E-Bike,0.39,5.29,9.44,16.48,94.3,95.2,0,9.1,23.3,36-45,0.569,Improper_Parking
7845,E-Scooter,3.6,18.91,13.1,18.21,61.1,51.2,1,0.8,20.8,26-35,0.637,Normal
7846,E-Bike,2.38,9.41,17.81,24.97,82.2,69.8,2,14.7,23.8,26-35,0.797,Normal
7847,E-Scooter,2.4,5.62,22.94,31.82,48.1,44.5,1,2.5,17.7,26-35,0.96,Normal
7848,E-Scooter,1.1,2.52,20.7,25.46,44.7,40.4,1,18.1,23.4,36-45,0.744,Normal
7849,E-Scooter,3.44,20.49,9.89,14.88,30.1,20.9,1,0.1,14.4,18-25,0.791,Hard_Braking
7850,E-Bike,7.02,28.85,15.39,20.33,93.6,70.8,3,13.4,13.3,36-45,0.588,Hard_Braking
7851,E-Scooter,3.87,17.25,16.41,16.97,99.7,85.4,2,17.6,18.2,18-25,0.729,Normal
7852,E-Scooter,6.04,21.27,13.61,16.59,80.9,59.0,2,6.1,26.9,36-45,0.627,Hard_Braking
7853,E-Scooter,5.82,26.28,16.03,21.0,93.0,73.7,2,42.1,9.1,26-35,0.819,Normal
7854,E-Scooter,2.49,12.5,10.92,15.19,74.6,70.5,1,18.6,23.8,26-35,0.876,Normal
7855,E-Bike,1.95,7.36,13.27,15.52,39.8,32.5,1,5.0,24.3,26-35,0.884,Normal
7856,E-Scooter,3.83,13.12,22.13,24.38,21.0,11.1,0,4.6,18.1,26-35,0.622,Battery_Critical
7857,E-Scooter,4.2,12.99,18.39,21.98,42.7,25.8,2,18.5,23.8,18-25,0.61,Mechanical_Fault
7858,E-Scooter,1.52,2.62,24.07,32.64,25.1,21.4,2,0.8,23.7,18-25,0.807,Normal
7859,E-Scooter,3.28,12.75,20.89,34.2,32.7,23.2,2,4.8,14.2,36-45,0.962,Hard_Braking
7860,E-Scooter,0.71,7.67,7.74,14.32,36.9,34.2,1,20.9,37.5,26-35,0.468,Normal
7861,E-Scooter,1.85,6.45,13.43,19.47,79.6,67.1,1,13.7,19.2,36-45,0.776,Normal
7862,E-Bike,3.48,14.09,14.6,19.18,39.0,26.4,2,24.4,23.8,18-25,0.855,Hard_Braking
7863,E-Scooter,1.84,9.18,17.83,24.16,80.4,70.2,0,4.4,23.7,36-45,0.865,Normal
7864,E-Scooter,4.71,12.95,17.84,22.77,53.8,35.8,1,1.9,37.2,26-35,0.687,Normal
7865,E-Scooter,1.74,8.72,13.99,15.32,35.4,26.7,0,0.5,24.2,18-25,0.829,Battery_Critical
7866,E-Scooter,1.23,2.0,24.36,24.45,92.7,92.4,1,21.1,25.3,36-45,0.524,Normal
7867,E-Scooter,3.39,12.22,13.65,20.78,83.5,78.6,4,13.1,14.5,18-25,0.618,Hard_Braking
7868,E-Scooter,3.01,21.0,9.65,11.9,91.2,81.7,0,1.6,21.8,60+,0.797,Mechanical_Fault
7869,E-Scooter,5.0,14.8,16.37,25.32,78.9,66.7,1,0.5,23.9,46-60,0.494,Normal
7870,E-Scooter,2.41,14.79,17.36,19.14,63.8,57.6,0,15.9,15.8,18-25,0.828,Normal
7871,E-Bike,5.38,24.52,12.82,16.56,81.3,64.4,0,7.7,23.6,18-25,0.938,Hard_Braking
7872,E-Scooter,9.85,24.81,23.51,26.28,28.8,0.0,4,11.2,11.0,26-35,0.633,Battery_Critical
7873,E-Scooter,4.48,17.87,15.62,23.18,57.6,37.8,1,44.4,25.9,36-45,0.987,Normal
7874,E-Scooter,3.77,9.27,21.35,27.42,94.7,85.4,1,21.5,19.0,18-25,0.804,Normal
7875,E-Scooter,3.36,5.1,18.36,25.66,99.6,88.1,0,4.2,26.6,36-45,0.392,Improper_Parking
7876,E-Scooter,4.78,15.85,19.34,25.57,35.4,22.0,4,5.3,23.0,18-25,0.387,Improper_Parking
7877,E-Scooter,1.45,2.94,15.14,18.57,79.6,78.8,1,21.2,17.2,36-45,0.889,Normal
7878,E-Scooter,0.47,4.2,23.33,33.0,76.3,76.3,0,6.8,25.0,36-45,0.907,Normal
7879,E-Scooter,1.63,7.18,17.09,23.96,74.6,65.8,0,4.8,36.5,46-60,0.867,Normal
7880,E-Scooter,3.59,14.16,19.22,25.27,90.9,78.7,0,33.4,23.0,18-25,0.823,Normal
7881,E-Scooter,4.17,12.29,19.47,25.24,94.4,76.5,3,112.8,33.9,18-25,0.699,Mechanical_Fault
7882,E-Bike,2.39,14.21,12.05,18.04,20.8,12.4,0,98.5,28.9,46-60,0.918,Mechanical_Fault
7883,E-Bike,5.82,25.54,11.55,16.21,67.8,51.6,0,38.1,15.2,26-35,0.736,Hard_Braking
7884,E-Scooter,5.13,21.65,16.77,20.65,72.7,57.9,3,69.4,17.9,18-25,0.778,Hard_Braking
7885,E-Bike,2.09,10.95,14.81,16.54,77.8,68.7,0,40.3,37.0,18-25,0.872,Normal
7886,E-Bike,0.51,4.23,8.27,11.32,89.1,89.6,2,4.4,26.5,36-45,0.783,Normal
7887,E-Scooter,3.12,9.94,19.19,23.36,83.7,69.1,2,10.1,36.0,46-60,0.782,Hard_Braking
7888,E-Bike,4.01,19.02,13.36,18.65,76.8,62.5,2,6.3,20.1,46-60,0.721,Hard_Braking
7889,E-Scooter,1.73,3.28,24.09,26.9,77.8,75.8,0,37.3,20.3,18-25,0.928,Normal
7890,E-Bike,2.08,9.98,13.64,21.94,56.6,52.7,3,12.9,21.0,18-25,0.726,Normal
7891,E-Bike,0.3,2.0,10.78,12.89,45.4,42.6,4,20.2,17.3,36-45,0.811,Hard_Braking
7892,E-Scooter,2.89,8.99,14.52,20.7,47.9,46.2,0,20.8,24.7,36-45,0.633,Normal
7893,E-Scooter,1.61,2.0,15.06,19.55,50.8,48.1,1,20.2,42.0,36-45,0.547,Hard_Braking
7894,E-Scooter,3.27,11.09,20.31,26.35,32.9,26.6,1,29.1,27.3,60+,0.62,Normal
7895,E-Bike,5.25,29.1,11.01,16.29,20.0,4.4,1,2.2,12.2,26-35,0.962,Battery_Critical
7896,E-Bike,2.66,11.76,12.77,19.26,74.5,62.6,0,11.4,24.4,46-60,0.771,Normal
7897,E-Bike,3.36,23.86,10.68,20.21,49.9,41.9,1,9.7,36.3,60+,0.81,Hard_Braking
7898,E-Scooter,2.45,3.53,16.57,19.58,76.2,70.0,2,25.2,27.0,36-45,0.765,Mechanical_Fault
7899,E-Bike,2.58,13.11,12.94,24.78,87.7,78.8,2,41.9,14.9,18-25,0.816,Hard_Braking
7900,E-Bike,4.74,10.83,17.33,23.95,25.7,18.4,3,22.8,20.5,36-45,0.732,Improper_Parking
7901,E-Bike,0.54,4.05,11.97,20.99,45.2,42.0,0,12.8,21.2,36-45,0.693,Normal
7902,E-Scooter,4.49,14.94,23.61,27.69,54.0,32.6,0,0.1,35.2,18-25,0.756,Normal
7903,E-Bike,1.3,6.02,14.1,17.09,34.5,27.8,0,26.9,18.3,,0.762,Normal
7904,E-Scooter,6.09,19.25,18.86,19.44,59.2,34.2,0,4.0,17.5,18-25,0.86,Normal
7905,E-Scooter,1.66,3.63,24.07,31.33,88.2,81.0,0,4.1,20.8,26-35,0.891,Hard_Braking
7906,E-Scooter,0.8,2.0,13.6,20.68,35.8,34.8,1,52.0,22.0,36-45,0.62,Normal
7907,E-Bike,2.62,10.9,12.16,16.44,69.1,58.7,1,13.8,27.6,36-45,0.843,Normal
7908,E-Scooter,1.24,9.82,16.42,17.69,55.9,52.6,5,3.3,25.6,26-35,0.912,Hard_Braking
7909,E-Bike,5.5,25.09,11.5,18.36,40.4,24.6,1,6.5,8.4,36-45,0.855,Normal
7910,E-Scooter,1.93,4.48,13.83,14.82,58.9,50.7,0,1.4,13.7,18-25,,Mechanical_Fault
7911,E-Bike,6.2,20.35,14.43,19.11,99.6,77.9,3,10.1,22.6,26-35,0.855,Hard_Braking
7912,E-Bike,2.05,10.13,11.67,19.32,33.6,31.8,3,13.0,22.8,18-25,0.769,Hard_Braking
7913,E-Scooter,1.36,2.0,19.14,25.92,23.7,21.0,2,2.8,22.7,36-45,0.651,Hard_Braking
7914,E-Scooter,3.47,6.48,20.05,26.16,75.5,59.3,0,31.1,31.6,18-25,0.879,Normal
7915,E-Bike,3.13,8.57,16.21,24.2,96.1,89.6,2,11.8,21.1,26-35,0.718,Mechanical_Fault
7916,E-Scooter,2.78,22.67,7.45,9.48,57.7,42.8,2,6.9,42.0,18-25,0.652,Normal
7917,E-Scooter,3.42,13.97,18.78,25.9,63.2,54.7,1,0.5,16.6,18-25,0.706,Normal
7918,E-Bike,3.47,15.74,12.36,19.06,56.4,45.6,0,6.0,18.5,26-35,0.897,Normal
7919,E-Scooter,3.15,17.78,12.49,19.69,43.4,36.3,2,36.9,30.6,26-35,0.792,Mechanical_Fault
7920,E-Scooter,0.99,9.81,14.87,23.23,42.2,41.7,2,6.4,24.0,46-60,0.635,Normal
7921,E-Bike,0.83,3.17,12.09,18.69,71.3,74.3,1,15.6,19.3,18-25,0.792,Battery_Critical
7922,E-Scooter,5.84,25.01,16.56,19.92,61.7,45.3,0,26.0,42.0,18-25,0.587,Normal
7923,E-Bike,5.14,19.6,14.14,19.73,67.5,55.5,1,15.4,23.4,36-45,0.723,Normal
7924,E-Scooter,1.46,12.57,10.66,16.24,63.0,55.4,2,25.4,25.2,18-25,0.461,Normal
7925,E-Bike,2.97,6.25,15.04,22.02,29.0,17.1,1,37.7,25.3,26-35,0.843,Improper_Parking
7926,E-Scooter,0.6,2.0,11.66,16.25,51.8,53.8,1,5.6,27.5,26-35,0.51,Normal
7927,E-Scooter,2.15,10.98,11.67,13.52,50.6,41.4,1,5.2,9.0,18-25,0.541,Normal
7928,E-Scooter,1.47,5.73,15.5,16.14,26.0,21.3,2,17.0,22.4,18-25,0.775,Hard_Braking
7929,E-Bike,1.35,11.62,9.75,12.37,46.2,38.0,1,1.2,26.6,36-45,0.707,Normal
7930,E-Bike,1.13,6.17,10.88,16.19,23.3,20.9,4,18.9,24.6,26-35,0.775,Hard_Braking
7931,E-Scooter,1.72,10.52,10.5,12.35,74.8,70.3,1,7.8,36.7,36-45,0.687,Normal
7932,E-Scooter,5.04,17.43,19.39,19.67,79.6,65.3,2,0.7,25.2,26-35,0.692,Normal
7933,E-Bike,0.94,5.27,13.09,20.76,50.9,50.1,1,13.7,21.7,18-25,0.57,Battery_Critical
7934,E-Scooter,4.5,24.91,12.78,14.67,63.9,56.5,1,26.2,22.2,46-60,0.75,Normal
7935,E-Bike,8.35,32.46,13.56,20.48,56.3,36.0,4,7.2,32.8,26-35,0.735,Hard_Braking
7936,E-Bike,2.4,8.94,10.79,18.39,20.3,21.6,4,35.6,11.7,36-45,0.909,Hard_Braking
7937,E-Scooter,2.14,10.29,20.96,28.81,97.2,87.3,1,1.6,36.1,18-25,0.719,Normal
7938,E-Scooter,12.71,62.14,12.71,20.77,85.5,52.9,1,3.8,25.9,18-25,0.709,Normal
7939,E-Bike,2.17,9.29,14.7,20.77,44.7,39.3,1,6.7,24.5,36-45,0.927,Normal
7940,E-Scooter,4.24,15.2,19.36,27.58,60.8,45.8,0,14.3,10.6,18-25,0.94,Normal
7941,E-Scooter,1.86,2.0,20.72,30.15,47.9,52.8,1,36.3,23.1,26-35,0.527,Normal
7942,E-Scooter,4.2,10.68,19.68,26.53,72.0,60.0,4,19.9,23.3,46-60,0.79,Hard_Braking
7943,E-Bike,0.79,3.42,13.96,17.66,28.9,28.2,0,10.2,38.8,18-25,0.597,Normal
7944,E-Scooter,4.03,11.45,19.11,22.5,93.3,87.1,1,34.2,23.2,36-45,0.51,Normal
7945,E-Scooter,1.45,2.0,19.04,24.23,21.9,18.3,3,51.9,22.8,36-45,0.611,Hard_Braking
7946,E-Scooter,4.86,17.32,17.27,28.97,79.3,66.9,2,22.2,22.1,18-25,0.912,Hard_Braking
7947,E-Bike,2.21,6.24,13.05,17.87,76.3,72.4,1,23.6,28.0,18-25,,Battery_Critical
7948,E-Bike,3.72,15.43,12.59,22.0,58.5,44.4,2,41.0,37.3,26-35,0.825,Normal
7949,E-Bike,6.44,38.41,11.01,16.02,27.1,9.3,2,16.6,28.9,26-35,0.817,Battery_Critical
7950,E-Scooter,3.36,18.97,19.14,19.68,75.9,69.9,2,19.0,12.9,26-35,0.856,Hard_Braking
7951,E-Scooter,0.71,7.47,15.6,22.38,43.5,43.3,1,12.3,15.3,46-60,0.944,Normal
7952,E-Scooter,4.41,15.85,17.42,21.81,51.1,38.8,1,30.0,28.5,,0.843,Normal
7953,E-Bike,5.84,38.51,8.66,9.68,35.4,17.4,0,3.9,28.0,18-25,0.669,Normal
7954,E-Bike,1.35,3.87,15.55,23.98,91.0,92.2,3,32.9,29.0,36-45,0.747,Hard_Braking
7955,E-Scooter,6.75,30.42,16.04,21.27,63.6,48.0,1,3.9,22.1,18-25,0.69,Normal
7956,E-Scooter,4.96,20.09,14.24,15.93,88.8,68.1,2,14.7,30.3,26-35,0.79,Normal
7957,E-Scooter,0.3,2.0,19.4,30.05,92.9,96.1,1,2.2,34.2,26-35,0.738,Battery_Critical
7958,E-Bike,2.12,7.26,13.84,18.56,89.2,77.0,2,52.7,34.1,18-25,0.666,Normal
7959,E-Bike,1.76,11.5,12.92,17.82,43.8,38.7,2,3.1,17.7,18-25,0.836,Normal
7960,E-Bike,1.1,4.16,10.19,16.75,24.7,20.0,2,2.1,31.3,36-45,0.617,Hard_Braking
7961,E-Bike,4.61,19.76,12.58,23.18,96.8,82.7,1,19.9,36.2,18-25,0.95,Normal
7962,E-Scooter,9.29,40.13,14.03,18.83,42.1,9.4,2,11.0,22.3,60+,0.844,Battery_Critical
7963,E-Bike,1.07,7.38,16.37,19.2,67.3,60.2,0,24.8,19.6,26-35,0.764,Normal
7964,E-Bike,1.48,10.0,18.22,24.63,56.4,48.8,4,43.2,19.1,18-25,0.685,Hard_Braking
7965,E-Bike,5.37,20.78,17.06,20.04,28.9,8.3,4,17.7,22.9,18-25,0.457,Battery_Critical
7966,E-Scooter,1.37,10.28,12.28,14.1,85.7,83.4,3,26.4,42.0,36-45,0.715,Hard_Braking
7967,E-Bike,4.31,27.5,9.66,15.76,65.4,48.1,1,12.9,24.5,26-35,0.698,Normal
7968,E-Scooter,4.47,19.92,13.42,19.62,98.3,89.7,2,25.9,28.4,36-45,0.671,Hard_Braking
7969,E-Bike,1.96,14.81,10.96,22.13,30.1,17.9,1,45.2,13.9,26-35,0.915,Battery_Critical
7970,E-Bike,3.98,16.99,14.89,19.86,67.4,57.3,0,11.8,22.2,18-25,0.91,Normal
7971,E-Scooter,2.76,8.98,14.53,15.9,24.0,18.6,2,1.2,34.2,18-25,0.614,Hard_Braking
7972,E-Bike,2.72,8.48,15.5,26.61,53.9,42.8,0,11.2,9.7,18-25,0.696,Normal
7973,E-Bike,1.44,2.0,14.55,19.48,50.5,51.1,3,11.9,17.2,46-60,0.711,Hard_Braking
7974,E-Scooter,1.57,9.03,18.82,21.74,66.5,57.9,1,2.2,14.7,36-45,0.726,Normal
7975,E-Scooter,9.45,43.25,13.22,23.29,22.7,0.0,4,9.4,22.6,18-25,0.969,Battery_Critical
7976,E-Scooter,2.39,11.09,22.16,28.34,81.3,73.7,1,2.2,19.6,18-25,0.665,Normal
7977,E-Scooter,0.58,2.0,14.06,17.37,92.9,94.2,3,10.2,22.3,26-35,0.684,Battery_Critical
7978,E-Scooter,10.27,40.47,15.57,19.0,23.5,0.0,2,12.0,33.8,26-35,0.594,Battery_Critical
7979,E-Bike,0.84,8.55,10.21,16.08,42.0,36.9,2,6.6,26.6,26-35,0.625,Hard_Braking
7980,E-Bike,6.8,32.07,11.59,12.46,90.1,77.8,1,27.2,20.7,36-45,0.77,Normal
7981,E-Bike,4.04,20.17,13.22,14.51,41.6,31.0,0,21.1,21.8,26-35,0.479,Normal
7982,E-Scooter,1.96,2.01,20.95,26.77,68.5,61.6,1,1.7,31.9,26-35,0.669,Normal
7983,E-Bike,3.07,22.58,10.15,16.72,70.2,60.6,0,3.9,28.1,18-25,0.841,Normal
7984,E-Scooter,4.6,19.08,13.95,19.24,72.2,61.0,1,5.5,12.5,26-35,0.761,Normal
7985,E-Scooter,3.48,14.42,17.04,22.93,60.5,50.1,0,19.6,23.8,46-60,0.952,Normal
7986,E-Scooter,1.63,11.22,14.05,23.34,21.1,13.4,2,6.8,28.3,18-25,0.732,Hard_Braking
7987,E-Scooter,0.38,4.9,13.51,23.25,21.3,23.1,5,4.3,20.7,18-25,0.49,Hard_Braking
7988,E-Scooter,2.82,5.75,18.13,20.14,45.9,37.8,0,70.5,33.0,26-35,0.792,Normal
7989,E-Scooter,0.3,2.0,19.87,23.42,68.5,69.7,1,95.1,19.4,26-35,0.768,Mechanical_Fault
7990,E-Bike,6.52,41.04,10.62,12.05,68.7,48.3,2,43.3,25.4,18-25,0.636,Normal
7991,E-Scooter,4.02,9.17,16.34,21.04,33.1,22.2,2,6.5,31.4,26-35,0.757,Hard_Braking
7992,E-Scooter,9.25,46.37,13.36,19.04,26.6,0.4,2,14.2,19.7,18-25,0.629,Battery_Critical
7993,E-Bike,3.84,20.12,12.91,16.7,95.3,85.2,1,19.7,23.4,26-35,0.767,Normal
7994,E-Scooter,3.0,14.57,14.05,17.41,51.6,37.6,0,12.2,22.0,36-45,0.898,Normal
7995,E-Bike,4.93,17.25,15.4,19.46,75.0,59.6,2,18.4,25.3,36-45,0.588,Hard_Braking
7996,E-Scooter,4.72,15.37,20.45,30.27,62.6,42.4,2,12.8,28.2,26-35,0.835,Normal
7997,E-Bike,7.85,37.78,12.15,15.4,79.8,47.0,1,28.5,23.9,26-35,0.798,Normal
7998,E-Bike,5.59,47.88,7.22,7.79,87.5,70.7,0,129.0,29.7,26-35,0.818,Battery_Critical
7999,E-Scooter,3.44,16.48,11.82,17.44,28.7,15.3,0,34.1,21.4,18-25,0.921,Battery_Critical
8000,E-Scooter,1.45,5.58,24.19,28.43,68.2,56.8,0,1.3,36.7,60+,0.89,Normal
8001,E-Bike,3.34,20.9,12.69,20.64,81.4,74.0,3,1.2,17.7,60+,0.533,Hard_Braking
8002,E-Scooter,0.94,3.23,20.85,25.98,98.8,90.5,1,25.7,20.3,26-35,0.881,Normal
8003,E-Scooter,1.99,3.93,25.53,26.03,86.2,78.1,1,6.0,23.0,18-25,0.709,Normal
8004,E-Bike,0.87,2.06,13.6,16.57,30.5,32.4,2,9.8,33.7,18-25,0.569,Mechanical_Fault
8005,E-Scooter,2.24,4.99,22.55,27.24,57.0,49.5,3,2.3,1.9,36-45,0.395,Improper_Parking
8006,E-Scooter,4.64,21.58,11.61,17.11,59.0,52.4,3,45.3,29.5,36-45,0.494,Mechanical_Fault
8007,E-Bike,3.44,31.43,6.57,13.17,55.8,44.0,1,7.4,32.0,,0.856,Hard_Braking
8008,E-Scooter,0.69,3.31,19.78,24.71,65.0,62.9,1,32.8,22.8,18-25,0.771,Normal
8009,E-Bike,2.11,12.52,14.36,18.01,31.0,25.4,3,1.7,16.9,26-35,0.818,Hard_Braking
8010,E-Bike,1.27,8.37,10.55,19.66,40.8,37.9,0,39.2,8.8,26-35,0.908,Normal
8011,E-Scooter,5.8,19.28,18.1,26.14,26.9,14.0,1,7.3,16.7,26-35,0.843,Battery_Critical
8012,E-Bike,3.45,20.46,11.0,19.6,98.4,85.9,2,15.6,34.5,26-35,0.837,Normal
8013,E-Scooter,1.66,6.99,19.52,25.23,26.6,16.8,1,24.2,34.8,46-60,0.791,Normal
8014,E-Scooter,4.16,12.86,15.75,22.4,23.2,9.3,0,9.6,32.0,26-35,0.323,Improper_Parking
8015,E-Scooter,0.37,2.0,14.19,23.4,48.7,45.8,1,4.2,31.9,60+,0.579,Hard_Braking
8016,E-Scooter,3.75,11.42,16.53,18.51,57.7,50.9,1,16.5,7.7,26-35,0.734,Normal
8017,E-Scooter,3.31,13.04,15.37,26.22,77.4,66.0,2,38.2,18.2,18-25,0.611,Normal
8018,E-Scooter,4.64,27.08,16.0,19.76,65.0,46.2,2,31.4,27.8,36-45,0.954,Hard_Braking
8019,E-Bike,7.2,52.63,7.54,10.78,64.0,40.6,0,15.2,26.8,26-35,0.677,Improper_Parking
8020,E-Scooter,2.16,9.34,15.65,21.25,45.3,38.8,2,3.2,29.6,26-35,0.51,Normal
8021,E-Bike,3.21,12.26,12.98,17.67,45.4,36.0,1,20.8,31.2,18-25,0.824,Mechanical_Fault
8022,E-Scooter,2.52,2.0,19.17,24.4,76.4,65.8,2,75.8,9.4,18-25,0.786,Hard_Braking
8023,E-Bike,3.82,18.94,12.58,14.18,68.2,58.5,0,40.1,15.5,36-45,0.821,Normal
8024,E-Bike,0.64,3.7,15.13,26.51,81.9,75.2,2,8.5,28.2,26-35,0.471,Hard_Braking
8025,E-Scooter,2.86,6.28,16.44,21.65,38.5,29.7,3,27.8,13.1,36-45,0.867,Normal
8026,E-Scooter,4.81,14.16,18.48,24.56,43.9,25.8,1,30.1,30.0,18-25,0.777,Normal
8027,E-Scooter,8.14,26.51,18.29,22.67,84.5,60.0,0,3.1,27.1,18-25,0.904,Normal
8028,E-Bike,0.94,5.93,13.0,17.8,77.7,75.3,1,20.6,25.8,18-25,0.884,Normal
8029,E-Scooter,3.56,15.69,13.73,19.65,100.0,92.8,1,124.9,20.2,18-25,0.865,Mechanical_Fault
8030,E-Scooter,5.2,20.16,15.77,20.45,50.5,41.7,3,10.2,-2.1,36-45,0.913,Hard_Braking
8031,E-Scooter,7.03,21.51,21.43,23.87,94.4,76.4,1,12.2,21.9,18-25,0.552,Normal
8032,E-Scooter,1.97,4.46,15.6,24.43,57.4,49.4,2,8.8,22.3,36-45,0.656,Mechanical_Fault
8033,E-Bike,2.74,11.25,10.76,20.77,24.7,24.8,3,12.6,21.1,26-35,0.674,Hard_Braking
8034,E-Bike,7.7,32.35,14.31,19.83,62.0,35.4,1,5.5,21.0,26-35,0.784,Hard_Braking
8035,E-Bike,1.41,7.28,11.55,14.82,55.8,56.1,0,5.6,13.2,26-35,0.784,Normal
8036,E-Scooter,3.61,10.19,17.68,22.46,31.0,28.2,1,10.0,27.3,26-35,0.576,Normal
8037,E-Scooter,4.97,14.91,15.64,22.09,64.3,45.3,2,24.0,9.5,36-45,0.915,Battery_Critical
8038,E-Scooter,5.65,26.26,17.09,22.84,27.0,8.6,0,59.2,37.1,18-25,0.899,Battery_Critical
8039,E-Scooter,3.64,10.29,18.58,24.87,52.2,39.6,1,3.1,35.3,18-25,0.685,Normal
8040,E-Scooter,2.64,9.08,24.97,31.07,98.4,88.2,0,24.0,32.4,18-25,0.899,Normal
8041,E-Scooter,1.76,10.72,14.13,18.75,69.6,62.1,1,18.9,30.9,36-45,0.813,Normal
8042,E-Bike,8.77,42.13,12.49,13.18,77.0,44.1,1,5.7,22.0,36-45,0.784,Normal
8043,E-Scooter,1.88,7.81,14.69,25.53,87.9,78.1,0,6.3,32.4,36-45,0.952,Normal
8044,E-Scooter,3.61,13.02,14.1,16.38,90.2,75.0,2,17.8,14.7,46-60,0.88,Normal
8045,E-Scooter,2.82,20.46,8.36,11.54,60.3,47.3,0,3.3,19.4,36-45,0.432,Mechanical_Fault
8046,E-Bike,2.53,10.71,13.37,17.95,29.1,19.9,1,13.2,20.2,36-45,0.757,Normal
8047,E-Scooter,4.98,12.15,19.97,26.99,27.9,11.0,2,9.7,23.9,26-35,0.892,Battery_Critical
8048,E-Scooter,0.43,4.89,9.8,19.27,79.2,75.8,1,59.2,12.1,18-25,0.849,Battery_Critical
8049,E-Scooter,4.88,18.57,15.41,18.76,59.0,42.1,0,5.5,22.2,46-60,0.421,Battery_Critical
8050,E-Scooter,2.82,7.83,17.45,23.7,56.5,44.1,2,16.3,28.2,36-45,0.889,Hard_Braking
8051,E-Scooter,6.11,27.86,14.0,19.26,80.0,58.7,2,17.3,21.8,26-35,0.665,Normal
8052,E-Bike,8.02,43.4,10.91,16.66,21.2,1.1,0,11.4,27.9,26-35,0.751,Battery_Critical
8053,E-Bike,0.76,4.83,11.96,18.94,56.8,49.1,1,73.7,34.8,18-25,0.926,Mechanical_Fault
8054,E-Scooter,2.56,11.9,12.68,20.67,63.2,52.6,3,9.0,24.2,26-35,,Hard_Braking
8055,E-Scooter,0.97,6.14,19.06,22.44,82.0,72.9,0,36.9,20.1,26-35,0.71,Normal
8056,E-Scooter,7.75,24.77,18.52,23.92,28.0,1.1,1,15.7,22.5,60+,0.823,Battery_Critical
8057,E-Bike,6.71,42.69,10.05,14.99,42.4,24.2,3,13.5,8.6,36-45,0.937,Hard_Braking
8058,E-Scooter,1.96,11.28,11.8,18.79,34.7,30.4,1,32.3,29.0,36-45,0.659,Normal
8059,E-Scooter,2.08,4.46,17.38,18.49,92.7,89.6,1,54.1,34.3,36-45,0.813,Mechanical_Fault
8060,E-Bike,1.5,12.52,9.81,15.5,62.3,62.3,0,5.0,19.7,18-25,0.829,Normal
8061,E-Scooter,3.78,14.08,14.98,22.56,37.6,22.8,2,5.7,19.5,26-35,0.592,Improper_Parking
8062,E-Bike,2.95,7.59,14.24,19.78,77.0,69.4,0,13.2,28.2,26-35,0.767,Normal
8063,E-Scooter,8.96,40.58,14.5,23.05,81.5,60.0,2,11.2,16.0,26-35,0.769,Normal
8064,E-Bike,3.71,17.24,13.56,22.34,58.2,48.6,0,9.8,1.2,18-25,0.861,Normal
8065,E-Scooter,1.73,19.02,8.15,9.42,67.8,67.5,2,2.5,23.1,18-25,0.779,Mechanical_Fault
8066,E-Scooter,2.59,5.45,17.14,26.5,50.7,42.6,3,5.7,20.2,26-35,0.704,Hard_Braking
8067,E-Bike,2.86,13.84,12.58,18.71,44.2,37.4,1,0.2,42.0,26-35,0.769,Normal
8068,E-Bike,1.22,6.1,14.63,15.31,74.8,71.5,1,50.7,16.0,,0.823,Normal
8069,E-Bike,2.52,10.52,16.27,19.36,64.2,59.6,1,8.7,16.6,18-25,0.735,Normal
8070,E-Bike,1.62,3.95,13.69,16.67,82.2,78.9,1,10.5,17.4,36-45,0.756,Normal
8071,E-Scooter,3.22,9.07,13.56,19.92,31.5,18.8,0,15.1,28.1,26-35,0.528,Normal
8072,E-Bike,6.47,37.02,9.99,20.01,36.1,23.9,1,30.0,15.4,26-35,0.853,Normal
8073,E-Bike,3.48,16.15,16.57,23.59,67.1,56.3,0,14.7,21.4,46-60,0.608,Normal
8074,E-Scooter,1.05,2.0,30.78,39.86,59.4,48.5,2,44.3,24.0,26-35,0.798,Normal
8075,E-Bike,9.48,80.0,6.25,14.06,77.5,44.3,3,1.6,23.7,18-25,0.731,Hard_Braking
8076,E-Scooter,6.12,8.58,26.23,26.36,89.8,77.4,2,19.8,32.7,36-45,0.496,Normal
8077,E-Bike,14.0,39.69,19.78,30.3,36.7,0.0,3,34.2,21.1,26-35,0.841,Battery_Critical
8078,E-Scooter,1.98,4.18,15.38,19.63,60.6,54.6,2,2.3,7.3,18-25,0.709,Battery_Critical
8079,E-Bike,4.52,12.19,18.64,21.47,65.1,56.7,2,23.4,29.2,18-25,0.674,Normal
8080,E-Bike,1.25,5.36,16.6,22.2,49.9,49.3,1,11.3,24.2,18-25,0.634,Hard_Braking
8081,E-Bike,3.54,13.77,13.39,16.31,84.6,76.8,2,23.6,18.7,18-25,0.724,Hard_Braking
8082,E-Scooter,3.07,9.72,24.59,31.63,56.7,41.5,3,11.3,26.6,18-25,0.729,Hard_Braking
8083,E-Scooter,3.3,19.39,13.31,18.21,72.0,61.6,3,26.0,21.5,36-45,0.806,Hard_Braking
8084,E-Bike,2.39,7.76,22.7,25.96,93.5,87.2,1,3.4,28.2,18-25,0.876,Normal
8085,E-Scooter,8.95,22.12,23.22,29.88,89.5,62.7,1,31.5,29.4,36-45,0.912,Hard_Braking
8086,E-Scooter,13.94,45.7,19.55,19.83,58.7,21.6,0,8.7,24.4,36-45,0.787,Normal
8087,E-Scooter,4.15,10.83,17.81,19.02,53.9,49.0,0,80.3,19.9,26-35,0.846,Normal
8088,E-Scooter,8.0,21.56,22.95,26.65,78.0,51.5,2,0.8,12.9,46-60,0.813,Battery_Critical
8089,E-Scooter,3.66,10.15,16.67,18.34,94.0,86.7,2,37.2,20.5,46-60,0.612,Normal
8090,E-Scooter,4.01,15.94,14.82,22.0,39.8,29.2,0,13.5,28.3,18-25,0.926,Normal
8091,E-Scooter,5.64,20.19,16.16,24.3,34.0,12.3,2,5.8,21.0,26-35,0.52,Battery_Critical
8092,E-Bike,3.99,25.52,9.82,18.36,95.9,86.8,1,10.3,33.3,36-45,0.99,Improper_Parking
8093,E-Scooter,3.72,11.59,18.53,25.04,82.1,72.7,0,9.0,28.8,26-35,0.875,Normal
8094,E-Scooter,0.75,5.59,14.88,19.87,77.0,76.7,1,40.2,11.0,26-35,0.762,Normal
8095,E-Bike,2.67,12.97,11.19,15.66,96.6,84.9,3,7.7,20.7,26-35,0.649,Normal
8096,E-Scooter,2.86,4.89,20.02,22.29,71.8,63.6,1,17.0,18.1,36-45,0.865,Normal
8097,E-Scooter,3.02,13.32,13.57,18.7,46.2,31.8,2,16.9,24.7,26-35,0.754,Battery_Critical
8098,E-Scooter,4.18,6.96,18.8,25.17,69.2,54.9,1,30.3,10.4,18-25,0.766,Mechanical_Fault
8099,E-Bike,0.92,2.0,16.24,18.26,31.4,28.2,0,18.7,25.4,26-35,0.812,Normal
8100,E-Bike,6.08,29.58,10.43,15.31,63.9,46.2,2,14.0,24.3,26-35,0.83,Normal
8101,E-Bike,3.73,24.0,7.9,15.6,59.6,47.1,2,6.6,22.8,36-45,0.751,Improper_Parking
8102,E-Bike,2.53,13.31,13.31,13.85,90.3,84.3,2,5.6,25.4,36-45,0.585,Hard_Braking
8103,E-Bike,1.31,2.73,17.88,22.89,42.9,40.9,2,9.3,23.1,36-45,0.724,Normal
8104,E-Scooter,1.68,5.01,17.89,20.14,60.1,55.4,0,25.1,28.5,18-25,0.856,Normal
8105,E-Bike,3.19,23.38,10.6,17.47,21.6,4.7,3,14.4,15.6,18-25,0.926,Battery_Critical
8106,E-Scooter,11.15,35.93,21.13,27.16,43.6,9.5,1,12.7,17.7,18-25,0.733,Battery_Critical
8107,E-Scooter,5.44,24.95,15.23,18.34,50.1,31.6,1,16.3,32.6,26-35,0.423,Improper_Parking
8108,E-Bike,0.45,2.0,10.47,15.79,41.5,41.9,1,4.3,25.6,46-60,0.619,Normal
8109,E-Bike,0.3,2.0,14.73,20.62,96.2,93.9,1,9.9,6.2,36-45,0.959,Normal
8110,E-Scooter,0.93,2.0,21.76,26.68,79.6,72.5,3,10.2,30.5,46-60,0.552,Hard_Braking
8111,E-Bike,4.47,16.84,14.26,20.32,60.9,42.5,1,42.1,19.1,26-35,0.797,Mechanical_Fault
8112,E-Scooter,3.33,9.72,15.42,23.35,76.1,66.6,1,31.7,35.3,26-35,0.913,Normal
8113,E-Scooter,0.54,2.0,18.61,22.04,55.4,53.8,0,84.9,15.8,36-45,0.938,Normal
8114,E-Scooter,8.57,57.36,8.77,15.59,45.2,11.8,2,29.1,24.3,36-45,0.877,Battery_Critical
8115,E-Scooter,3.01,12.94,16.02,17.04,91.0,78.1,0,1.4,32.7,46-60,0.883,Normal
8116,E-Scooter,6.34,30.68,12.7,18.42,48.7,34.9,3,0.8,23.3,36-45,0.668,Hard_Braking
8117,E-Bike,2.11,9.89,18.74,21.41,98.6,92.6,0,20.6,34.0,36-45,0.776,Normal
8118,E-Scooter,2.49,7.61,23.2,33.88,94.4,86.9,0,17.6,10.0,46-60,0.624,Hard_Braking
8119,E-Bike,6.43,39.72,11.1,11.46,61.8,44.2,2,0.9,36.8,26-35,0.843,Hard_Braking
8120,E-Scooter,7.53,54.94,8.49,10.41,23.1,7.6,3,6.4,10.6,26-35,0.792,Battery_Critical
8121,E-Scooter,1.99,4.21,24.38,30.09,88.2,84.5,0,0.9,20.8,36-45,0.496,Normal
8122,E-Scooter,4.45,19.75,15.96,19.7,85.8,65.4,4,7.7,24.1,18-25,0.593,Hard_Braking
8123,E-Scooter,4.14,9.91,16.9,23.13,83.6,74.8,0,2.4,30.7,26-35,0.789,Normal
8124,E-Bike,0.69,3.28,14.52,22.95,20.6,17.6,2,3.4,34.3,46-60,0.831,Battery_Critical
8125,E-Scooter,2.11,10.88,22.33,24.72,69.2,74.8,2,19.1,20.5,26-35,0.664,Hard_Braking
8126,E-Scooter,4.67,11.36,20.42,23.94,80.3,69.7,0,22.0,36.1,60+,0.383,Improper_Parking
8127,E-Scooter,3.25,16.69,12.75,20.1,53.2,45.1,3,21.4,17.0,18-25,0.651,Hard_Braking
8128,E-Bike,2.35,11.2,15.25,23.97,53.3,40.1,2,12.5,19.3,46-60,0.944,Hard_Braking
8129,E-Scooter,1.53,3.97,19.09,23.19,30.1,25.6,0,17.5,17.4,46-60,0.878,Normal
8130,E-Scooter,7.88,25.55,17.81,22.24,33.5,2.9,2,8.6,23.3,18-25,0.721,Battery_Critical
8131,E-Scooter,2.1,6.39,15.28,17.23,60.6,52.3,2,6.6,19.6,26-35,0.727,Hard_Braking
8132,E-Bike,2.29,11.9,18.01,19.31,37.6,27.4,1,28.5,20.7,36-45,0.655,Normal
8133,E-Bike,2.78,12.32,12.91,21.85,73.0,60.7,0,7.3,31.5,36-45,0.495,Normal
8134,E-Scooter,4.69,12.65,21.17,24.65,32.9,16.5,0,0.1,18.9,36-45,0.615,Mechanical_Fault
8135,E-Bike,4.91,26.68,12.2,18.7,99.5,83.8,1,2.1,23.0,36-45,0.88,Normal
8136,E-Scooter,2.87,10.66,12.27,14.56,89.2,88.1,0,28.5,27.9,46-60,0.606,Normal
8137,E-Bike,1.59,7.85,9.02,16.28,36.4,27.6,0,1.0,31.0,18-25,0.773,Normal
8138,E-Scooter,5.48,23.57,14.11,24.12,62.3,42.7,3,26.0,8.0,18-25,0.591,Hard_Braking
8139,E-Scooter,0.3,2.0,14.55,21.86,42.3,46.6,3,56.2,6.0,46-60,0.885,Mechanical_Fault
8140,E-Scooter,2.52,9.89,15.08,17.09,63.3,54.1,2,53.9,22.6,18-25,,Normal
8141,E-Bike,5.78,25.44,13.43,21.51,62.9,46.2,2,25.0,42.0,18-25,0.876,Mechanical_Fault
8142,E-Bike,0.69,3.05,13.6,18.84,43.4,47.0,0,6.2,21.4,36-45,0.64,Normal
8143,E-Scooter,6.55,20.74,20.4,25.22,76.2,57.8,1,25.5,28.6,26-35,0.723,Mechanical_Fault
8144,E-Scooter,13.63,70.98,11.81,21.13,58.9,16.4,1,12.8,36.9,46-60,0.928,Mechanical_Fault
8145,E-Scooter,9.84,44.66,13.35,15.69,69.5,46.4,1,32.3,34.3,18-25,0.863,Normal
8146,E-Bike,1.71,8.3,16.82,22.14,71.6,69.8,1,20.4,21.0,26-35,0.758,Normal
8147,E-Bike,4.15,13.87,16.27,18.56,48.9,31.4,3,67.9,24.5,18-25,0.905,Mechanical_Fault
8148,E-Scooter,6.69,19.74,21.41,30.99,82.1,55.2,3,38.5,26.7,26-35,0.814,Hard_Braking
8149,E-Bike,2.33,7.66,17.01,20.25,39.7,36.3,3,20.9,29.3,,0.969,Hard_Braking
8150,E-Bike,1.45,4.64,12.74,14.76,37.0,42.2,1,14.0,21.2,36-45,0.853,Normal
8151,E-Bike,3.2,15.84,15.57,21.12,60.8,43.2,0,6.3,25.3,26-35,0.671,Normal
8152,E-Scooter,4.55,17.56,19.62,27.8,53.5,44.4,5,16.3,23.3,36-45,0.362,Improper_Parking
8153,E-Scooter,4.69,19.8,14.75,18.78,66.4,51.4,1,10.2,24.4,36-45,0.859,Normal
8154,E-Scooter,7.21,29.12,15.96,22.42,78.1,62.6,2,14.6,26.6,18-25,0.916,Normal
8155,E-Scooter,0.84,3.51,16.32,19.21,39.9,29.0,1,22.2,15.8,18-25,0.769,Normal
8156,E-Scooter,0.49,6.47,12.09,15.45,28.0,21.1,1,17.4,25.6,26-35,0.97,Normal
8157,E-Scooter,1.52,10.56,9.67,15.62,98.8,93.7,3,0.5,37.1,26-35,0.944,Hard_Braking
8158,E-Bike,1.37,10.93,10.06,12.1,60.4,59.9,0,67.6,39.1,18-25,0.883,Normal
8159,E-Bike,2.91,8.29,19.64,22.69,30.2,23.0,1,1.6,23.7,46-60,0.503,Normal
8160,E-Scooter,1.24,4.37,17.22,19.41,62.1,51.8,3,33.8,12.6,26-35,0.745,Hard_Braking
8161,E-Scooter,6.8,29.99,13.4,16.83,37.5,11.8,0,4.9,26.3,46-60,0.795,Mechanical_Fault
8162,E-Scooter,1.88,5.99,19.91,24.66,48.6,43.8,0,44.3,22.1,18-25,0.947,Normal
8163,E-Scooter,2.02,11.72,16.95,24.73,27.1,18.2,0,55.8,33.7,26-35,0.925,Normal
8164,E-Bike,4.78,19.75,15.29,23.41,80.3,68.6,1,8.6,30.8,36-45,0.65,Normal
8165,E-Scooter,0.71,4.6,18.32,25.02,53.7,52.6,1,39.6,13.6,26-35,0.846,Mechanical_Fault
8166,E-Scooter,5.77,13.57,20.64,21.43,27.2,18.0,1,10.5,26.3,36-45,0.819,Normal
8167,E-Scooter,7.67,29.88,13.85,16.35,47.4,25.7,1,16.1,31.9,46-60,0.78,Mechanical_Fault
8168,E-Scooter,7.25,28.3,15.99,21.74,47.1,25.7,1,17.9,37.1,36-45,0.454,Normal
8169,E-Scooter,1.41,2.0,18.33,23.98,39.9,26.0,2,34.3,33.5,36-45,0.593,Normal
8170,E-Scooter,3.2,15.34,13.08,22.03,94.5,88.3,3,38.1,8.9,26-35,0.74,Hard_Braking
8171,E-Scooter,1.43,6.76,11.44,13.14,41.4,40.1,0,11.1,14.6,26-35,0.763,Normal
8172,E-Scooter,4.5,17.05,18.63,23.61,30.8,5.0,2,56.4,27.9,46-60,0.552,Battery_Critical
8173,E-Bike,3.12,16.48,11.35,17.7,80.5,71.2,1,3.6,34.7,46-60,0.846,Normal
8174,E-Scooter,4.01,12.11,18.54,23.83,79.1,61.1,2,1.4,21.8,26-35,0.882,Normal
8175,E-Scooter,0.66,5.11,10.82,17.77,30.8,25.3,2,5.3,17.3,60+,0.643,Improper_Parking
8176,E-Scooter,11.54,41.64,17.82,18.83,65.6,27.7,2,32.0,14.9,18-25,0.576,Normal
8177,E-Bike,0.85,4.2,10.7,16.45,81.5,74.2,2,26.2,32.7,36-45,0.798,Hard_Braking
8178,E-Scooter,0.82,4.55,8.98,15.29,26.4,22.6,1,4.1,29.6,18-25,0.585,Normal
8179,E-Bike,3.34,10.51,18.89,19.99,31.8,22.7,4,14.0,19.7,60+,0.785,Hard_Braking
8180,E-Scooter,3.61,11.65,15.53,20.12,90.1,79.8,2,2.9,25.4,26-35,0.804,Normal
8181,E-Scooter,2.28,12.53,11.68,15.5,58.7,44.8,1,14.6,16.1,26-35,0.368,Improper_Parking
8182,E-Scooter,3.63,9.71,21.78,25.48,91.9,82.1,1,43.9,36.1,18-25,0.608,Normal
8183,E-Scooter,2.7,10.51,14.9,22.71,67.5,60.3,0,24.1,26.3,18-25,0.799,Normal
8184,E-Scooter,6.29,52.87,7.17,11.74,70.3,45.7,3,14.9,23.5,36-45,0.772,Improper_Parking
8185,E-Scooter,6.42,20.94,19.0,25.03,28.4,8.0,0,11.0,30.7,36-45,0.465,Battery_Critical
8186,E-Bike,1.08,4.0,14.02,22.96,37.3,28.2,1,36.5,26.5,36-45,0.873,Normal
8187,E-Bike,6.14,25.41,14.76,23.11,82.7,62.5,2,7.3,26.1,46-60,0.54,Hard_Braking
8188,E-Bike,5.11,22.08,19.37,26.26,76.7,65.5,0,60.1,31.8,36-45,0.702,Normal
8189,E-Scooter,0.66,2.0,17.68,23.27,73.3,73.0,1,0.4,25.6,36-45,0.505,Normal
8190,E-Scooter,9.64,32.5,18.47,26.91,67.2,38.0,0,2.3,33.2,26-35,0.955,Normal
8191,E-Scooter,2.95,9.15,19.32,22.45,94.7,88.8,0,14.4,38.7,36-45,0.698,Normal
8192,E-Scooter,7.59,15.63,23.61,31.87,95.1,68.8,2,7.5,27.3,46-60,0.867,Hard_Braking
8193,E-Scooter,2.9,8.93,19.03,25.99,23.2,17.0,2,31.8,21.6,18-25,0.721,Improper_Parking
8194,E-Scooter,8.02,39.98,12.18,12.58,66.7,45.5,1,1.1,19.9,36-45,0.81,Normal
8195,E-Bike,5.84,28.65,11.82,20.46,58.9,40.3,0,6.3,32.0,26-35,0.902,Normal
8196,E-Scooter,2.77,9.32,19.37,25.94,43.4,33.3,5,0.2,25.8,46-60,0.877,Hard_Braking
8197,E-Bike,1.4,5.83,11.07,13.1,63.9,64.8,1,8.0,24.0,26-35,0.488,Normal
8198,E-Bike,4.37,34.33,7.37,13.88,41.5,26.9,1,8.6,20.7,26-35,0.573,Normal
8199,E-Scooter,3.41,8.44,23.37,31.77,93.3,88.0,2,2.4,21.6,26-35,0.433,Hard_Braking
8200,E-Scooter,3.34,10.17,17.67,25.96,42.6,34.2,1,30.7,18.6,46-60,0.784,Mechanical_Fault
8201,E-Bike,3.89,11.77,16.38,23.91,61.7,50.3,1,39.3,30.4,18-25,0.491,Improper_Parking
8202,E-Scooter,3.65,27.52,7.83,11.73,98.9,85.2,2,14.9,18.9,18-25,0.737,Mechanical_Fault
8203,E-Scooter,1.82,5.48,15.76,18.5,34.8,33.3,1,31.8,30.8,46-60,0.604,Normal
8204,E-Bike,1.33,6.77,14.26,20.16,97.0,88.0,1,11.2,28.2,36-45,0.858,Normal
8205,E-Bike,3.14,20.55,9.61,16.2,99.8,77.8,1,8.5,26.2,18-25,0.771,Normal
8206,E-Bike,2.78,15.48,16.42,16.45,50.6,40.4,0,0.8,19.1,26-35,0.896,Normal
8207,E-Scooter,2.51,7.55,13.12,18.7,89.4,88.6,0,27.5,31.1,36-45,0.924,Normal
8208,E-Scooter,2.22,11.75,15.26,25.53,21.1,4.4,0,40.6,16.8,60+,0.758,Battery_Critical
8209,E-Bike,1.53,8.41,12.41,20.38,44.3,40.1,0,1.5,21.8,26-35,0.977,Normal
8210,E-Scooter,3.77,19.37,11.14,16.55,32.0,22.8,3,35.0,22.1,26-35,0.863,Improper_Parking
8211,E-Scooter,1.49,5.02,22.79,27.42,35.7,34.8,1,20.5,14.2,18-25,0.851,Normal
8212,E-Scooter,2.2,12.18,10.0,13.31,69.9,64.6,0,5.1,19.8,26-35,0.652,Normal
8213,E-Scooter,2.51,15.55,14.0,17.62,35.7,23.7,1,3.1,18.1,60+,0.906,Normal
8214,E-Scooter,7.0,32.3,12.14,20.38,38.7,16.7,2,0.3,27.4,18-25,0.933,Normal
8215,E-Scooter,2.63,15.31,11.78,16.27,53.0,43.1,2,2.9,23.9,26-35,0.582,Normal
8216,E-Scooter,1.67,9.88,11.24,16.96,53.2,43.9,0,41.7,30.1,18-25,0.757,Normal
8217,E-Scooter,7.37,30.54,16.18,23.44,33.1,12.5,1,12.1,29.4,46-60,0.729,Battery_Critical
8218,E-Scooter,2.32,13.44,23.04,25.16,29.4,22.1,2,24.4,28.4,18-25,0.876,Hard_Braking
8219,E-Bike,0.87,5.52,17.09,26.33,78.4,71.9,0,22.6,25.2,60+,0.845,Normal
8220,E-Bike,0.43,2.31,14.57,17.89,58.5,60.2,2,10.3,24.6,18-25,0.982,Mechanical_Fault
8221,E-Scooter,0.6,2.0,22.58,27.37,80.5,71.2,1,13.3,33.0,26-35,0.821,Normal
8222,E-Scooter,3.13,13.56,15.7,17.31,95.3,84.2,0,15.6,34.7,26-35,0.703,Normal
8223,E-Scooter,2.8,12.69,17.55,18.68,72.9,57.4,2,38.8,35.7,26-35,0.606,Normal
8224,E-Scooter,1.46,5.49,14.34,15.18,46.9,34.6,1,18.5,27.4,46-60,0.49,Normal
8225,E-Bike,2.96,13.25,13.96,21.1,49.4,43.4,0,1.1,31.4,60+,0.885,Normal
8226,E-Bike,4.81,22.85,13.31,21.48,52.9,32.4,2,9.3,18.6,46-60,0.585,Normal
8227,E-Scooter,1.35,3.81,19.99,21.89,83.1,78.5,0,93.8,18.5,18-25,0.846,Normal
8228,E-Scooter,5.44,46.55,7.3,7.64,81.5,62.3,2,39.1,31.2,36-45,0.524,Improper_Parking
8229,E-Bike,5.13,30.11,11.19,16.67,51.6,38.7,0,22.6,16.8,26-35,0.703,Normal
8230,E-Scooter,0.73,3.39,18.08,25.72,38.9,30.3,0,6.3,15.5,26-35,0.408,Improper_Parking
8231,E-Scooter,2.21,8.99,17.36,20.13,79.6,75.1,1,17.4,23.2,46-60,0.856,Normal
8232,E-Scooter,2.09,5.55,16.46,24.51,47.7,46.7,4,31.0,42.0,18-25,0.754,Hard_Braking
8233,E-Scooter,8.66,38.45,13.06,14.06,54.6,32.0,1,26.3,32.7,26-35,0.799,Normal
8234,E-Scooter,2.07,5.97,19.28,27.5,97.4,95.4,1,15.5,21.9,18-25,0.765,Normal
8235,E-Scooter,6.68,28.55,13.55,22.06,33.5,8.9,1,3.0,18.0,46-60,0.727,Battery_Critical
8236,E-Scooter,0.69,2.0,18.95,31.39,33.0,34.7,1,14.0,34.5,46-60,0.662,Normal
8237,E-Scooter,1.32,4.29,14.31,21.69,21.1,18.6,1,45.8,21.8,26-35,0.764,Battery_Critical
8238,E-Scooter,4.01,10.88,19.62,25.33,29.7,22.2,1,31.9,17.6,18-25,0.787,Normal
8239,E-Scooter,10.92,28.3,22.75,23.02,92.7,64.8,3,0.7,29.3,36-45,0.883,Normal
8240,E-Scooter,1.62,2.0,19.23,25.99,72.7,69.9,4,7.5,29.1,36-45,0.801,Hard_Braking
8241,E-Scooter,10.49,30.05,18.14,26.99,97.0,69.4,1,5.0,25.7,36-45,0.562,Normal
8242,E-Scooter,1.24,7.87,13.29,15.48,77.1,67.6,2,4.1,34.4,18-25,0.885,Normal
8243,E-Bike,5.36,28.19,12.04,12.38,41.0,30.7,2,13.8,13.8,36-45,0.947,Normal
8244,E-Bike,2.22,15.24,8.94,15.5,62.6,56.4,1,8.3,28.8,36-45,0.522,Hard_Braking
8245,E-Scooter,1.72,8.27,18.16,18.47,98.4,95.8,1,22.6,13.9,46-60,0.41,Improper_Parking
8246,E-Scooter,0.59,2.0,25.43,30.07,68.8,68.6,4,52.5,28.7,26-35,0.621,Hard_Braking
8247,E-Scooter,5.63,21.26,17.42,26.46,21.4,4.0,2,39.6,25.5,36-45,0.809,Battery_Critical
8248,E-Scooter,3.75,17.38,9.78,13.68,26.9,16.2,1,2.8,15.6,26-35,0.888,Normal
8249,E-Bike,3.66,8.34,17.24,22.45,36.9,22.2,4,21.6,22.2,36-45,0.904,Hard_Braking
8250,E-Scooter,4.5,21.15,13.38,22.73,68.1,60.5,0,10.0,27.4,18-25,0.786,Normal
8251,E-Scooter,3.63,10.5,15.39,18.95,40.6,32.4,0,14.4,29.0,18-25,0.887,Normal
8252,E-Bike,1.31,11.86,9.04,10.71,70.4,65.0,2,16.3,30.1,26-35,0.837,Hard_Braking
8253,E-Bike,3.7,21.86,11.65,14.88,61.9,49.8,1,6.0,36.3,18-25,0.863,Normal
8254,E-Scooter,2.66,10.58,14.81,16.56,79.3,75.8,2,2.6,32.0,26-35,0.596,Hard_Braking
8255,E-Scooter,10.99,35.21,22.2,26.56,60.9,34.4,1,24.1,15.3,18-25,0.801,Normal
8256,E-Bike,7.86,66.43,6.36,12.72,64.3,46.1,0,23.5,30.2,46-60,0.45,Normal
8257,E-Bike,3.34,13.9,15.08,19.04,38.3,36.7,0,4.2,24.8,46-60,0.774,Normal
8258,E-Scooter,5.23,21.13,15.1,15.67,62.7,42.5,3,48.6,25.3,26-35,0.925,Hard_Braking
8259,E-Scooter,2.0,2.0,17.08,26.69,79.3,70.0,0,7.3,33.9,26-35,0.678,Mechanical_Fault
8260,E-Bike,4.7,23.15,12.7,19.38,42.5,27.4,3,16.2,15.9,46-60,0.841,Hard_Braking
8261,E-Bike,2.43,7.41,17.17,20.6,95.5,88.0,1,26.8,25.8,18-25,0.579,Normal
8262,E-Scooter,6.1,17.05,20.29,29.51,36.5,20.4,2,18.3,9.3,26-35,0.728,Hard_Braking
8263,E-Scooter,4.69,14.99,16.76,18.7,22.6,12.3,2,20.2,31.1,26-35,0.896,Battery_Critical
8264,E-Scooter,1.69,4.84,17.37,21.13,47.7,43.9,0,33.6,23.8,36-45,0.797,Normal
8265,E-Bike,6.66,29.44,13.88,20.47,99.0,82.0,1,6.3,30.0,36-45,0.865,Normal
8266,E-Bike,3.97,16.15,17.82,24.01,35.7,26.7,1,26.4,8.6,18-25,0.629,Normal
8267,E-Bike,1.01,5.34,11.28,16.83,64.8,72.3,2,18.1,29.9,46-60,0.731,Normal
8268,E-Scooter,3.43,18.41,10.93,20.13,27.0,17.4,0,0.8,28.5,46-60,0.755,Normal
8269,E-Scooter,2.03,4.11,15.59,20.48,51.4,48.6,3,11.2,23.3,26-35,0.938,Hard_Braking
8270,E-Scooter,1.77,7.99,20.32,28.3,45.6,41.7,0,4.9,24.9,36-45,0.689,Normal
8271,E-Bike,4.26,17.18,13.59,16.86,87.0,68.9,0,19.5,19.6,18-25,0.731,Normal
8272,E-Bike,5.1,31.34,9.29,13.62,95.0,78.9,1,18.9,12.3,60+,0.849,Normal
8273,E-Bike,3.08,10.97,16.48,20.93,41.2,22.8,0,10.5,22.8,26-35,0.72,Normal
8274,E-Bike,6.15,27.04,14.66,21.27,27.5,13.8,1,24.4,14.0,46-60,0.782,Battery_Critical
8275,E-Scooter,5.76,20.38,23.35,28.65,62.2,45.6,2,0.2,36.1,36-45,0.988,Battery_Critical
8276,E-Scooter,3.13,11.84,26.35,33.94,47.4,37.2,0,4.6,19.1,36-45,0.708,Normal
8277,E-Bike,7.63,35.93,11.02,18.66,30.1,7.6,1,11.7,26.0,36-45,0.672,Battery_Critical
8278,E-Bike,5.87,20.94,16.84,16.88,40.6,20.8,3,34.7,11.3,46-60,0.812,Hard_Braking
8279,E-Scooter,3.34,13.74,19.25,24.9,47.3,35.9,1,43.9,13.9,46-60,0.714,Mechanical_Fault
8280,E-Scooter,3.01,22.29,9.21,19.08,35.6,27.0,0,14.2,7.3,36-45,0.373,Improper_Parking
8281,E-Scooter,1.82,4.51,17.41,32.38,99.0,98.3,1,11.8,27.2,46-60,0.542,Normal
8282,E-Scooter,3.31,13.44,14.57,20.82,81.1,73.4,1,15.7,31.7,46-60,0.649,Normal
8283,E-Bike,1.33,4.2,13.23,18.71,69.5,64.9,2,3.1,14.0,18-25,0.567,Hard_Braking
8284,E-Scooter,2.14,8.72,17.03,20.7,50.4,47.1,1,8.2,19.4,46-60,0.937,Normal
8285,E-Scooter,1.28,3.78,14.24,22.95,46.3,40.5,3,18.2,18.3,36-45,0.724,Mechanical_Fault
8286,E-Scooter,3.75,17.61,9.64,13.59,20.1,2.7,2,22.4,31.0,18-25,0.888,Battery_Critical
8287,E-Scooter,1.25,5.0,19.38,30.99,21.4,24.8,0,4.5,20.6,36-45,0.364,Improper_Parking
8288,E-Scooter,1.75,2.0,24.47,33.4,31.4,31.0,2,19.2,11.2,36-45,0.806,Normal
8289,E-Scooter,0.36,2.0,16.36,26.45,99.9,100.0,2,32.7,30.5,36-45,0.798,Normal
8290,E-Scooter,1.46,2.0,24.1,28.32,80.1,70.4,1,3.4,13.2,18-25,0.896,Hard_Braking
8291,E-Bike,8.18,52.93,9.97,12.86,82.0,56.7,0,21.2,14.5,18-25,0.56,Mechanical_Fault
8292,E-Bike,1.86,7.48,13.78,16.05,92.4,88.3,5,49.2,38.2,46-60,0.745,Hard_Braking
8293,E-Scooter,2.4,4.86,15.99,19.24,65.6,56.0,2,13.1,31.6,18-25,0.868,Normal
8294,E-Scooter,4.25,15.12,15.7,24.38,29.9,21.5,3,7.9,12.8,46-60,0.64,Hard_Braking
8295,E-Bike,2.51,8.48,19.33,28.16,84.0,76.1,3,1.5,17.4,26-35,0.685,Battery_Critical
8296,E-Bike,1.74,8.34,11.98,18.08,26.8,24.6,1,5.3,26.0,36-45,0.829,Normal
8297,E-Bike,1.74,16.99,6.74,14.17,79.3,69.5,2,5.9,16.8,26-35,0.744,Hard_Braking
8298,E-Bike,4.92,22.92,15.25,17.68,40.0,28.2,2,1.3,23.4,,0.488,Hard_Braking
8299,E-Bike,0.96,5.28,13.01,19.97,95.8,90.7,1,7.2,38.6,18-25,0.887,Improper_Parking
8300,E-Scooter,5.45,14.53,17.83,19.06,37.2,15.5,0,10.6,15.1,26-35,0.681,Battery_Critical
8301,E-Scooter,3.58,12.8,18.52,24.34,51.5,41.3,0,38.8,12.7,18-25,0.904,Normal
8302,E-Scooter,3.24,5.43,23.11,31.82,53.0,52.0,3,12.8,23.4,26-35,0.742,Hard_Braking
8303,E-Bike,5.65,16.24,14.7,14.87,22.4,4.5,2,8.1,27.3,36-45,0.568,Battery_Critical
8304,E-Bike,1.68,6.86,11.35,16.54,23.3,20.0,1,0.7,36.7,46-60,0.914,Normal
8305,E-Bike,1.21,7.31,14.66,20.95,98.5,95.0,1,47.6,25.2,36-45,0.796,Normal
8306,E-Scooter,1.7,3.41,19.0,25.12,37.5,35.0,1,51.6,18.1,26-35,0.811,Normal
8307,E-Scooter,3.44,8.22,21.43,29.06,43.0,34.8,0,10.5,17.3,36-45,0.832,Normal
8308,E-Scooter,4.84,26.61,9.2,16.18,81.4,63.3,7,16.5,37.7,26-35,0.623,Hard_Braking
8309,E-Bike,1.81,4.13,14.74,25.9,39.6,33.7,0,1.7,31.4,26-35,0.748,Normal
8310,E-Bike,1.03,7.3,9.29,14.97,87.0,81.4,1,27.0,28.9,,0.957,Normal
8311,E-Scooter,1.61,11.88,15.17,17.07,56.6,48.9,2,13.9,30.7,36-45,0.869,Hard_Braking
8312,E-Scooter,4.53,20.51,13.86,16.77,83.5,62.5,1,0.8,28.3,26-35,0.776,Normal
8313,E-Bike,1.7,8.41,13.6,18.0,52.2,52.9,1,12.4,16.1,26-35,0.705,Normal
8314,E-Bike,3.9,15.57,15.15,27.85,95.1,82.3,0,2.9,26.9,18-25,0.63,Normal
8315,E-Bike,3.17,16.15,11.26,16.61,83.0,69.9,0,7.2,31.7,36-45,0.919,Normal
8316,E-Bike,4.93,21.79,14.67,23.85,44.7,33.6,0,60.9,18.8,18-25,0.814,Normal
8317,E-Bike,0.79,7.16,13.13,16.71,41.4,45.9,1,10.6,31.5,26-35,0.779,Normal
8318,E-Bike,1.16,7.78,18.44,28.77,49.8,52.2,3,124.8,28.2,26-35,0.816,Mechanical_Fault
8319,E-Scooter,0.82,2.0,13.79,17.0,90.1,86.0,1,4.5,33.0,46-60,0.77,Normal
8320,E-Scooter,4.57,13.01,24.01,30.43,94.1,84.1,0,46.0,33.8,26-35,0.536,Normal
8321,E-Scooter,1.6,2.33,12.33,16.64,72.8,76.5,1,73.7,33.0,36-45,0.959,Battery_Critical
8322,E-Bike,2.06,17.67,8.01,13.89,88.6,88.2,2,3.2,16.4,36-45,0.549,Hard_Braking
8323,E-Bike,2.31,8.84,12.38,16.14,91.7,87.6,2,21.7,20.3,26-35,0.502,Hard_Braking
8324,E-Scooter,2.72,5.2,23.66,31.38,21.8,16.3,2,3.8,38.0,18-25,0.491,Battery_Critical
8325,E-Bike,5.62,24.51,16.35,19.92,49.8,29.5,2,11.6,15.8,46-60,0.651,Hard_Braking
8326,E-Scooter,3.68,11.11,15.93,23.69,20.8,8.6,1,79.3,25.7,60+,0.839,Battery_Critical
8327,E-Bike,4.25,9.48,19.59,21.7,98.0,91.0,1,21.5,20.8,18-25,0.645,Normal
8328,E-Bike,2.81,12.03,13.08,18.27,24.5,12.3,2,16.1,19.5,18-25,0.716,Battery_Critical
8329,E-Scooter,3.54,14.26,14.62,20.7,36.5,22.4,0,5.8,29.5,26-35,0.807,Normal
8330,E-Scooter,13.21,43.74,17.05,19.68,95.7,62.4,0,22.0,32.4,26-35,,Normal
8331,E-Bike,3.88,18.72,12.32,18.79,33.0,30.5,0,8.6,15.3,18-25,0.944,Normal
8332,E-Bike,1.61,7.63,15.09,21.44,85.7,80.5,2,81.6,12.6,18-25,0.766,Mechanical_Fault
8333,E-Scooter,0.44,3.26,22.42,31.79,82.5,85.7,2,6.5,22.0,36-45,0.694,Hard_Braking
8334,E-Bike,0.73,2.0,12.31,22.46,97.7,98.9,1,5.3,38.8,46-60,0.843,Mechanical_Fault
8335,E-Scooter,6.66,38.09,12.19,19.46,49.2,30.3,1,17.2,23.7,26-35,0.756,Mechanical_Fault
8336,E-Bike,2.95,13.92,13.55,14.7,88.2,89.4,2,0.4,17.5,60+,0.846,Normal
8337,E-Scooter,5.15,16.83,16.2,24.2,53.7,38.0,1,8.6,39.5,36-45,0.64,Normal
8338,E-Scooter,5.54,12.29,21.55,27.78,76.5,56.4,1,0.7,17.1,26-35,0.669,Normal
8339,E-Scooter,0.98,2.61,21.84,27.43,38.8,34.2,1,46.4,24.1,26-35,0.876,Hard_Braking
8340,E-Scooter,2.97,10.09,16.97,23.25,62.5,56.3,2,12.6,24.5,26-35,0.841,Normal
8341,E-Scooter,5.39,11.88,17.14,25.19,72.7,58.4,1,32.9,20.2,46-60,0.809,Normal
8342,E-Bike,2.66,13.13,15.67,16.25,32.6,29.9,0,10.4,34.4,,0.729,Normal
8343,E-Scooter,2.89,15.13,12.11,22.07,71.4,66.6,3,3.5,28.0,26-35,0.752,Hard_Braking
8344,E-Scooter,5.69,22.46,21.19,31.72,69.5,55.6,0,6.7,34.0,18-25,0.814,Normal
8345,E-Scooter,6.63,17.11,19.85,28.42,74.2,54.0,3,34.1,24.7,36-45,0.706,Hard_Braking
8346,E-Bike,6.55,31.02,13.33,18.5,85.7,63.5,2,41.9,18.2,60+,0.914,Mechanical_Fault
8347,E-Bike,8.49,80.0,6.29,8.24,35.7,15.1,1,29.0,21.8,26-35,,Battery_Critical
8348,E-Bike,2.34,18.87,9.89,18.19,96.6,90.8,2,15.1,14.7,18-25,0.896,Normal
8349,E-Bike,0.94,3.04,10.31,16.48,97.3,96.7,1,12.0,42.0,18-25,0.791,Normal
8350,E-Bike,1.94,18.67,5.0,9.22,69.3,63.4,2,4.0,1.7,26-35,0.849,Normal
8351,E-Bike,1.64,11.19,7.84,8.29,22.9,25.5,2,7.3,21.4,26-35,0.782,Hard_Braking
8352,E-Scooter,5.01,19.76,16.72,21.88,21.1,5.3,1,2.8,30.0,26-35,0.942,Battery_Critical
8353,E-Scooter,2.28,9.57,19.86,25.4,69.1,62.3,1,26.6,30.1,46-60,0.785,Improper_Parking
8354,E-Bike,6.22,36.19,9.42,14.17,97.5,82.9,2,9.1,28.1,18-25,0.688,Improper_Parking
8355,E-Scooter,3.06,17.86,11.87,19.03,34.8,26.9,4,3.8,36.2,60+,0.751,Hard_Braking
8356,E-Scooter,7.11,20.75,22.16,25.9,93.2,72.0,1,3.2,24.5,26-35,0.619,Normal
8357,E-Scooter,0.3,2.79,16.42,22.1,50.9,50.5,0,67.6,34.5,60+,0.79,Mechanical_Fault
8358,E-Scooter,2.13,7.41,15.35,18.04,92.9,84.3,1,5.5,8.2,36-45,0.823,Normal
8359,E-Bike,0.47,6.84,7.55,15.25,43.1,49.5,2,67.7,2.9,18-25,0.803,Hard_Braking
8360,E-Scooter,2.36,6.59,15.16,16.93,51.4,41.0,0,39.7,25.3,18-25,0.888,Normal
8361,E-Bike,1.91,3.88,18.23,24.51,76.1,73.2,2,11.3,23.0,26-35,0.708,Hard_Braking
8362,E-Scooter,2.33,7.16,20.26,22.68,86.3,83.8,0,14.1,32.7,36-45,0.957,Normal
8363,E-Scooter,2.93,6.49,16.59,24.89,40.1,26.7,0,12.1,37.3,26-35,0.754,Normal
8364,E-Bike,2.68,12.03,16.32,20.58,46.2,37.2,1,83.7,12.8,18-25,0.768,Normal
8365,E-Bike,7.13,52.01,8.72,11.75,94.9,72.4,1,37.3,18.7,46-60,0.929,Mechanical_Fault
8366,E-Scooter,1.95,9.01,16.01,22.69,41.0,32.8,0,26.7,20.7,18-25,0.91,Normal
8367,E-Scooter,2.1,4.2,17.24,19.55,39.8,35.4,1,20.8,21.4,46-60,0.578,Normal
8368,E-Bike,2.87,15.93,14.33,23.24,29.5,20.9,2,55.4,17.4,36-45,0.815,Mechanical_Fault
8369,E-Scooter,1.78,10.51,17.19,20.39,57.9,52.8,3,16.4,36.1,18-25,0.857,Hard_Braking
8370,E-Scooter,5.0,14.73,20.44,25.56,92.4,72.0,1,23.0,11.0,46-60,0.57,Hard_Braking
8371,E-Bike,1.25,4.0,7.34,7.91,77.8,74.5,1,118.2,32.3,46-60,0.458,Normal
8372,E-Scooter,0.71,2.0,17.47,26.09,24.4,25.3,1,2.2,22.5,36-45,0.541,Normal
8373,E-Scooter,4.93,21.73,14.97,16.68,99.8,87.0,0,97.1,-1.7,26-35,0.901,Mechanical_Fault
8374,E-Bike,5.71,20.12,16.47,20.54,84.6,71.3,2,5.6,17.5,18-25,0.454,Mechanical_Fault
8375,E-Scooter,1.73,6.2,14.6,22.06,73.7,68.2,3,0.1,26.2,18-25,0.992,Hard_Braking
8376,E-Scooter,2.24,6.69,13.06,15.64,28.1,18.3,1,16.9,28.6,26-35,0.837,Normal
8377,E-Bike,3.57,18.46,12.24,15.31,28.1,14.3,1,32.0,12.6,26-35,0.571,Battery_Critical
8378,E-Bike,3.69,19.62,12.42,14.57,87.4,79.5,1,40.7,17.0,36-45,0.899,Normal
8379,E-Scooter,1.11,6.48,19.97,28.38,34.6,35.3,1,0.1,13.4,26-35,0.72,Normal
8380,E-Bike,4.95,23.71,12.08,17.97,98.0,81.3,1,12.4,23.6,46-60,0.883,Improper_Parking
8381,E-Scooter,3.27,16.59,11.84,21.13,66.0,56.9,1,61.4,29.6,60+,0.931,Normal
8382,E-Bike,0.36,7.07,17.82,21.16,44.2,38.9,2,5.1,33.1,26-35,0.839,Hard_Braking
8383,E-Scooter,2.66,8.71,17.01,22.97,28.2,19.2,1,24.3,28.9,18-25,0.667,Hard_Braking
8384,E-Scooter,1.08,4.25,10.65,17.96,23.9,18.3,1,3.4,25.6,18-25,0.898,Normal
8385,E-Bike,4.63,23.88,12.11,22.87,46.9,36.9,0,11.7,30.1,18-25,0.682,Normal
8386,E-Bike,2.32,13.87,8.42,17.63,33.2,27.2,1,0.2,22.5,18-25,0.754,Hard_Braking
8387,E-Scooter,3.53,15.2,15.35,19.96,27.3,16.2,2,21.8,23.6,26-35,0.956,Battery_Critical
8388,E-Scooter,2.25,5.11,19.54,23.53,91.5,78.6,1,19.1,28.6,26-35,0.932,Normal
8389,E-Bike,1.47,7.78,9.51,15.86,28.5,17.2,2,45.2,19.1,18-25,0.572,Normal
8390,E-Bike,1.85,11.0,13.14,15.28,49.1,46.5,0,42.1,21.5,18-25,0.816,Normal
8391,E-Scooter,4.62,9.03,18.17,24.94,69.2,63.3,2,83.2,20.5,36-45,0.403,Mechanical_Fault
8392,E-Scooter,3.37,16.2,13.44,16.78,98.2,83.9,4,0.9,24.7,18-25,0.808,Hard_Braking
8393,E-Scooter,0.87,2.0,15.84,23.31,66.9,75.2,1,6.1,32.8,36-45,0.837,Normal
8394,E-Bike,2.85,12.38,13.5,18.26,69.6,60.2,0,59.6,26.0,46-60,0.889,Normal
8395,E-Scooter,2.94,18.69,10.28,11.68,89.8,81.2,0,22.1,19.9,26-35,0.599,Normal
8396,E-Bike,0.77,2.0,16.97,22.81,32.0,29.2,1,25.4,24.1,18-25,0.822,Normal
8397,E-Scooter,0.37,2.0,17.16,20.67,89.6,87.6,2,72.2,20.8,26-35,0.528,Mechanical_Fault
8398,E-Scooter,2.96,5.96,16.18,20.29,72.8,63.3,1,3.3,39.5,36-45,0.804,Normal
8399,E-Scooter,4.39,14.57,15.28,21.93,49.2,30.0,2,15.8,21.4,60+,0.692,Normal
8400,E-Scooter,5.56,24.13,15.57,21.44,72.1,56.8,0,26.8,15.6,36-45,0.76,Normal
8401,E-Scooter,1.84,8.57,15.99,22.01,83.6,81.1,2,4.6,9.2,46-60,0.86,Normal
8402,E-Bike,3.33,15.37,12.5,14.69,37.0,26.7,2,41.6,23.8,18-25,0.699,Normal
8403,E-Bike,0.92,2.0,12.28,20.89,44.6,38.1,0,4.6,14.7,18-25,0.593,Normal
8404,E-Bike,4.65,28.58,9.8,21.65,41.6,29.5,4,29.4,39.5,26-35,0.649,Hard_Braking
8405,E-Scooter,2.71,8.55,21.88,23.38,96.6,84.9,2,5.5,13.5,26-35,0.826,Hard_Braking
8406,E-Bike,4.7,17.67,14.44,17.73,40.4,22.6,2,9.8,19.6,18-25,0.925,Normal
8407,E-Bike,2.13,13.83,10.71,13.13,42.6,34.2,4,32.7,21.7,18-25,0.738,Hard_Braking
8408,E-Scooter,7.77,37.09,14.58,16.59,29.6,6.6,0,21.6,31.8,60+,0.81,Battery_Critical
8409,E-Bike,0.56,2.0,13.83,21.46,22.5,12.6,2,26.7,29.1,26-35,0.705,Battery_Critical
8410,E-Scooter,1.55,7.96,17.61,24.13,89.7,81.1,3,28.6,32.6,60+,0.686,Hard_Braking
8411,E-Bike,5.27,19.48,13.38,15.32,34.0,17.0,2,33.2,23.7,18-25,0.628,Battery_Critical
8412,E-Scooter,4.98,15.11,28.64,31.72,35.8,27.8,3,31.6,13.6,18-25,0.818,Hard_Braking
8413,E-Bike,7.52,32.33,16.39,22.76,24.4,7.4,0,65.9,29.2,26-35,0.753,Battery_Critical
8414,E-Scooter,5.89,15.11,23.79,31.28,31.9,15.7,2,10.6,29.1,26-35,0.546,Hard_Braking
8415,E-Scooter,0.48,4.68,25.85,31.79,92.9,92.9,3,22.2,32.2,36-45,0.829,Hard_Braking
8416,E-Bike,2.0,11.3,12.4,16.95,93.1,85.7,1,22.8,19.7,60+,0.854,Normal
8417,E-Bike,6.8,27.59,14.45,18.39,29.0,5.4,1,17.5,24.1,26-35,0.871,Battery_Critical
8418,E-Scooter,8.39,52.72,9.26,12.41,27.8,2.8,1,4.6,9.1,36-45,0.639,Battery_Critical
8419,E-Bike,1.76,9.65,12.85,19.95,76.8,74.6,0,1.0,19.4,46-60,0.786,Normal
8420,E-Bike,0.5,3.25,7.67,15.9,68.4,66.3,2,6.0,34.8,46-60,0.835,Hard_Braking
8421,E-Bike,2.79,10.55,15.46,16.64,48.3,40.3,0,4.6,22.2,18-25,0.696,Normal
8422,E-Scooter,3.79,8.76,16.06,21.85,54.9,45.3,1,10.9,27.6,26-35,0.652,Normal
8423,E-Scooter,8.44,34.26,15.56,22.25,67.5,40.1,1,44.4,26.2,36-45,0.875,Normal
8424,E-Scooter,5.44,24.93,16.42,21.71,42.8,20.8,2,11.5,32.4,18-25,0.927,Normal
8425,E-Scooter,2.22,8.3,17.83,20.98,35.0,26.1,3,18.0,21.2,26-35,0.848,Hard_Braking
8426,E-Scooter,3.43,18.74,14.63,24.27,50.3,41.2,0,5.8,27.3,18-25,0.796,Normal
8427,E-Scooter,6.26,74.18,5.0,6.82,63.3,43.5,0,20.9,24.4,60+,0.648,Normal
8428,E-Bike,2.43,15.05,11.9,17.48,38.7,31.7,1,17.4,20.5,26-35,0.784,Normal
8429,E-Scooter,4.6,15.22,18.95,28.47,39.6,19.9,1,3.3,23.4,46-60,0.87,Normal
8430,E-Scooter,8.08,26.34,16.5,19.24,36.5,13.5,3,30.5,14.5,26-35,0.81,Battery_Critical
8431,E-Bike,5.39,25.34,13.06,16.57,92.5,79.9,0,5.0,26.8,18-25,0.482,Normal
8432,E-Scooter,2.11,5.64,14.88,18.28,92.2,86.5,3,12.1,25.6,36-45,0.658,Normal
8433,E-Scooter,1.14,2.0,16.66,21.94,75.5,73.2,3,32.5,24.3,18-25,0.779,Hard_Braking
8434,E-Scooter,5.36,16.32,19.16,25.41,48.6,32.8,2,12.4,24.5,46-60,,Hard_Braking
8435,E-Scooter,1.18,7.5,18.73,24.27,92.8,89.7,0,8.3,33.3,18-25,0.885,Normal
8436,E-Bike,4.8,28.9,12.89,17.87,51.8,38.7,0,5.1,26.3,26-35,0.782,Normal
8437,E-Scooter,7.81,21.3,20.05,25.09,94.6,74.4,2,32.4,13.5,18-25,0.81,Hard_Braking
8438,E-Scooter,1.23,2.07,18.85,22.37,52.7,57.4,2,9.8,18.5,18-25,0.917,Hard_Braking
8439,E-Bike,3.48,13.06,13.82,15.78,52.2,42.4,0,21.2,28.6,18-25,0.902,Normal
8440,E-Scooter,6.13,21.57,20.91,26.26,53.8,33.6,0,15.5,17.6,26-35,0.66,Mechanical_Fault
8441,E-Bike,1.46,7.57,9.38,14.82,51.3,50.6,2,20.3,30.0,36-45,0.982,Mechanical_Fault
8442,E-Scooter,2.03,2.98,22.85,22.89,77.6,70.3,3,5.5,21.0,26-35,0.846,Normal
8443,E-Scooter,0.56,2.0,13.39,23.98,65.9,60.4,1,68.8,24.0,26-35,0.728,Normal
8444,E-Bike,6.65,22.61,15.82,18.53,83.4,62.2,0,1.0,12.9,26-35,0.804,Normal
8445,E-Scooter,0.88,7.6,14.95,20.19,58.3,57.7,2,6.3,24.3,46-60,0.896,Hard_Braking
8446,E-Bike,5.32,19.08,15.1,17.61,67.4,49.9,2,22.2,10.4,18-25,0.868,Mechanical_Fault
8447,E-Scooter,3.2,10.25,22.41,25.46,63.5,58.3,0,5.5,17.3,46-60,0.909,Normal
8448,E-Bike,3.45,25.25,10.49,12.81,94.9,84.9,1,4.5,35.0,18-25,0.723,Normal
8449,E-Bike,2.57,14.18,13.82,23.47,54.4,47.6,3,3.7,19.2,18-25,0.644,Hard_Braking
8450,E-Bike,2.99,14.83,14.18,15.92,61.6,48.5,1,1.9,22.1,18-25,0.723,Improper_Parking
8451,E-Scooter,2.13,9.54,11.17,12.92,46.9,42.9,0,7.8,17.6,26-35,0.668,Normal
8452,E-Scooter,2.53,11.1,16.88,17.96,39.4,40.4,2,9.6,42.0,36-45,0.744,Hard_Braking
8453,E-Bike,3.86,23.14,10.66,17.35,92.6,83.6,0,17.0,19.8,18-25,0.646,Normal
8454,E-Bike,4.08,14.57,13.3,16.57,82.1,69.7,1,6.4,24.2,18-25,0.715,Normal
8455,E-Bike,5.48,20.24,14.7,16.74,30.0,14.2,0,2.6,38.3,18-25,0.735,Battery_Critical
8456,E-Scooter,1.25,3.93,14.54,21.26,95.2,90.4,1,33.9,19.5,18-25,0.713,Normal
8457,E-Bike,4.22,19.04,12.36,18.04,64.5,55.7,2,1.0,30.5,46-60,0.812,Normal
8458,E-Scooter,1.84,4.7,15.48,18.03,50.3,47.2,1,8.7,23.0,46-60,0.888,Normal
8459,E-Scooter,1.5,2.79,12.98,19.09,23.4,22.5,1,18.2,18.3,36-45,0.882,Mechanical_Fault
8460,E-Scooter,4.24,13.51,17.09,22.33,80.5,66.3,0,5.4,32.0,60+,0.401,Improper_Parking
8461,E-Scooter,4.93,20.76,15.71,21.45,45.2,34.1,1,10.7,14.2,18-25,0.823,Normal
8462,E-Scooter,0.51,2.71,14.73,19.74,74.6,80.6,1,39.6,12.1,18-25,0.905,Normal
8463,E-Scooter,2.22,10.36,16.92,21.69,31.1,26.9,4,14.9,17.3,26-35,0.789,Hard_Braking
8464,E-Scooter,5.42,13.41,21.24,26.1,35.0,26.6,1,30.1,18.1,26-35,0.761,Normal
8465,E-Scooter,4.75,43.01,7.57,9.26,71.9,57.1,1,28.3,33.6,26-35,0.648,Improper_Parking
8466,E-Scooter,1.24,2.0,23.29,28.97,89.4,83.2,1,18.5,19.4,46-60,0.722,Hard_Braking
8467,E-Scooter,1.22,4.74,19.6,22.87,54.6,48.8,1,11.5,15.2,18-25,0.761,Normal
8468,E-Scooter,2.05,10.43,14.91,19.82,30.9,31.4,3,31.3,9.4,46-60,0.878,Hard_Braking
8469,E-Bike,3.81,21.43,10.79,10.91,78.4,69.6,2,1.1,11.8,26-35,0.841,Hard_Braking
8470,E-Bike,7.46,31.68,12.68,19.63,50.5,30.5,2,14.1,39.2,26-35,0.893,Hard_Braking
8471,E-Scooter,1.35,2.0,17.75,17.94,83.8,83.4,2,26.3,16.9,18-25,0.686,Normal
8472,E-Scooter,1.36,7.91,14.37,18.74,34.3,30.8,3,24.3,25.9,36-45,0.403,Improper_Parking
8473,E-Scooter,2.66,6.18,14.21,23.23,66.1,63.8,3,2.2,23.2,60+,0.862,Hard_Braking
8474,E-Scooter,2.27,5.97,20.83,30.24,74.1,70.6,0,5.2,20.6,18-25,0.476,Hard_Braking
8475,E-Scooter,8.45,31.7,14.33,21.41,78.3,66.1,3,4.1,15.2,26-35,0.783,Normal
8476,E-Scooter,6.93,38.76,11.85,18.96,61.2,41.7,4,6.7,11.4,46-60,0.623,Hard_Braking
8477,E-Scooter,1.52,4.73,19.63,25.12,96.3,94.0,1,9.1,38.1,18-25,0.404,Improper_Parking
8478,E-Bike,6.06,28.71,13.02,18.43,27.4,11.6,0,7.9,21.5,46-60,0.748,Battery_Critical
8479,E-Bike,2.2,12.45,11.86,14.02,76.3,63.2,0,4.0,27.6,26-35,0.552,Normal
8480,E-Scooter,4.2,17.82,16.58,23.2,67.9,58.3,1,12.3,17.1,36-45,0.97,Battery_Critical
8481,E-Scooter,2.17,11.08,12.81,19.04,73.0,63.2,3,11.5,25.4,18-25,0.843,Hard_Braking
8482,E-Bike,5.62,28.4,13.6,16.02,81.8,69.9,0,20.7,29.6,18-25,0.847,Normal
8483,E-Bike,0.48,3.12,18.74,24.89,80.6,78.6,1,82.4,3.6,26-35,0.857,Normal
8484,E-Bike,4.86,17.67,13.87,19.87,86.6,73.4,0,0.7,28.9,46-60,0.681,Normal
8485,E-Scooter,3.23,8.87,18.41,23.08,84.2,74.4,1,21.9,31.0,26-35,0.663,Hard_Braking
8486,E-Scooter,1.27,10.93,12.4,16.6,36.2,26.0,0,6.7,34.7,36-45,0.798,Normal
8487,E-Scooter,2.39,8.12,20.69,21.25,67.3,63.6,2,15.5,21.0,46-60,0.95,Hard_Braking
8488,E-Scooter,1.99,6.19,20.37,26.09,42.6,26.4,1,5.7,15.8,18-25,0.485,Normal
8489,E-Bike,3.72,8.8,18.42,21.86,72.6,64.5,0,12.7,23.7,18-25,0.921,Normal
8490,E-Bike,3.58,26.86,7.32,14.4,37.9,25.0,1,6.4,22.9,26-35,0.805,Battery_Critical
8491,E-Scooter,2.08,9.02,23.51,30.04,62.6,58.7,2,2.0,41.0,46-60,0.399,Improper_Parking
8492,E-Bike,2.91,10.95,12.86,18.34,30.8,18.0,2,11.2,32.9,18-25,0.808,Battery_Critical
8493,E-Bike,1.56,7.65,10.9,20.52,62.5,48.8,0,12.8,7.7,46-60,0.55,Normal
8494,E-Bike,0.57,4.81,14.79,19.7,67.3,69.2,2,42.9,20.4,18-25,0.919,Mechanical_Fault
8495,E-Scooter,2.05,12.29,15.73,19.69,75.7,76.3,1,32.3,17.9,26-35,0.271,Improper_Parking
8496,E-Scooter,2.73,7.92,16.21,26.67,67.9,59.4,2,36.0,14.5,18-25,0.59,Mechanical_Fault
8497,E-Bike,0.77,3.31,10.39,17.27,31.1,24.0,2,63.7,15.9,26-35,0.798,Mechanical_Fault
8498,E-Scooter,0.69,2.15,21.91,33.3,39.6,35.6,1,1.3,23.5,36-45,0.574,Normal
8499,E-Bike,1.73,7.99,8.11,10.1,20.3,18.3,1,18.5,29.4,26-35,0.66,Normal
8500,E-Scooter,2.22,9.97,12.41,15.21,50.3,44.8,0,13.9,23.1,18-25,0.743,Normal
8501,E-Scooter,1.69,8.61,10.21,17.21,37.6,32.3,1,19.8,25.3,36-45,0.731,Normal
8502,E-Scooter,0.55,2.0,25.34,30.33,56.8,61.7,1,2.3,19.3,46-60,0.804,Normal
8503,E-Scooter,2.09,11.9,18.0,22.71,40.7,37.5,1,37.1,19.7,36-45,0.636,Hard_Braking
8504,E-Bike,4.57,18.92,14.11,15.59,53.6,35.1,0,14.3,24.6,26-35,0.838,Normal
8505,E-Scooter,0.7,2.0,20.65,21.81,83.7,82.1,0,10.7,39.9,60+,0.759,Normal
8506,E-Bike,3.76,25.24,13.39,24.11,52.4,43.5,1,11.6,18.1,36-45,0.913,Improper_Parking
8507,E-Bike,6.38,31.41,13.37,21.8,41.5,26.5,4,1.3,30.0,36-45,,Hard_Braking
8508,E-Scooter,5.58,19.65,20.07,26.38,44.6,33.5,4,1.3,20.8,46-60,0.682,Hard_Braking
8509,E-Scooter,2.29,6.57,19.5,20.39,76.3,77.9,4,4.4,8.3,26-35,0.813,Hard_Braking
8510,E-Bike,11.82,72.52,9.96,13.28,78.6,45.1,0,21.4,23.8,46-60,0.838,Normal
8511,E-Scooter,2.15,3.89,21.83,30.39,60.1,60.4,2,12.5,18.5,26-35,0.71,Hard_Braking
8512,E-Bike,3.59,14.43,14.11,19.75,35.6,28.4,0,15.8,12.5,60+,0.787,Normal
8513,E-Bike,2.89,15.83,12.41,19.33,93.9,84.4,0,5.4,31.8,60+,0.748,Normal
8514,E-Bike,2.69,19.34,7.91,8.26,88.8,73.5,0,39.2,37.6,26-35,0.414,Improper_Parking
8515,E-Bike,5.39,37.06,7.99,16.66,25.4,9.8,0,10.2,17.5,46-60,0.65,Battery_Critical
8516,E-Scooter,1.88,4.17,16.09,19.89,45.4,36.1,0,57.3,32.1,26-35,0.665,Normal
8517,E-Scooter,2.99,13.79,23.61,30.86,87.2,77.3,1,4.4,19.3,26-35,0.877,Normal
8518,E-Scooter,1.68,4.99,15.93,21.9,29.9,24.8,4,4.2,27.6,46-60,0.888,Hard_Braking
8519,E-Scooter,1.88,8.14,18.26,24.48,49.0,45.3,0,31.0,9.6,18-25,0.793,Normal
8520,E-Scooter,3.16,9.27,17.39,19.96,63.0,59.3,4,13.2,17.3,36-45,0.844,Hard_Braking
8521,E-Scooter,3.79,17.07,17.95,21.92,26.4,14.0,0,7.7,34.3,26-35,0.792,Battery_Critical
8522,E-Bike,11.14,40.74,17.12,21.64,79.3,51.2,2,1.3,28.5,46-60,0.931,Improper_Parking
8523,E-Scooter,8.0,29.7,16.05,17.94,87.1,63.4,0,62.1,24.9,46-60,0.707,Normal
8524,E-Scooter,4.69,16.15,15.23,16.62,93.1,76.2,1,7.8,22.9,26-35,0.98,Battery_Critical
8525,E-Scooter,9.9,26.49,20.68,28.57,24.7,0.0,0,0.2,15.0,26-35,0.77,Battery_Critical
8526,E-Scooter,1.9,3.64,17.01,17.29,55.3,52.1,1,7.8,21.9,18-25,0.816,Normal
8527,E-Bike,1.9,9.18,12.0,12.33,90.1,90.3,0,2.8,26.7,60+,0.908,Normal
8528,E-Bike,6.17,29.15,10.39,10.96,92.4,67.2,3,19.0,17.7,26-35,0.613,Hard_Braking
8529,E-Bike,0.83,5.3,12.3,17.33,79.0,85.9,1,6.2,16.1,26-35,0.726,Normal
8530,E-Scooter,6.38,25.07,18.81,25.46,53.3,32.4,3,23.3,21.9,18-25,0.787,Hard_Braking
8531,E-Scooter,2.89,7.5,18.27,22.57,24.8,12.7,2,22.3,27.2,26-35,0.691,Battery_Critical
8532,E-Scooter,6.89,20.95,17.68,22.58,72.6,51.4,2,28.4,18.9,26-35,0.821,Hard_Braking
8533,E-Scooter,3.06,6.14,17.63,22.8,21.1,5.7,4,0.3,24.7,18-25,0.654,Battery_Critical
8534,E-Scooter,3.4,10.41,18.19,22.69,87.5,80.3,2,6.7,29.7,36-45,0.807,Normal
8535,E-Bike,2.39,14.34,12.72,14.87,67.7,51.3,1,6.0,27.3,26-35,0.99,Normal
8536,E-Scooter,1.5,5.79,17.99,25.79,29.5,17.6,3,2.9,14.4,18-25,0.657,Hard_Braking
8537,E-Scooter,1.53,4.98,24.28,26.08,50.8,39.1,1,71.3,26.1,26-35,0.581,Normal
8538,E-Scooter,0.3,2.0,15.28,17.21,49.6,50.1,0,38.7,40.9,18-25,0.777,Normal
8539,E-Bike,0.98,7.61,11.67,11.9,52.8,54.3,2,16.8,23.3,36-45,0.585,Battery_Critical
8540,E-Scooter,1.37,5.22,20.49,23.92,27.0,27.0,0,1.7,24.2,26-35,0.94,Normal
8541,E-Bike,1.88,6.86,13.59,17.17,72.2,69.6,2,48.9,4.8,18-25,0.832,Battery_Critical
8542,E-Bike,1.22,7.69,14.26,19.86,25.7,18.4,0,5.0,29.1,18-25,0.642,Battery_Critical
8543,E-Scooter,0.33,2.0,9.59,19.3,21.3,16.6,3,0.7,30.6,46-60,0.549,Battery_Critical
8544,E-Bike,1.17,2.45,15.83,20.52,32.6,28.6,4,104.3,34.2,46-60,0.868,Hard_Braking
8545,E-Scooter,6.1,22.77,14.31,24.09,51.5,31.8,0,18.6,14.4,36-45,0.793,Normal
8546,E-Scooter,1.41,4.69,13.87,18.47,32.9,31.4,3,58.4,27.6,18-25,0.748,Hard_Braking
8547,E-Bike,2.35,15.29,13.65,20.32,38.6,37.9,0,24.1,23.7,26-35,0.476,Normal
8548,E-Scooter,2.55,11.22,20.84,29.65,24.8,22.0,2,54.7,12.6,46-60,0.926,Normal
8549,E-Scooter,6.55,20.24,23.07,27.16,68.9,46.4,1,38.9,15.0,18-25,0.909,Hard_Braking
8550,E-Scooter,0.95,6.16,15.23,15.29,90.8,82.9,1,31.7,9.6,46-60,0.425,Hard_Braking
8551,E-Scooter,0.69,2.0,16.74,22.28,37.7,36.0,2,9.6,24.2,60+,0.846,Normal
8552,E-Scooter,5.86,24.1,12.29,19.96,61.7,39.4,1,35.7,36.7,26-35,0.784,Hard_Braking
8553,E-Bike,1.17,2.0,12.56,16.74,59.0,52.3,0,9.1,31.8,46-60,0.442,Battery_Critical
8554,E-Scooter,4.6,18.71,17.28,18.39,21.3,4.8,3,6.1,35.5,46-60,0.622,Battery_Critical
8555,E-Scooter,4.42,10.16,19.36,25.41,81.1,69.6,2,22.1,22.3,26-35,0.302,Improper_Parking
8556,E-Scooter,0.63,3.36,15.58,16.48,36.9,33.3,1,1.5,14.7,18-25,0.794,Normal
8557,E-Scooter,4.58,12.93,23.77,31.56,69.2,59.4,0,32.4,21.9,26-35,0.926,Battery_Critical
8558,E-Scooter,0.72,5.39,20.17,25.49,47.5,40.7,4,2.3,23.4,18-25,0.343,Improper_Parking
8559,E-Bike,1.42,2.0,17.63,24.67,51.3,55.7,3,9.0,27.7,36-45,0.898,Hard_Braking
8560,E-Bike,2.13,4.12,15.45,20.02,97.7,95.0,2,27.5,2.5,36-45,0.673,Normal
8561,E-Scooter,0.82,2.18,15.34,22.11,28.8,28.8,1,0.6,26.3,26-35,0.893,Normal
8562,E-Scooter,0.9,4.69,12.97,21.94,98.8,100.0,1,16.3,5.8,18-25,0.741,Normal
8563,E-Scooter,3.46,9.8,21.92,24.49,82.6,71.3,1,61.9,26.4,26-35,0.799,Normal
8564,E-Scooter,1.85,3.83,25.19,31.41,34.3,29.5,1,22.8,26.5,26-35,0.956,Normal
8565,E-Bike,4.04,16.58,14.56,19.02,89.9,74.6,0,6.2,23.8,26-35,0.762,Normal
8566,E-Scooter,9.66,16.5,24.93,30.71,54.5,17.6,1,10.4,27.4,18-25,0.963,Mechanical_Fault
8567,E-Bike,7.18,30.31,13.66,18.18,55.7,32.1,1,32.9,16.5,26-35,0.736,Normal
8568,E-Scooter,4.05,18.03,14.15,14.37,38.0,26.5,3,23.3,35.2,36-45,0.85,Hard_Braking
8569,E-Scooter,3.79,18.3,14.8,20.81,28.8,21.9,2,8.1,32.7,26-35,0.625,Battery_Critical
8570,E-Bike,4.05,23.11,13.38,17.19,33.8,29.4,2,49.5,25.7,36-45,0.764,Hard_Braking
8571,E-Bike,2.0,12.3,12.26,17.13,42.9,38.1,0,48.8,23.0,36-45,0.698,Normal
8572,E-Scooter,6.47,22.82,17.83,21.03,48.8,30.3,2,4.1,16.4,26-35,0.636,Hard_Braking
8573,E-Bike,0.51,3.71,18.42,27.63,46.1,44.5,1,14.1,37.8,26-35,0.632,Normal
8574,E-Scooter,4.62,10.72,27.12,34.27,81.0,59.0,1,12.3,16.7,36-45,0.603,Hard_Braking
8575,E-Bike,1.18,5.83,17.44,25.11,96.3,91.9,1,5.4,22.4,18-25,0.735,Normal
8576,E-Bike,3.53,13.58,16.62,24.66,41.3,29.2,2,32.9,26.1,36-45,0.786,Mechanical_Fault
8577,E-Scooter,3.52,11.37,16.54,28.36,75.0,60.7,0,5.3,24.2,36-45,0.86,Normal
8578,E-Scooter,1.49,2.25,18.15,30.13,58.1,58.5,1,12.2,29.5,26-35,0.319,Improper_Parking
8579,E-Bike,4.67,19.04,13.85,20.77,92.3,80.7,1,35.3,30.7,46-60,0.808,Normal
8580,E-Bike,3.35,24.4,9.1,16.65,41.8,32.4,1,29.2,25.7,18-25,0.594,Normal
8581,E-Scooter,1.7,6.11,21.17,24.22,80.4,72.4,2,5.3,15.0,36-45,0.938,Normal
8582,E-Scooter,5.94,23.54,18.98,21.45,87.1,67.0,1,8.2,18.5,46-60,0.915,Hard_Braking
8583,E-Scooter,6.77,16.83,20.42,20.79,28.9,7.4,0,0.1,13.8,18-25,0.835,Battery_Critical
8584,E-Scooter,0.65,2.0,19.17,28.68,25.7,30.4,1,4.0,29.2,36-45,0.753,Normal
8585,E-Bike,3.5,26.6,7.6,12.47,30.5,20.8,4,20.4,16.1,18-25,0.642,Hard_Braking
8586,E-Bike,4.1,17.76,13.15,18.81,98.0,87.3,2,8.7,32.3,18-25,0.535,Normal
8587,E-Scooter,2.9,18.61,13.09,16.49,33.0,24.7,0,17.4,33.1,18-25,0.755,Normal
8588,E-Bike,3.41,10.67,18.78,26.78,49.7,42.7,3,0.2,21.2,36-45,0.87,Hard_Braking
8589,E-Bike,6.16,23.72,12.28,20.43,36.3,21.4,3,5.3,15.7,26-35,0.868,Hard_Braking
8590,E-Bike,4.18,26.96,9.07,13.63,28.3,19.9,2,21.8,26.8,36-45,0.918,Hard_Braking
8591,E-Scooter,3.28,7.76,15.19,16.28,59.3,55.0,1,10.8,29.3,18-25,0.369,Improper_Parking
8592,E-Bike,5.33,60.05,5.06,12.65,78.5,63.6,0,8.2,33.1,18-25,0.525,Normal
8593,E-Scooter,1.08,5.93,18.2,24.42,53.3,53.3,0,20.0,18.6,36-45,0.781,Normal
8594,E-Bike,1.67,6.82,9.13,16.01,78.1,67.3,1,6.5,23.0,60+,0.472,Normal
8595,E-Bike,1.11,2.0,14.01,20.84,99.3,94.0,1,37.5,26.0,18-25,0.45,Hard_Braking
8596,E-Scooter,1.55,7.17,9.27,16.12,54.8,47.9,2,8.1,31.4,46-60,0.602,Normal
8597,E-Scooter,0.3,2.0,16.43,19.17,66.4,68.4,1,4.9,18.8,18-25,0.698,Normal
8598,E-Scooter,5.54,12.87,20.46,26.88,52.0,31.6,3,2.1,30.9,18-25,0.757,Hard_Braking
8599,E-Scooter,5.12,20.79,20.24,24.54,48.5,38.0,1,15.4,16.9,60+,0.849,Normal
8600,E-Bike,4.72,21.8,14.23,17.92,81.2,65.6,1,23.5,15.5,36-45,0.824,Hard_Braking
8601,E-Bike,2.39,7.82,13.8,15.57,43.8,39.4,2,57.6,17.0,18-25,0.988,Normal
8602,E-Scooter,1.71,3.57,23.29,30.87,28.2,21.1,0,38.4,29.9,26-35,0.943,Normal
8603,E-Scooter,2.3,6.62,17.98,26.03,89.5,77.7,2,33.6,34.2,26-35,0.523,Normal
8604,E-Bike,3.84,15.58,13.94,19.95,72.0,58.0,1,7.2,18.3,36-45,0.733,Normal
8605,E-Scooter,1.8,3.74,15.08,16.02,80.3,72.5,1,40.6,24.7,46-60,0.718,Normal
8606,E-Scooter,0.51,2.0,14.29,21.21,59.6,63.4,3,18.1,12.5,26-35,0.787,Battery_Critical
8607,E-Scooter,1.63,4.05,20.99,23.93,35.3,30.2,0,49.7,3.7,46-60,0.961,Normal
8608,E-Scooter,1.96,2.0,18.45,21.31,82.2,83.3,0,19.3,21.6,18-25,0.926,Normal
8609,E-Bike,5.35,30.6,11.96,19.43,22.1,0.0,0,27.9,17.8,18-25,0.664,Battery_Critical
8610,E-Bike,1.3,10.06,12.62,20.31,29.0,25.4,2,56.2,39.2,26-35,0.722,Mechanical_Fault
8611,E-Scooter,5.82,15.51,20.67,30.51,41.2,24.2,3,7.7,28.8,46-60,0.801,Mechanical_Fault
8612,E-Scooter,4.08,16.17,18.38,19.71,47.3,30.9,1,13.8,21.6,26-35,0.692,Normal
8613,E-Scooter,4.46,23.23,11.76,15.54,20.8,1.7,0,1.0,19.7,18-25,0.912,Battery_Critical
8614,E-Bike,0.77,6.52,10.18,15.26,73.9,78.8,2,15.0,15.9,18-25,0.944,Normal
8615,E-Scooter,1.76,9.6,16.88,24.51,46.3,42.8,1,38.2,14.6,26-35,0.966,Mechanical_Fault
8616,E-Scooter,7.31,15.78,24.06,28.54,71.6,48.7,0,5.2,25.8,18-25,0.867,Normal
8617,E-Bike,7.23,29.76,14.84,22.64,28.8,3.3,0,3.0,14.2,26-35,0.793,Battery_Critical
8618,E-Scooter,4.39,23.84,12.34,17.42,56.0,43.3,1,3.5,41.9,26-35,0.954,Normal
8619,E-Bike,0.84,8.66,10.46,17.63,97.2,97.0,0,14.5,13.6,36-45,0.452,Normal
8620,E-Bike,3.35,7.24,20.22,25.09,31.4,20.4,2,28.4,42.0,26-35,0.549,Normal
8621,E-Scooter,1.86,2.59,20.28,25.17,22.8,19.5,1,32.6,28.0,18-25,0.807,Normal
8622,E-Scooter,4.48,22.8,12.61,18.33,68.2,58.5,2,32.1,18.8,36-45,0.775,Normal
8623,E-Scooter,1.71,5.41,18.13,22.2,75.0,67.4,1,5.0,22.6,18-25,0.96,Normal
8624,E-Scooter,2.26,9.41,21.29,31.4,58.6,50.0,0,20.3,27.0,18-25,0.877,Normal
8625,E-Scooter,1.46,2.46,20.75,27.39,21.9,7.5,0,17.6,22.7,18-25,0.897,Battery_Critical
8626,E-Scooter,0.54,2.0,23.54,32.0,20.2,22.0,2,18.2,22.4,18-25,0.811,Hard_Braking
8627,E-Scooter,2.22,12.43,8.61,12.84,68.3,59.4,0,11.9,27.4,18-25,0.644,Normal
8628,E-Scooter,3.31,15.35,17.26,24.62,72.9,63.3,1,20.4,22.5,60+,0.758,Normal
8629,E-Bike,0.61,8.96,15.73,23.74,25.6,20.0,1,3.3,39.3,46-60,0.884,Normal
8630,E-Scooter,2.05,11.45,11.02,13.32,87.8,77.2,1,2.0,22.2,36-45,0.833,Hard_Braking
8631,E-Scooter,4.55,19.81,16.33,19.94,34.2,19.9,1,33.0,25.2,26-35,0.961,Improper_Parking
8632,E-Scooter,3.1,11.96,15.89,20.51,97.9,88.4,1,4.5,34.6,18-25,0.469,Normal
8633,E-Bike,3.2,12.55,12.99,20.95,70.8,66.1,1,3.1,28.7,18-25,0.997,Normal
8634,E-Scooter,2.34,7.19,14.62,17.71,37.4,29.4,1,10.1,37.1,26-35,0.47,Normal
8635,E-Bike,3.31,26.08,9.17,18.76,21.9,13.2,1,9.1,30.3,46-60,0.833,Battery_Critical
8636,E-Bike,5.99,34.26,9.57,15.77,58.7,54.2,2,8.1,28.5,,0.825,Normal
8637,E-Scooter,3.19,16.48,15.22,25.07,36.4,24.5,1,12.7,22.2,18-25,0.917,Normal
8638,E-Bike,4.11,12.16,15.19,20.89,95.0,85.4,0,78.2,19.2,36-45,0.85,Normal
8639,E-Bike,5.0,23.1,10.61,20.5,30.2,18.3,1,10.5,40.0,18-25,0.643,Normal
8640,E-Scooter,4.2,28.04,10.88,16.73,45.0,33.8,1,38.2,30.2,26-35,0.918,Normal
8641,E-Bike,1.63,7.21,16.48,18.5,83.5,75.1,1,15.4,27.8,36-45,0.446,Hard_Braking
8642,E-Scooter,7.83,27.75,19.94,23.96,66.2,55.3,1,42.2,25.9,26-35,0.7,Normal
8643,E-Bike,2.99,12.45,13.72,17.93,44.1,35.8,1,7.7,21.4,36-45,0.664,Normal
8644,E-Bike,1.04,2.0,9.91,13.71,72.8,75.8,0,59.6,36.4,26-35,0.663,Normal
8645,E-Bike,5.11,28.18,12.82,19.6,68.2,50.3,2,22.7,19.5,18-25,0.678,Hard_Braking
8646,E-Scooter,0.96,6.68,15.38,19.82,99.6,100.0,1,70.2,25.5,18-25,0.812,Normal
8647,E-Bike,0.72,2.0,14.76,20.94,56.8,56.5,2,0.2,31.9,26-35,0.942,Normal
8648,E-Scooter,1.39,11.76,16.82,21.68,82.6,88.1,1,0.5,20.2,26-35,0.946,Normal
8649,E-Bike,3.33,10.86,17.33,23.04,55.1,40.2,1,25.2,21.1,26-35,0.614,Normal
8650,E-Scooter,1.83,5.7,18.38,19.57,25.1,19.5,0,26.4,42.0,60+,0.739,Normal
8651,E-Scooter,5.89,16.85,21.74,30.34,51.2,32.4,1,51.9,30.5,26-35,0.778,Normal
8652,E-Scooter,5.91,21.33,19.43,27.6,45.5,19.5,1,41.2,23.0,26-35,0.848,Improper_Parking
8653,E-Bike,1.55,10.32,8.29,15.4,78.1,75.6,3,1.0,17.3,26-35,0.713,Hard_Braking
8654,E-Scooter,1.59,6.53,10.53,12.59,50.2,43.2,4,10.1,20.6,18-25,0.793,Hard_Braking
8655,E-Scooter,1.62,13.5,10.57,16.5,94.9,82.0,3,1.8,3.6,26-35,0.76,Hard_Braking
8656,E-Scooter,2.77,5.07,25.9,31.69,98.0,87.7,0,3.7,15.2,36-45,0.903,Normal
8657,E-Bike,3.22,10.0,14.63,24.71,91.1,85.4,1,11.7,29.8,36-45,0.645,Improper_Parking
8658,E-Scooter,7.6,35.98,11.5,21.05,61.5,35.9,1,1.6,30.1,18-25,0.739,Normal
8659,E-Bike,2.36,10.2,13.19,18.08,45.8,40.9,1,37.8,24.0,36-45,0.598,Mechanical_Fault
8660,E-Bike,5.99,23.56,19.03,23.3,92.2,71.3,0,4.1,27.4,60+,0.54,Normal
8661,E-Scooter,1.9,10.09,17.04,21.04,75.4,69.7,2,18.8,34.5,18-25,0.823,Hard_Braking
8662,E-Scooter,1.33,8.74,12.98,14.71,91.1,85.8,2,15.2,19.7,26-35,0.615,Hard_Braking
8663,E-Scooter,2.04,9.57,16.48,23.05,60.3,60.9,3,20.9,31.2,26-35,0.887,Mechanical_Fault
8664,E-Bike,4.0,18.91,12.43,13.81,27.2,16.5,3,3.6,29.1,46-60,0.836,Hard_Braking
8665,E-Scooter,0.31,3.79,15.49,26.33,44.1,47.2,3,6.4,24.2,36-45,0.801,Hard_Braking
8666,E-Scooter,1.05,2.45,13.26,13.66,58.7,50.1,3,22.9,18.7,60+,0.549,Hard_Braking
8667,E-Scooter,1.86,8.09,16.69,24.21,26.9,21.3,2,9.0,22.9,26-35,,Improper_Parking
8668,E-Scooter,1.75,9.18,14.64,19.06,48.2,42.3,1,1.9,25.9,18-25,0.689,Normal
8669,E-Bike,3.46,13.11,18.86,29.94,74.2,64.4,1,7.7,36.2,18-25,0.466,Normal
8670,E-Bike,1.08,7.68,14.92,22.67,92.3,88.7,0,1.8,24.1,26-35,0.931,Normal
8671,E-Bike,5.46,21.79,14.7,16.43,55.7,31.6,1,16.5,27.3,18-25,0.646,Normal
8672,E-Scooter,5.18,18.02,16.11,19.65,22.2,2.7,0,15.9,22.1,46-60,0.795,Battery_Critical
8673,E-Scooter,4.09,14.86,22.96,27.37,76.0,61.2,3,3.0,18.6,26-35,0.605,Hard_Braking
8674,E-Scooter,3.26,10.96,17.15,23.83,83.3,77.9,0,63.2,39.0,26-35,0.549,Mechanical_Fault
8675,E-Scooter,7.93,25.6,19.53,31.93,26.6,0.0,0,32.6,20.0,26-35,0.716,Battery_Critical
8676,E-Bike,2.43,13.43,12.87,14.7,90.1,87.7,2,6.0,30.6,46-60,0.786,Hard_Braking
8677,E-Bike,4.1,20.37,13.9,14.64,81.7,72.4,3,33.4,33.2,26-35,0.916,Normal
8678,E-Bike,6.01,28.22,12.17,14.97,25.5,4.0,2,1.0,19.0,18-25,0.62,Battery_Critical
8679,E-Bike,1.44,7.46,16.62,21.24,71.1,65.9,1,22.0,30.2,26-35,0.733,Normal
8680,E-Bike,2.84,9.78,15.4,24.68,63.2,58.9,0,29.5,24.1,26-35,0.41,Improper_Parking
8681,E-Scooter,0.5,2.38,12.25,12.37,84.3,79.0,1,25.4,32.9,26-35,0.812,Normal
8682,E-Bike,0.99,5.84,16.43,22.27,40.1,41.8,1,11.2,21.0,18-25,0.604,Normal
8683,E-Scooter,2.97,15.76,16.1,16.76,38.2,28.5,1,11.6,18.5,60+,0.615,Normal
8684,E-Scooter,2.58,12.24,14.9,20.15,32.1,16.3,1,10.0,18.3,18-25,0.96,Battery_Critical
8685,E-Scooter,1.21,2.0,17.81,24.72,84.6,82.1,4,45.3,22.9,18-25,0.524,Hard_Braking
8686,E-Scooter,6.48,21.08,15.79,27.83,84.3,65.3,1,42.4,31.0,26-35,0.788,Normal
8687,E-Bike,0.83,6.37,19.79,25.43,76.0,67.6,0,11.7,33.2,26-35,,Improper_Parking
8688,E-Bike,3.77,15.52,15.64,15.65,75.5,67.3,1,4.4,13.1,60+,0.82,Normal
8689,E-Bike,3.48,18.2,11.55,65.23,56.4,43.2,3,0.4,21.8,26-35,0.854,Hard_Braking
8690,E-Bike,2.75,12.81,18.78,23.4,80.4,69.5,1,12.7,24.3,36-45,0.497,Normal
8691,E-Bike,3.05,20.29,9.17,15.81,55.1,49.0,2,16.3,38.8,18-25,0.635,Normal
8692,E-Scooter,2.78,7.0,26.47,31.63,44.2,38.7,1,158.8,19.1,36-45,0.702,Mechanical_Fault
8693,E-Scooter,2.77,11.54,20.43,21.31,91.6,82.8,1,1.8,18.6,36-45,0.599,Normal
8694,E-Scooter,1.05,2.0,20.25,28.99,40.6,38.8,0,18.7,35.7,36-45,0.955,Normal
8695,E-Bike,1.53,9.07,15.42,20.93,93.6,86.3,4,18.5,26.5,26-35,0.952,Hard_Braking
8696,E-Scooter,1.58,10.46,12.07,19.65,30.8,25.6,3,16.7,25.3,18-25,0.851,Hard_Braking
8697,E-Scooter,3.03,9.97,14.36,20.32,31.3,24.5,3,41.6,29.2,18-25,0.857,Hard_Braking
8698,E-Scooter,1.14,2.0,20.81,26.66,99.8,91.9,0,17.7,18.4,46-60,0.828,Normal
8699,E-Scooter,0.89,2.05,14.72,19.63,38.1,28.7,2,38.5,20.4,26-35,0.316,Improper_Parking
8700,E-Scooter,0.39,2.0,16.42,20.86,87.5,88.3,1,37.2,31.1,18-25,0.342,Improper_Parking
8701,E-Bike,10.55,51.34,12.96,15.03,68.5,35.7,0,62.1,16.1,26-35,0.573,Normal
8702,E-Bike,1.21,6.34,16.71,20.02,83.8,78.6,0,5.8,27.6,26-35,0.703,Normal
8703,E-Scooter,2.14,6.6,20.6,24.03,40.1,30.5,1,65.6,18.7,18-25,0.534,Normal
8704,E-Scooter,6.95,19.99,23.26,30.95,96.2,78.2,0,5.2,20.8,26-35,0.732,Normal
8705,E-Bike,3.4,21.72,12.06,19.91,95.8,87.0,2,4.8,20.4,26-35,0.813,Mechanical_Fault
8706,E-Scooter,0.79,2.0,17.58,26.84,42.4,40.9,2,13.7,17.5,46-60,0.683,Normal
8707,E-Bike,0.85,2.0,9.29,17.6,46.5,46.0,1,57.0,21.0,46-60,0.753,Mechanical_Fault
8708,E-Scooter,8.87,24.83,20.1,22.96,86.3,60.8,1,6.1,36.3,36-45,0.961,Normal
8709,E-Scooter,4.76,25.58,11.95,18.3,76.4,63.8,2,33.2,13.8,18-25,0.632,Mechanical_Fault
8710,E-Bike,7.18,39.57,10.94,17.7,73.2,51.3,2,19.3,34.4,46-60,0.793,Normal
8711,E-Bike,7.32,36.47,11.54,14.36,92.0,64.8,3,2.5,17.5,18-25,0.743,Hard_Braking
8712,E-Bike,4.14,17.93,17.07,21.06,51.8,40.6,3,9.6,16.8,,0.74,Hard_Braking
8713,E-Scooter,6.11,18.37,21.09,29.1,95.2,75.3,1,6.0,23.4,60+,0.811,Normal
8714,E-Scooter,5.39,16.87,19.32,26.44,87.3,68.6,0,2.3,15.2,36-45,0.788,Normal
8715,E-Scooter,3.39,18.94,11.02,16.99,22.9,6.7,1,8.9,12.5,18-25,0.716,Battery_Critical
8716,E-Scooter,6.61,20.9,21.36,28.25,81.4,57.2,0,31.6,34.6,18-25,0.877,Normal
8717,E-Bike,8.09,44.37,10.95,11.89,46.9,19.1,2,26.5,31.8,18-25,0.815,Improper_Parking
8718,E-Bike,1.74,10.49,14.75,20.35,32.2,20.1,2,31.1,22.0,36-45,0.563,Mechanical_Fault
8719,E-Bike,9.59,36.21,14.36,18.48,28.4,0.0,0,14.9,33.1,26-35,0.55,Battery_Critical
8720,E-Bike,2.88,17.26,10.89,17.28,87.8,78.7,0,2.8,30.3,46-60,0.52,Mechanical_Fault
8721,E-Scooter,6.1,14.93,22.6,27.08,79.2,55.3,3,80.5,20.8,46-60,0.687,Hard_Braking
8722,E-Scooter,2.94,2.83,18.56,23.52,60.0,48.2,1,2.1,11.7,60+,0.794,Mechanical_Fault
8723,E-Bike,3.17,27.51,7.43,14.52,41.3,22.6,1,2.9,28.1,18-25,0.698,Normal
8724,E-Bike,8.59,52.79,10.23,12.9,63.3,43.5,2,22.9,28.4,26-35,0.871,Hard_Braking
8725,E-Scooter,4.58,20.67,14.84,20.89,68.9,52.5,1,7.2,27.1,36-45,0.8,Improper_Parking
8726,E-Scooter,4.82,13.64,25.51,30.66,91.8,83.6,1,14.8,24.5,46-60,0.98,Normal
8727,E-Bike,9.9,45.27,12.82,14.21,98.9,71.2,0,30.7,21.5,26-35,0.708,Normal
8728,E-Scooter,1.77,5.72,23.63,35.74,89.4,86.2,1,26.3,26.2,,0.778,Normal
8729,E-Scooter,4.26,14.96,14.44,17.11,29.5,24.6,2,11.5,28.3,46-60,0.833,Hard_Braking
8730,E-Scooter,0.58,4.87,23.53,29.79,26.1,20.5,0,47.0,35.3,18-25,0.699,Normal
8731,E-Scooter,1.61,6.83,10.67,11.4,65.1,56.4,0,2.5,31.4,60+,0.507,Normal
8732,E-Scooter,3.09,18.05,13.21,17.36,20.3,11.0,1,8.7,12.7,46-60,0.64,Normal
8733,E-Scooter,0.76,3.94,18.1,22.51,75.0,75.3,5,7.6,38.0,46-60,0.708,Hard_Braking
8734,E-Scooter,0.97,2.0,17.29,20.35,38.1,33.2,1,25.5,22.1,36-45,0.838,Battery_Critical
8735,E-Bike,3.2,15.7,13.96,18.84,72.9,56.2,4,12.6,30.0,18-25,0.791,Hard_Braking
8736,E-Scooter,6.81,20.9,20.07,25.68,65.5,44.2,2,46.3,39.4,26-35,0.965,Normal
8737,E-Scooter,4.69,11.63,24.72,25.17,78.8,60.8,5,4.9,15.4,36-45,0.779,Hard_Braking
8738,E-Scooter,1.07,2.0,16.06,18.64,66.1,68.9,3,3.9,28.1,18-25,0.92,Hard_Braking
8739,E-Scooter,5.16,20.28,14.75,22.04,46.7,23.9,2,5.4,42.0,26-35,0.765,Normal
8740,E-Bike,2.89,8.75,13.7,18.37,24.5,15.2,1,39.3,27.7,18-25,0.859,Mechanical_Fault
8741,E-Scooter,4.16,15.79,12.67,18.78,79.1,65.9,0,4.5,31.0,18-25,0.859,Normal
8742,E-Scooter,1.85,4.4,11.34,21.89,66.2,58.8,1,33.2,13.8,18-25,0.881,Hard_Braking
8743,E-Bike,0.81,2.07,14.92,19.94,59.8,54.8,2,11.2,23.5,36-45,0.779,Hard_Braking
8744,E-Scooter,3.4,13.12,14.6,22.81,85.6,80.5,0,4.9,29.2,46-60,0.77,Normal
8745,E-Scooter,1.89,16.09,9.88,12.66,86.2,76.5,1,17.7,8.5,60+,0.692,Battery_Critical
8746,E-Scooter,2.01,6.4,13.66,22.13,37.2,32.8,3,6.9,21.9,46-60,0.798,Normal
8747,E-Scooter,4.25,17.06,17.04,28.42,69.7,60.0,3,46.1,29.2,36-45,0.907,Hard_Braking
8748,E-Scooter,1.19,2.58,21.27,23.77,46.4,44.8,0,11.6,11.1,18-25,0.903,Normal
8749,E-Bike,1.27,4.99,12.87,20.3,60.3,56.5,0,35.8,22.8,46-60,0.578,Normal
8750,E-Scooter,0.6,2.26,18.13,27.9,42.8,43.7,2,25.3,36.2,18-25,0.857,Hard_Braking
8751,E-Scooter,1.24,6.5,15.21,19.83,23.3,20.2,0,15.8,23.6,36-45,0.852,Normal
8752,E-Bike,4.14,23.97,13.05,15.69,59.7,41.9,2,27.6,34.9,26-35,0.942,Normal
8753,E-Scooter,0.4,4.12,19.2,24.6,46.1,42.9,0,41.1,26.5,36-45,,Mechanical_Fault
8754,E-Bike,1.06,3.24,12.85,16.04,28.3,20.4,1,15.5,17.8,18-25,0.935,Normal
8755,E-Scooter,4.28,17.01,14.96,17.78,22.0,4.6,1,19.2,25.1,18-25,0.683,Battery_Critical
8756,E-Bike,3.0,9.82,17.91,20.19,28.3,17.1,2,82.4,13.8,36-45,0.914,Hard_Braking
8757,E-Scooter,0.5,3.16,22.18,32.25,58.0,59.3,1,19.4,20.5,46-60,0.643,Normal
8758,E-Scooter,2.73,8.3,11.55,15.99,20.7,4.5,1,18.8,19.9,46-60,0.759,Battery_Critical
8759,E-Bike,5.47,33.16,10.65,17.57,91.2,68.4,0,10.2,8.4,26-35,0.925,Normal
8760,E-Scooter,1.33,4.51,15.71,18.84,99.0,92.7,1,15.1,10.2,26-35,0.865,Battery_Critical
8761,E-Bike,0.87,5.2,12.09,20.65,64.8,68.4,0,55.4,32.2,18-25,0.442,Mechanical_Fault
8762,E-Bike,0.73,4.97,18.33,29.32,55.9,50.6,3,4.7,7.5,18-25,0.85,Hard_Braking
8763,E-Scooter,6.08,18.45,20.48,21.31,23.9,7.3,0,44.1,18.3,26-35,0.723,Battery_Critical
8764,E-Bike,4.33,32.18,10.25,16.25,32.9,23.5,0,33.5,27.7,26-35,0.729,Normal
8765,E-Scooter,4.13,14.19,14.67,17.4,76.5,62.1,1,41.5,27.7,36-45,0.599,Normal
8766,E-Scooter,8.14,19.9,23.03,27.72,75.6,42.8,1,9.9,37.0,18-25,0.96,Normal
8767,E-Scooter,6.23,24.45,15.94,20.66,34.9,18.3,5,29.5,8.0,26-35,0.675,Hard_Braking
8768,E-Scooter,0.78,6.78,13.88,18.39,96.9,98.8,1,1.8,15.8,26-35,0.242,Improper_Parking
8769,E-Bike,4.64,18.57,14.5,19.74,56.4,44.2,1,10.4,36.2,26-35,0.687,Normal
8770,E-Bike,2.47,9.3,14.74,21.18,54.9,50.5,1,31.6,23.2,18-25,0.965,Normal
8771,E-Scooter,13.5,48.43,15.87,20.5,93.3,50.1,3,34.9,10.0,26-35,0.551,Mechanical_Fault
8772,E-Scooter,5.07,19.76,18.98,26.99,51.3,37.0,0,25.5,15.1,26-35,0.773,Mechanical_Fault
8773,E-Bike,2.94,7.71,21.47,23.45,66.0,63.1,1,4.2,10.6,46-60,0.913,Normal
8774,E-Bike,1.64,4.1,12.26,16.73,53.7,49.3,2,11.6,26.2,36-45,0.346,Improper_Parking
8775,E-Scooter,4.1,13.18,16.81,20.6,61.2,47.9,3,27.5,24.1,18-25,0.625,Mechanical_Fault
8776,E-Scooter,2.14,9.78,18.56,24.95,49.3,46.0,3,23.0,29.1,26-35,0.53,Hard_Braking
8777,E-Scooter,7.19,31.07,11.67,13.06,62.4,38.9,2,8.2,14.5,36-45,0.773,Hard_Braking
8778,E-Bike,6.16,21.38,17.1,19.15,29.4,6.7,0,16.4,26.0,18-25,,Battery_Critical
8779,E-Bike,4.37,21.1,11.38,18.76,86.5,73.5,0,14.2,30.2,26-35,0.482,Normal
8780,E-Scooter,3.64,11.44,20.49,29.12,73.0,60.3,1,4.0,15.2,18-25,0.748,Normal
8781,E-Scooter,2.89,23.26,9.25,11.68,37.9,26.2,1,7.3,30.3,18-25,0.626,Normal
8782,E-Bike,1.14,5.72,14.35,14.68,74.7,70.3,1,0.8,17.7,26-35,0.558,Hard_Braking
8783,E-Bike,1.3,13.84,10.62,18.84,44.2,36.8,3,2.1,35.7,26-35,0.867,Hard_Braking
8784,E-Scooter,3.49,16.14,18.25,25.89,71.0,58.4,1,24.3,32.4,26-35,0.212,Improper_Parking
8785,E-Bike,9.51,30.63,21.17,27.25,83.5,57.5,1,5.0,29.5,18-25,0.922,Improper_Parking
8786,E-Scooter,5.39,19.8,17.33,18.38,48.3,36.2,2,0.8,23.3,46-60,0.806,Normal
8787,E-Scooter,2.41,11.82,16.17,19.69,32.1,24.3,3,8.0,15.5,60+,0.377,Improper_Parking
8788,E-Scooter,8.61,36.71,13.45,17.4,69.6,41.8,0,2.0,16.6,26-35,0.934,Normal
8789,E-Scooter,1.35,2.0,20.71,25.97,57.3,54.2,1,29.8,36.7,36-45,0.746,Normal
8790,E-Scooter,2.22,3.27,16.08,21.16,80.1,75.5,2,8.2,14.3,18-25,0.62,Normal
8791,E-Bike,6.7,25.75,16.44,23.52,49.6,29.3,0,11.8,33.1,26-35,0.786,Normal
8792,E-Scooter,0.3,2.0,16.01,19.27,83.7,81.6,1,0.5,26.6,18-25,0.855,Mechanical_Fault
8793,E-Scooter,1.49,6.48,15.1,18.46,67.7,68.7,4,25.6,30.1,26-35,0.682,Hard_Braking
8794,E-Scooter,0.37,2.0,17.17,23.63,50.4,49.3,0,4.4,20.8,26-35,0.75,Normal
8795,E-Bike,4.85,31.16,9.94,14.62,47.1,32.1,0,25.8,26.1,26-35,0.974,Normal
8796,E-Bike,0.94,2.0,15.32,19.33,22.9,20.4,1,1.9,19.4,36-45,0.604,Normal
8797,E-Scooter,0.31,2.61,13.47,18.35,49.9,51.9,1,17.1,21.5,26-35,0.696,Battery_Critical
8798,E-Bike,3.77,20.17,13.76,16.11,32.1,12.2,2,53.2,42.0,26-35,0.566,Battery_Critical
8799,E-Scooter,3.92,9.29,24.8,28.47,66.2,45.3,1,33.8,25.6,26-35,0.863,Hard_Braking
8800,E-Scooter,2.97,5.32,20.87,27.79,69.3,58.6,3,4.7,17.6,26-35,0.602,Hard_Braking
8801,E-Scooter,4.34,13.17,17.92,24.13,43.5,32.3,2,3.8,22.3,18-25,0.941,Normal
8802,E-Scooter,1.75,2.0,23.01,25.51,24.8,17.1,2,3.0,21.1,36-45,0.708,Normal
8803,E-Bike,2.8,13.5,14.04,20.87,35.9,30.2,2,7.1,17.8,26-35,0.88,Normal
8804,E-Scooter,1.55,3.23,16.65,18.89,24.0,17.6,3,2.0,16.0,18-25,0.804,Battery_Critical
8805,E-Scooter,1.33,5.48,20.93,23.8,98.8,89.3,1,31.9,37.2,46-60,0.806,Normal
8806,E-Scooter,2.55,7.93,15.08,21.86,79.7,69.1,2,3.7,17.1,18-25,0.623,Hard_Braking
8807,E-Scooter,1.27,2.0,21.65,26.72,87.3,80.6,0,11.3,34.5,36-45,0.723,Normal
8808,E-Scooter,9.67,46.55,13.49,17.99,62.1,38.0,2,5.5,30.5,18-25,0.496,Normal
8809,E-Scooter,5.16,10.89,23.47,28.87,65.7,52.9,1,35.9,32.5,36-45,0.81,Normal
8810,E-Scooter,4.9,23.02,12.74,12.84,34.2,24.9,3,73.3,24.7,60+,0.798,Hard_Braking
8811,E-Bike,1.51,15.75,10.62,13.81,30.4,24.1,0,24.8,23.3,26-35,0.874,Normal
8812,E-Bike,6.18,37.46,10.41,16.91,67.8,46.3,0,5.5,23.8,18-25,0.955,Normal
8813,E-Scooter,4.27,14.52,15.11,20.77,99.7,92.8,0,6.8,14.6,46-60,0.273,Improper_Parking
8814,E-Bike,0.67,4.18,9.97,18.83,78.8,73.0,1,3.1,30.5,46-60,0.736,Normal
8815,E-Bike,4.39,18.98,15.62,17.26,70.6,58.5,0,3.1,30.6,36-45,0.914,Normal
8816,E-Scooter,4.97,14.87,20.97,25.67,26.1,12.9,1,8.5,29.3,18-25,0.749,Battery_Critical
8817,E-Scooter,5.76,12.62,23.03,26.9,43.2,23.9,2,7.7,23.9,36-45,0.491,Hard_Braking
8818,E-Scooter,2.46,3.09,24.28,28.56,59.7,55.0,0,39.2,28.0,18-25,0.733,Normal
8819,E-Scooter,1.27,4.34,11.18,15.56,42.2,40.2,1,26.1,36.6,36-45,0.912,Normal
8820,E-Scooter,3.27,15.21,16.4,26.06,76.5,64.8,1,36.7,26.4,46-60,0.693,Battery_Critical
8821,E-Scooter,3.85,10.49,19.23,23.39,47.4,36.9,1,62.9,30.6,46-60,0.964,Normal
8822,E-Scooter,7.26,33.04,14.03,19.66,57.9,39.3,2,30.7,27.2,18-25,0.749,Battery_Critical
8823,E-Scooter,1.01,2.0,24.56,33.83,51.7,50.9,0,6.2,37.2,18-25,0.738,Normal
8824,E-Bike,4.82,11.94,17.69,17.89,80.2,66.2,5,19.7,30.3,18-25,0.708,Hard_Braking
8825,E-Bike,5.83,25.65,14.6,21.8,28.5,5.8,0,47.7,20.9,36-45,0.868,Battery_Critical
8826,E-Scooter,1.04,11.99,16.94,21.73,90.2,90.6,0,2.5,30.7,18-25,0.817,Normal
8827,E-Bike,4.28,25.49,11.21,19.15,38.4,30.2,1,130.5,29.8,26-35,0.897,Mechanical_Fault
8828,E-Bike,6.86,24.86,17.45,21.43,30.5,6.8,0,9.8,24.5,18-25,0.651,Battery_Critical
8829,E-Scooter,9.78,32.93,16.9,24.49,26.0,0.0,0,30.6,24.9,26-35,0.687,Battery_Critical
8830,E-Scooter,0.89,2.0,13.98,24.31,89.2,88.5,0,2.3,17.4,18-25,0.519,Normal
8831,E-Bike,3.11,29.59,5.99,6.59,79.4,68.2,1,2.7,14.9,18-25,0.612,Hard_Braking
8832,E-Bike,2.85,2.0,13.98,20.33,43.6,35.9,2,48.5,19.3,18-25,0.703,Mechanical_Fault
8833,E-Scooter,3.36,11.48,14.32,21.42,28.2,17.3,0,35.0,22.4,36-45,0.713,Normal
8834,E-Scooter,2.91,8.05,20.88,25.01,37.3,30.5,2,4.7,4.1,18-25,0.437,Improper_Parking
8835,E-Scooter,4.37,11.42,21.47,28.18,80.9,66.3,1,61.8,37.5,36-45,0.725,Hard_Braking
8836,E-Bike,3.16,26.71,7.73,10.88,41.1,27.5,0,33.7,24.9,18-25,0.906,Normal
8837,E-Scooter,5.05,19.59,17.38,20.18,96.4,82.4,1,37.7,29.2,26-35,0.806,Normal
8838,E-Bike,4.9,26.93,12.17,14.08,95.4,77.1,1,0.9,17.4,46-60,0.728,Normal
8839,E-Bike,7.47,26.26,16.04,21.82,64.7,41.0,4,2.7,18.6,18-25,0.774,Hard_Braking
8840,E-Scooter,1.77,13.04,17.44,19.94,40.7,35.5,1,0.4,26.9,36-45,0.994,Normal
8841,E-Bike,4.59,29.34,9.95,17.07,86.5,64.5,1,11.8,13.9,26-35,0.757,Mechanical_Fault
8842,E-Bike,2.9,18.28,10.84,16.26,23.9,14.2,1,27.3,16.4,36-45,0.838,Normal
8843,E-Scooter,5.57,17.34,15.32,19.65,89.4,69.0,1,11.2,29.1,18-25,0.721,Mechanical_Fault
8844,E-Bike,5.46,28.23,10.94,20.54,63.9,45.3,0,24.0,33.4,26-35,0.662,Mechanical_Fault
8845,E-Scooter,1.25,5.68,21.29,25.05,89.7,85.4,1,32.6,22.4,36-45,0.976,Normal
8846,E-Bike,1.86,6.06,16.54,21.34,20.6,8.8,3,10.9,17.8,36-45,0.729,Battery_Critical
8847,E-Bike,4.0,39.38,5.72,11.55,40.6,22.6,5,55.0,26.5,36-45,0.667,Hard_Braking
8848,E-Bike,5.34,25.35,12.89,17.69,77.2,63.1,1,14.8,32.0,36-45,0.458,Normal
8849,E-Scooter,2.33,3.71,18.04,19.42,74.7,64.1,1,31.0,27.8,36-45,0.97,Normal
8850,E-Scooter,5.8,25.43,12.61,20.11,53.5,40.4,1,22.6,28.0,18-25,0.396,Improper_Parking
8851,E-Scooter,2.05,8.43,16.04,16.21,38.9,32.3,3,7.0,20.9,26-35,0.864,Improper_Parking
8852,E-Bike,0.9,2.0,17.69,25.42,62.1,60.7,1,57.2,28.1,36-45,0.902,Normal
8853,E-Scooter,2.37,6.38,16.18,23.9,68.0,64.7,0,17.7,26.4,26-35,0.892,Normal
8854,E-Bike,1.79,9.52,12.52,18.62,60.8,62.4,3,6.5,29.2,18-25,0.793,Hard_Braking
8855,E-Bike,1.41,7.35,18.37,21.52,47.9,47.6,2,55.1,24.6,26-35,0.946,Mechanical_Fault
8856,E-Bike,1.5,5.58,16.86,21.88,46.7,35.9,2,15.1,21.0,26-35,0.75,Hard_Braking
8857,E-Bike,0.8,4.55,11.68,20.21,98.5,100.0,0,19.1,19.9,18-25,0.965,Normal
8858,E-Scooter,1.86,2.0,12.23,16.57,30.7,23.6,1,6.1,33.2,26-35,0.801,Improper_Parking
8859,E-Scooter,2.34,5.43,13.65,18.93,26.4,27.0,1,2.0,35.5,18-25,0.971,Normal
8860,E-Bike,2.69,13.11,13.59,21.51,47.3,41.8,1,1.4,29.6,18-25,0.789,Normal
8861,E-Scooter,1.32,2.0,14.15,19.25,20.6,18.2,2,32.9,21.5,18-25,0.25,Improper_Parking
8862,E-Scooter,2.58,10.99,20.54,29.85,92.8,85.8,1,26.3,35.4,26-35,0.476,Mechanical_Fault
8863,E-Scooter,2.76,14.19,12.82,16.22,23.2,11.0,2,54.2,24.4,36-45,0.686,Mechanical_Fault
8864,E-Scooter,4.71,19.05,16.38,22.76,51.0,39.1,1,10.2,27.1,26-35,0.852,Improper_Parking
8865,E-Bike,1.75,7.65,16.06,23.3,77.3,73.6,0,14.8,21.3,26-35,0.641,Normal
8866,E-Bike,2.69,11.17,14.06,20.66,41.8,37.8,1,3.0,24.5,26-35,0.73,Normal
8867,E-Bike,0.69,3.68,12.45,15.78,49.3,45.0,3,53.5,27.1,18-25,0.752,Battery_Critical
8868,E-Bike,1.78,5.87,13.21,15.35,42.3,42.0,1,3.6,37.6,36-45,0.732,Normal
8869,E-Scooter,4.45,19.03,17.3,25.29,56.2,38.5,0,13.3,24.4,18-25,0.823,Mechanical_Fault
8870,E-Bike,2.0,8.47,12.34,22.7,61.5,51.7,2,4.1,39.8,36-45,0.954,Normal
8871,E-Bike,0.53,6.17,15.72,17.21,36.4,30.1,1,5.6,18.9,26-35,0.744,Normal
8872,E-Bike,1.65,7.76,12.26,24.64,25.0,15.2,3,10.7,22.0,18-25,0.875,Battery_Critical
8873,E-Scooter,9.67,25.69,18.97,24.53,89.2,54.8,2,4.6,34.8,46-60,0.651,Normal
8874,E-Scooter,0.36,2.0,10.25,11.91,59.9,56.3,0,27.9,21.7,26-35,0.712,Normal
8875,E-Bike,2.45,13.56,12.32,22.32,68.5,56.8,0,9.6,27.2,26-35,0.747,Normal
8876,E-Scooter,10.56,40.45,16.1,19.97,73.2,47.7,1,10.5,32.0,18-25,0.695,Normal
8877,E-Bike,1.41,6.05,10.32,18.73,32.7,31.3,1,138.1,16.6,46-60,0.55,Mechanical_Fault
8878,E-Scooter,3.08,16.09,14.1,27.8,87.4,78.6,0,4.1,11.6,26-35,0.905,Normal
8879,E-Scooter,0.91,8.97,15.46,22.87,75.9,72.2,1,12.5,12.2,18-25,0.789,Improper_Parking
8880,E-Bike,5.01,18.36,14.39,22.09,37.0,19.9,1,9.2,16.7,18-25,0.628,Mechanical_Fault
8881,E-Scooter,1.82,7.08,17.43,18.61,83.8,77.7,2,3.9,23.0,60+,0.884,Hard_Braking
8882,E-Bike,2.23,5.41,14.59,21.26,35.9,33.3,1,2.9,16.6,46-60,0.802,Normal
8883,E-Scooter,2.9,11.9,20.14,27.37,52.2,43.3,1,4.0,19.5,36-45,0.965,Normal
8884,E-Scooter,5.02,27.61,11.76,19.46,85.1,69.4,1,5.0,32.9,46-60,0.741,Mechanical_Fault
8885,E-Scooter,2.02,7.23,19.93,27.51,37.3,40.7,1,1.4,22.9,26-35,0.737,Normal
8886,E-Scooter,5.33,14.7,19.81,22.1,69.1,50.0,1,0.2,13.6,26-35,0.962,Normal
8887,E-Bike,1.6,7.94,11.98,14.75,92.6,81.8,0,41.0,16.8,36-45,0.819,Mechanical_Fault
8888,E-Scooter,3.2,10.11,19.59,22.19,94.4,85.1,0,3.4,30.4,18-25,0.484,Normal
8889,E-Scooter,1.06,5.83,11.54,15.41,77.8,81.0,1,20.7,24.1,46-60,0.979,Normal
8890,E-Bike,0.82,3.6,11.32,20.53,52.9,59.4,0,40.3,24.3,36-45,0.585,Normal
8891,E-Bike,0.77,2.45,12.58,19.21,46.7,44.4,2,6.0,33.2,46-60,0.937,Normal
8892,E-Bike,2.69,17.18,9.29,12.55,80.9,70.1,0,54.9,19.4,26-35,0.774,Mechanical_Fault
8893,E-Scooter,1.17,4.25,10.2,15.31,68.8,70.7,2,4.8,15.6,36-45,0.611,Hard_Braking
8894,E-Scooter,3.47,8.43,19.94,28.14,55.8,40.6,2,77.2,33.0,46-60,0.681,Hard_Braking
8895,E-Scooter,7.15,49.75,9.44,14.19,29.6,7.4,2,2.2,22.6,46-60,0.934,Battery_Critical
8896,E-Scooter,3.97,19.08,18.04,28.44,70.7,58.0,2,6.0,20.3,36-45,0.817,Hard_Braking
8897,E-Scooter,1.2,8.95,16.69,20.35,35.6,34.5,1,16.3,29.1,36-45,0.417,Improper_Parking
8898,E-Scooter,3.45,13.84,20.27,27.14,86.7,73.1,1,15.7,22.6,18-25,0.896,Normal
8899,E-Scooter,8.25,38.14,13.3,21.09,42.9,15.0,2,2.4,12.6,36-45,0.898,Battery_Critical
8900,E-Bike,4.94,22.42,15.13,21.31,87.5,67.2,1,47.2,29.7,36-45,0.955,Hard_Braking
8901,E-Bike,3.19,14.54,15.01,20.9,43.6,32.0,3,66.2,25.7,26-35,0.663,Hard_Braking
8902,E-Scooter,4.53,12.42,20.99,22.5,85.3,78.8,2,4.2,29.7,36-45,0.475,Normal
8903,E-Bike,1.29,7.74,15.64,21.92,35.9,34.6,1,3.6,22.7,36-45,0.794,Normal
8904,E-Scooter,2.41,9.15,18.62,18.65,84.7,82.5,1,17.8,29.4,60+,0.498,Mechanical_Fault
8905,E-Bike,2.0,9.24,13.53,15.14,67.0,57.4,0,35.7,24.2,18-25,0.896,Normal
8906,E-Bike,3.26,8.93,15.85,23.02,54.0,46.4,1,15.5,30.2,26-35,0.825,Normal
8907,E-Scooter,0.51,2.0,18.05,22.03,57.4,61.1,1,1.1,25.8,26-35,0.986,Normal
8908,E-Scooter,1.12,8.38,13.65,23.26,48.8,48.6,1,10.2,28.1,26-35,0.747,Normal
8909,E-Bike,2.89,17.49,9.49,14.09,40.0,36.6,0,3.1,19.6,36-45,0.888,Normal
8910,E-Bike,1.07,7.03,13.47,18.93,48.3,42.6,2,1.1,22.3,46-60,0.584,Hard_Braking
8911,E-Scooter,3.2,15.79,17.23,23.05,48.8,40.0,1,7.4,31.2,18-25,0.439,Hard_Braking
8912,E-Scooter,5.81,28.33,12.3,18.69,84.6,62.6,2,1.5,36.9,36-45,0.84,Improper_Parking
8913,E-Bike,2.74,10.88,13.16,20.55,99.3,89.7,1,19.3,20.2,60+,0.634,Normal
8914,E-Scooter,3.68,22.54,8.84,13.11,95.7,77.4,2,0.3,23.3,36-45,0.884,Normal
8915,E-Bike,3.57,8.3,13.91,26.62,85.6,73.1,2,30.1,15.9,60+,0.788,Normal
8916,E-Bike,10.07,55.04,10.17,17.88,76.2,45.8,4,3.5,19.2,26-35,0.682,Hard_Braking
8917,E-Scooter,1.99,10.53,15.68,18.94,34.1,29.1,2,5.8,9.7,18-25,0.815,Hard_Braking
8918,E-Scooter,3.01,7.01,22.4,29.12,69.9,55.7,1,19.9,19.1,26-35,0.676,Normal
8919,E-Scooter,6.43,25.6,15.75,21.63,94.9,76.4,1,9.5,27.0,26-35,0.853,Improper_Parking
8920,E-Scooter,3.6,7.23,18.59,26.61,57.1,44.0,0,19.4,28.0,26-35,0.826,Normal
8921,E-Bike,4.01,21.54,11.61,13.27,67.8,60.7,0,36.3,33.6,46-60,0.833,Mechanical_Fault
8922,E-Scooter,1.49,4.88,17.53,21.98,78.1,70.5,0,5.4,35.9,18-25,0.66,Normal
8923,E-Scooter,2.02,14.8,12.16,16.01,98.7,92.9,2,44.8,30.0,26-35,0.885,Mechanical_Fault
8924,E-Bike,2.89,11.52,11.25,18.3,28.9,23.9,1,8.0,13.0,26-35,0.583,Normal
8925,E-Scooter,3.91,15.08,16.42,18.54,23.6,15.3,0,8.6,24.5,18-25,0.743,Normal
8926,E-Scooter,2.76,10.94,23.82,28.81,20.8,14.0,0,56.9,38.3,36-45,0.7,Battery_Critical
8927,E-Scooter,0.92,2.0,15.43,18.86,40.6,34.6,2,14.4,20.8,36-45,0.973,Normal
8928,E-Scooter,3.59,9.13,22.06,27.09,62.1,51.7,2,13.4,28.3,26-35,0.791,Normal
8929,E-Scooter,3.77,10.89,16.48,24.98,80.7,72.5,1,8.8,15.0,60+,0.802,Hard_Braking
8930,E-Scooter,0.44,2.0,20.66,31.61,75.5,65.2,0,39.1,25.8,60+,0.701,Normal
8931,E-Bike,0.78,2.0,8.34,16.04,45.2,49.8,0,9.5,27.9,36-45,0.933,Normal
8932,E-Bike,0.82,2.0,16.52,26.23,69.1,69.0,1,8.0,7.9,60+,0.728,Normal
8933,E-Bike,2.34,8.25,12.79,19.33,91.5,86.3,2,32.3,24.7,18-25,0.678,Normal
8934,E-Scooter,7.62,26.24,15.87,20.24,78.4,49.9,0,0.4,21.9,60+,0.739,Normal
8935,E-Scooter,4.66,15.21,19.66,24.38,78.6,64.4,0,35.1,24.5,36-45,0.721,Normal
8936,E-Bike,4.22,28.03,11.18,12.56,55.4,46.5,1,12.0,24.1,18-25,0.869,Normal
8937,E-Scooter,6.0,68.5,5.06,9.31,73.7,52.2,2,8.4,27.9,36-45,0.483,Improper_Parking
8938,E-Scooter,2.36,6.62,16.73,23.55,46.9,44.7,2,27.7,17.3,36-45,0.659,Hard_Braking
8939,E-Scooter,3.11,8.92,23.72,27.87,31.2,18.0,1,5.7,15.8,18-25,0.872,Battery_Critical
8940,E-Scooter,2.57,19.7,15.56,27.84,85.2,83.0,3,10.0,19.7,46-60,0.838,Normal
8941,E-Scooter,1.56,2.0,25.07,28.64,31.3,25.2,0,9.2,18.5,26-35,0.672,Normal
8942,E-Scooter,1.61,9.85,10.37,10.61,86.2,80.0,2,35.7,29.4,60+,0.801,Normal
8943,E-Scooter,1.34,13.57,7.08,8.02,20.6,28.7,1,9.0,14.4,36-45,0.719,Normal
8944,E-Bike,7.03,36.9,12.29,17.19,25.7,6.2,3,2.5,24.8,36-45,0.644,Battery_Critical
8945,E-Bike,2.91,15.9,16.21,25.79,59.0,44.3,1,8.4,-0.1,36-45,0.769,Hard_Braking
8946,E-Bike,0.3,4.47,10.28,14.29,83.2,75.3,1,5.9,25.6,18-25,0.717,Hard_Braking
8947,E-Bike,2.3,8.09,14.33,19.44,22.0,13.3,3,6.0,25.6,26-35,0.953,Battery_Critical
8948,E-Scooter,0.3,2.0,21.21,32.63,23.3,19.3,0,2.4,28.3,26-35,0.766,Battery_Critical
8949,E-Bike,2.15,12.77,12.31,15.23,43.4,35.8,1,72.3,40.5,36-45,0.777,Normal
8950,E-Scooter,1.7,2.95,18.31,23.03,52.2,47.8,1,24.5,10.2,18-25,0.621,Normal
8951,E-Scooter,2.75,12.62,12.25,15.14,98.5,82.7,1,4.7,13.8,26-35,0.655,Normal
8952,E-Bike,4.29,21.1,11.95,17.6,46.2,33.3,1,41.2,19.3,18-25,0.699,Normal
8953,E-Scooter,0.3,2.0,12.08,16.45,61.7,57.7,2,2.3,36.2,18-25,0.944,Improper_Parking
8954,E-Bike,0.85,2.68,16.38,22.36,46.3,44.1,1,28.2,14.4,36-45,0.761,Normal
8955,E-Scooter,1.62,5.05,13.09,24.2,51.0,48.1,2,3.1,39.1,26-35,0.595,Normal
8956,E-Scooter,6.0,32.81,9.33,11.44,72.1,52.1,1,21.7,23.5,18-25,0.551,Normal
8957,E-Bike,0.3,2.0,12.22,17.66,73.7,73.2,2,0.4,35.2,46-60,0.636,Hard_Braking
8958,E-Bike,1.34,7.91,12.44,18.16,58.5,56.7,2,30.7,7.4,26-35,0.916,Mechanical_Fault
8959,E-Bike,2.99,9.51,14.76,20.2,21.2,3.0,0,71.9,15.3,18-25,0.664,Battery_Critical
8960,E-Bike,3.2,17.75,11.98,17.33,51.3,37.1,0,12.4,27.7,36-45,0.66,Normal
8961,E-Bike,3.02,13.54,14.77,15.86,83.4,75.5,3,5.9,11.4,60+,0.818,Hard_Braking
8962,E-Scooter,6.21,24.52,20.57,27.98,34.5,20.0,1,45.3,27.8,18-25,0.787,Normal
8963,E-Bike,5.5,26.58,12.97,20.24,91.8,76.2,1,6.3,29.9,18-25,0.883,Normal
8964,E-Bike,0.94,7.6,10.94,17.05,51.2,47.6,1,4.8,16.6,26-35,0.919,Normal
8965,E-Bike,2.95,16.55,10.73,20.77,95.9,88.7,1,31.1,14.6,36-45,0.861,Hard_Braking
8966,E-Bike,2.93,13.96,11.04,17.56,91.2,82.0,1,17.6,42.0,36-45,0.857,Normal
8967,E-Scooter,3.4,6.32,20.85,29.59,70.2,59.2,1,46.9,8.7,36-45,,Normal
8968,E-Bike,3.85,6.53,19.62,28.38,27.2,18.5,0,18.2,41.9,46-60,0.941,Normal
8969,E-Bike,3.76,15.85,13.28,16.49,81.4,71.2,0,35.2,24.3,26-35,0.796,Normal
8970,E-Bike,2.8,14.03,13.92,20.04,68.0,57.5,1,4.6,30.7,,0.965,Normal
8971,E-Bike,4.34,16.43,12.51,18.24,59.0,44.8,1,39.3,38.5,18-25,0.649,Normal
8972,E-Bike,0.56,7.14,8.1,12.69,28.2,29.4,4,23.2,19.4,26-35,0.789,Hard_Braking
8973,E-Scooter,1.07,2.25,12.5,15.58,26.1,24.1,1,0.3,19.7,46-60,0.849,Normal
8974,E-Scooter,4.8,54.99,5.0,14.97,56.3,47.8,0,3.5,25.8,36-45,0.837,Normal
8975,E-Scooter,3.38,9.41,22.86,30.05,75.2,66.1,4,1.5,23.1,36-45,0.824,Hard_Braking
8976,E-Scooter,2.21,9.1,19.99,24.91,70.6,55.5,2,41.9,24.1,36-45,0.753,Mechanical_Fault
8977,E-Scooter,8.96,28.64,17.29,21.97,28.6,0.0,0,44.2,21.6,36-45,0.511,Battery_Critical
8978,E-Bike,0.42,2.0,16.49,20.8,92.7,95.7,1,8.3,11.4,18-25,0.648,Normal
8979,E-Scooter,1.61,2.0,20.76,23.58,62.9,59.8,2,4.9,40.3,18-25,0.745,Battery_Critical
8980,E-Bike,6.74,31.65,13.39,13.96,29.4,5.8,1,52.3,32.6,46-60,0.906,Battery_Critical
8981,E-Bike,2.97,10.47,18.54,22.68,73.8,66.5,2,21.4,23.3,18-25,0.909,Normal
8982,E-Scooter,7.02,32.41,10.73,15.4,95.2,70.1,2,37.0,21.0,18-25,0.668,Hard_Braking
8983,E-Bike,3.7,41.19,5.0,13.64,91.2,78.8,1,4.4,30.0,36-45,0.396,Improper_Parking
8984,E-Scooter,1.2,2.03,19.53,23.76,48.4,44.5,1,62.2,27.4,36-45,0.819,Normal
8985,E-Bike,8.2,50.45,9.0,14.32,49.1,26.1,2,21.2,26.3,18-25,0.933,Normal
8986,E-Scooter,8.37,28.3,19.52,25.9,96.4,70.6,1,1.7,29.3,36-45,0.725,Normal
8987,E-Bike,2.56,15.01,13.37,25.09,45.5,41.4,0,0.9,28.1,18-25,0.795,Normal
8988,E-Bike,1.06,2.87,13.88,20.27,52.0,49.4,4,73.3,28.0,18-25,0.863,Hard_Braking
8989,E-Bike,2.16,20.21,6.0,10.18,61.2,49.1,0,11.4,22.2,18-25,0.835,Normal
8990,E-Bike,2.19,14.16,12.1,17.45,75.6,72.9,1,12.2,30.2,46-60,0.822,Normal
8991,E-Bike,3.23,17.07,12.81,19.81,76.4,69.4,0,7.0,29.5,18-25,0.626,Normal
8992,E-Scooter,3.6,13.91,13.89,19.27,44.2,27.5,0,8.1,20.3,36-45,0.904,Normal
8993,E-Scooter,1.42,2.59,19.91,28.82,30.3,28.2,0,30.8,20.2,36-45,,Hard_Braking
8994,E-Bike,0.3,2.0,13.38,16.53,67.9,70.0,0,24.2,9.4,26-35,0.727,Normal
8995,E-Bike,3.34,11.48,12.95,17.61,28.3,16.4,2,16.7,24.0,18-25,0.492,Battery_Critical
8996,E-Scooter,2.73,11.12,15.14,21.47,69.6,67.2,0,0.4,28.5,18-25,0.445,Improper_Parking
8997,E-Scooter,5.07,20.5,13.83,18.28,23.6,4.7,1,6.3,30.9,18-25,0.767,Battery_Critical
8998,E-Bike,0.67,5.03,12.15,12.47,81.5,70.9,1,2.9,19.1,26-35,0.916,Normal
8999,E-Bike,0.43,2.0,15.04,21.12,96.8,93.2,2,30.1,28.5,36-45,0.722,Hard_Braking
9000,E-Scooter,1.34,10.09,13.8,21.27,52.6,50.4,0,12.4,22.6,36-45,0.841,Normal
9001,E-Scooter,4.88,10.63,19.79,28.08,94.1,79.3,1,38.0,37.0,18-25,0.788,Normal
9002,E-Scooter,4.18,16.15,11.64,13.92,86.7,67.3,2,15.3,25.1,26-35,0.834,Normal
9003,E-Bike,2.65,5.9,20.07,23.87,35.3,23.3,3,35.2,26.8,18-25,0.888,Battery_Critical
9004,E-Scooter,3.0,9.68,16.82,19.55,69.6,47.8,2,0.5,22.2,36-45,0.844,Normal
9005,E-Scooter,4.98,14.85,16.72,18.13,58.8,44.3,4,20.7,29.5,26-35,0.815,Hard_Braking
9006,E-Scooter,1.24,7.7,17.62,20.55,89.2,84.2,0,11.0,31.5,60+,0.748,Normal
9007,E-Bike,3.84,22.52,9.69,15.11,42.7,33.3,0,2.7,35.6,26-35,0.784,Normal
9008,E-Scooter,3.97,10.35,26.29,31.61,43.9,30.1,2,25.5,6.0,36-45,0.96,Mechanical_Fault
9009,E-Scooter,6.33,19.6,16.41,23.96,70.6,51.5,2,24.6,18.6,36-45,0.734,Normal
9010,E-Scooter,1.21,6.53,15.03,16.59,32.0,32.6,1,25.2,35.2,46-60,0.739,Normal
9011,E-Scooter,0.3,2.0,19.79,20.4,64.6,62.2,0,23.9,24.6,18-25,0.651,Normal
9012,E-Scooter,1.54,5.92,15.0,16.73,48.3,43.8,0,7.6,23.4,26-35,0.532,Normal
9013,E-Bike,10.6,80.0,6.14,7.95,80.5,46.1,0,1.2,38.5,46-60,0.622,Mechanical_Fault
9014,E-Scooter,3.39,19.75,13.95,25.44,92.8,78.7,2,1.2,22.9,26-35,0.928,Normal
9015,E-Scooter,0.95,6.58,18.62,28.12,80.5,81.7,3,18.2,33.4,18-25,0.466,Hard_Braking
9016,E-Scooter,1.26,7.91,14.63,21.06,31.8,27.2,0,0.2,24.6,18-25,0.509,Normal
9017,E-Scooter,6.85,18.83,22.33,25.89,42.7,30.6,5,7.5,22.6,26-35,0.773,Hard_Braking
9018,E-Bike,3.32,17.75,13.9,18.17,38.7,25.4,2,39.0,22.2,26-35,0.738,Hard_Braking
9019,E-Scooter,2.22,9.03,21.4,23.88,65.9,49.2,0,57.3,21.6,18-25,0.74,Mechanical_Fault
9020,E-Scooter,7.14,30.58,15.49,17.48,67.5,49.6,2,8.3,17.1,36-45,0.505,Normal
9021,E-Scooter,2.02,7.29,21.53,28.82,35.6,28.2,1,26.9,10.3,18-25,0.837,Normal
9022,E-Bike,9.73,44.59,12.82,20.27,98.8,67.4,1,3.0,18.4,36-45,0.903,Normal
9023,E-Bike,1.1,8.62,8.12,12.73,57.3,55.9,0,30.1,32.3,46-60,0.884,Normal
9024,E-Bike,3.7,12.53,15.53,22.73,45.0,36.5,1,4.0,22.6,36-45,0.669,Normal
9025,E-Scooter,5.55,16.1,19.12,25.9,36.8,18.6,3,5.2,32.3,18-25,0.588,Hard_Braking
9026,E-Scooter,8.92,38.62,12.19,15.13,80.2,54.8,2,11.7,20.6,36-45,0.74,Hard_Braking
9027,E-Scooter,7.0,17.89,18.01,26.77,80.0,63.7,1,37.2,18.1,26-35,0.98,Mechanical_Fault
9028,E-Bike,1.16,2.0,16.38,23.13,84.0,77.2,0,18.0,27.5,36-45,0.602,Normal
9029,E-Bike,2.87,13.22,10.24,12.38,76.0,66.0,0,33.7,40.6,18-25,0.819,Normal
9030,E-Scooter,1.89,6.29,16.29,19.01,62.6,55.2,1,7.7,20.5,36-45,0.924,Normal
9031,E-Scooter,1.58,7.43,17.86,21.62,34.6,23.4,2,2.8,26.7,26-35,0.628,Hard_Braking
9032,E-Bike,2.24,11.73,11.08,16.72,70.1,63.3,1,13.0,14.2,46-60,0.807,Normal
9033,E-Scooter,3.56,15.5,17.72,19.02,76.3,64.3,0,9.2,26.7,18-25,0.963,Normal
9034,E-Scooter,6.81,20.67,17.32,26.05,73.1,53.1,2,65.9,32.1,26-35,0.87,Normal
9035,E-Scooter,2.13,2.0,20.89,24.2,62.4,55.2,3,1.7,20.9,36-45,0.701,Hard_Braking
9036,E-Bike,5.14,26.43,10.52,16.26,55.1,43.0,2,10.4,24.0,26-35,0.836,Battery_Critical
9037,E-Scooter,1.7,8.2,11.2,14.37,58.2,50.8,3,25.0,29.1,18-25,0.713,Hard_Braking
9038,E-Bike,3.84,34.34,7.62,12.13,29.9,11.4,0,71.8,22.8,18-25,0.641,Battery_Critical
9039,E-Scooter,5.83,54.63,6.94,12.76,35.1,12.2,2,12.9,25.7,60+,0.605,Battery_Critical
9040,E-Scooter,5.63,11.38,22.06,22.24,73.0,58.7,0,26.0,28.8,18-25,0.938,Mechanical_Fault
9041,E-Scooter,4.3,25.49,10.89,20.65,94.5,75.7,0,1.1,33.1,36-45,,Normal
9042,E-Bike,1.19,2.0,14.7,22.38,70.5,69.8,1,1.0,23.2,18-25,0.842,Normal
9043,E-Bike,5.41,22.93,13.37,20.43,86.6,69.5,0,1.8,23.5,18-25,0.905,Normal
9044,E-Bike,1.36,6.35,10.44,14.56,85.0,77.6,0,21.1,11.0,18-25,0.7,Normal
9045,E-Scooter,3.18,11.49,12.01,17.19,98.8,93.4,1,3.6,34.7,36-45,0.28,Improper_Parking
9046,E-Scooter,4.76,16.02,18.29,21.92,86.7,78.9,1,86.7,22.7,26-35,0.84,Mechanical_Fault
9047,E-Scooter,4.52,16.88,12.51,16.22,25.6,12.9,2,2.2,34.3,26-35,0.85,Battery_Critical
9048,E-Bike,3.64,11.99,15.63,22.96,87.1,74.4,1,21.3,23.5,26-35,0.764,Battery_Critical
9049,E-Scooter,1.28,7.9,9.51,12.29,51.3,44.4,4,37.9,21.5,46-60,0.66,Hard_Braking
9050,E-Bike,4.21,28.19,10.25,11.65,38.0,18.5,1,5.8,20.5,46-60,0.753,Battery_Critical
9051,E-Scooter,5.77,17.79,21.19,25.59,82.8,67.8,2,1.1,37.2,26-35,0.436,Hard_Braking
9052,E-Scooter,5.75,19.42,18.39,20.83,76.5,63.1,1,4.1,17.6,18-25,0.943,Normal
9053,E-Scooter,3.06,8.23,18.06,23.82,95.4,95.2,0,10.0,28.5,36-45,0.584,Normal
9054,E-Bike,2.0,6.88,14.45,25.34,79.2,70.1,3,3.0,23.8,18-25,0.815,Hard_Braking
9055,E-Bike,1.88,9.18,12.38,18.32,78.9,71.3,0,24.9,23.7,36-45,0.855,Normal
9056,E-Scooter,7.13,27.94,15.04,20.15,43.7,27.5,0,16.5,32.3,26-35,0.668,Hard_Braking
9057,E-Scooter,1.26,5.15,15.5,19.62,56.2,59.4,1,34.6,25.4,36-45,0.97,Hard_Braking
9058,E-Bike,7.64,80.0,5.34,11.54,88.4,63.4,1,1.1,31.8,60+,0.813,Normal
9059,E-Bike,4.6,20.86,12.13,17.14,99.6,88.9,1,28.7,26.9,26-35,0.421,Mechanical_Fault
9060,E-Bike,6.82,34.69,12.44,16.52,57.4,36.3,1,20.0,23.9,26-35,0.82,Improper_Parking
9061,E-Scooter,1.12,2.0,13.72,18.89,42.7,36.4,1,19.2,19.1,18-25,0.951,Normal
9062,E-Bike,1.45,7.77,11.12,12.04,68.6,56.1,2,0.4,22.1,18-25,0.786,Normal
9063,E-Bike,4.08,14.59,15.66,18.3,27.3,8.2,1,33.5,16.4,18-25,0.679,Battery_Critical
9064,E-Bike,3.35,20.96,10.32,12.47,48.9,30.2,3,2.2,29.4,18-25,0.755,Hard_Braking
9065,E-Scooter,6.35,29.06,17.24,21.96,35.4,16.5,2,6.8,27.3,18-25,0.947,Normal
9066,E-Bike,1.99,10.72,13.76,25.69,37.4,29.2,2,0.9,35.5,36-45,0.769,Normal
9067,E-Scooter,0.3,2.0,8.5,20.88,51.5,51.4,3,8.7,29.9,36-45,0.964,Hard_Braking
9068,E-Bike,5.66,18.02,16.12,30.13,28.0,8.4,6,34.5,34.4,18-25,0.549,Hard_Braking
9069,E-Scooter,9.12,33.44,16.95,20.71,88.6,65.9,2,5.5,17.7,46-60,0.605,Hard_Braking
9070,E-Scooter,4.66,10.44,19.7,29.37,32.9,17.2,1,17.9,22.5,18-25,0.894,Normal
9071,E-Scooter,1.98,7.63,16.91,21.65,48.0,39.2,2,23.1,26.9,18-25,0.769,Hard_Braking
9072,E-Scooter,1.36,10.96,16.35,17.0,37.7,27.4,2,0.7,29.6,18-25,0.927,Normal
9073,E-Scooter,1.27,6.02,21.72,23.13,33.9,29.2,3,9.8,24.2,18-25,0.696,Normal
9074,E-Scooter,2.32,7.07,19.71,25.22,66.9,65.1,1,66.9,13.1,18-25,0.72,Mechanical_Fault
9075,E-Scooter,6.31,32.86,13.54,21.39,97.1,76.4,0,7.2,26.2,18-25,0.81,Normal
9076,E-Scooter,2.0,6.84,20.91,26.19,50.4,45.3,1,39.1,17.7,26-35,0.86,Normal
9077,E-Scooter,11.31,31.75,21.1,24.06,26.0,0.0,0,36.2,20.0,26-35,0.796,Battery_Critical
9078,E-Scooter,0.46,3.36,14.95,19.38,38.0,36.1,2,26.2,24.9,18-25,0.537,Normal
9079,E-Bike,2.84,15.4,12.45,23.15,73.4,68.3,1,43.6,25.0,26-35,0.576,Normal
9080,E-Bike,5.14,18.92,15.66,20.23,69.2,58.5,1,32.8,30.2,26-35,0.571,Hard_Braking
9081,E-Bike,3.35,32.73,7.83,12.97,70.5,52.1,2,23.3,31.1,36-45,0.729,Hard_Braking
9082,E-Scooter,2.87,10.3,19.94,24.58,44.2,37.8,1,7.5,25.6,26-35,0.827,Normal
9083,E-Bike,2.89,18.67,7.82,10.01,54.8,45.2,3,1.0,22.0,26-35,0.885,Hard_Braking
9084,E-Bike,2.97,16.56,8.95,14.01,52.5,54.0,1,33.5,29.1,26-35,0.717,Normal
9085,E-Scooter,7.08,31.59,12.57,18.79,70.6,43.1,0,13.7,22.4,46-60,0.659,Normal
9086,E-Bike,2.21,9.83,10.21,25.45,76.2,79.6,1,15.1,21.4,46-60,0.895,Normal
9087,E-Scooter,2.17,3.77,15.71,25.7,93.5,81.3,0,5.7,30.4,60+,0.45,Improper_Parking
9088,E-Bike,1.19,8.18,18.1,23.1,92.6,89.3,3,7.6,29.4,26-35,0.486,Normal
9089,E-Bike,3.76,16.53,10.91,15.14,30.0,22.9,1,20.5,33.4,46-60,0.861,Normal
9090,E-Scooter,2.23,11.99,17.14,23.23,58.1,52.8,0,34.4,30.9,46-60,0.645,Normal
9091,E-Scooter,2.53,9.24,18.26,23.57,87.7,75.3,1,9.9,27.6,36-45,0.805,Normal
9092,E-Scooter,3.94,13.58,19.03,27.58,31.1,26.0,3,44.6,27.5,18-25,0.918,Hard_Braking
9093,E-Bike,4.07,22.18,12.92,20.84,50.0,33.7,1,0.2,10.6,26-35,0.54,Normal
9094,E-Scooter,1.99,9.58,20.2,25.99,32.1,29.0,2,15.2,21.8,26-35,0.671,Hard_Braking
9095,E-Bike,3.02,9.34,16.84,22.34,47.6,36.5,1,22.9,22.4,26-35,0.966,Mechanical_Fault
9096,E-Scooter,4.63,9.98,24.63,32.12,34.7,23.0,1,26.7,20.1,26-35,0.762,Normal
9097,E-Scooter,1.9,5.89,23.42,23.91,23.2,17.9,0,6.0,19.0,18-25,0.467,Improper_Parking
9098,E-Scooter,1.23,7.01,15.02,20.14,31.6,31.1,2,34.9,18.8,26-35,0.676,Normal
9099,E-Scooter,1.78,15.83,5.64,10.85,59.2,53.9,1,3.5,35.5,26-35,0.629,Hard_Braking
9100,E-Scooter,1.65,2.0,13.04,14.44,72.3,68.1,0,37.6,35.1,26-35,0.888,Normal
9101,E-Scooter,1.49,6.59,19.65,21.52,32.4,32.3,3,38.6,10.0,18-25,0.728,Hard_Braking
9102,E-Scooter,1.4,3.18,14.97,19.87,43.7,37.5,1,4.4,19.1,26-35,0.935,Normal
9103,E-Bike,2.19,7.08,15.31,16.97,88.7,79.0,2,21.8,21.9,18-25,0.766,Normal
9104,E-Scooter,4.82,59.91,5.0,8.29,40.2,28.1,1,4.7,41.2,18-25,0.919,Improper_Parking
9105,E-Scooter,1.36,5.93,20.21,26.11,86.6,85.5,2,9.5,31.1,26-35,0.933,Hard_Braking
9106,E-Bike,5.1,40.29,7.24,14.43,49.3,34.5,1,8.5,27.8,,0.756,Improper_Parking
9107,E-Bike,5.45,28.21,11.98,19.91,37.2,28.4,3,9.3,20.9,36-45,0.925,Hard_Braking
9108,E-Scooter,4.81,18.89,21.52,29.93,54.0,37.4,1,1.4,23.2,26-35,0.97,Normal
9109,E-Scooter,4.64,14.49,17.91,20.42,80.7,69.5,3,61.4,24.0,46-60,0.681,Hard_Braking
9110,E-Bike,0.84,2.0,12.47,19.48,29.9,20.2,1,7.2,8.8,18-25,0.806,Normal
9111,E-Scooter,1.91,6.22,17.54,25.55,60.2,58.0,1,9.1,29.7,26-35,0.903,Normal
9112,E-Bike,4.4,38.08,6.97,11.34,29.3,17.8,1,3.2,15.6,18-25,0.611,Normal
9113,E-Bike,1.14,5.15,10.5,17.17,74.0,70.1,2,8.0,19.2,46-60,0.749,Battery_Critical
9114,E-Scooter,3.49,22.95,11.73,17.58,35.6,17.8,2,3.5,21.0,46-60,0.867,Hard_Braking
9115,E-Scooter,4.1,12.58,18.44,18.97,61.7,51.1,2,26.8,13.9,18-25,0.732,Normal
9116,E-Bike,6.19,24.78,16.5,21.1,76.7,53.7,1,17.5,27.3,36-45,0.814,Mechanical_Fault
9117,E-Bike,6.1,20.01,16.36,21.83,23.7,10.1,0,11.6,31.6,26-35,0.661,Battery_Critical
9118,E-Scooter,9.13,36.37,14.25,24.94,58.9,26.8,1,12.4,24.3,36-45,0.599,Normal
9119,E-Scooter,3.38,16.77,12.16,13.98,95.5,80.2,0,10.6,30.1,36-45,0.538,Battery_Critical
9120,E-Scooter,4.38,12.63,19.66,26.39,81.4,72.4,4,22.0,35.7,18-25,0.855,Hard_Braking
9121,E-Scooter,3.97,42.88,5.0,5.0,99.2,80.6,2,21.2,15.2,36-45,0.917,Normal
9122,E-Scooter,1.85,6.8,16.19,24.04,89.4,84.2,2,17.4,23.5,18-25,0.871,Hard_Braking
9123,E-Scooter,7.74,24.78,17.59,22.51,78.0,50.8,0,0.1,33.2,18-25,0.985,Normal
9124,E-Scooter,4.97,18.46,16.72,23.49,67.7,56.5,2,15.8,30.8,18-25,0.394,Improper_Parking
9125,E-Scooter,1.41,2.0,18.56,28.88,32.2,27.1,1,10.2,17.8,36-45,0.712,Normal
9126,E-Scooter,1.61,11.16,15.77,18.09,50.9,50.3,0,23.7,17.0,18-25,0.799,Normal
9127,E-Scooter,1.33,3.68,16.61,22.7,55.7,51.5,3,5.7,22.9,46-60,0.799,Hard_Braking
9128,E-Bike,1.12,3.44,8.34,13.1,57.6,52.3,2,8.8,22.0,18-25,0.568,Improper_Parking
9129,E-Bike,1.94,7.43,15.86,23.42,21.4,15.6,2,59.8,26.2,26-35,0.84,Hard_Braking
9130,E-Scooter,4.09,16.54,18.48,22.54,79.8,67.0,3,3.6,30.1,18-25,0.578,Hard_Braking
9131,E-Scooter,8.06,26.16,19.96,21.51,36.9,22.2,0,22.3,16.6,26-35,,Normal
9132,E-Scooter,1.49,3.8,16.85,25.57,42.2,31.9,0,8.1,12.2,18-25,0.862,Normal
9133,E-Bike,4.2,18.3,16.02,19.83,28.2,8.5,1,10.0,10.3,18-25,0.543,Battery_Critical
9134,E-Bike,2.58,10.27,12.55,16.7,74.8,69.4,2,0.7,26.6,26-35,0.874,Normal
9135,E-Bike,0.98,2.75,13.82,21.98,44.2,35.9,1,17.6,15.2,18-25,0.869,Normal
9136,E-Scooter,0.94,2.0,12.44,13.89,80.9,85.1,3,2.0,29.5,26-35,0.335,Improper_Parking
9137,E-Bike,10.21,34.01,16.17,18.56,76.2,45.6,2,2.8,41.5,46-60,,Battery_Critical
9138,E-Bike,4.44,12.51,11.95,78.23,47.4,35.2,0,45.1,26.3,26-35,0.781,Normal
9139,E-Bike,4.73,25.62,14.85,18.45,39.0,16.1,2,47.1,18.8,36-45,0.862,Hard_Braking
9140,E-Bike,3.59,18.55,16.47,23.4,88.6,74.9,0,6.9,24.8,36-45,0.889,Normal
9141,E-Bike,0.73,2.47,10.4,13.2,48.9,52.5,2,4.5,34.0,36-45,0.877,Hard_Braking
9142,E-Scooter,10.28,30.8,18.83,22.37,92.0,57.1,2,16.4,29.4,36-45,0.518,Mechanical_Fault
9143,E-Scooter,0.8,4.99,13.0,14.55,83.4,80.2,2,19.1,25.8,46-60,0.85,Hard_Braking
9144,E-Scooter,1.48,10.4,16.09,18.52,66.5,61.1,2,20.4,34.8,36-45,0.86,Normal
9145,E-Bike,1.23,2.47,15.52,23.89,76.4,71.7,0,1.4,0.7,18-25,0.599,Normal
9146,E-Scooter,1.34,2.0,23.42,29.98,50.9,45.5,1,0.5,15.4,26-35,0.889,Normal
9147,E-Scooter,3.15,10.4,14.84,20.19,73.9,64.0,3,8.7,15.5,18-25,0.944,Hard_Braking
9148,E-Scooter,4.98,19.95,14.54,17.14,48.2,34.2,1,0.5,25.6,18-25,0.892,Hard_Braking
9149,E-Scooter,0.59,2.0,15.83,16.23,80.6,77.9,0,18.1,30.8,36-45,0.861,Normal
9150,E-Scooter,7.44,38.28,11.0,13.97,64.3,46.0,0,14.0,17.2,36-45,0.81,Normal
9151,E-Scooter,3.74,13.68,14.06,16.28,68.1,57.1,1,48.6,19.7,26-35,0.989,Mechanical_Fault
9152,E-Scooter,0.6,2.03,17.99,23.51,53.1,52.2,1,56.4,9.1,36-45,0.58,Normal
9153,E-Scooter,8.76,41.56,12.89,20.29,49.4,25.7,1,2.9,3.4,60+,0.703,Normal
9154,E-Bike,2.65,14.64,9.05,13.01,90.8,86.3,1,14.2,25.4,60+,0.653,Normal
9155,E-Scooter,4.94,25.88,13.1,20.22,46.9,32.0,1,22.4,15.2,46-60,0.864,Normal
9156,E-Bike,5.46,30.16,11.11,16.57,44.0,36.2,2,3.8,25.4,36-45,0.506,Battery_Critical
9157,E-Bike,3.46,22.3,11.06,12.62,78.8,67.9,0,13.7,28.3,18-25,0.935,Normal
9158,E-Bike,0.3,2.0,17.29,22.91,81.8,78.0,2,71.7,14.5,18-25,0.914,Mechanical_Fault
9159,E-Scooter,4.7,30.03,8.76,15.28,96.2,88.0,3,36.2,11.1,46-60,0.966,Hard_Braking
9160,E-Scooter,1.69,9.53,13.92,15.26,84.6,77.2,0,17.5,18.9,18-25,0.762,Normal
9161,E-Bike,9.34,60.14,9.1,14.69,36.6,15.8,1,80.8,29.6,26-35,0.925,Mechanical_Fault
9162,E-Scooter,0.92,5.6,14.37,18.08,50.7,47.4,1,24.1,36.9,26-35,0.896,Normal
9163,E-Bike,2.22,13.3,13.14,13.83,32.2,24.9,2,4.9,9.3,26-35,0.479,Hard_Braking
9164,E-Scooter,1.66,2.05,20.74,35.42,81.3,81.3,1,42.3,26.4,26-35,0.9,Mechanical_Fault
9165,E-Scooter,4.22,39.58,6.97,10.31,22.5,18.1,2,10.2,32.0,18-25,0.783,Normal
9166,E-Scooter,4.47,10.91,20.02,24.53,81.8,75.2,1,12.4,9.4,26-35,0.672,Normal
9167,E-Bike,1.09,2.0,13.32,20.31,43.5,41.9,0,7.8,24.4,36-45,0.858,Normal
9168,E-Bike,2.95,18.99,10.11,16.13,75.2,57.5,0,26.9,24.3,46-60,0.798,Normal
9169,E-Scooter,2.87,9.59,17.18,27.12,62.8,54.6,3,28.0,28.9,26-35,0.843,Hard_Braking
9170,E-Scooter,4.69,31.2,10.31,21.01,64.9,52.3,1,16.3,8.0,26-35,0.581,Normal
9171,E-Scooter,2.54,3.74,20.31,22.41,94.7,85.7,1,11.5,23.2,36-45,0.91,Hard_Braking
9172,E-Scooter,2.03,7.09,18.66,21.26,75.2,61.7,1,39.4,36.5,46-60,0.714,Normal
9173,E-Scooter,13.15,48.88,13.13,14.12,20.7,0.0,2,14.7,22.2,18-25,0.646,Battery_Critical
9174,E-Scooter,1.28,2.0,20.44,24.23,29.5,15.7,4,65.4,20.1,18-25,0.746,Hard_Braking
9175,E-Bike,5.41,21.51,14.07,21.71,28.6,21.1,1,26.9,37.6,36-45,0.795,Normal
9176,E-Bike,1.33,6.04,14.83,19.65,21.7,22.2,0,22.4,42.0,18-25,0.805,Hard_Braking
9177,E-Bike,4.98,16.9,17.88,23.28,60.9,49.8,0,29.3,33.1,46-60,0.775,Mechanical_Fault
9178,E-Scooter,0.96,4.29,19.94,26.4,95.3,90.0,2,6.2,17.2,46-60,0.334,Improper_Parking
9179,E-Bike,1.77,13.47,10.32,16.45,62.2,50.7,2,36.0,35.3,26-35,0.878,Normal
9180,E-Scooter,6.21,20.09,17.2,23.99,79.7,55.9,1,0.9,29.7,36-45,0.869,Normal
9181,E-Bike,13.32,69.79,10.76,15.47,58.2,23.6,2,14.5,21.8,26-35,0.896,Improper_Parking
9182,E-Bike,1.64,5.93,11.04,15.37,51.0,51.8,1,29.8,13.3,18-25,0.737,Normal
9183,E-Scooter,2.96,12.27,18.09,21.31,90.8,81.2,2,9.4,14.5,26-35,0.676,Normal
9184,E-Scooter,0.91,2.0,18.86,21.51,80.6,77.6,2,8.3,13.2,18-25,0.933,Hard_Braking
9185,E-Bike,3.14,6.78,17.2,26.22,30.6,22.0,0,9.3,16.0,36-45,0.47,Normal
9186,E-Scooter,1.24,2.0,18.46,18.75,91.0,93.4,1,21.5,27.5,36-45,0.806,Normal
9187,E-Scooter,1.03,2.0,26.75,32.86,92.2,92.7,2,31.5,30.9,36-45,0.846,Hard_Braking
9188,E-Bike,2.29,6.62,15.49,22.32,39.9,32.7,1,5.4,24.8,18-25,0.962,Hard_Braking
9189,E-Scooter,10.97,34.92,21.61,30.49,29.7,1.5,0,5.7,22.5,18-25,0.845,Battery_Critical
9190,E-Bike,3.15,21.93,10.73,16.12,36.8,27.2,0,8.0,25.9,26-35,0.587,Battery_Critical
9191,E-Scooter,4.19,13.83,17.61,18.57,96.1,84.8,1,4.1,33.4,26-35,0.781,Normal
9192,E-Scooter,4.12,13.38,18.27,22.14,94.2,84.0,2,40.3,37.3,18-25,0.577,Improper_Parking
9193,E-Scooter,9.77,22.0,22.93,27.53,30.7,6.9,1,2.8,21.3,18-25,0.474,Battery_Critical
9194,E-Bike,1.25,14.74,8.6,15.2,84.4,84.6,1,10.0,35.6,,0.277,Improper_Parking
9195,E-Bike,2.02,7.22,11.84,20.37,46.0,39.0,0,28.9,18.8,26-35,0.546,Mechanical_Fault
9196,E-Scooter,3.18,7.12,18.24,24.4,85.8,74.8,2,51.9,17.1,36-45,0.902,Mechanical_Fault
9197,E-Bike,0.96,3.49,12.15,13.59,98.8,93.3,1,1.7,32.0,18-25,0.638,Normal
9198,E-Bike,0.8,8.55,9.1,11.04,62.2,66.8,5,20.0,22.7,36-45,0.604,Hard_Braking
9199,E-Scooter,1.7,4.75,16.02,22.63,90.8,84.7,0,4.7,40.3,46-60,0.727,Normal
9200,E-Bike,8.09,36.47,12.81,21.62,61.6,36.3,2,46.9,28.4,26-35,0.781,Battery_Critical
9201,E-Scooter,6.23,10.09,22.76,31.53,95.9,81.3,2,30.4,31.4,36-45,0.963,Hard_Braking
9202,E-Scooter,1.01,5.75,24.95,29.11,67.0,52.9,2,30.1,13.9,26-35,0.592,Normal
9203,E-Scooter,3.7,12.63,19.78,28.12,62.8,50.4,1,23.5,28.7,18-25,0.762,Normal
9204,E-Scooter,6.03,35.2,10.81,15.64,63.9,48.3,4,47.6,27.7,18-25,0.907,Hard_Braking
9205,E-Scooter,3.83,14.99,16.57,18.29,50.8,41.8,0,75.6,27.1,18-25,0.847,Normal
9206,E-Scooter,8.95,35.19,16.14,20.69,44.7,14.4,1,0.0,24.1,18-25,0.892,Normal
9207,E-Scooter,3.91,18.88,10.56,16.65,48.0,39.4,0,6.1,12.0,60+,0.851,Normal
9208,E-Bike,7.58,18.71,19.44,22.3,54.9,28.9,2,19.2,12.1,60+,0.435,Hard_Braking
9209,E-Bike,3.47,16.63,15.63,20.48,54.4,37.4,3,57.4,26.7,36-45,0.806,Normal
9210,E-Bike,1.2,2.0,14.79,19.96,80.6,76.9,1,27.2,20.5,18-25,0.862,Normal
9211,E-Scooter,1.21,3.12,20.77,21.45,75.3,72.4,2,61.7,6.9,18-25,0.843,Mechanical_Fault
9212,E-Bike,3.9,21.71,10.83,17.02,32.2,21.5,0,21.8,23.5,60+,0.616,Normal
9213,E-Bike,1.9,7.3,12.63,13.85,49.2,39.5,1,101.8,33.7,46-60,0.788,Normal
9214,E-Bike,2.48,16.45,10.45,15.94,34.7,28.9,1,17.3,12.1,26-35,0.692,Normal
9215,E-Scooter,0.3,5.07,12.48,20.57,92.4,89.1,0,9.8,15.9,26-35,0.922,Normal
9216,E-Bike,3.1,11.31,13.3,22.13,66.6,55.1,2,6.3,27.5,18-25,0.896,Normal
9217,E-Bike,0.65,5.17,9.88,14.51,65.6,63.9,0,20.9,20.1,18-25,0.639,Normal
9218,E-Bike,1.23,9.71,5.0,10.39,63.2,57.5,0,45.4,20.2,26-35,0.574,Normal
9219,E-Bike,2.51,15.66,10.37,13.3,80.7,64.2,0,1.8,28.1,36-45,0.909,Normal
9220,E-Bike,2.74,23.47,6.64,10.97,49.8,47.2,3,9.0,19.4,46-60,0.545,Hard_Braking
9221,E-Scooter,4.57,14.1,19.61,24.86,27.0,21.7,2,3.6,18.8,26-35,0.631,Hard_Braking
9222,E-Bike,1.8,13.3,9.75,14.28,44.2,39.7,1,13.8,23.3,60+,0.893,Battery_Critical
9223,E-Scooter,2.1,6.88,25.51,28.95,22.1,8.1,2,11.7,26.0,36-45,0.801,Battery_Critical
9224,E-Scooter,3.05,12.95,13.64,15.43,80.4,75.3,0,12.7,22.6,18-25,0.3,Improper_Parking
9225,E-Scooter,5.69,29.29,12.69,17.06,71.2,59.7,3,29.6,33.6,46-60,0.718,Hard_Braking
9226,E-Scooter,1.75,11.67,15.15,22.34,49.0,44.0,3,54.1,34.6,46-60,0.675,Hard_Braking
9227,E-Scooter,8.39,44.2,11.17,18.96,39.9,18.9,1,54.6,22.5,36-45,0.7,Normal
9228,E-Scooter,2.76,10.19,20.7,27.59,85.0,80.5,0,21.8,15.6,46-60,0.831,Normal
9229,E-Scooter,1.79,9.77,13.54,17.42,32.9,28.0,1,1.9,23.4,26-35,0.327,Improper_Parking
9230,E-Bike,11.1,55.05,10.99,16.67,77.6,41.5,3,15.8,29.6,18-25,0.813,Improper_Parking
9231,E-Bike,1.97,15.69,9.26,13.34,51.0,44.4,1,6.2,28.4,18-25,0.552,Hard_Braking
9232,E-Scooter,3.56,5.56,20.02,20.2,41.5,34.4,3,13.4,20.5,26-35,0.572,Hard_Braking
9233,E-Scooter,3.36,14.87,15.57,19.5,58.1,48.4,2,45.3,24.3,46-60,0.877,Mechanical_Fault
9234,E-Scooter,3.85,10.13,21.8,26.67,78.4,60.4,1,18.1,32.9,18-25,0.749,Hard_Braking
9235,E-Scooter,0.31,2.0,21.46,27.16,74.6,67.5,1,14.3,22.5,26-35,0.909,Normal
9236,E-Bike,3.17,11.57,17.62,20.82,61.7,51.7,2,6.6,28.1,46-60,0.868,Normal
9237,E-Bike,1.47,10.5,10.35,14.66,26.2,23.5,3,5.4,25.7,36-45,0.623,Hard_Braking
9238,E-Scooter,4.93,28.79,8.96,9.42,32.1,8.0,1,6.7,29.3,18-25,0.649,Battery_Critical
9239,E-Scooter,3.66,14.36,15.14,23.07,44.6,37.5,0,47.8,14.9,26-35,0.92,Mechanical_Fault
9240,E-Scooter,1.34,2.14,16.27,16.65,64.0,59.1,0,9.5,12.2,18-25,0.584,Normal
9241,E-Bike,7.46,63.92,7.31,12.97,86.5,66.4,2,2.6,17.7,60+,0.786,Hard_Braking
9242,E-Scooter,1.73,7.35,10.79,14.76,63.4,58.8,2,23.6,22.1,60+,0.633,Normal
9243,E-Scooter,1.37,5.99,19.9,23.08,22.1,14.3,0,63.1,29.9,46-60,0.868,Battery_Critical
9244,E-Scooter,0.68,2.0,18.65,28.84,23.2,15.7,2,24.7,23.4,26-35,0.96,Improper_Parking
9245,E-Bike,5.82,35.13,10.25,15.51,92.9,75.3,4,23.2,32.3,18-25,0.492,Hard_Braking
9246,E-Bike,0.3,2.73,13.27,23.4,46.8,44.1,1,8.6,21.3,18-25,0.902,Normal
9247,E-Bike,4.37,26.05,10.16,14.28,44.2,34.1,4,0.1,27.1,26-35,0.445,Hard_Braking
9248,E-Scooter,3.75,16.32,17.07,19.37,84.1,74.4,1,6.5,24.4,26-35,0.747,Normal
9249,E-Scooter,3.54,15.41,12.18,18.22,87.3,79.6,0,23.5,24.3,36-45,0.795,Normal
9250,E-Scooter,4.65,15.04,15.86,23.69,45.7,28.8,1,2.8,41.7,26-35,0.675,Normal
9251,E-Scooter,2.37,6.75,12.42,15.3,81.1,72.7,2,3.1,25.2,26-35,0.715,Normal
9252,E-Scooter,5.41,22.86,14.29,19.06,85.4,65.3,1,22.5,34.3,18-25,0.841,Normal
9253,E-Scooter,4.92,20.96,14.05,16.42,47.4,30.1,1,2.2,21.2,26-35,0.291,Improper_Parking
9254,E-Scooter,7.45,33.51,13.2,15.86,76.1,50.0,1,31.5,16.6,26-35,0.451,Improper_Parking
9255,E-Scooter,0.94,2.0,14.44,19.82,78.6,72.1,2,2.3,42.0,18-25,0.832,Normal
9256,E-Scooter,5.34,23.37,15.11,20.49,53.5,39.6,3,1.6,22.5,26-35,0.681,Hard_Braking
9257,E-Scooter,2.55,15.6,9.14,9.92,98.6,85.9,1,45.3,14.6,60+,0.866,Hard_Braking
9258,E-Scooter,6.84,13.17,20.96,29.85,77.8,67.3,3,4.8,22.9,26-35,0.83,Hard_Braking
9259,E-Scooter,2.6,18.84,17.23,20.99,39.2,28.4,0,4.0,10.2,18-25,0.711,Normal
9260,E-Bike,5.85,35.4,10.01,11.19,78.7,66.2,2,18.5,21.6,36-45,0.854,Improper_Parking
9261,E-Bike,3.57,32.94,7.69,13.95,34.0,23.4,0,15.8,23.6,18-25,0.69,Mechanical_Fault
9262,E-Scooter,1.85,5.08,18.47,22.8,91.2,92.0,0,11.8,27.4,36-45,0.822,Normal
9263,E-Scooter,3.44,7.68,22.46,30.5,77.2,68.7,0,66.7,36.2,46-60,0.9,Battery_Critical
9264,E-Bike,6.5,24.47,17.18,17.73,98.8,82.4,2,19.2,21.1,46-60,0.651,Mechanical_Fault
9265,E-Scooter,4.34,15.71,17.96,25.7,53.1,38.4,2,11.9,25.7,18-25,0.592,Hard_Braking
9266,E-Bike,2.25,12.4,13.69,20.43,31.3,18.7,2,17.1,32.9,18-25,0.873,Normal
9267,E-Scooter,2.12,9.11,13.87,17.85,41.9,38.7,0,54.4,15.2,18-25,0.784,Normal
9268,E-Bike,1.68,2.55,15.4,21.11,61.8,60.1,0,7.7,14.2,36-45,0.784,Normal
9269,E-Bike,1.1,7.48,10.56,16.79,47.4,43.8,0,38.0,13.7,60+,0.881,Mechanical_Fault
9270,E-Scooter,5.59,16.96,19.5,22.17,62.0,44.6,0,20.8,30.4,36-45,0.812,Normal
9271,E-Scooter,4.93,9.12,23.48,24.24,58.1,43.6,1,10.0,27.8,26-35,0.731,Normal
9272,E-Bike,5.97,19.12,14.5,16.37,52.5,32.6,1,5.8,17.9,26-35,0.807,Normal
9273,E-Scooter,1.46,2.54,14.95,24.14,90.0,89.4,4,27.6,10.2,60+,0.856,Hard_Braking
9274,E-Bike,7.62,32.33,14.22,26.28,28.1,6.0,3,57.3,8.7,18-25,0.525,Battery_Critical
9275,E-Bike,2.59,12.87,17.09,22.35,82.0,75.8,2,40.3,23.5,46-60,0.901,Normal
9276,E-Scooter,5.99,22.95,16.45,19.89,54.6,33.5,0,98.9,39.8,36-45,0.809,Mechanical_Fault
9277,E-Scooter,1.46,2.0,16.65,21.34,85.9,81.7,2,23.3,28.5,46-60,0.833,Mechanical_Fault
9278,E-Bike,2.0,11.09,10.87,20.76,84.2,76.4,2,8.1,20.0,46-60,0.621,Normal
9279,E-Scooter,3.35,17.5,11.16,16.42,65.8,54.7,0,1.7,11.9,18-25,0.702,Normal
9280,E-Scooter,1.04,2.39,24.81,27.48,80.3,77.2,1,4.1,29.4,26-35,0.912,Normal
9281,E-Scooter,6.93,21.73,21.6,26.25,43.8,25.8,2,17.2,36.5,46-60,0.561,Normal
9282,E-Scooter,2.94,12.87,18.51,24.41,41.2,32.6,2,11.3,31.3,26-35,0.922,Hard_Braking
9283,E-Bike,0.6,5.99,15.93,23.62,65.0,63.0,2,10.7,32.6,46-60,0.564,Normal
9284,E-Scooter,1.07,2.0,19.39,25.45,64.0,67.4,1,4.2,27.5,46-60,0.833,Hard_Braking
9285,E-Bike,4.17,19.04,13.0,15.17,44.0,31.3,1,12.5,17.6,26-35,0.859,Normal
9286,E-Bike,4.81,24.92,14.18,26.97,42.1,34.1,1,1.3,9.0,36-45,0.908,Hard_Braking
9287,E-Bike,1.49,7.44,14.78,22.15,64.5,62.8,0,14.8,30.5,26-35,0.664,Normal
9288,E-Scooter,1.27,7.3,17.06,18.95,23.1,26.1,1,7.7,39.6,36-45,0.953,Normal
9289,E-Bike,3.51,13.66,13.7,19.35,98.0,89.5,3,42.4,14.5,18-25,0.773,Mechanical_Fault
9290,E-Bike,0.3,4.1,16.41,17.4,23.1,17.8,0,27.3,28.5,46-60,0.974,Normal
9291,E-Bike,1.14,2.74,14.67,19.55,67.9,63.9,1,5.3,24.5,26-35,0.296,Improper_Parking
9292,E-Scooter,2.08,11.59,15.03,20.97,87.3,83.3,0,42.1,25.8,26-35,0.76,Normal
9293,E-Bike,2.08,10.88,13.71,21.49,28.5,17.9,2,14.9,36.9,18-25,0.676,Mechanical_Fault
9294,E-Scooter,1.25,9.82,17.6,27.88,65.7,69.0,0,11.1,18.6,18-25,0.828,Normal
9295,E-Bike,2.88,15.63,11.84,15.57,62.9,63.9,0,9.6,27.5,46-60,0.656,Normal
9296,E-Bike,0.46,2.98,13.07,20.43,46.7,50.6,0,17.8,24.6,36-45,0.974,Normal
9297,E-Bike,2.36,2.0,16.78,20.92,83.4,79.3,0,12.8,25.7,46-60,0.772,Normal
9298,E-Scooter,5.64,31.32,12.06,19.22,66.0,48.8,1,42.1,25.6,26-35,0.831,Normal
9299,E-Bike,6.79,36.01,12.36,15.69,53.9,23.8,1,7.3,24.6,26-35,0.391,Improper_Parking
9300,E-Scooter,0.81,6.74,16.67,20.66,93.8,98.6,4,80.0,25.0,60+,0.801,Hard_Braking
9301,E-Scooter,3.09,11.32,23.28,36.71,68.7,65.1,3,11.3,36.9,18-25,0.45,Hard_Braking
9302,E-Bike,0.4,2.72,18.44,20.22,67.8,67.3,0,2.1,19.4,26-35,0.742,Normal
9303,E-Scooter,7.61,40.63,13.13,17.11,57.1,38.3,1,4.5,26.4,36-45,0.544,Normal
9304,E-Scooter,3.45,5.32,18.81,23.82,29.6,19.1,0,2.2,15.3,36-45,0.76,Normal
9305,E-Scooter,2.94,8.39,20.92,26.29,26.0,12.4,3,29.5,18.4,26-35,0.435,Battery_Critical
9306,E-Bike,0.93,2.0,13.59,16.84,24.6,24.0,0,41.4,13.9,26-35,0.593,Normal
9307,E-Scooter,3.53,7.57,24.53,27.64,34.1,18.7,2,29.6,16.5,26-35,0.924,Mechanical_Fault
9308,E-Scooter,4.32,9.23,24.29,32.24,24.8,11.2,3,4.6,21.8,26-35,0.593,Battery_Critical
9309,E-Scooter,1.29,10.05,8.11,17.14,30.7,23.8,1,19.1,35.9,46-60,0.698,Hard_Braking
9310,E-Bike,7.28,35.4,14.48,17.18,46.0,29.5,5,0.2,10.6,36-45,0.974,Hard_Braking
9311,E-Scooter,0.81,4.08,20.5,25.2,54.5,54.3,0,14.9,11.4,36-45,0.497,Normal
9312,E-Scooter,1.06,7.64,15.97,21.69,62.8,62.5,3,7.7,8.4,26-35,0.95,Hard_Braking
9313,E-Bike,10.72,53.66,10.98,11.21,69.4,39.2,1,19.7,19.1,26-35,0.777,Normal
9314,E-Scooter,1.39,2.0,18.83,26.63,76.6,75.9,2,3.3,28.9,18-25,0.845,Hard_Braking
9315,E-Scooter,4.52,14.98,18.11,25.24,74.7,61.5,2,4.8,27.3,26-35,0.822,Hard_Braking
9316,E-Bike,2.6,7.39,20.59,21.06,44.9,36.5,2,30.9,33.8,26-35,0.929,Battery_Critical
9317,E-Scooter,4.2,16.43,11.14,11.68,26.3,15.0,4,38.7,25.7,46-60,0.574,Battery_Critical
9318,E-Scooter,0.51,2.0,19.76,26.73,77.5,77.2,1,25.7,25.9,36-45,0.851,Normal
9319,E-Bike,1.86,6.92,16.12,18.21,54.7,52.3,1,9.5,8.0,18-25,,Battery_Critical
9320,E-Scooter,7.82,30.85,15.9,20.85,67.1,45.9,0,0.3,27.8,26-35,0.512,Normal
9321,E-Scooter,2.63,8.84,14.83,22.11,47.3,40.9,1,12.0,29.3,18-25,0.683,Normal
9322,E-Scooter,1.35,9.4,14.35,16.97,25.3,20.3,1,64.0,23.0,18-25,0.594,Normal
9323,E-Scooter,1.71,4.19,11.02,15.74,62.2,49.7,0,20.0,13.4,26-35,0.727,Normal
9324,E-Scooter,6.98,37.03,12.65,21.96,28.0,8.8,2,15.1,39.7,26-35,0.919,Battery_Critical
9325,E-Scooter,2.02,11.99,14.14,17.47,41.1,32.9,1,56.5,23.7,60+,0.975,Mechanical_Fault
9326,E-Scooter,0.84,2.0,19.27,27.01,58.2,57.6,1,3.6,32.9,46-60,0.937,Normal
9327,E-Bike,5.76,37.28,10.76,11.95,84.3,65.1,0,14.9,31.1,36-45,0.669,Normal
9328,E-Bike,1.2,2.73,13.84,16.45,93.4,86.4,1,29.6,16.3,18-25,0.942,Normal
9329,E-Bike,3.04,18.48,11.03,13.67,41.9,35.5,2,31.0,24.4,18-25,0.681,Battery_Critical
9330,E-Scooter,1.84,8.41,12.76,19.19,42.9,38.7,0,40.5,32.9,46-60,0.939,Improper_Parking
9331,E-Bike,1.71,7.74,12.03,12.86,28.0,24.4,3,36.0,31.2,46-60,0.736,Normal
9332,E-Scooter,4.59,11.14,14.72,22.64,41.8,24.0,2,85.4,27.0,26-35,0.717,Mechanical_Fault
9333,E-Bike,8.13,30.65,12.82,16.78,65.7,42.8,1,13.7,28.7,18-25,0.466,Normal
9334,E-Scooter,11.99,49.75,14.27,16.69,51.9,21.7,0,15.1,24.3,18-25,0.7,Normal
9335,E-Scooter,1.24,2.0,17.34,24.91,72.7,67.0,0,10.8,28.2,26-35,0.555,Normal
9336,E-Scooter,3.27,10.75,17.12,23.51,75.0,66.2,2,22.1,23.1,18-25,0.867,Normal
9337,E-Scooter,7.93,18.3,24.64,28.89,34.2,12.5,0,12.0,30.0,46-60,0.699,Battery_Critical
9338,E-Scooter,0.52,5.15,14.51,21.78,74.3,74.8,4,6.2,31.9,18-25,0.507,Hard_Braking
9339,E-Bike,2.68,13.0,9.15,20.69,61.6,53.4,3,14.2,16.2,18-25,0.562,Hard_Braking
9340,E-Scooter,4.75,13.94,21.54,22.62,91.2,82.8,1,17.4,28.0,26-35,0.415,Improper_Parking
9341,E-Scooter,0.88,3.08,15.41,16.42,42.8,43.8,2,21.6,20.9,26-35,0.814,Hard_Braking
9342,E-Scooter,0.46,2.27,14.87,19.87,39.8,38.9,1,4.7,12.5,60+,0.706,Normal
9343,E-Bike,1.9,9.67,14.51,20.77,45.4,41.4,2,54.0,29.2,18-25,0.776,Hard_Braking
9344,E-Scooter,1.83,4.67,20.29,26.64,53.4,41.7,2,3.8,34.8,18-25,0.368,Improper_Parking
9345,E-Scooter,4.05,15.39,17.01,24.78,89.5,78.5,2,2.9,8.4,18-25,0.653,Normal
9346,E-Bike,3.49,14.34,13.01,19.01,61.2,52.7,3,3.5,39.0,18-25,0.892,Hard_Braking
9347,E-Bike,3.06,20.46,11.05,19.07,57.1,51.5,0,4.1,32.1,18-25,0.655,Normal
9348,E-Bike,1.66,10.11,16.47,21.53,82.6,78.5,2,19.1,20.1,26-35,0.802,Normal
9349,E-Scooter,2.01,4.11,18.46,22.4,92.4,89.4,0,2.1,25.5,46-60,0.56,Normal
9350,E-Scooter,4.0,18.45,13.1,16.12,20.9,6.3,2,12.4,32.2,26-35,0.752,Battery_Critical
9351,E-Bike,2.01,12.64,13.9,22.42,98.6,96.1,1,4.6,27.9,18-25,0.897,Normal
9352,E-Scooter,2.38,11.16,15.04,19.78,98.4,94.5,0,5.8,39.1,,0.748,Normal
9353,E-Scooter,2.08,10.16,16.79,22.9,56.2,50.5,1,16.4,16.2,18-25,0.882,Mechanical_Fault
9354,E-Bike,2.4,21.58,10.2,20.98,53.9,53.8,3,7.4,18.8,18-25,0.599,Hard_Braking
9355,E-Bike,1.44,2.45,11.34,19.96,23.9,21.8,2,50.0,12.2,26-35,0.494,Normal
9356,E-Bike,2.35,15.61,8.5,10.7,56.1,51.5,0,8.7,14.9,26-35,0.836,Normal
9357,E-Scooter,1.58,7.48,22.51,26.86,27.8,24.2,2,32.5,24.6,18-25,0.712,Normal
9358,E-Scooter,4.97,17.68,13.71,18.97,45.2,34.3,2,28.0,19.7,18-25,0.586,Normal
9359,E-Bike,0.93,8.36,7.78,18.14,22.8,18.3,0,7.8,17.5,26-35,0.747,Normal
9360,E-Scooter,3.85,6.76,23.58,28.07,37.3,25.2,0,44.2,22.4,26-35,0.851,Mechanical_Fault
9361,E-Scooter,1.14,7.97,19.0,23.81,66.7,59.2,2,37.8,25.5,18-25,0.861,Normal
9362,E-Bike,7.19,21.46,18.38,23.53,32.5,12.8,1,1.0,24.3,26-35,0.795,Battery_Critical
9363,E-Bike,1.42,7.45,12.81,16.92,20.5,20.8,2,12.9,17.3,36-45,0.945,Normal
9364,E-Bike,8.65,38.35,13.23,21.3,43.9,17.1,0,24.2,23.5,18-25,0.868,Normal
9365,E-Bike,3.93,24.65,10.01,13.3,73.3,65.9,2,24.6,12.9,26-35,0.911,Mechanical_Fault
9366,E-Scooter,10.31,32.41,20.22,23.86,94.9,55.5,2,40.9,33.5,46-60,,Normal
9367,E-Scooter,0.8,6.36,15.79,19.08,53.9,56.2,1,43.9,22.3,36-45,0.883,Normal
9368,E-Bike,3.61,13.88,13.58,17.79,82.7,75.1,1,68.0,13.5,36-45,0.86,Hard_Braking
9369,E-Scooter,2.57,9.25,15.81,16.67,29.2,22.2,3,50.6,10.3,46-60,0.818,Hard_Braking
9370,E-Scooter,3.64,16.73,14.29,18.84,69.2,59.2,2,27.3,33.9,36-45,0.581,Hard_Braking
9371,E-Scooter,6.86,20.35,22.13,28.5,47.8,26.2,3,35.8,15.2,26-35,0.491,Mechanical_Fault
9372,E-Scooter,3.76,18.03,12.94,16.51,69.0,60.3,2,59.4,37.2,26-35,0.778,Mechanical_Fault
9373,E-Scooter,6.55,20.64,18.79,25.19,35.9,21.1,4,27.2,20.6,36-45,0.819,Hard_Braking
9374,E-Scooter,2.51,8.9,20.0,25.78,54.5,48.7,0,27.4,31.6,60+,0.625,Normal
9375,E-Bike,3.04,9.03,18.64,23.55,88.6,81.9,2,4.0,20.1,18-25,0.837,Hard_Braking
9376,E-Scooter,3.53,13.5,22.74,25.7,23.2,14.4,3,6.7,20.0,26-35,0.854,Hard_Braking
9377,E-Scooter,5.36,16.37,18.37,18.94,93.8,81.8,1,7.0,12.3,18-25,0.961,Battery_Critical
9378,E-Scooter,2.97,10.34,23.56,32.56,23.4,17.4,1,6.9,31.4,18-25,0.687,Normal
9379,E-Scooter,3.99,8.27,20.36,25.24,99.0,85.9,2,7.1,25.5,36-45,0.89,Battery_Critical
9380,E-Bike,5.86,47.16,6.9,14.43,52.7,34.2,2,2.0,21.7,36-45,0.9,Hard_Braking
9381,E-Scooter,0.72,5.44,14.5,21.03,57.9,57.0,3,9.3,26.8,26-35,0.869,Hard_Braking
9382,E-Bike,2.67,4.63,13.53,15.62,72.0,63.6,1,39.0,15.6,18-25,0.864,Normal
9383,E-Bike,6.36,32.75,12.45,24.44,43.8,28.8,1,49.0,27.2,26-35,0.735,Hard_Braking
9384,E-Scooter,5.7,29.9,13.7,18.17,44.9,27.7,3,3.1,27.4,46-60,0.483,Mechanical_Fault
9385,E-Scooter,2.74,3.15,27.5,32.51,62.0,55.8,1,14.5,24.3,36-45,0.663,Normal
9386,E-Scooter,1.81,7.73,16.9,22.05,94.2,84.1,1,61.7,28.3,18-25,0.824,Normal
9387,E-Scooter,2.49,4.92,19.87,26.32,41.4,32.3,0,7.4,34.4,46-60,0.702,Normal
9388,E-Bike,3.63,21.58,12.3,13.28,49.5,44.5,1,1.2,31.0,46-60,0.79,Normal
9389,E-Bike,1.9,9.93,13.12,15.36,26.9,23.3,3,37.0,22.1,26-35,0.694,Hard_Braking
9390,E-Scooter,2.52,9.72,27.72,29.64,24.8,13.4,1,20.8,30.0,46-60,0.845,Normal
9391,E-Bike,0.73,6.79,15.98,20.98,89.4,84.0,3,39.8,17.7,26-35,0.753,Hard_Braking
9392,E-Scooter,3.44,12.74,16.89,22.33,49.6,47.6,1,14.4,19.0,18-25,0.983,Normal
9393,E-Scooter,2.81,6.92,18.04,20.13,55.1,47.8,1,113.3,18.1,18-25,0.8,Mechanical_Fault
9394,E-Bike,4.48,29.25,10.62,15.11,95.1,85.2,1,41.3,27.4,26-35,0.785,Normal
9395,E-Scooter,5.87,18.52,18.84,21.27,48.3,32.7,3,6.5,29.6,18-25,0.603,Hard_Braking
9396,E-Scooter,6.05,25.11,13.63,16.2,68.4,49.9,1,28.4,19.5,60+,0.749,Mechanical_Fault
9397,E-Bike,1.9,14.62,18.18,23.78,85.1,73.5,1,4.1,19.1,26-35,0.772,Normal
9398,E-Scooter,5.25,23.73,12.87,19.45,38.6,18.7,3,2.3,1.6,26-35,0.863,Battery_Critical
9399,E-Scooter,0.3,2.0,16.64,19.84,64.7,66.9,0,5.0,26.2,26-35,0.694,Normal
9400,E-Scooter,0.64,2.0,17.15,23.21,80.3,81.2,0,79.2,23.1,18-25,0.83,Battery_Critical
9401,E-Scooter,3.95,10.81,17.64,21.24,85.4,75.9,1,5.3,30.5,26-35,0.672,Hard_Braking
9402,E-Scooter,2.2,6.36,22.59,24.11,29.9,19.9,3,12.3,21.4,26-35,0.741,Hard_Braking
9403,E-Bike,2.56,13.18,12.75,21.41,79.6,77.2,2,69.1,29.1,26-35,0.961,Normal
9404,E-Scooter,2.45,12.05,14.73,15.56,47.7,44.8,2,17.9,22.8,18-25,0.361,Improper_Parking
9405,E-Scooter,3.47,14.36,14.28,18.34,74.5,57.2,0,66.7,25.9,18-25,0.624,Normal
9406,E-Bike,2.44,6.59,14.28,22.39,39.1,20.1,1,20.5,15.5,36-45,0.806,Normal
9407,E-Scooter,3.72,17.77,17.92,26.35,49.6,36.7,2,30.3,27.0,18-25,0.831,Hard_Braking
9408,E-Bike,6.44,33.3,11.19,19.23,84.5,56.5,3,7.3,27.9,18-25,0.542,Hard_Braking
9409,E-Scooter,3.31,7.69,16.42,18.59,96.5,88.5,3,92.1,15.7,18-25,0.699,Mechanical_Fault
9410,E-Scooter,6.51,35.35,10.94,17.01,90.7,70.2,2,0.3,12.4,18-25,0.885,Mechanical_Fault
9411,E-Bike,5.69,24.02,14.05,19.22,24.6,7.8,1,31.5,21.0,18-25,0.666,Battery_Critical
9412,E-Bike,4.43,15.62,16.12,16.6,81.0,68.3,1,0.2,40.3,18-25,0.861,Mechanical_Fault
9413,E-Bike,3.48,21.14,11.29,20.05,39.2,29.0,1,13.5,42.0,36-45,0.828,Normal
9414,E-Bike,3.86,20.92,11.17,14.15,35.2,20.8,1,17.2,24.9,18-25,0.939,Battery_Critical
9415,E-Scooter,6.88,18.37,19.18,25.91,80.1,61.6,4,13.9,26.2,18-25,0.867,Hard_Braking
9416,E-Scooter,2.76,7.74,24.48,30.39,83.9,77.4,2,1.0,16.4,18-25,0.628,Normal
9417,E-Scooter,4.64,18.15,18.34,24.56,30.1,19.8,1,4.6,29.7,18-25,0.744,Normal
9418,E-Bike,0.39,2.0,9.19,14.25,73.9,73.7,1,2.7,30.5,36-45,0.613,Normal
9419,E-Scooter,5.24,15.28,22.18,27.42,92.9,71.9,0,3.9,25.7,18-25,0.465,Normal
9420,E-Scooter,7.72,28.75,19.88,21.5,97.2,77.8,1,23.4,19.5,36-45,0.855,Normal
9421,E-Scooter,4.35,12.12,17.82,18.38,39.6,19.0,3,1.8,27.6,36-45,0.724,Hard_Braking
9422,E-Scooter,8.71,37.48,14.42,20.92,93.6,68.7,1,61.4,23.4,18-25,0.846,Normal
9423,E-Scooter,2.95,14.06,20.19,27.57,45.9,41.5,1,1.6,37.6,18-25,0.713,Normal
9424,E-Scooter,1.46,2.0,20.05,26.3,89.0,80.8,1,3.1,23.7,36-45,0.849,Normal
9425,E-Scooter,0.3,4.09,8.21,13.39,72.2,78.0,1,12.8,18.4,46-60,0.796,Normal
9426,E-Bike,0.42,2.0,15.84,20.76,83.7,84.5,2,1.3,22.1,36-45,0.556,Normal
9427,E-Bike,7.09,28.49,16.04,21.01,48.2,26.7,0,9.5,19.6,46-60,0.734,Normal
9428,E-Scooter,1.68,15.05,14.18,16.99,66.0,68.4,1,8.9,16.1,60+,0.748,Normal
9429,E-Scooter,0.3,2.0,20.01,27.74,89.9,96.4,0,15.2,11.2,36-45,0.596,Normal
9430,E-Scooter,2.18,8.51,16.7,24.8,43.0,40.7,3,22.7,12.3,18-25,0.749,Hard_Braking
9431,E-Scooter,1.17,10.55,10.04,14.5,62.4,64.2,0,22.4,23.9,18-25,0.903,Normal
9432,E-Bike,3.77,19.36,11.13,17.62,58.6,47.8,2,3.1,15.4,46-60,0.695,Hard_Braking
9433,E-Scooter,2.4,8.2,14.44,17.48,45.5,43.6,1,43.9,23.9,18-25,0.768,Normal
9434,E-Bike,1.89,7.55,13.15,15.58,73.5,66.6,0,17.2,42.0,26-35,0.657,Normal
9435,E-Scooter,3.27,17.03,13.96,15.11,28.5,27.6,4,2.3,27.7,26-35,0.746,Hard_Braking
9436,E-Scooter,3.52,17.82,12.75,15.05,20.4,11.7,3,35.0,29.1,26-35,0.866,Battery_Critical
9437,E-Scooter,1.0,5.91,16.78,24.7,44.4,39.3,0,9.1,31.0,36-45,0.919,Normal
9438,E-Scooter,4.55,11.64,21.39,24.32,83.8,75.5,2,14.9,23.7,18-25,0.678,Improper_Parking
9439,E-Scooter,2.52,12.43,14.28,16.78,23.0,19.9,0,7.4,25.6,46-60,0.503,Normal
9440,E-Bike,3.1,15.25,14.78,21.93,20.9,14.3,2,16.8,30.7,46-60,0.503,Normal
9441,E-Bike,4.84,18.06,18.71,20.3,41.0,24.8,3,19.9,14.7,18-25,0.57,Hard_Braking
9442,E-Bike,4.52,21.54,12.64,14.97,22.9,15.6,2,18.3,20.1,36-45,0.753,Mechanical_Fault
9443,E-Bike,0.73,2.0,15.75,22.38,21.1,24.2,0,1.1,33.8,46-60,0.712,Normal
9444,E-Scooter,2.4,17.68,7.86,17.69,93.6,88.5,1,27.7,15.8,36-45,0.755,Normal
9445,E-Bike,4.57,13.95,17.15,24.36,86.4,67.3,1,22.5,25.5,46-60,0.799,Normal
9446,E-Scooter,5.68,16.62,23.86,28.42,70.6,55.5,2,19.3,23.7,46-60,0.717,Hard_Braking
9447,E-Scooter,1.27,2.0,19.99,23.45,64.8,62.7,4,0.7,14.9,36-45,0.809,Hard_Braking
9448,E-Scooter,3.36,14.57,17.28,18.58,40.7,31.5,1,93.1,33.6,18-25,0.657,Mechanical_Fault
9449,E-Bike,4.85,24.42,12.91,15.04,59.6,52.3,0,5.5,27.7,18-25,0.72,Normal
9450,E-Bike,0.62,2.5,9.53,15.05,52.8,49.7,0,21.8,28.1,18-25,0.78,Normal
9451,E-Scooter,2.98,12.33,17.92,20.55,65.7,50.8,2,26.3,21.5,36-45,0.914,Hard_Braking
9452,E-Scooter,1.13,10.41,12.84,18.92,69.3,67.8,1,9.9,10.2,26-35,0.831,Normal
9453,E-Scooter,4.62,33.85,9.87,13.89,84.1,69.4,0,39.5,15.5,26-35,0.719,Normal
9454,E-Scooter,3.4,11.6,17.7,22.08,27.1,15.0,2,4.1,29.1,26-35,0.637,Hard_Braking
9455,E-Scooter,4.44,14.3,14.09,19.56,45.6,30.6,0,4.1,23.4,60+,0.832,Improper_Parking
9456,E-Bike,3.4,16.16,15.27,20.1,31.3,19.6,2,10.5,12.0,26-35,0.794,Hard_Braking
9457,E-Scooter,0.59,3.92,14.88,17.63,79.9,74.9,1,14.7,15.1,26-35,0.764,Normal
9458,E-Scooter,4.74,25.67,8.96,13.0,36.7,23.3,0,13.1,16.5,18-25,0.883,Normal
9459,E-Scooter,2.71,8.35,17.49,22.24,25.4,11.4,4,1.3,22.5,18-25,0.892,Battery_Critical
9460,E-Scooter,1.61,4.37,22.51,28.12,53.4,45.5,1,2.7,14.2,18-25,0.848,Normal
9461,E-Scooter,3.6,9.66,20.58,29.28,62.7,52.0,1,20.2,25.6,26-35,0.53,Normal
9462,E-Scooter,0.98,4.31,15.62,18.7,63.9,57.0,3,17.7,18.7,36-45,0.683,Hard_Braking
9463,E-Scooter,3.56,7.5,25.94,29.56,24.0,16.1,1,44.8,18.6,26-35,0.722,Mechanical_Fault
9464,E-Scooter,5.55,24.24,13.84,21.11,37.0,25.3,1,48.4,23.9,18-25,0.65,Normal
9465,E-Scooter,12.95,38.73,20.06,24.07,79.6,35.1,0,2.4,22.6,46-60,0.756,Normal
9466,E-Scooter,0.36,4.26,17.45,18.34,96.6,95.8,1,30.3,37.9,46-60,0.855,Hard_Braking
9467,E-Scooter,1.85,8.5,17.38,18.92,75.2,68.2,0,22.1,17.6,36-45,0.784,Normal
9468,E-Scooter,3.35,8.6,15.11,18.24,45.6,34.5,2,44.6,16.0,46-60,0.852,Normal
9469,E-Scooter,5.83,27.8,12.06,15.55,25.9,11.4,0,0.9,16.3,26-35,0.696,Battery_Critical
9470,E-Bike,1.68,10.78,10.4,15.9,60.7,58.3,1,37.1,15.7,36-45,0.539,Normal
9471,E-Bike,9.53,54.59,11.06,20.82,53.8,23.0,0,6.6,21.0,26-35,0.711,Normal
9472,E-Bike,3.04,15.43,12.37,18.51,87.2,72.4,4,12.6,30.4,18-25,0.796,Hard_Braking
9473,E-Scooter,3.1,10.32,15.8,22.03,93.4,83.0,3,8.7,26.7,36-45,0.799,Normal
9474,E-Scooter,2.08,7.74,17.0,18.01,87.9,83.7,1,36.2,27.3,26-35,,Normal
9475,E-Scooter,3.87,9.28,17.19,25.25,75.5,62.1,1,28.0,15.0,36-45,0.698,Normal
9476,E-Scooter,1.8,5.9,17.85,18.4,70.3,67.3,4,10.2,23.7,26-35,0.801,Hard_Braking
9477,E-Scooter,1.32,4.1,20.7,21.99,27.6,21.9,4,11.9,13.4,26-35,0.798,Hard_Braking
9478,E-Bike,0.9,2.0,14.78,15.89,82.7,74.5,1,23.4,16.5,46-60,0.791,Normal
9479,E-Scooter,2.28,9.79,16.63,20.73,75.4,71.1,1,7.1,24.3,46-60,0.977,Normal
9480,E-Scooter,3.04,10.12,22.12,23.53,90.5,79.1,1,3.3,31.0,46-60,0.551,Normal
9481,E-Bike,0.41,3.12,12.82,17.27,42.7,46.2,0,0.1,10.0,60+,0.95,Normal
9482,E-Bike,0.92,2.0,14.64,25.53,44.5,47.7,0,9.2,21.8,36-45,0.924,Normal
9483,E-Scooter,13.49,60.36,13.78,20.05,47.6,5.1,3,37.8,18.1,26-35,0.802,Battery_Critical
9484,E-Bike,1.04,6.42,8.83,15.11,66.9,65.9,2,4.8,34.6,36-45,0.716,Normal
9485,E-Bike,4.62,19.96,16.74,18.83,95.3,85.1,0,50.7,25.3,18-25,0.915,Battery_Critical
9486,E-Scooter,1.28,2.0,21.71,26.16,30.1,24.7,1,26.1,25.1,26-35,0.474,Normal
9487,E-Bike,3.73,12.77,17.45,20.18,93.9,79.7,0,39.9,9.2,18-25,0.619,Normal
9488,E-Scooter,2.15,2.42,21.46,28.48,30.8,25.2,1,13.8,19.0,36-45,0.731,Normal
9489,E-Bike,0.97,2.0,14.2,19.08,21.9,14.3,2,11.8,26.4,46-60,0.936,Battery_Critical
9490,E-Scooter,9.91,47.87,12.29,21.18,47.2,28.3,3,13.0,24.9,26-35,0.297,Improper_Parking
9491,E-Bike,4.16,15.87,18.18,18.99,37.4,28.7,0,19.3,37.2,26-35,0.671,Improper_Parking
9492,E-Scooter,5.87,27.47,14.11,18.35,99.0,83.9,0,17.2,27.8,18-25,0.868,Normal
9493,E-Scooter,4.64,17.55,15.41,19.71,64.3,42.4,1,35.4,28.5,18-25,0.893,Normal
9494,E-Bike,2.44,6.03,12.93,15.76,21.2,11.9,0,25.7,21.4,26-35,0.877,Battery_Critical
9495,E-Bike,0.53,3.59,17.79,20.16,93.4,89.7,1,3.5,17.2,18-25,0.776,Normal
9496,E-Scooter,1.82,11.41,20.92,21.36,94.4,90.0,2,1.3,26.3,46-60,0.842,Normal
9497,E-Scooter,2.06,8.8,22.39,30.04,38.4,28.2,2,7.5,21.7,26-35,0.921,Normal
9498,E-Bike,4.34,20.53,11.95,16.7,43.2,29.8,1,7.3,28.1,26-35,0.627,Normal
9499,E-Bike,1.86,9.27,10.36,11.7,91.6,84.7,0,19.7,21.5,26-35,0.759,Normal
9500,E-Scooter,2.36,17.41,10.9,13.99,40.4,28.3,1,57.6,20.7,46-60,0.927,Normal
9501,E-Scooter,3.2,11.51,18.4,21.92,26.0,9.0,0,9.8,15.0,18-25,0.706,Battery_Critical
9502,E-Scooter,0.91,2.0,16.54,19.66,62.4,60.5,1,5.2,21.9,60+,0.784,Hard_Braking
9503,E-Scooter,1.28,5.07,13.58,20.84,93.7,90.1,3,13.0,19.4,18-25,0.622,Hard_Braking
9504,E-Scooter,1.11,5.73,13.75,17.74,21.6,18.6,0,9.2,41.0,18-25,0.813,Normal
9505,E-Bike,9.33,76.15,7.23,9.15,92.4,63.2,3,17.2,24.8,36-45,0.562,Hard_Braking
9506,E-Bike,2.22,6.57,14.82,16.93,76.9,65.8,0,4.2,28.8,26-35,0.981,Normal
9507,E-Bike,4.19,35.99,8.84,10.26,68.4,58.3,2,37.0,12.5,18-25,0.881,Hard_Braking
9508,E-Bike,0.3,3.19,15.12,15.7,51.0,51.5,0,6.4,19.2,36-45,0.778,Normal
9509,E-Bike,0.79,6.5,12.52,18.78,54.2,51.4,0,1.9,26.3,18-25,0.88,Hard_Braking
9510,E-Bike,3.72,17.91,14.03,23.77,80.5,71.1,1,51.4,33.4,60+,0.843,Normal
9511,E-Bike,3.59,10.77,17.43,21.25,58.0,47.0,2,0.1,12.1,36-45,0.945,Normal
9512,E-Scooter,3.21,17.09,15.2,19.1,63.2,56.7,2,66.5,32.7,26-35,0.606,Mechanical_Fault
9513,E-Scooter,7.63,45.45,10.55,13.67,29.1,6.2,2,41.2,11.0,36-45,0.777,Battery_Critical
9514,E-Scooter,3.97,19.37,12.14,16.47,52.0,39.8,2,4.7,14.5,36-45,0.765,Normal
9515,E-Scooter,2.78,10.64,11.48,17.86,93.7,88.9,2,1.2,9.0,46-60,0.937,Battery_Critical
9516,E-Bike,5.45,40.34,8.71,16.85,77.8,69.2,1,65.2,13.5,46-60,0.908,Normal
9517,E-Scooter,5.67,29.28,10.76,18.41,79.1,64.9,1,20.2,19.8,18-25,0.692,Normal
9518,E-Bike,4.65,15.92,15.87,21.24,75.4,57.4,1,24.0,17.1,26-35,0.567,Normal
9519,E-Bike,2.88,12.88,16.15,19.91,95.7,84.6,1,0.4,13.1,18-25,0.791,Normal
9520,E-Scooter,1.13,7.39,17.56,24.41,34.4,27.1,3,6.6,22.1,26-35,0.655,Hard_Braking
9521,E-Scooter,2.56,8.82,21.81,27.79,47.0,35.9,1,17.9,34.1,46-60,0.672,Normal
9522,E-Bike,0.39,2.0,9.53,12.42,48.7,47.2,0,7.7,18.3,18-25,0.465,Normal
9523,E-Bike,3.26,21.35,10.4,14.78,82.6,70.8,2,58.1,23.9,18-25,0.87,Hard_Braking
9524,E-Scooter,5.49,22.73,14.78,19.24,37.5,23.5,3,0.7,32.1,60+,0.798,Battery_Critical
9525,E-Scooter,4.02,14.21,17.2,21.74,31.7,31.4,0,66.4,33.1,26-35,0.988,Normal
9526,E-Scooter,3.74,9.62,15.2,22.16,86.7,81.7,1,2.4,22.6,26-35,0.627,Normal
9527,E-Scooter,6.8,23.42,13.36,15.87,68.0,43.7,1,4.5,8.3,26-35,0.69,Normal
9528,E-Bike,2.81,10.89,12.6,14.36,24.1,17.3,0,5.2,14.9,26-35,0.853,Normal
9529,E-Bike,1.19,6.39,7.76,7.77,84.9,79.5,0,4.1,21.2,26-35,0.795,Normal
9530,E-Bike,0.3,2.0,13.83,14.31,79.6,76.9,1,32.0,24.3,26-35,0.55,Normal
9531,E-Scooter,2.83,10.89,18.3,19.73,98.4,91.0,1,7.8,28.6,26-35,0.616,Normal
9532,E-Bike,1.44,10.6,11.35,15.94,56.9,50.1,0,35.0,21.4,18-25,0.84,Normal
9533,E-Bike,0.47,2.44,7.67,9.49,94.8,91.2,2,38.1,11.6,26-35,0.746,Hard_Braking
9534,E-Bike,4.21,14.28,14.12,19.2,62.3,51.5,2,63.5,34.1,36-45,0.765,Normal
9535,E-Bike,5.4,36.33,8.89,14.33,66.6,51.8,0,23.0,30.2,26-35,0.828,Normal
9536,E-Scooter,1.23,8.94,12.92,22.61,84.6,80.3,2,36.8,36.4,36-45,0.919,Mechanical_Fault
9537,E-Scooter,1.18,2.0,17.59,29.51,65.3,62.8,2,13.1,29.3,36-45,0.582,Hard_Braking
9538,E-Scooter,0.74,2.0,19.14,23.28,44.7,43.2,2,40.8,12.8,26-35,0.357,Improper_Parking
9539,E-Scooter,0.83,5.71,21.13,26.81,50.8,45.6,2,1.1,6.6,18-25,0.782,Hard_Braking
9540,E-Scooter,1.39,2.0,18.86,24.36,24.4,15.1,2,31.5,12.1,26-35,0.832,Normal
9541,E-Bike,1.46,8.04,15.77,21.68,84.5,82.0,1,14.9,32.2,36-45,0.845,Normal
9542,E-Scooter,0.67,7.26,8.93,12.04,38.1,36.1,2,3.9,32.2,46-60,0.798,Hard_Braking
9543,E-Bike,1.79,6.48,14.74,14.83,94.7,91.1,1,0.4,27.2,26-35,0.974,Normal
9544,E-Scooter,4.38,17.64,18.86,23.17,88.6,79.3,2,4.7,20.1,60+,0.452,Normal
9545,E-Scooter,1.48,3.78,14.46,17.46,29.6,22.8,1,20.2,28.1,26-35,0.762,Normal
9546,E-Bike,2.51,14.44,9.85,13.57,81.1,73.3,1,25.0,40.1,18-25,0.991,Improper_Parking
9547,E-Bike,1.14,6.57,18.29,29.07,56.7,53.5,0,18.3,18.5,36-45,0.795,Normal
9548,E-Scooter,7.37,32.25,14.03,22.73,27.8,3.0,2,1.4,30.7,36-45,0.661,Battery_Critical
9549,E-Scooter,2.63,15.31,11.78,16.27,53.0,43.1,2,2.9,23.9,26-35,0.582,Normal
9550,E-Bike,2.96,22.6,9.99,65.14,60.5,49.4,1,16.6,21.7,26-35,0.655,Normal
9551,E-Bike,3.82,12.91,15.82,19.49,55.1,39.5,2,23.8,19.2,46-60,0.915,Normal
9552,E-Bike,7.26,40.57,11.03,18.13,74.4,53.9,0,5.0,28.3,18-25,0.832,Normal
9553,E-Scooter,2.73,11.14,20.66,22.36,73.5,67.7,4,14.9,39.2,46-60,0.785,Hard_Braking
9554,E-Bike,1.7,14.73,11.81,19.43,30.1,24.7,3,2.5,26.2,36-45,0.831,Hard_Braking
9555,E-Scooter,1.7,2.82,21.87,28.86,51.4,48.9,2,51.0,25.6,18-25,0.831,Hard_Braking
9556,E-Bike,10.48,44.93,13.3,15.21,33.0,0.0,3,59.5,25.3,18-25,0.289,Battery_Critical
9557,E-Bike,1.61,10.3,12.05,18.19,37.7,29.2,1,24.7,9.6,26-35,0.897,Normal
9558,E-Bike,2.8,13.68,12.92,17.52,23.3,20.8,1,0.6,14.2,46-60,0.737,Normal
9559,E-Bike,1.82,5.18,13.71,14.9,42.0,28.3,3,22.8,27.5,60+,0.972,Hard_Braking
9560,E-Scooter,1.13,2.47,17.96,25.15,83.8,82.4,1,47.1,23.4,26-35,0.692,Normal
9561,E-Bike,3.74,27.76,9.47,15.41,67.3,55.9,2,46.1,20.7,26-35,0.712,Hard_Braking
9562,E-Bike,7.29,28.4,14.5,24.94,53.9,36.6,0,0.1,10.1,60+,0.664,Normal
9563,E-Scooter,0.39,2.0,16.23,20.83,61.8,62.5,2,77.1,25.3,26-35,0.654,Hard_Braking
9564,E-Bike,1.62,4.86,14.39,17.14,85.5,77.3,1,5.6,32.4,36-45,0.806,Battery_Critical
9565,E-Scooter,3.23,10.53,14.77,24.38,86.5,71.7,0,26.2,22.9,26-35,0.926,Normal
9566,E-Scooter,0.52,12.06,19.69,23.39,53.2,49.4,1,13.5,21.0,18-25,0.819,Normal
9567,E-Scooter,3.26,28.3,9.91,14.33,30.7,23.1,0,55.7,28.1,26-35,0.93,Battery_Critical
9568,E-Bike,2.34,9.49,13.82,22.04,72.4,59.8,4,16.3,34.8,18-25,0.56,Hard_Braking
9569,E-Bike,2.62,13.75,13.17,19.93,37.6,27.9,0,31.7,30.7,18-25,0.628,Normal
9570,E-Scooter,2.23,5.19,16.58,19.25,69.3,64.7,2,0.4,21.7,26-35,0.717,Improper_Parking
9571,E-Scooter,3.37,5.3,20.77,21.39,35.0,27.4,0,7.8,19.7,18-25,0.824,Normal
9572,E-Scooter,2.52,16.11,12.25,21.95,81.2,76.5,0,7.9,29.3,60+,0.568,Normal
9573,E-Scooter,7.95,25.59,19.34,28.35,36.5,14.5,1,15.5,39.5,26-35,0.795,Mechanical_Fault
9574,E-Bike,2.75,12.81,18.78,23.4,80.4,69.5,1,12.7,24.3,36-45,0.497,Normal
9575,E-Scooter,5.7,17.37,19.91,29.4,69.2,54.1,0,6.7,27.5,26-35,0.741,Normal
9576,E-Bike,2.09,7.3,13.03,15.44,44.9,37.7,1,1.4,30.3,36-45,0.565,Battery_Critical
9577,E-Bike,11.86,59.72,11.71,18.38,51.5,17.9,1,20.0,17.0,26-35,0.865,Normal
9578,E-Scooter,5.48,23.22,13.2,16.47,89.0,72.6,5,75.3,13.0,46-60,0.635,Hard_Braking
9579,E-Scooter,1.78,5.23,19.87,23.24,34.4,29.0,1,0.2,22.1,26-35,0.838,Normal
9580,E-Scooter,5.47,14.35,22.2,22.89,41.8,26.7,2,58.7,31.9,36-45,0.97,Mechanical_Fault
9581,E-Scooter,3.07,2.89,19.19,27.06,49.2,41.0,4,30.3,23.4,46-60,0.719,Hard_Braking
9582,E-Scooter,2.42,2.0,18.63,22.06,66.8,65.0,0,68.0,34.1,18-25,0.64,Normal
9583,E-Bike,2.7,16.79,11.0,12.08,47.2,34.3,1,34.1,38.2,18-25,0.949,Normal
9584,E-Bike,3.57,22.3,12.27,16.43,51.5,34.5,0,45.5,27.1,36-45,0.731,Normal
9585,E-Scooter,1.74,3.57,15.7,22.2,92.2,83.8,0,0.6,9.5,26-35,0.765,Normal
9586,E-Scooter,1.01,9.58,13.49,14.08,34.7,29.9,1,3.4,24.0,60+,0.735,Battery_Critical
9587,E-Scooter,2.97,8.08,15.66,22.66,23.4,13.5,2,32.0,27.2,46-60,0.869,Battery_Critical
9588,E-Scooter,2.51,6.68,21.27,30.15,72.3,58.6,3,0.8,29.0,26-35,0.586,Hard_Braking
9589,E-Scooter,0.89,3.62,23.54,27.69,79.5,79.8,0,22.2,22.9,36-45,0.934,Normal
9590,E-Bike,4.72,21.75,11.79,18.96,47.6,38.1,1,69.2,32.0,26-35,0.985,Mechanical_Fault
9591,E-Scooter,0.3,2.0,15.1,19.82,93.5,93.8,0,35.2,14.1,60+,0.694,Mechanical_Fault
9592,E-Scooter,3.23,14.46,19.23,21.75,29.1,15.1,3,11.2,20.5,26-35,0.819,Battery_Critical
9593,E-Scooter,2.55,7.77,20.54,23.7,83.2,74.4,1,4.2,18.2,26-35,0.561,Normal
9594,E-Scooter,1.42,6.36,20.75,25.61,36.7,28.6,2,23.3,11.2,18-25,0.751,Improper_Parking
9595,E-Scooter,4.62,21.56,13.08,15.48,82.6,68.8,2,10.7,17.7,18-25,0.901,Normal
9596,E-Bike,2.81,11.42,18.01,20.06,35.9,27.3,1,6.1,26.9,46-60,0.618,Normal
9597,E-Scooter,8.81,30.4,16.43,24.48,51.6,23.8,1,5.7,16.9,26-35,0.958,Battery_Critical
9598,E-Scooter,1.98,6.39,14.56,19.44,68.2,70.7,2,14.7,37.5,46-60,0.856,Normal
9599,E-Scooter,2.74,9.3,16.9,19.48,20.8,8.9,2,27.3,25.7,26-35,0.811,Battery_Critical
9600,E-Bike,3.84,14.88,16.86,22.53,87.0,78.6,0,7.5,34.3,26-35,0.893,Normal
9601,E-Bike,2.89,20.07,9.6,12.98,25.0,12.9,1,53.1,17.8,26-35,0.712,Battery_Critical
9602,E-Scooter,2.57,9.59,16.62,21.7,39.7,33.2,0,17.4,16.3,18-25,0.723,Normal
9603,E-Scooter,1.53,5.46,14.6,18.74,34.9,30.9,1,49.5,42.0,26-35,0.865,Normal
9604,E-Scooter,3.12,20.43,7.93,12.26,43.2,30.5,3,35.2,35.1,18-25,0.649,Hard_Braking
9605,E-Scooter,2.53,4.71,16.54,21.73,20.1,11.4,0,56.6,17.5,18-25,0.711,Battery_Critical
9606,E-Scooter,4.84,14.44,16.38,20.77,51.5,40.5,1,3.7,33.9,18-25,0.74,Normal
9607,E-Scooter,4.38,30.24,8.41,13.97,53.9,42.6,1,1.9,19.7,18-25,0.68,Mechanical_Fault
9608,E-Bike,3.01,9.18,15.41,23.46,39.2,29.6,1,19.3,36.0,26-35,0.916,Normal
9609,E-Scooter,5.45,17.82,18.05,24.33,96.1,85.3,1,0.3,28.3,26-35,0.87,Mechanical_Fault
9610,E-Scooter,9.65,66.12,9.21,12.97,60.3,33.0,0,29.0,24.3,46-60,0.706,Improper_Parking
9611,E-Bike,1.89,5.98,15.95,16.07,66.5,55.4,0,4.0,16.2,36-45,0.812,Normal
9612,E-Scooter,2.19,6.07,15.65,18.7,91.1,81.3,0,26.5,14.3,46-60,0.92,Normal
9613,E-Scooter,0.74,2.95,17.81,23.59,87.5,85.7,1,8.0,36.3,18-25,0.792,Normal
9614,E-Scooter,2.3,2.0,20.07,23.23,23.6,21.2,2,13.6,8.2,26-35,0.854,Hard_Braking
9615,E-Scooter,14.0,33.74,21.89,24.86,25.8,0.0,0,31.6,18.8,26-35,0.781,Battery_Critical
9616,E-Bike,7.94,29.24,13.77,19.88,58.5,34.2,4,25.1,28.2,18-25,0.86,Hard_Braking
9617,E-Bike,1.54,2.0,16.07,25.35,42.5,36.3,0,7.7,27.0,60+,0.581,Normal
9618,E-Scooter,3.56,7.24,20.11,28.2,83.0,80.7,2,9.2,2.3,18-25,0.943,Hard_Braking
9619,E-Bike,2.53,12.61,11.54,16.61,63.5,52.8,0,2.9,22.8,46-60,0.74,Mechanical_Fault
9620,E-Scooter,4.83,15.55,18.7,23.64,25.9,8.8,0,67.6,19.3,18-25,0.956,Battery_Critical
9621,E-Scooter,1.08,8.61,11.78,18.94,62.8,58.8,1,1.0,29.1,26-35,0.743,Normal
9622,E-Scooter,0.76,8.77,14.75,20.28,74.6,71.1,1,6.3,21.6,18-25,0.683,Hard_Braking
9623,E-Scooter,5.82,18.94,21.85,29.6,93.8,75.9,1,5.0,42.0,36-45,0.832,Hard_Braking
9624,E-Bike,1.84,6.49,19.99,29.29,32.4,28.9,1,6.5,24.0,36-45,0.812,Normal
9625,E-Bike,3.22,11.77,14.46,15.54,95.9,87.8,1,34.1,18.3,26-35,0.734,Normal
9626,E-Scooter,3.13,9.46,18.61,25.11,94.8,92.0,0,4.9,37.4,36-45,0.49,Normal
9627,E-Bike,1.46,8.66,13.12,15.28,40.4,23.9,0,15.3,19.9,60+,0.783,Normal
9628,E-Bike,3.16,23.03,11.15,16.44,99.1,91.1,1,6.9,24.8,36-45,0.889,Normal
9629,E-Scooter,9.28,36.92,14.69,20.65,98.2,72.3,0,82.3,31.3,46-60,0.81,Normal
9630,E-Bike,3.32,12.99,13.96,20.12,73.5,64.9,2,35.5,19.6,18-25,0.794,Hard_Braking
9631,E-Scooter,2.34,8.44,15.22,20.41,45.8,28.4,1,5.4,14.5,46-60,0.724,Normal
9632,E-Bike,2.52,9.68,15.93,21.42,24.5,13.1,3,50.0,27.5,26-35,0.585,Battery_Critical
9633,E-Scooter,3.52,14.75,16.39,23.39,77.4,68.8,1,13.6,30.9,26-35,0.849,Hard_Braking
9634,E-Scooter,2.81,10.77,22.37,28.98,96.4,80.4,1,0.9,21.3,18-25,0.801,Hard_Braking
9635,E-Scooter,8.5,24.95,23.83,28.64,37.7,16.9,1,31.2,28.8,46-60,0.83,Normal
9636,E-Scooter,1.87,8.48,15.64,19.92,57.9,50.4,1,56.1,32.0,18-25,0.758,Normal
9637,E-Bike,1.06,8.74,10.04,15.05,41.7,46.1,2,6.2,35.6,60+,0.911,Hard_Braking
9638,E-Scooter,1.24,4.03,15.29,18.07,86.3,74.2,1,19.4,29.3,18-25,0.895,Normal
9639,E-Bike,6.84,46.53,10.2,10.58,58.8,40.1,2,24.1,24.3,36-45,0.727,Improper_Parking
9640,E-Bike,1.04,7.08,9.86,12.89,49.8,46.1,1,43.9,21.4,18-25,0.787,Normal
9641,E-Scooter,9.57,41.13,12.85,25.21,89.1,60.9,1,15.6,29.3,26-35,0.936,Mechanical_Fault
9642,E-Scooter,0.96,4.35,11.92,15.97,39.4,32.6,2,37.0,34.9,18-25,0.672,Improper_Parking
9643,E-Scooter,5.61,12.7,20.28,29.47,31.8,8.5,1,10.6,31.1,26-35,0.71,Battery_Critical
9644,E-Bike,7.57,37.55,13.23,15.33,88.0,72.9,0,4.9,27.4,46-60,0.794,Normal
9645,E-Scooter,2.06,5.89,15.03,16.77,51.1,45.3,1,68.9,37.0,26-35,0.705,Normal
9646,E-Bike,2.42,15.48,13.71,16.1,65.5,61.0,2,24.4,10.3,26-35,0.702,Normal
9647,E-Scooter,3.08,2.0,20.28,26.03,69.7,49.4,0,35.9,42.0,46-60,0.95,Normal
9648,E-Bike,0.46,2.0,15.73,22.73,98.7,100.0,1,34.2,29.1,46-60,0.429,Mechanical_Fault
9649,E-Bike,8.57,42.56,11.42,19.41,50.3,23.1,1,11.6,16.4,18-25,0.864,Normal
9650,E-Scooter,0.3,2.0,9.84,11.88,45.0,47.0,2,32.0,20.3,36-45,0.87,Battery_Critical
9651,E-Bike,1.44,6.04,16.99,25.24,28.2,22.6,0,7.4,26.6,26-35,0.549,Normal
9652,E-Bike,5.82,71.28,5.0,8.53,65.7,50.6,1,7.0,30.3,18-25,0.692,Improper_Parking
9653,E-Bike,1.14,2.98,17.52,22.5,94.7,90.2,5,6.2,24.4,18-25,0.6,Hard_Braking
9654,E-Scooter,3.36,12.05,16.02,16.98,31.8,20.6,2,20.0,33.4,26-35,0.685,Hard_Braking
9655,E-Scooter,9.79,37.92,14.1,22.79,71.3,44.3,1,23.2,30.7,18-25,0.903,Normal
9656,E-Scooter,1.89,4.74,20.19,31.93,81.1,79.2,0,84.4,31.2,26-35,0.693,Normal
9657,E-Bike,1.66,10.16,13.39,20.71,90.0,84.3,0,41.5,20.1,18-25,0.813,Normal
9658,E-Scooter,4.86,18.76,17.8,19.58,56.4,39.6,0,4.6,11.9,46-60,0.325,Improper_Parking
9659,E-Bike,4.71,19.42,15.06,18.73,40.4,21.9,0,11.2,35.5,36-45,0.792,Normal
9660,E-Bike,0.57,2.0,16.26,21.38,32.9,32.6,2,8.5,24.4,18-25,0.663,Normal
9661,E-Scooter,6.64,41.11,9.59,11.2,77.5,58.4,3,21.8,22.1,18-25,0.885,Hard_Braking
9662,E-Scooter,8.26,32.44,13.64,21.89,98.4,71.6,2,4.1,22.2,,0.903,Hard_Braking
9663,E-Scooter,1.91,5.16,17.38,20.67,75.8,67.9,1,1.1,25.1,18-25,0.845,Normal
9664,E-Scooter,4.63,16.07,14.49,17.64,69.8,50.9,0,4.6,22.3,46-60,0.625,Normal
9665,E-Scooter,7.67,39.07,14.38,18.69,85.0,59.3,1,42.4,22.1,18-25,0.566,Normal
9666,E-Scooter,7.94,26.22,20.17,21.71,92.5,61.0,0,1.7,22.7,46-60,0.719,Normal
9667,E-Scooter,2.96,11.82,20.64,28.4,79.4,63.4,2,1.6,31.1,26-35,0.928,Normal
9668,E-Bike,3.95,29.36,8.28,11.26,35.2,25.0,3,1.7,27.8,26-35,0.625,Hard_Braking
9669,E-Bike,1.1,4.59,16.69,17.13,63.9,57.1,1,3.5,31.7,46-60,0.516,Hard_Braking
9670,E-Scooter,3.62,8.25,18.01,28.36,24.2,6.8,0,10.8,22.9,18-25,0.854,Battery_Critical
9671,E-Scooter,0.3,2.0,18.22,19.19,22.6,23.8,2,18.3,14.9,26-35,0.472,Hard_Braking
9672,E-Scooter,1.98,2.98,21.24,24.66,95.3,90.0,0,12.9,20.3,26-35,0.653,Normal
9673,E-Bike,3.08,6.25,20.75,28.62,51.5,39.2,1,12.7,40.0,26-35,0.723,Normal
9674,E-Scooter,1.39,5.91,13.71,20.57,74.6,69.2,3,13.6,18.2,46-60,0.713,Hard_Braking
9675,E-Bike,1.25,8.35,12.95,20.65,96.4,96.3,0,2.0,42.0,18-25,0.874,Normal
9676,E-Bike,1.63,13.95,8.83,13.55,32.8,34.2,3,48.6,24.0,18-25,0.82,Hard_Braking
9677,E-Bike,2.88,6.97,23.66,31.84,20.9,7.0,0,13.1,34.1,18-25,0.659,Battery_Critical
9678,E-Bike,2.36,10.51,15.25,21.66,50.0,36.2,2,11.4,25.0,46-60,0.741,Hard_Braking
9679,E-Bike,5.27,30.47,12.09,20.16,94.6,78.0,1,11.5,21.7,36-45,0.746,Normal
9680,E-Bike,4.08,14.64,16.02,20.66,85.8,69.7,3,10.5,20.1,26-35,0.581,Hard_Braking
9681,E-Bike,4.97,23.8,13.98,19.97,60.6,45.8,1,49.4,21.7,18-25,0.675,Normal
9682,E-Scooter,9.03,29.86,17.6,23.69,99.4,67.8,1,25.3,29.4,46-60,0.662,Normal
9683,E-Bike,0.58,4.33,14.68,15.43,82.5,80.4,1,42.2,11.7,60+,0.837,Battery_Critical
9684,E-Scooter,3.28,11.4,15.55,18.97,86.4,70.7,3,19.0,36.3,36-45,0.909,Hard_Braking
9685,E-Scooter,4.71,18.66,14.69,21.63,74.6,64.8,1,5.2,12.0,46-60,0.897,Normal
9686,E-Scooter,2.76,7.71,19.95,29.01,94.2,85.5,1,55.1,37.8,26-35,0.608,Normal
9687,E-Scooter,4.58,21.5,14.67,15.57,68.2,52.3,0,17.1,34.5,18-25,0.706,Normal
9688,E-Bike,0.94,3.75,12.67,22.48,22.3,22.3,1,38.1,18.4,60+,0.782,Battery_Critical
9689,E-Scooter,3.94,14.36,13.88,17.59,84.5,79.8,0,23.2,11.5,26-35,0.472,Normal
9690,E-Scooter,3.12,12.26,19.43,21.29,83.0,74.2,2,21.4,25.3,26-35,0.829,Hard_Braking
9691,E-Scooter,2.1,6.49,19.12,21.14,61.9,59.7,1,15.7,22.4,26-35,0.875,Hard_Braking
9692,E-Scooter,1.21,3.58,14.46,15.15,30.9,28.5,1,14.7,20.2,36-45,0.591,Normal
9693,E-Bike,1.4,2.0,9.87,13.85,45.4,36.9,2,4.6,19.8,60+,0.713,Hard_Braking
9694,E-Scooter,4.54,24.5,9.55,17.12,38.7,18.4,1,36.9,34.9,36-45,0.979,Mechanical_Fault
9695,E-Bike,3.33,20.17,8.81,12.85,21.9,14.2,2,12.9,29.3,46-60,0.755,Hard_Braking
9696,E-Bike,0.94,4.6,12.79,14.82,40.3,35.9,0,1.9,31.2,46-60,0.752,Normal
9697,E-Scooter,3.18,17.33,14.28,19.07,59.3,52.9,0,17.3,29.9,18-25,0.839,Improper_Parking
9698,E-Scooter,2.15,10.47,15.39,22.11,57.1,47.6,2,17.9,25.0,26-35,0.694,Hard_Braking
9699,E-Scooter,2.11,10.27,8.54,10.55,55.0,53.3,1,23.5,35.0,60+,0.678,Normal
9700,E-Scooter,9.56,39.78,14.81,15.44,87.2,55.2,0,15.3,15.7,26-35,0.797,Normal
9701,E-Scooter,3.98,15.88,20.91,25.53,67.6,53.3,2,10.5,34.1,18-25,0.647,Normal
9702,E-Bike,0.69,2.59,7.88,11.64,25.1,24.1,1,55.1,30.2,36-45,0.799,Normal
9703,E-Bike,5.37,26.3,10.61,18.82,67.6,52.9,3,3.1,20.9,36-45,,Hard_Braking
9704,E-Bike,0.59,2.16,11.87,13.53,74.2,68.8,1,4.2,21.4,18-25,0.985,Normal
9705,E-Bike,13.14,42.12,17.13,26.84,86.9,52.2,2,6.2,11.6,36-45,0.95,Improper_Parking
9706,E-Scooter,4.54,12.78,15.52,22.11,79.1,71.0,0,6.3,26.1,46-60,0.711,Normal
9707,E-Scooter,2.54,12.65,13.11,18.44,22.2,11.6,2,28.3,28.8,36-45,0.754,Battery_Critical
9708,E-Scooter,8.75,21.91,21.54,25.33,22.7,0.0,1,46.9,39.0,46-60,0.728,Battery_Critical
9709,E-Scooter,2.33,8.78,11.71,15.31,48.9,44.5,0,18.6,37.3,26-35,0.764,Normal
9710,E-Scooter,3.27,9.38,17.47,24.79,97.7,81.9,0,18.2,34.0,18-25,0.897,Normal
9711,E-Scooter,2.52,2.78,16.21,27.22,93.8,86.5,0,22.9,9.1,26-35,0.853,Normal
9712,E-Scooter,1.56,6.63,23.52,25.67,93.2,81.7,3,11.5,25.0,36-45,0.53,Hard_Braking
9713,E-Scooter,5.42,19.24,14.38,26.0,53.2,34.7,0,6.4,38.6,18-25,0.763,Normal
9714,E-Scooter,7.41,36.89,12.04,17.78,59.3,31.0,3,9.1,19.9,18-25,0.972,Improper_Parking
9715,E-Scooter,0.9,6.38,18.31,22.42,70.9,63.1,0,5.2,18.7,36-45,0.758,Normal
9716,E-Scooter,0.88,7.89,14.99,21.6,34.4,26.3,0,23.1,22.3,36-45,0.896,Normal
9717,E-Bike,1.44,8.36,13.17,20.35,73.3,70.5,1,13.5,26.7,26-35,0.534,Normal
9718,E-Bike,0.84,5.36,14.32,16.15,44.2,37.7,1,5.7,13.6,18-25,0.659,Normal
9719,E-Bike,6.84,45.12,9.12,11.8,21.4,0.0,1,22.6,31.3,18-25,0.759,Battery_Critical
9720,E-Bike,7.21,37.24,13.99,20.49,22.5,6.6,1,29.1,15.6,18-25,0.838,Battery_Critical
9721,E-Scooter,3.68,23.18,12.62,22.39,39.4,25.8,3,8.0,23.8,36-45,0.744,Normal
9722,E-Scooter,4.39,12.91,17.53,17.6,85.8,79.8,2,7.9,28.2,46-60,0.599,Improper_Parking
9723,E-Scooter,0.78,2.0,17.28,20.91,84.1,84.7,2,36.9,35.2,60+,0.843,Mechanical_Fault
9724,E-Scooter,0.74,2.05,15.9,17.74,47.2,41.1,4,1.4,16.5,36-45,0.642,Hard_Braking
9725,E-Scooter,3.26,15.79,13.0,18.19,33.6,28.0,1,1.8,21.6,60+,0.819,Normal
9726,E-Bike,3.59,27.29,8.47,13.21,64.5,62.7,4,3.8,25.0,18-25,0.685,Hard_Braking
9727,E-Bike,8.55,31.79,16.19,17.7,97.8,69.7,1,44.3,17.4,26-35,0.934,Mechanical_Fault
9728,E-Bike,3.87,18.72,13.97,19.53,44.3,32.0,1,11.6,30.2,18-25,0.804,Battery_Critical
9729,E-Scooter,2.79,5.76,23.52,29.45,34.0,29.1,0,2.8,39.0,36-45,0.816,Normal
9730,E-Scooter,5.05,29.15,12.4,16.2,90.2,71.1,2,65.4,20.0,36-45,0.683,Mechanical_Fault
9731,E-Bike,4.34,19.28,14.46,23.59,28.8,12.4,1,11.2,24.9,36-45,0.497,Battery_Critical
9732,E-Scooter,3.17,9.07,20.65,25.22,68.4,54.2,1,27.1,19.5,26-35,0.738,Normal
9733,E-Scooter,3.83,13.11,17.2,22.35,46.7,31.7,2,1.2,29.9,18-25,0.887,Mechanical_Fault
9734,E-Bike,4.06,16.95,11.11,16.59,81.0,73.3,0,50.0,23.1,36-45,0.826,Normal
9735,E-Scooter,4.42,11.57,23.07,29.53,20.6,11.0,2,33.7,21.1,60+,0.694,Battery_Critical
9736,E-Bike,5.28,22.75,16.51,25.64,62.1,49.2,3,23.4,35.9,18-25,0.758,Hard_Braking
9737,E-Bike,1.8,6.04,16.24,19.97,99.4,94.8,5,38.4,28.7,26-35,0.694,Mechanical_Fault
9738,E-Bike,5.21,21.57,12.99,19.21,22.1,3.9,3,32.4,8.4,18-25,0.769,Battery_Critical
9739,E-Bike,10.02,49.81,11.14,17.9,88.4,62.9,1,14.6,37.0,26-35,0.821,Normal
9740,E-Bike,1.54,2.45,11.68,15.18,71.1,67.5,1,17.6,25.8,18-25,0.914,Normal
9741,E-Bike,2.75,14.75,10.3,11.02,32.3,22.0,1,34.1,26.3,26-35,0.665,Normal
9742,E-Scooter,1.71,14.11,7.1,10.51,38.3,34.2,5,52.0,19.7,18-25,0.79,Hard_Braking
9743,E-Scooter,0.78,6.96,15.16,22.46,72.9,77.5,2,5.2,24.1,26-35,0.542,Normal
9744,E-Bike,5.12,21.14,14.98,15.27,78.1,68.5,0,34.3,25.6,46-60,0.769,Normal
9745,E-Scooter,0.88,2.46,12.53,16.5,97.5,95.5,2,24.0,16.6,18-25,0.714,Hard_Braking
9746,E-Scooter,6.68,17.58,22.12,31.82,69.3,49.2,1,10.7,22.7,26-35,0.8,Normal
9747,E-Bike,3.43,19.04,13.13,13.17,66.8,50.7,1,3.2,34.7,18-25,0.784,Normal
9748,E-Scooter,5.32,27.48,13.81,18.11,22.3,6.2,3,4.2,21.9,46-60,0.871,Battery_Critical
9749,E-Bike,1.7,4.84,16.77,28.18,70.4,68.5,1,40.7,15.3,36-45,0.919,Normal
9750,E-Scooter,3.55,13.18,15.6,18.9,63.2,46.9,0,54.2,28.6,26-35,0.803,Normal
9751,E-Scooter,2.75,7.19,19.42,24.85,66.1,55.2,1,72.2,34.5,46-60,0.824,Mechanical_Fault
9752,E-Scooter,4.62,21.98,13.68,17.89,22.9,5.3,0,1.3,24.5,26-35,0.832,Battery_Critical
9753,E-Scooter,6.35,29.24,12.47,18.93,65.7,43.5,2,60.4,34.5,18-25,0.668,Mechanical_Fault
9754,E-Bike,2.47,13.81,10.23,11.32,65.8,60.0,5,7.4,13.2,36-45,0.68,Hard_Braking
9755,E-Bike,3.61,29.7,6.49,11.96,33.6,24.2,1,65.1,28.6,18-25,0.862,Mechanical_Fault
9756,E-Scooter,2.75,7.58,15.44,15.45,51.1,40.1,2,16.8,19.3,18-25,0.807,Hard_Braking
9757,E-Scooter,3.35,10.19,20.86,28.86,41.4,31.6,3,13.2,11.2,26-35,0.692,Hard_Braking
9758,E-Scooter,1.67,8.37,14.79,22.07,49.0,40.8,0,12.2,15.7,18-25,0.346,Improper_Parking
9759,E-Scooter,1.2,5.03,17.85,27.22,95.6,88.4,0,20.3,21.1,26-35,0.872,Normal
9760,E-Bike,2.21,6.73,11.66,13.67,98.2,91.2,1,19.4,28.8,18-25,0.776,Normal
9761,E-Scooter,8.76,28.13,18.05,22.9,81.2,56.4,2,41.4,24.2,36-45,0.796,Normal
9762,E-Scooter,0.3,2.0,16.57,17.41,22.9,23.7,0,16.3,28.5,46-60,0.912,Normal
9763,E-Bike,3.46,13.26,13.1,18.49,32.2,16.5,0,0.2,28.5,46-60,0.558,Battery_Critical
9764,E-Bike,0.36,2.0,16.54,20.91,76.9,77.9,1,49.3,33.9,26-35,0.732,Normal
9765,E-Scooter,1.97,4.18,11.49,12.12,51.4,46.7,2,49.8,22.8,46-60,0.705,Normal
9766,E-Scooter,0.55,4.77,17.25,23.97,72.5,70.8,1,5.5,23.4,18-25,0.556,Normal
9767,E-Scooter,2.79,11.84,15.29,22.83,62.8,49.6,1,6.6,22.1,26-35,0.73,Normal
9768,E-Scooter,5.17,23.12,15.14,20.45,41.7,25.2,2,22.7,21.2,26-35,0.767,Mechanical_Fault
9769,E-Scooter,2.18,8.15,20.51,25.66,28.6,20.2,2,61.4,17.9,18-25,0.722,Hard_Braking
9770,E-Scooter,2.23,10.08,17.35,26.14,91.6,85.4,1,31.9,23.7,36-45,0.774,Normal
9771,E-Scooter,1.6,6.41,12.64,16.35,70.9,67.9,1,74.7,21.0,26-35,0.551,Hard_Braking
9772,E-Bike,2.65,7.85,12.98,22.37,90.1,83.7,1,9.6,17.4,46-60,0.821,Normal
9773,E-Scooter,0.45,4.11,11.79,16.15,20.2,12.9,3,0.1,26.5,26-35,0.613,Battery_Critical
9774,E-Scooter,1.07,2.0,19.73,19.8,97.0,100.0,1,2.7,25.2,46-60,0.767,Normal
9775,E-Scooter,5.68,27.51,12.75,13.38,23.3,5.5,1,4.1,11.4,26-35,0.618,Battery_Critical
9776,E-Scooter,3.76,18.61,17.08,24.21,57.9,50.6,3,5.4,36.0,26-35,0.864,Hard_Braking
9777,E-Bike,1.73,9.99,11.35,14.87,54.9,58.2,2,41.9,13.0,36-45,0.709,Normal
9778,E-Scooter,10.08,27.68,20.1,21.38,45.0,15.6,1,1.8,29.6,36-45,0.821,Normal
9779,E-Bike,6.94,28.04,12.64,17.87,58.7,38.3,4,31.9,20.1,26-35,0.921,Hard_Braking
9780,E-Scooter,1.42,9.11,19.03,23.07,51.2,49.9,3,4.1,27.6,26-35,0.661,Hard_Braking
9781,E-Bike,3.28,12.07,14.25,17.49,72.0,59.8,2,11.2,14.5,26-35,0.375,Improper_Parking
9782,E-Scooter,1.86,2.0,18.44,19.59,37.7,36.7,3,0.0,20.4,26-35,0.71,Hard_Braking
9783,E-Scooter,3.29,16.44,14.56,17.98,42.3,27.6,1,5.1,13.5,46-60,0.88,Normal
9784,E-Scooter,1.36,7.24,13.05,14.9,35.5,28.5,2,3.5,6.8,18-25,0.81,Normal
9785,E-Bike,1.5,8.92,15.43,19.49,50.6,43.1,0,15.1,20.4,26-35,0.839,Normal
9786,E-Bike,5.3,21.0,16.52,25.4,75.9,55.2,0,8.8,2.4,18-25,0.839,Normal
9787,E-Bike,5.25,14.62,20.62,25.26,60.2,41.2,0,15.0,33.5,36-45,0.917,Normal
9788,E-Scooter,3.25,2.97,24.45,31.0,62.4,49.5,2,6.2,22.3,36-45,0.92,Hard_Braking
9789,E-Scooter,2.98,9.15,16.02,19.38,87.9,74.4,4,0.3,27.3,18-25,0.495,Hard_Braking
9790,E-Scooter,4.14,13.5,17.05,24.32,49.4,34.6,1,45.6,23.8,18-25,0.927,Normal
9791,E-Bike,1.68,5.09,16.6,22.09,24.0,12.3,0,53.4,26.6,26-35,0.946,Battery_Critical
9792,E-Scooter,1.14,2.0,17.19,19.26,81.2,78.0,2,2.7,17.7,26-35,0.913,Normal
9793,E-Scooter,4.7,10.01,26.26,28.9,91.8,79.0,1,0.2,24.3,18-25,0.854,Battery_Critical
9794,E-Bike,1.46,6.96,11.06,13.65,39.8,32.8,2,2.8,23.6,46-60,0.725,Normal
9795,E-Bike,0.57,2.0,14.34,23.11,96.2,93.1,1,47.7,18.4,26-35,0.765,Hard_Braking
9796,E-Scooter,6.05,20.9,18.34,18.62,37.5,20.8,0,13.7,22.4,18-25,0.88,Normal
9797,E-Scooter,1.78,6.14,17.18,19.83,23.5,16.4,2,32.7,6.4,18-25,0.783,Battery_Critical
9798,E-Scooter,1.75,2.22,19.24,28.36,29.0,24.0,1,18.7,33.7,36-45,0.83,Normal
9799,E-Scooter,2.88,9.36,17.01,25.09,26.8,23.4,3,12.3,18.5,26-35,0.956,Hard_Braking
9800,E-Bike,4.44,9.96,15.98,18.93,47.3,34.4,0,36.5,12.8,36-45,0.881,Mechanical_Fault
9801,E-Scooter,2.9,6.75,20.87,27.43,71.3,59.8,1,2.6,20.7,18-25,0.832,Mechanical_Fault
9802,E-Scooter,3.76,18.52,12.46,18.5,80.3,71.3,1,9.0,16.4,18-25,0.629,Normal
9803,E-Bike,4.11,15.49,14.15,20.97,48.9,26.4,0,6.4,25.5,18-25,0.793,Normal
9804,E-Scooter,2.08,10.94,19.36,23.55,34.8,35.7,1,59.9,22.2,46-60,0.698,Normal
9805,E-Scooter,2.14,2.0,19.99,28.06,51.3,48.9,2,48.3,25.9,26-35,0.928,Hard_Braking
9806,E-Scooter,4.25,16.12,17.39,23.93,71.9,61.2,0,0.6,25.9,36-45,0.91,Normal
9807,E-Bike,5.69,22.08,13.66,19.77,68.9,50.2,0,13.5,31.6,36-45,0.772,Improper_Parking
9808,E-Bike,5.63,30.65,13.74,15.9,55.8,43.1,0,10.6,21.0,18-25,0.822,Improper_Parking
9809,E-Bike,2.79,16.51,10.77,16.97,42.2,30.7,2,49.5,8.2,18-25,0.94,Normal
9810,E-Bike,1.07,4.93,9.76,15.8,39.5,39.6,1,30.5,25.0,46-60,0.312,Improper_Parking
9811,E-Scooter,4.91,12.35,22.26,28.13,86.1,68.7,1,33.5,27.0,26-35,0.814,Normal
9812,E-Bike,7.31,80.0,5.0,11.59,34.7,6.4,0,90.6,20.9,26-35,0.771,Battery_Critical
9813,E-Scooter,4.12,15.04,20.15,27.53,77.1,64.8,2,11.2,34.7,18-25,0.719,Hard_Braking
9814,E-Bike,5.1,18.63,16.83,17.08,42.2,26.3,2,26.4,22.0,46-60,0.842,Hard_Braking
9815,E-Scooter,4.17,12.45,24.88,27.35,91.1,91.1,0,5.6,24.4,60+,0.742,Normal
9816,E-Scooter,6.35,20.4,19.83,23.54,59.9,48.4,2,16.2,28.8,18-25,0.598,Hard_Braking
9817,E-Bike,1.69,3.99,15.46,22.01,49.2,43.0,0,29.0,12.5,18-25,0.905,Normal
9818,E-Scooter,7.71,24.53,22.86,29.32,87.9,68.4,1,23.9,22.2,26-35,0.745,Hard_Braking
9819,E-Scooter,0.85,5.13,22.68,24.32,23.3,20.2,4,31.8,38.3,18-25,0.863,Hard_Braking
9820,E-Scooter,0.71,2.0,15.65,25.7,48.8,50.9,0,9.0,10.7,60+,0.703,Normal
9821,E-Bike,8.57,40.32,11.86,17.2,40.9,17.0,0,55.8,20.5,46-60,0.249,Improper_Parking
9822,E-Bike,0.82,6.27,14.92,19.27,49.1,48.4,1,33.8,20.6,46-60,0.812,Normal
9823,E-Scooter,8.2,32.26,15.98,18.06,77.1,52.5,1,20.6,26.1,18-25,0.655,Normal
9824,E-Scooter,3.86,17.37,13.38,17.93,67.7,55.0,1,14.7,29.8,26-35,0.622,Normal
9825,E-Scooter,0.3,3.72,16.86,17.12,93.7,98.7,2,31.2,24.9,26-35,0.697,Normal
9826,E-Bike,4.65,21.14,15.13,28.36,78.2,59.3,2,27.4,13.4,26-35,0.288,Improper_Parking
9827,E-Scooter,3.56,12.29,16.48,16.48,69.2,56.5,0,12.6,14.6,36-45,0.888,Normal
9828,E-Bike,1.24,14.64,9.64,19.87,62.0,63.6,3,5.5,6.7,18-25,0.906,Hard_Braking
9829,E-Bike,1.77,15.14,10.34,17.42,61.5,56.6,2,43.2,35.1,46-60,0.725,Battery_Critical
9830,E-Bike,3.13,17.1,10.71,14.46,49.4,43.7,5,0.9,12.3,36-45,0.847,Hard_Braking
9831,E-Scooter,2.6,12.33,27.76,32.28,48.2,40.6,1,27.8,30.3,26-35,0.395,Improper_Parking
9832,E-Scooter,2.34,2.55,17.71,18.44,71.8,62.8,2,45.0,17.4,18-25,0.534,Mechanical_Fault
9833,E-Scooter,3.21,9.96,23.24,25.11,92.9,78.9,0,22.4,18.0,46-60,0.75,Normal
9834,E-Scooter,3.12,12.51,13.45,16.69,83.1,68.1,1,14.5,25.9,18-25,0.779,Normal
9835,E-Bike,1.08,6.14,18.24,19.77,27.9,29.4,0,9.3,42.0,26-35,0.866,Normal
9836,E-Scooter,9.31,37.59,15.71,17.84,28.8,6.6,3,21.1,15.5,46-60,0.708,Battery_Critical
9837,E-Bike,4.79,29.92,9.83,10.68,86.2,74.6,0,7.2,30.7,,0.934,Improper_Parking
9838,E-Scooter,1.68,5.99,15.8,18.79,56.3,60.4,2,19.7,32.7,46-60,0.861,Hard_Braking
9839,E-Scooter,0.74,9.73,15.48,20.06,74.9,76.1,0,3.9,20.2,18-25,0.531,Normal
9840,E-Scooter,2.15,2.0,20.62,21.92,57.1,50.3,2,5.0,22.7,26-35,0.639,Normal
9841,E-Bike,6.93,33.74,13.44,14.73,54.8,34.7,1,49.2,42.0,18-25,0.755,Normal
9842,E-Scooter,2.81,4.44,17.11,21.82,62.3,63.2,0,33.6,20.3,18-25,0.681,Normal
9843,E-Scooter,6.53,45.73,8.65,12.9,52.6,30.0,1,61.6,20.2,60+,0.423,Mechanical_Fault
9844,E-Bike,1.35,4.1,18.07,26.33,37.4,36.5,1,40.8,35.9,18-25,0.371,Improper_Parking
9845,E-Bike,2.49,10.74,11.78,22.54,43.0,31.5,1,39.9,34.4,46-60,0.559,Normal
9846,E-Bike,6.49,35.54,10.4,14.87,76.0,55.6,1,8.2,15.4,18-25,0.887,Normal
9847,E-Scooter,4.4,14.81,19.76,26.58,43.9,31.3,4,10.0,13.7,36-45,0.483,Hard_Braking
9848,E-Scooter,1.11,4.87,22.69,28.43,27.0,21.4,5,6.5,27.8,36-45,0.967,Hard_Braking
9849,E-Bike,1.96,4.11,15.81,21.28,77.8,69.1,3,1.4,15.2,18-25,0.468,Hard_Braking
9850,E-Scooter,4.74,16.08,18.45,28.05,67.2,55.7,0,7.1,30.7,36-45,0.903,Normal
9851,E-Scooter,5.22,10.5,22.49,27.72,97.9,80.1,1,22.6,26.6,26-35,0.709,Normal
9852,E-Scooter,2.15,11.19,14.28,18.76,89.1,85.2,1,0.2,32.8,26-35,0.806,Normal
9853,E-Scooter,5.23,6.36,20.2,22.88,54.8,40.4,2,0.2,39.6,36-45,0.875,Normal
9854,E-Bike,3.01,18.89,12.85,21.86,71.5,58.0,0,22.7,21.1,18-25,0.847,Normal
9855,E-Bike,2.15,11.78,6.93,9.26,83.4,80.9,1,38.6,24.6,60+,0.367,Improper_Parking
9856,E-Scooter,3.16,13.08,21.26,26.47,98.8,89.5,0,46.4,23.3,26-35,0.601,Normal
9857,E-Scooter,0.78,4.54,21.63,28.28,24.1,27.2,0,9.9,23.2,26-35,0.836,Normal
9858,E-Scooter,0.86,4.75,18.09,22.0,87.6,87.1,1,6.4,26.4,18-25,0.762,Normal
9859,E-Scooter,5.96,19.8,20.92,26.41,46.5,30.3,4,20.0,20.9,60+,0.789,Hard_Braking
9860,E-Bike,2.69,15.2,9.38,14.28,79.6,67.8,1,12.4,31.1,36-45,0.923,Normal
9861,E-Bike,2.9,11.64,12.43,15.84,47.9,41.6,4,7.9,29.7,36-45,0.598,Hard_Braking
9862,E-Bike,8.77,29.9,15.66,25.12,88.5,68.3,1,26.9,17.9,46-60,0.696,Normal
9863,E-Scooter,3.07,12.92,18.0,21.82,67.3,54.0,0,5.3,19.5,46-60,0.78,Normal
9864,E-Bike,1.48,2.0,13.9,16.99,55.9,46.7,1,32.0,21.9,36-45,0.79,Normal
9865,E-Bike,3.36,9.75,16.88,22.14,48.7,38.8,3,11.6,35.0,18-25,0.76,Battery_Critical
9866,E-Scooter,2.06,2.0,23.48,27.67,46.6,47.9,1,0.7,28.9,18-25,0.473,Normal
9867,E-Bike,3.82,17.96,12.39,20.42,86.8,78.3,0,5.2,29.1,46-60,0.731,Normal
9868,E-Scooter,2.09,11.67,15.24,16.24,37.4,34.4,2,51.3,23.3,36-45,0.911,Hard_Braking
9869,E-Scooter,3.28,8.23,23.89,28.97,35.9,27.7,3,6.4,28.1,18-25,0.789,Hard_Braking
9870,E-Bike,1.13,9.61,11.61,12.71,91.9,87.0,2,15.6,34.8,18-25,0.725,Battery_Critical
9871,E-Scooter,2.38,3.81,26.39,30.6,47.1,38.1,0,44.6,17.1,18-25,0.806,Normal
9872,E-Scooter,0.83,2.0,15.84,20.58,85.4,81.4,0,7.9,21.1,26-35,0.741,Normal
9873,E-Bike,4.66,23.13,13.71,17.88,33.6,14.6,1,36.2,13.4,36-45,0.9,Normal
9874,E-Bike,6.15,22.14,14.96,24.07,34.9,14.9,2,71.7,29.1,36-45,0.854,Mechanical_Fault
9875,E-Scooter,8.1,27.35,15.0,18.65,28.8,0.0,0,7.5,23.2,18-25,0.288,Battery_Critical
9876,E-Bike,8.76,41.32,13.35,16.63,29.2,0.3,1,22.8,30.4,36-45,0.812,Battery_Critical
9877,E-Scooter,1.82,9.78,14.19,21.42,64.6,56.8,1,1.6,32.9,18-25,0.862,Normal
9878,E-Scooter,2.57,10.34,13.38,18.75,48.6,37.8,0,18.1,21.7,26-35,0.772,Normal
9879,E-Scooter,0.69,2.0,20.76,30.62,23.4,16.4,0,18.3,28.2,18-25,0.611,Normal
9880,E-Bike,0.49,2.0,11.26,12.72,51.9,51.9,4,27.5,25.0,26-35,0.797,Hard_Braking
9881,E-Bike,3.51,16.6,13.13,13.25,61.7,45.0,3,11.9,28.9,46-60,0.804,Hard_Braking
9882,E-Bike,2.04,21.97,6.91,11.69,67.8,60.8,3,1.7,14.6,26-35,0.733,Hard_Braking
9883,E-Scooter,0.3,2.0,19.63,31.52,98.0,91.5,0,69.3,5.1,46-60,0.417,Improper_Parking
9884,E-Bike,0.59,4.39,6.41,11.93,29.0,30.6,0,3.6,29.4,18-25,0.725,Normal
9885,E-Scooter,1.83,2.0,20.6,20.82,53.2,43.2,0,2.5,30.8,26-35,0.47,Normal
9886,E-Bike,2.84,16.47,14.47,17.21,56.1,49.6,2,18.3,21.4,26-35,0.689,Improper_Parking
9887,E-Bike,3.52,14.53,18.23,24.7,52.3,42.2,0,20.7,9.8,26-35,0.697,Normal
9888,E-Scooter,3.22,8.57,19.82,27.23,87.5,80.8,0,61.3,34.1,18-25,0.926,Normal
9889,E-Bike,8.0,31.51,16.73,22.54,59.2,32.3,2,6.1,18.8,18-25,0.878,Improper_Parking
9890,E-Bike,3.89,20.07,12.12,21.02,43.2,23.5,1,13.7,27.7,26-35,0.649,Normal
9891,E-Scooter,5.46,21.93,21.8,22.95,85.0,65.1,4,43.1,28.4,18-25,0.821,Mechanical_Fault
9892,E-Bike,2.05,8.4,13.3,19.49,76.6,73.0,1,9.5,21.6,36-45,0.641,Normal
9893,E-Bike,2.06,8.75,11.97,17.18,52.2,44.1,1,37.0,24.7,46-60,0.853,Normal
9894,E-Bike,5.13,28.57,10.68,10.79,48.5,35.3,2,18.4,23.6,18-25,0.709,Normal
9895,E-Scooter,5.31,11.06,21.66,24.1,71.9,53.6,1,15.8,17.0,36-45,0.845,Mechanical_Fault
9896,E-Scooter,2.08,9.55,17.3,26.07,80.8,74.3,1,12.7,27.4,36-45,0.556,Normal
9897,E-Scooter,7.47,27.32,18.86,23.51,61.1,38.6,1,33.1,27.8,60+,0.727,Normal
9898,E-Scooter,1.64,2.48,20.53,28.02,64.9,62.5,2,13.2,33.6,46-60,0.914,Hard_Braking
9899,E-Bike,2.58,7.98,20.74,27.81,53.4,45.0,2,31.7,24.6,26-35,0.836,Improper_Parking
9900,E-Bike,1.74,11.29,12.54,21.15,39.9,32.1,0,15.5,33.4,26-35,0.642,Normal
9901,E-Scooter,0.76,9.06,12.44,14.61,60.0,59.9,0,3.7,14.1,18-25,0.938,Normal
9902,E-Scooter,2.57,4.04,29.59,38.16,98.6,92.6,1,1.5,19.5,46-60,0.936,Normal
9903,E-Bike,6.51,33.74,10.24,13.4,89.5,74.8,0,20.3,31.3,36-45,0.498,Normal
9904,E-Scooter,2.21,10.7,11.74,18.58,52.0,43.8,0,23.4,35.0,18-25,0.53,Normal
9905,E-Scooter,5.03,11.14,18.56,21.54,89.3,71.0,1,41.4,21.1,26-35,0.858,Normal
9906,E-Scooter,1.2,16.21,8.36,9.61,84.8,81.0,0,45.2,14.4,18-25,0.809,Normal
9907,E-Bike,3.1,11.18,13.26,16.31,71.9,64.7,2,49.4,35.4,26-35,0.947,Hard_Braking
9908,E-Scooter,1.35,2.68,21.87,26.74,83.1,81.3,1,8.7,24.1,46-60,0.638,Normal
9909,E-Scooter,1.09,2.76,16.6,30.68,61.8,58.6,3,12.7,9.2,26-35,0.877,Battery_Critical
9910,E-Scooter,0.3,2.0,17.96,23.09,45.5,43.0,1,74.8,15.4,18-25,0.927,Mechanical_Fault
9911,E-Scooter,2.33,3.84,14.18,22.03,27.7,29.9,3,5.7,32.1,18-25,0.705,Hard_Braking
9912,E-Scooter,5.46,28.42,14.65,16.69,56.1,38.5,0,11.4,20.1,46-60,0.881,Normal
9913,E-Scooter,3.1,8.22,20.01,25.14,95.3,88.1,0,17.0,32.3,18-25,0.841,Normal
9914,E-Scooter,1.9,3.27,18.48,23.37,39.8,31.7,0,28.2,35.1,18-25,0.765,Normal
9915,E-Scooter,1.47,7.55,15.19,19.23,75.1,66.8,0,16.0,27.3,26-35,0.837,Normal
9916,E-Bike,4.11,27.78,9.73,15.16,84.6,73.1,1,22.2,15.5,26-35,0.901,Normal
9917,E-Bike,0.68,2.0,15.05,21.17,87.9,83.9,3,73.5,19.5,26-35,0.912,Normal
9918,E-Bike,5.31,19.2,18.24,21.47,87.4,70.2,0,6.4,21.3,18-25,0.344,Improper_Parking
9919,E-Bike,6.6,30.02,12.04,23.09,80.2,61.3,0,27.2,16.6,36-45,0.585,Normal
9920,E-Bike,1.95,14.36,12.27,14.69,96.4,94.0,2,8.3,35.4,18-25,0.449,Hard_Braking
9921,E-Scooter,1.65,9.92,11.91,18.91,33.9,33.1,2,4.9,17.9,46-60,0.743,Normal
9922,E-Scooter,1.3,5.44,13.63,16.5,82.9,72.8,2,21.2,20.3,36-45,0.953,Normal
9923,E-Bike,1.35,11.36,14.28,18.64,20.1,21.6,1,41.6,16.6,36-45,0.616,Normal
9924,E-Scooter,4.3,21.56,11.74,19.82,32.4,21.4,1,17.4,9.2,36-45,0.842,Normal
9925,E-Scooter,3.1,5.29,19.6,20.75,38.2,27.3,3,1.9,4.6,26-35,0.646,Hard_Braking
9926,E-Scooter,1.07,9.82,13.02,16.54,26.8,16.0,2,4.8,24.9,36-45,0.72,Battery_Critical
9927,E-Bike,1.3,2.08,15.65,24.7,71.4,67.3,2,23.5,42.0,18-25,0.956,Hard_Braking
9928,E-Scooter,1.95,6.21,17.6,18.83,60.1,55.0,0,3.5,23.2,60+,0.914,Battery_Critical
9929,E-Scooter,3.09,9.84,20.32,26.49,57.0,49.9,1,7.0,25.2,18-25,0.928,Normal
9930,E-Scooter,1.69,3.26,20.87,27.55,98.8,97.6,1,1.3,29.1,36-45,0.782,Normal
9931,E-Scooter,1.22,5.29,14.25,16.74,26.5,30.5,2,37.5,18.2,26-35,0.431,Battery_Critical
9932,E-Bike,0.9,2.0,11.8,17.22,76.1,71.9,1,57.3,21.2,36-45,0.522,Normal
9933,E-Scooter,7.74,23.11,22.51,26.43,50.8,33.5,1,3.4,37.5,46-60,0.894,Normal
9934,E-Bike,0.79,5.02,8.9,11.94,58.1,56.7,3,39.4,7.0,18-25,0.861,Hard_Braking
9935,E-Scooter,4.06,12.54,18.02,24.37,84.8,69.2,0,44.4,14.5,18-25,0.966,Normal
9936,E-Scooter,2.49,11.94,16.26,19.01,25.8,11.3,2,2.5,-0.5,26-35,0.71,Normal
9937,E-Scooter,2.91,15.17,13.25,15.74,95.4,86.9,2,27.4,26.1,18-25,0.601,Normal
9938,E-Bike,1.28,10.12,6.63,11.99,85.7,70.7,1,16.1,24.2,36-45,0.695,Normal
9939,E-Scooter,2.24,16.61,16.15,20.77,32.0,21.7,0,22.7,42.0,18-25,0.895,Battery_Critical
9940,E-Bike,5.23,21.09,13.6,19.06,56.3,41.2,1,25.8,38.5,26-35,0.851,Normal
9941,E-Bike,2.26,14.51,11.56,18.37,79.3,76.5,1,43.3,16.8,26-35,0.714,Normal
9942,E-Scooter,3.35,13.92,18.22,26.47,49.4,38.5,0,20.1,15.3,18-25,0.853,Normal
9943,E-Bike,8.21,54.45,9.0,13.51,47.6,23.0,1,69.9,26.9,36-45,0.747,Mechanical_Fault
9944,E-Bike,7.63,28.26,15.37,18.19,65.4,44.1,1,14.1,27.8,36-45,0.502,Normal
9945,E-Bike,2.56,9.34,15.16,16.87,80.0,70.2,0,1.3,29.3,36-45,0.598,Normal
9946,E-Scooter,1.75,7.32,17.55,22.83,72.5,69.1,4,4.3,26.3,18-25,0.863,Hard_Braking
9947,E-Scooter,7.7,22.93,19.34,24.36,96.6,72.4,1,15.3,17.5,,0.574,Improper_Parking
9948,E-Scooter,1.76,5.97,21.03,24.96,91.0,91.8,1,31.9,22.3,18-25,0.501,Normal
9949,E-Bike,7.1,63.59,6.63,15.04,32.3,11.5,1,17.3,35.6,46-60,0.719,Battery_Critical
9950,E-Scooter,2.68,13.17,14.19,21.67,65.4,55.9,0,6.0,14.4,18-25,0.863,Normal
9951,E-Scooter,2.67,8.77,26.71,30.56,58.3,52.7,1,4.2,28.4,46-60,0.586,Normal
9952,E-Scooter,2.19,4.72,22.42,30.73,83.3,86.2,0,1.8,32.1,18-25,0.851,Normal
9953,E-Scooter,3.49,11.15,16.94,20.7,77.8,68.5,1,25.6,34.1,18-25,0.673,Mechanical_Fault
9954,E-Scooter,1.73,5.34,10.58,11.47,37.4,26.1,1,29.4,24.4,18-25,0.803,Normal
9955,E-Scooter,4.32,10.38,25.79,30.7,93.9,78.9,2,37.3,15.6,18-25,0.84,Hard_Braking
9956,E-Bike,0.97,2.38,16.87,20.69,61.0,51.0,0,8.5,30.9,26-35,0.823,Normal
9957,E-Scooter,3.76,10.06,28.48,36.61,69.0,54.8,1,2.1,23.0,18-25,0.869,Hard_Braking
9958,E-Scooter,4.28,18.86,13.26,22.49,37.6,19.2,2,0.8,20.7,26-35,0.89,Normal
9959,E-Bike,1.29,2.0,13.38,15.71,84.5,77.9,0,11.6,27.8,26-35,0.87,Normal
9960,E-Bike,3.38,38.54,5.35,7.55,27.3,16.8,1,6.5,18.8,46-60,0.727,Normal
9961,E-Scooter,0.35,2.22,17.07,19.09,28.2,32.7,0,16.3,20.3,18-25,0.695,Normal
9962,E-Scooter,6.48,34.94,10.37,17.93,61.5,45.0,1,8.7,40.5,36-45,0.719,Normal
9963,E-Scooter,0.85,3.96,21.34,26.39,90.6,87.4,0,25.0,17.5,18-25,,Normal
9964,E-Bike,0.97,5.64,14.47,17.31,31.0,30.7,3,7.6,18.1,60+,0.731,Hard_Braking
9965,E-Scooter,3.31,13.57,19.69,21.64,70.4,58.6,1,30.7,25.6,18-25,0.859,Normal
9966,E-Scooter,1.21,5.9,14.45,19.97,92.7,86.0,0,8.1,28.9,36-45,0.752,Normal
9967,E-Scooter,1.79,4.05,22.5,25.98,21.2,10.1,1,80.3,33.8,26-35,0.463,Battery_Critical
9968,E-Scooter,1.45,5.34,18.7,20.1,53.1,49.7,1,1.2,26.9,18-25,0.619,Normal
9969,E-Scooter,3.55,14.64,15.97,17.69,82.6,66.6,4,21.8,20.5,26-35,0.654,Hard_Braking
9970,E-Scooter,4.06,11.89,23.4,25.17,43.3,28.0,2,0.9,11.1,36-45,0.811,Hard_Braking
9971,E-Scooter,2.61,9.39,15.62,19.45,44.5,34.5,1,40.5,29.2,36-45,0.786,Normal
9972,E-Bike,4.83,28.9,9.66,16.15,95.2,85.0,1,6.7,15.9,26-35,0.735,Normal
9973,E-Bike,2.37,6.75,16.09,26.66,33.7,31.0,2,66.2,21.8,18-25,0.768,Hard_Braking
9974,E-Scooter,5.64,34.73,10.75,18.62,49.3,30.8,1,50.5,16.0,18-25,0.734,Hard_Braking
9975,E-Bike,2.68,8.91,11.55,12.41,67.1,61.8,1,2.7,9.3,18-25,0.598,Normal
9976,E-Scooter,4.49,15.29,15.91,22.62,65.7,49.8,3,6.8,30.2,46-60,0.919,Mechanical_Fault
9977,E-Scooter,3.27,12.24,16.03,26.02,40.8,29.4,0,23.5,27.9,46-60,0.786,Normal
9978,E-Bike,2.69,10.19,11.97,12.59,90.4,79.9,2,5.6,22.4,18-25,0.832,Normal
9979,E-Scooter,3.85,12.13,17.78,26.4,79.2,66.9,1,12.6,21.8,26-35,0.679,Normal
9980,E-Scooter,1.28,6.52,19.9,28.31,71.3,71.7,0,4.4,26.3,36-45,0.756,Normal
9981,E-Scooter,2.15,5.3,24.96,29.28,23.8,14.8,2,18.4,16.5,26-35,0.872,Hard_Braking
9982,E-Bike,1.79,9.32,11.58,13.19,24.8,17.4,1,12.9,25.3,18-25,0.536,Battery_Critical
9983,E-Bike,3.83,18.29,13.33,13.36,87.9,77.2,2,23.8,31.4,36-45,0.628,Battery_Critical
9984,E-Bike,2.22,10.01,14.01,20.04,64.2,53.4,0,30.7,25.1,26-35,0.722,Improper_Parking
9985,E-Bike,4.68,20.45,11.65,16.43,70.8,58.1,1,33.0,26.7,18-25,0.92,Normal
9986,E-Bike,6.28,24.9,16.84,23.15,44.2,22.7,2,29.0,33.9,46-60,0.526,Normal
9987,E-Bike,5.57,27.09,10.7,15.66,85.4,71.9,1,68.0,20.1,26-35,0.686,Normal
9988,E-Scooter,1.83,8.82,14.03,22.66,23.6,20.6,2,42.1,28.3,18-25,0.473,Hard_Braking
9989,E-Scooter,1.68,2.0,20.97,24.11,26.4,19.7,2,6.5,30.0,26-35,0.872,Hard_Braking
9990,E-Scooter,0.45,3.13,15.98,24.18,93.5,87.9,1,20.5,10.4,26-35,0.926,Mechanical_Fault
9991,E-Bike,6.33,25.69,14.09,18.12,57.3,40.8,5,8.1,19.3,18-25,0.764,Hard_Braking
9992,E-Scooter,1.65,2.3,14.22,14.58,56.9,58.3,0,21.8,15.2,46-60,0.661,Normal
9993,E-Scooter,2.32,14.38,15.79,21.38,44.6,41.6,3,0.2,33.1,46-60,0.864,Hard_Braking
9994,E-Bike,11.89,65.5,10.86,11.5,31.9,0.0,3,12.8,23.0,18-25,0.622,Battery_Critical
9995,E-Bike,1.94,10.11,10.73,17.96,94.7,87.6,4,0.2,42.0,18-25,0.659,Hard_Braking
9996,E-Bike,1.44,7.74,14.03,20.26,54.7,56.6,1,4.8,20.1,18-25,0.428,Improper_Parking
9997,E-Scooter,1.09,2.21,12.15,17.45,36.8,24.7,0,9.6,30.3,36-45,0.87,Normal
9998,E-Scooter,3.58,12.4,20.52,22.6,79.7,78.1,0,44.3,3.9,18-25,0.802,Normal
9999,E-Scooter,1.82,15.23,16.5,19.99,87.0,80.5,1,39.2,18.6,18-25,0.795,Normal
10000,E-Scooter,3.38,11.13,16.28,21.26,49.4,34.8,0,24.3,25.0,46-60,0.871,Normal
10001,E-Bike,2.06,7.11,15.26,17.65,43.4,34.2,3,12.2,10.1,18-25,0.782,Hard_Braking
10002,E-Scooter,7.43,25.63,20.05,21.43,74.3,53.8,1,6.7,31.1,18-25,0.861,Normal
10003,E-Bike,2.47,9.82,14.4,22.49,89.0,79.1,2,24.6,31.0,18-25,0.816,Mechanical_Fault
10004,E-Scooter,2.76,5.78,19.0,28.07,73.6,70.4,1,0.7,21.1,18-25,0.836,Improper_Parking
10005,E-Scooter,3.41,10.12,19.04,20.91,85.9,72.7,0,2.2,18.4,26-35,0.679,Normal
10006,E-Scooter,1.85,12.95,10.34,17.1,91.3,85.6,0,25.4,24.8,18-25,0.741,Normal
10007,E-Bike,3.16,20.49,13.84,18.63,92.2,74.9,2,3.9,22.5,46-60,0.912,Normal
10008,E-Scooter,3.84,9.21,21.24,21.5,24.6,11.6,2,7.2,17.1,26-35,0.867,Normal
10009,E-Bike,0.69,10.53,10.62,15.48,99.1,95.9,1,1.1,9.1,18-25,0.852,Normal
10010,E-Bike,4.41,17.12,15.59,29.09,51.5,40.0,0,8.6,23.5,18-25,0.638,Normal
10011,E-Scooter,1.32,6.87,18.77,25.24,38.0,30.9,1,5.2,26.4,46-60,0.634,Battery_Critical
10012,E-Scooter,3.48,8.63,15.17,22.39,40.8,30.9,3,2.6,7.0,26-35,0.841,Hard_Braking
10013,E-Scooter,2.73,8.83,15.39,17.27,26.4,21.7,3,18.9,22.8,46-60,0.674,Hard_Braking
10014,E-Scooter,4.05,18.38,17.17,23.21,64.2,56.9,0,11.1,30.0,46-60,0.748,Normal
10015,E-Scooter,1.93,10.62,17.51,17.88,49.7,47.3,2,20.2,15.0,46-60,0.576,Hard_Braking
10016,E-Bike,1.48,4.38,10.15,14.85,87.4,78.8,3,0.8,26.7,46-60,0.877,Hard_Braking
10017,E-Bike,1.65,9.45,10.46,12.73,87.2,77.6,3,20.0,24.6,18-25,0.854,Mechanical_Fault
10018,E-Bike,2.58,10.53,12.6,20.18,57.1,55.9,1,15.3,34.2,46-60,0.717,Normal
10019,E-Scooter,2.76,13.22,12.15,15.14,34.2,23.4,0,3.7,9.6,18-25,0.592,Normal
10020,E-Scooter,2.34,8.6,14.69,21.42,59.7,60.8,1,0.3,23.0,18-25,0.717,Normal
10021,E-Bike,1.22,7.04,16.13,19.85,98.9,98.9,1,13.1,24.9,36-45,0.811,Normal
10022,E-Scooter,8.38,24.33,18.1,21.77,37.7,3.1,2,25.1,31.3,26-35,0.576,Battery_Critical
10023,E-Bike,5.24,49.69,6.03,11.81,77.0,63.9,0,3.9,34.2,36-45,0.499,Mechanical_Fault
10024,E-Scooter,3.77,4.61,23.43,32.13,66.5,58.6,3,13.7,24.8,36-45,0.647,Normal
10025,E-Scooter,0.69,6.43,15.07,20.81,93.3,97.5,2,44.7,26.5,26-35,0.628,Normal
10026,E-Bike,1.86,10.93,13.18,20.36,34.9,34.5,0,21.3,22.4,26-35,0.946,Normal
10027,E-Bike,1.37,6.55,19.42,21.82,54.8,55.3,0,21.7,31.7,36-45,0.758,Normal
10028,E-Scooter,5.48,11.55,25.06,29.82,86.0,69.5,5,5.6,42.0,36-45,0.589,Hard_Braking
10029,E-Scooter,1.41,6.27,13.97,21.03,23.9,19.3,0,51.7,18.4,26-35,0.885,Normal
10030,E-Bike,7.04,42.49,10.81,19.19,48.1,21.3,2,8.3,32.2,26-35,0.859,Mechanical_Fault
10031,E-Scooter,2.82,3.91,23.33,24.36,90.3,89.2,1,1.4,32.2,18-25,0.311,Improper_Parking
10032,E-Bike,2.8,9.34,17.9,22.35,63.3,59.7,2,47.1,28.4,60+,0.782,Normal
10033,E-Scooter,7.9,35.49,15.02,19.01,43.5,23.8,2,11.9,41.6,26-35,0.974,Normal
10034,E-Scooter,5.46,15.4,16.23,19.64,61.6,36.1,4,4.7,33.7,26-35,0.834,Hard_Braking
10035,E-Scooter,7.7,29.77,16.81,20.29,49.6,27.0,0,5.7,32.0,26-35,0.552,Normal
10036,E-Bike,7.24,41.7,10.53,13.59,83.9,63.9,3,14.7,32.1,26-35,0.832,Hard_Braking
10037,E-Scooter,6.96,27.95,16.52,23.02,89.6,73.2,0,82.5,29.4,26-35,0.943,Mechanical_Fault
10038,E-Scooter,2.73,9.53,19.89,31.3,59.3,45.9,1,10.7,33.9,26-35,0.915,Normal
10039,E-Scooter,2.0,2.0,18.52,24.5,43.6,34.8,5,6.0,31.8,26-35,0.472,Hard_Braking
10040,E-Bike,0.3,2.0,11.91,17.85,50.4,51.7,2,11.2,21.4,36-45,0.806,Normal
10041,E-Bike,2.69,15.05,11.08,17.92,81.9,68.7,6,30.3,30.9,18-25,0.831,Hard_Braking
10042,E-Scooter,1.09,5.75,17.87,19.0,31.6,27.4,1,8.8,18.7,26-35,0.743,Normal
10043,E-Bike,1.17,2.0,15.0,22.74,44.9,43.8,3,11.5,32.1,18-25,0.511,Hard_Braking
10044,E-Bike,1.51,8.23,14.58,15.7,88.5,84.2,0,24.2,17.9,18-25,0.519,Normal
10045,E-Scooter,4.12,21.19,12.33,17.11,48.0,31.3,0,15.2,23.1,36-45,0.905,Normal
10046,E-Scooter,5.35,31.94,16.0,24.25,66.2,45.3,0,33.1,25.7,46-60,0.791,Normal
10047,E-Scooter,5.89,24.27,14.08,14.29,89.9,70.1,3,3.6,34.9,36-45,0.735,Hard_Braking
10048,E-Scooter,1.13,5.37,20.73,24.47,28.2,25.7,1,10.5,22.2,26-35,0.794,Normal
10049,E-Scooter,2.65,10.7,22.35,25.4,90.8,82.0,1,18.3,22.1,26-35,0.76,Normal
10050,E-Scooter,2.66,3.88,20.69,22.3,50.7,45.7,2,13.0,18.8,36-45,0.927,Hard_Braking
10051,E-Scooter,5.42,19.84,17.11,20.66,34.6,21.7,4,4.5,16.1,26-35,0.612,Hard_Braking
10052,E-Scooter,0.51,2.0,19.34,23.52,97.5,90.4,2,5.2,20.3,18-25,0.703,Normal
10053,E-Scooter,0.62,2.0,18.9,24.62,39.6,38.4,0,4.4,16.1,26-35,0.695,Normal
10054,E-Scooter,9.32,27.75,17.84,21.82,70.5,45.1,3,41.9,30.4,18-25,0.861,Normal
10055,E-Bike,3.82,11.33,13.33,25.07,65.1,53.5,1,3.3,21.2,18-25,0.519,Normal
10056,E-Scooter,2.14,7.12,22.87,29.87,77.0,66.9,1,12.0,30.2,18-25,0.757,Normal
10057,E-Scooter,2.89,5.26,15.18,17.43,60.0,46.4,1,2.0,28.6,46-60,0.867,Normal
10058,E-Scooter,2.26,5.45,15.8,18.66,89.9,89.3,0,6.8,25.0,18-25,0.592,Normal
10059,E-Scooter,1.73,5.79,15.2,18.19,98.1,90.9,2,22.2,19.1,36-45,0.299,Hard_Braking
10060,E-Scooter,1.22,7.74,17.49,22.66,56.2,48.4,1,4.8,26.5,18-25,0.9,Normal
10061,E-Bike,2.9,19.13,10.4,15.0,76.0,60.5,2,19.0,27.4,26-35,0.646,Hard_Braking
10062,E-Bike,2.81,13.49,10.5,16.27,93.9,97.0,3,30.3,28.3,46-60,0.799,Normal
10063,E-Scooter,4.45,8.19,21.16,28.06,53.9,40.7,2,0.9,19.0,18-25,0.798,Normal
10064,E-Bike,6.86,39.85,10.42,13.74,57.8,36.6,1,43.6,31.5,26-35,0.679,Hard_Braking
10065,E-Bike,4.27,20.07,11.14,15.34,95.7,84.7,2,15.6,27.0,36-45,0.818,Normal
10066,E-Scooter,3.48,25.14,8.91,15.69,52.4,37.8,0,17.1,21.4,18-25,0.7,Normal
10067,E-Bike,5.37,34.9,11.34,18.09,22.2,11.6,3,4.4,29.6,26-35,0.822,Battery_Critical
10068,E-Bike,2.56,10.63,14.5,21.25,98.8,97.6,0,6.7,23.0,26-35,0.976,Normal
10069,E-Scooter,0.3,5.22,18.29,21.36,82.6,84.1,1,19.9,10.7,18-25,0.655,Improper_Parking
10070,E-Bike,2.66,21.25,9.22,12.9,35.7,25.2,1,7.7,31.0,60+,0.902,Normal
10071,E-Bike,4.34,16.43,15.38,21.74,65.4,49.7,2,5.7,29.0,60+,0.906,Normal
10072,E-Bike,3.66,18.81,13.03,18.71,21.0,8.5,1,44.2,24.7,18-25,0.574,Normal
10073,E-Scooter,1.25,3.97,20.09,26.49,29.4,20.8,1,6.6,17.1,18-25,0.946,Improper_Parking
10074,E-Scooter,2.26,3.33,20.78,23.05,96.0,91.2,1,10.9,11.3,26-35,0.854,Normal
10075,E-Scooter,1.95,4.63,18.36,23.87,42.3,40.3,2,11.5,10.9,46-60,0.915,Hard_Braking
10076,E-Scooter,1.16,8.08,13.67,16.93,76.0,74.6,3,9.3,13.7,26-35,0.774,Hard_Braking
10077,E-Scooter,2.73,11.81,14.71,21.28,96.9,82.6,1,21.9,11.0,36-45,0.724,Normal
10078,E-Bike,6.06,32.45,11.18,17.39,56.2,33.0,1,0.9,20.7,26-35,0.629,Battery_Critical
10079,E-Scooter,0.8,3.14,20.32,22.36,65.5,70.5,1,0.6,21.1,26-35,0.74,Normal
10080,E-Bike,2.1,7.49,13.06,18.22,57.1,55.8,1,7.6,13.2,26-35,0.809,Normal
10081,E-Scooter,0.84,6.98,15.8,22.68,75.3,72.2,2,16.8,20.8,26-35,0.506,Normal
10082,E-Scooter,3.26,14.38,17.15,26.68,60.0,43.9,2,1.8,13.3,36-45,0.755,Hard_Braking
10083,E-Scooter,6.45,26.78,14.31,20.17,20.2,3.3,3,28.0,22.2,18-25,0.5,Battery_Critical
10084,E-Bike,3.0,9.69,12.07,15.99,23.5,6.2,1,26.6,29.4,36-45,0.715,Battery_Critical
10085,E-Scooter,0.42,2.0,22.75,26.43,83.2,78.3,3,14.2,4.0,18-25,0.648,Hard_Braking
10086,E-Scooter,2.19,8.75,20.61,28.9,65.6,54.2,0,13.8,19.9,18-25,0.685,Normal
10087,E-Scooter,4.84,13.39,23.89,28.16,40.3,33.2,0,85.7,23.3,26-35,0.871,Normal
10088,E-Bike,6.97,32.22,12.1,14.83,85.4,62.1,0,3.4,17.5,26-35,0.911,Normal
10089,E-Scooter,2.98,16.32,13.47,16.25,77.9,67.1,2,26.6,20.8,26-35,0.707,Mechanical_Fault
10090,E-Scooter,3.56,12.66,13.57,15.84,70.4,62.0,1,12.1,23.9,60+,0.686,Hard_Braking
10091,E-Bike,2.08,9.25,11.63,17.73,79.1,64.1,1,34.7,25.6,60+,0.887,Normal
10092,E-Scooter,2.12,9.51,15.88,22.64,57.2,53.4,3,30.9,11.9,18-25,0.716,Hard_Braking
10093,E-Bike,0.73,2.73,11.54,15.11,37.1,36.9,1,18.8,19.4,36-45,0.95,Improper_Parking
10094,E-Bike,1.01,5.79,11.71,13.49,76.9,71.8,0,33.0,25.9,26-35,0.675,Normal
10095,E-Scooter,1.15,2.7,19.51,23.35,64.7,58.3,1,13.2,20.5,18-25,0.729,Normal
10096,E-Scooter,0.3,2.0,17.71,21.95,59.7,58.2,1,18.1,30.0,36-45,0.837,Normal
10097,E-Scooter,5.94,20.78,17.55,20.74,38.1,17.7,1,28.1,38.0,26-35,0.949,Normal
10098,E-Scooter,3.08,13.14,14.96,23.87,39.6,32.8,1,30.0,28.3,46-60,0.804,Hard_Braking
10099,E-Bike,1.09,2.0,15.52,18.19,24.2,22.9,1,63.1,22.8,36-45,0.756,Mechanical_Fault
10100,E-Bike,7.34,32.93,12.61,17.5,96.6,71.0,1,1.4,28.9,46-60,0.889,Normal
10101,E-Bike,1.09,9.01,12.93,21.2,94.0,91.9,2,3.4,31.7,36-45,0.771,Hard_Braking
10102,E-Scooter,1.34,5.0,17.22,18.7,66.2,67.8,1,2.4,18.6,36-45,0.735,Mechanical_Fault
10103,E-Scooter,1.13,9.78,13.3,17.34,72.8,69.6,2,14.2,25.4,26-35,0.862,Normal
10104,E-Bike,6.29,27.32,14.03,14.08,35.7,16.9,1,1.9,25.6,18-25,0.903,Normal
10105,E-Scooter,1.51,4.14,17.25,20.84,66.5,64.6,2,32.6,29.8,26-35,0.909,Hard_Braking
10106,E-Scooter,4.61,22.2,12.97,15.78,67.6,57.0,3,10.3,22.9,36-45,0.548,Hard_Braking
10107,E-Scooter,1.83,8.87,20.28,21.09,62.0,53.7,1,0.2,24.2,36-45,0.962,Normal
10108,E-Bike,1.27,9.08,14.82,23.76,26.4,26.6,1,44.6,26.9,18-25,0.85,Normal
10109,E-Scooter,1.81,7.08,11.38,18.1,38.2,33.6,4,36.3,24.3,26-35,0.632,Hard_Braking
10110,E-Scooter,4.08,32.67,8.08,8.39,85.9,78.3,1,0.4,28.5,26-35,0.9,Normal
10111,E-Scooter,4.25,11.61,23.14,30.51,58.7,49.6,3,43.3,31.9,60+,0.894,Hard_Braking
10112,E-Bike,6.49,29.72,14.66,25.36,34.1,8.1,3,4.8,25.6,18-25,0.471,Battery_Critical
10113,E-Scooter,0.74,2.0,20.56,21.3,77.0,73.9,1,51.9,28.6,26-35,0.639,Normal
10114,E-Bike,1.19,8.65,8.89,12.48,76.2,69.3,1,41.5,16.6,18-25,0.675,Hard_Braking
10115,E-Bike,3.29,15.01,9.32,13.48,39.1,27.4,1,1.4,10.4,36-45,0.795,Normal
10116,E-Scooter,5.61,19.17,20.09,29.88,42.5,27.8,1,13.6,14.8,26-35,0.872,Hard_Braking
10117,E-Bike,7.24,67.44,6.94,10.58,74.4,55.7,3,17.2,28.0,18-25,0.835,Improper_Parking
10118,E-Bike,8.71,48.25,11.17,22.06,96.6,73.7,3,9.2,16.4,18-25,0.431,Hard_Braking
10119,E-Bike,1.75,11.0,14.11,14.96,58.6,51.1,4,0.4,23.2,26-35,0.734,Hard_Braking
10120,E-Scooter,3.15,4.67,25.28,31.81,46.4,35.8,1,3.5,15.0,18-25,0.928,Battery_Critical
10121,E-Scooter,3.57,14.82,14.95,22.11,46.7,40.0,1,2.2,28.5,60+,0.849,Battery_Critical
10122,E-Bike,3.35,23.6,12.49,16.9,77.2,71.0,2,7.8,22.2,46-60,0.794,Normal
10123,E-Bike,3.83,44.73,5.0,11.45,90.2,75.8,1,34.2,30.2,18-25,0.876,Normal
10124,E-Bike,1.89,5.34,8.97,10.78,79.4,72.5,0,1.2,13.3,46-60,0.61,Normal
10125,E-Scooter,2.11,7.78,16.1,20.51,75.4,69.5,1,100.9,25.4,26-35,0.953,Mechanical_Fault
10126,E-Bike,2.02,8.5,12.96,15.92,91.2,80.8,0,38.8,31.6,,0.942,Battery_Critical
10127,E-Scooter,4.05,15.36,17.98,23.07,72.8,60.4,1,11.1,14.4,26-35,0.924,Normal
10128,E-Scooter,8.06,27.52,16.44,21.67,57.9,31.8,1,26.2,22.4,18-25,0.737,Normal
10129,E-Scooter,8.42,29.47,18.39,20.07,41.9,18.7,1,1.9,26.6,36-45,0.83,Hard_Braking
10130,E-Scooter,2.38,6.13,20.91,28.28,35.8,26.5,0,24.0,17.4,18-25,0.754,Normal
10131,E-Bike,3.26,31.99,7.43,18.49,87.9,81.9,3,34.4,21.6,18-25,0.884,Hard_Braking
10132,E-Bike,3.02,12.92,14.69,25.88,69.3,54.9,3,53.1,20.3,26-35,0.643,Hard_Braking
10133,E-Bike,0.36,2.0,11.53,14.77,75.8,77.7,1,23.3,41.2,18-25,0.882,Normal
10134,E-Scooter,5.65,19.89,18.73,26.13,73.6,55.1,2,8.6,33.3,46-60,0.751,Improper_Parking
10135,E-Scooter,7.45,27.2,19.21,23.03,36.7,15.9,3,32.9,31.1,18-25,0.773,Mechanical_Fault
10136,E-Scooter,2.8,11.09,15.64,23.19,23.2,14.3,1,30.3,25.2,26-35,0.769,Hard_Braking
10137,E-Scooter,2.3,12.42,11.46,12.6,67.5,57.7,2,7.9,13.5,26-35,0.788,Hard_Braking
10138,E-Scooter,2.34,10.92,14.01,22.23,97.1,92.6,2,14.0,35.5,26-35,0.733,Normal
10139,E-Scooter,2.96,15.17,16.91,21.09,83.5,76.8,2,4.3,40.0,46-60,0.745,Normal
10140,E-Scooter,0.3,2.0,23.44,27.9,83.4,79.9,3,55.0,19.4,26-35,0.772,Hard_Braking
10141,E-Scooter,4.95,16.49,19.56,29.46,93.8,76.3,1,38.2,40.6,26-35,0.989,Mechanical_Fault
10142,E-Scooter,0.95,2.0,14.0,16.59,79.0,72.2,1,68.1,15.6,26-35,0.691,Normal
10143,E-Bike,2.44,5.09,15.97,19.62,30.8,19.9,1,23.0,32.6,18-25,0.51,Normal
10144,E-Bike,1.28,7.46,15.25,20.19,39.5,41.9,2,39.3,24.0,36-45,0.552,Normal
10145,E-Scooter,5.96,19.99,18.37,26.8,68.9,49.5,3,8.8,29.5,18-25,0.873,Hard_Braking
10146,E-Scooter,4.28,11.66,16.36,23.04,25.4,17.6,4,0.7,8.2,18-25,0.784,Hard_Braking
10147,E-Scooter,3.83,5.88,19.15,26.22,23.3,14.6,0,37.6,23.9,26-35,0.884,Normal
10148,E-Bike,6.51,27.79,15.76,20.42,73.5,61.4,2,25.9,17.8,18-25,0.861,Hard_Braking
10149,E-Bike,2.77,15.01,13.19,14.55,38.0,33.2,2,49.9,23.9,60+,0.806,Mechanical_Fault
10150,E-Bike,5.2,23.35,13.55,17.28,72.5,61.0,2,29.7,19.5,18-25,0.684,Mechanical_Fault
10151,E-Scooter,3.24,14.05,16.9,23.06,89.1,80.6,1,32.1,21.2,36-45,0.675,Normal
10152,E-Scooter,3.04,8.53,14.79,17.92,78.8,71.4,1,2.5,16.7,18-25,0.897,Normal
10153,E-Scooter,2.17,10.44,14.91,21.39,41.8,30.1,0,7.6,21.4,18-25,,Normal
10154,E-Bike,7.69,34.64,13.58,20.87,23.2,2.2,3,5.4,41.9,18-25,0.793,Battery_Critical
10155,E-Scooter,2.89,8.74,21.69,25.61,77.5,69.4,0,2.4,24.3,26-35,0.611,Normal
10156,E-Scooter,2.53,10.98,20.64,26.88,43.0,35.5,2,33.2,28.7,18-25,0.492,Normal
10157,E-Scooter,1.78,10.49,14.93,19.83,51.1,46.1,4,95.6,20.5,18-25,0.34,Improper_Parking
10158,E-Scooter,1.8,9.08,14.07,14.75,94.5,88.4,0,5.8,15.1,46-60,0.489,Normal
10159,E-Scooter,2.54,13.54,17.48,26.23,30.2,25.5,0,4.7,26.7,36-45,0.598,Normal
10160,E-Scooter,7.03,29.72,14.65,17.77,25.8,4.6,2,24.3,25.4,18-25,0.704,Battery_Critical
10161,E-Bike,1.49,13.66,7.71,12.96,67.8,59.9,1,60.7,24.3,26-35,0.761,Mechanical_Fault
10162,E-Scooter,4.64,15.61,15.77,23.8,53.9,40.0,2,5.4,27.0,36-45,0.948,Normal
10163,E-Scooter,2.36,10.72,22.45,32.41,52.0,45.4,3,1.8,15.0,26-35,0.826,Hard_Braking
10164,E-Bike,3.0,15.21,17.67,28.01,84.0,71.7,2,45.0,29.1,26-35,0.806,Hard_Braking
10165,E-Bike,0.6,3.7,11.54,18.39,23.0,16.1,2,3.2,21.0,18-25,0.4,Improper_Parking
10166,E-Bike,0.65,4.37,11.44,15.73,96.7,93.6,2,21.5,26.0,18-25,0.645,Normal
10167,E-Bike,3.75,13.01,15.38,20.76,85.7,75.5,0,8.6,23.5,18-25,0.908,Normal
10168,E-Scooter,3.75,4.42,19.93,28.55,35.6,34.4,3,4.1,28.8,18-25,0.913,Hard_Braking
10169,E-Scooter,4.53,16.42,15.66,22.12,51.0,39.2,1,19.0,17.6,18-25,0.838,Normal
10170,E-Bike,1.19,8.4,8.04,15.24,82.2,84.4,1,40.1,32.9,46-60,0.761,Normal
10171,E-Bike,9.85,49.99,11.6,11.8,97.6,62.6,0,0.7,18.3,36-45,0.667,Normal
10172,E-Scooter,5.19,21.26,16.34,18.71,88.3,69.2,2,28.5,36.4,26-35,0.789,Normal
10173,E-Bike,1.04,6.54,11.56,17.41,70.1,64.6,5,1.0,18.2,26-35,0.549,Hard_Braking
10174,E-Scooter,1.33,6.35,20.39,26.16,33.0,33.5,2,43.8,24.2,18-25,0.861,Normal
10175,E-Scooter,1.93,10.4,18.62,23.71,75.8,74.1,0,1.0,24.3,60+,0.43,Improper_Parking
10176,E-Scooter,3.68,18.87,10.14,10.17,44.0,29.1,1,5.7,8.1,26-35,0.787,Battery_Critical
10177,E-Scooter,6.47,35.39,10.14,20.55,99.2,76.3,2,39.1,27.4,36-45,0.922,Mechanical_Fault
10178,E-Scooter,2.9,9.06,15.57,19.9,39.4,29.9,3,1.0,31.7,26-35,0.927,Hard_Braking
10179,E-Scooter,3.57,22.12,11.69,15.85,39.3,27.4,2,0.8,39.4,26-35,0.918,Normal
10180,E-Scooter,5.68,20.49,16.51,23.73,23.4,3.5,2,7.3,8.9,18-25,0.604,Battery_Critical
10181,E-Bike,4.74,27.97,10.48,15.8,80.4,71.4,4,18.4,18.5,60+,0.786,Hard_Braking
10182,E-Bike,3.43,16.0,10.95,16.46,54.2,40.4,2,20.5,29.1,36-45,0.671,Hard_Braking
10183,E-Bike,8.59,33.53,15.08,24.6,23.8,0.0,1,33.5,31.2,18-25,0.506,Battery_Critical
10184,E-Bike,2.39,12.96,14.62,23.11,69.1,66.4,0,14.1,23.4,26-35,0.8,Normal
10185,E-Scooter,9.09,26.77,18.14,26.85,47.4,30.4,0,10.7,21.5,36-45,0.772,Normal
10186,E-Bike,1.66,9.47,7.69,13.51,96.7,91.7,4,30.9,25.4,36-45,0.629,Hard_Braking
10187,E-Scooter,3.33,6.37,19.93,25.97,53.0,45.3,1,40.2,6.2,26-35,0.431,Battery_Critical
10188,E-Bike,5.14,26.78,12.56,16.57,87.7,75.4,1,20.6,27.4,18-25,0.67,Mechanical_Fault
10189,E-Bike,2.41,9.24,15.71,24.42,42.0,26.2,1,13.9,13.9,18-25,0.73,Normal
10190,E-Scooter,1.97,2.37,13.93,20.76,76.3,68.6,1,20.2,18.9,26-35,0.76,Normal
10191,E-Scooter,4.11,16.76,18.74,25.63,72.9,56.5,4,2.6,38.8,18-25,0.73,Hard_Braking
10192,E-Scooter,1.53,6.72,17.31,23.76,66.9,59.4,3,65.6,28.5,26-35,0.599,Mechanical_Fault
10193,E-Scooter,4.14,33.22,9.27,14.46,21.1,14.5,0,29.4,33.0,26-35,0.865,Battery_Critical
10194,E-Scooter,4.06,20.62,12.19,13.38,82.9,77.0,0,75.7,23.4,36-45,0.876,Hard_Braking
10195,E-Bike,1.06,3.69,11.68,17.86,75.1,78.8,4,1.5,16.0,36-45,0.454,Hard_Braking
10196,E-Scooter,2.54,25.52,5.67,14.18,54.2,43.8,1,49.0,16.9,26-35,0.795,Hard_Braking
10197,E-Bike,3.05,25.34,8.18,21.51,82.6,75.6,5,38.7,17.0,36-45,0.648,Hard_Braking
10198,E-Scooter,1.37,6.62,17.32,19.17,67.0,62.1,2,31.0,27.8,26-35,0.772,Hard_Braking
10199,E-Scooter,3.97,7.1,21.19,28.52,36.1,21.1,2,7.4,37.8,26-35,0.915,Hard_Braking
10200,E-Scooter,0.3,3.79,13.63,14.81,33.6,27.6,0,46.6,21.4,18-25,0.588,Normal
10201,E-Scooter,2.78,12.72,15.97,24.19,88.0,76.5,0,9.1,34.3,18-25,0.892,Normal
10202,E-Bike,3.58,12.52,14.24,17.08,75.3,67.3,0,18.6,8.6,18-25,0.76,Normal
10203,E-Bike,3.82,12.77,19.19,22.85,75.3,64.8,0,4.4,31.3,18-25,0.463,Normal
10204,E-Bike,5.03,27.76,13.19,15.84,61.6,45.9,1,36.6,35.4,18-25,0.941,Normal
10205,E-Scooter,2.51,11.35,14.54,17.5,49.8,46.3,2,2.6,24.7,60+,0.937,Improper_Parking
10206,E-Bike,2.81,9.15,17.26,23.41,66.4,60.7,1,13.8,14.3,26-35,0.867,Hard_Braking
10207,E-Bike,6.85,42.43,9.34,13.76,36.6,10.7,0,46.1,23.9,26-35,0.799,Battery_Critical
10208,E-Bike,1.72,6.53,14.62,16.98,56.1,52.8,1,46.8,29.4,46-60,0.716,Normal
10209,E-Bike,3.0,12.86,15.28,22.09,55.6,43.3,1,30.9,21.3,46-60,0.845,Normal
10210,E-Scooter,0.85,6.95,12.92,15.44,42.9,46.2,2,8.0,35.1,18-25,0.658,Hard_Braking
10211,E-Bike,1.5,7.26,13.84,23.32,48.9,49.5,1,0.8,25.5,18-25,0.471,Normal
10212,E-Bike,2.4,19.79,7.88,13.29,52.3,43.4,0,46.7,33.5,26-35,0.707,Normal
10213,E-Scooter,2.83,12.63,17.1,26.3,83.9,75.4,0,5.0,13.3,26-35,0.723,Normal
10214,E-Scooter,6.2,19.05,20.32,26.04,79.3,58.3,1,17.0,24.0,46-60,0.946,Normal
10215,E-Scooter,1.32,2.0,17.26,21.25,79.7,81.6,0,21.3,24.0,18-25,0.918,Normal
10216,E-Bike,3.99,19.42,11.56,23.24,84.1,78.2,3,22.2,35.8,18-25,0.707,Normal
10217,E-Scooter,1.2,2.0,13.4,20.89,23.0,23.8,3,17.7,18.4,36-45,0.635,Hard_Braking
10218,E-Scooter,3.74,11.35,24.03,26.44,25.2,9.8,2,3.8,18.9,18-25,0.448,Battery_Critical
10219,E-Scooter,4.53,18.16,16.46,24.7,78.0,58.8,1,12.1,28.2,26-35,0.865,Normal
10220,E-Scooter,3.53,12.36,15.78,21.23,25.2,11.4,0,19.9,35.0,18-25,0.54,Normal
10221,E-Scooter,6.45,12.13,28.79,31.15,68.9,49.5,3,23.1,23.0,18-25,0.466,Hard_Braking
10222,E-Bike,4.65,16.5,17.18,22.31,41.5,31.2,1,4.3,23.3,26-35,0.907,Normal
10223,E-Scooter,2.81,10.57,17.2,19.08,54.8,47.4,2,4.4,22.5,36-45,0.643,Normal
10224,E-Scooter,1.13,13.9,13.41,27.16,87.4,83.3,1,34.3,38.1,18-25,0.826,Normal
10225,E-Scooter,5.54,18.81,21.59,25.12,73.1,59.0,5,9.1,22.1,18-25,0.668,Hard_Braking
10226,E-Bike,3.15,17.79,10.17,18.02,22.2,14.0,0,25.8,18.4,26-35,0.88,Battery_Critical
10227,E-Bike,5.81,21.73,14.16,16.59,42.5,30.2,2,6.0,28.0,36-45,0.748,Hard_Braking
10228,E-Scooter,0.8,2.32,11.74,17.5,62.4,65.3,4,21.0,11.5,26-35,0.848,Hard_Braking
10229,E-Scooter,2.52,7.89,15.7,20.15,54.9,51.8,1,1.4,22.0,26-35,0.765,Hard_Braking
10230,E-Scooter,4.12,14.66,13.7,16.61,37.5,31.5,2,3.7,18.5,18-25,0.695,Improper_Parking
10231,E-Bike,5.96,15.21,16.28,23.79,34.9,18.4,2,8.6,21.8,36-45,0.859,Normal
10232,E-Scooter,1.66,4.61,20.79,26.45,72.3,69.2,0,16.9,9.6,36-45,0.895,Normal
10233,E-Scooter,5.56,27.56,15.12,24.3,90.1,68.1,2,29.0,20.4,36-45,0.718,Hard_Braking
10234,E-Scooter,2.52,10.48,8.87,14.2,54.0,49.9,3,7.0,31.4,46-60,0.968,Hard_Braking
10235,E-Scooter,7.95,28.16,15.62,19.27,61.7,37.7,1,2.2,42.0,26-35,0.507,Normal
10236,E-Scooter,4.5,26.3,10.51,14.92,80.3,64.0,1,28.1,14.5,18-25,0.718,Normal
10237,E-Scooter,3.71,17.68,14.72,23.48,66.9,63.0,2,3.0,16.7,36-45,0.757,Normal
10238,E-Bike,7.22,38.07,12.04,21.47,79.8,52.1,1,43.2,30.1,36-45,0.8,Mechanical_Fault
10239,E-Bike,2.03,17.24,10.4,15.2,51.9,43.4,3,78.8,21.1,18-25,0.462,Hard_Braking
10240,E-Bike,1.91,8.68,11.36,14.86,74.0,61.5,2,20.2,28.8,26-35,0.893,Normal
10241,E-Scooter,6.27,12.37,24.22,25.94,43.8,25.1,1,25.2,13.5,18-25,0.929,Mechanical_Fault
10242,E-Scooter,2.66,9.46,20.81,24.17,90.0,78.6,0,20.7,27.4,26-35,0.705,Normal
10243,E-Scooter,2.64,8.86,19.0,24.81,59.8,55.3,0,17.0,29.6,18-25,0.582,Normal
10244,E-Scooter,4.56,16.77,13.03,18.14,44.7,27.9,1,16.6,19.2,26-35,0.823,Normal
10245,E-Scooter,1.86,8.22,16.48,19.49,53.7,50.5,0,1.4,29.2,18-25,0.636,Normal
10246,E-Scooter,4.91,20.62,19.04,24.2,92.2,76.7,2,37.2,17.3,18-25,,Normal
10247,E-Scooter,1.68,4.53,18.95,25.35,70.6,71.1,2,4.6,13.3,26-35,0.537,Hard_Braking
10248,E-Scooter,5.43,21.37,14.32,17.39,95.8,79.9,1,18.5,24.2,18-25,0.733,Normal
10249,E-Scooter,1.35,3.4,19.18,28.31,93.4,90.9,2,6.2,20.0,18-25,0.713,Mechanical_Fault
10250,E-Scooter,8.2,40.15,11.62,16.34,90.6,64.2,1,10.0,16.8,26-35,0.874,Normal
10251,E-Bike,5.97,41.59,9.29,17.84,77.9,65.3,2,24.8,27.5,46-60,0.618,Normal
10252,E-Bike,2.2,10.66,11.42,18.42,99.9,92.2,0,12.7,13.0,36-45,0.765,Normal
10253,E-Scooter,0.71,4.66,16.12,17.0,56.7,58.9,1,6.2,21.7,18-25,0.782,Normal
10254,E-Scooter,0.7,5.71,16.62,20.43,32.1,34.5,5,6.7,35.4,36-45,0.72,Hard_Braking
10255,E-Bike,3.05,12.67,10.59,14.81,77.3,69.0,4,25.2,30.8,26-35,0.666,Hard_Braking
10256,E-Scooter,7.55,39.1,11.41,18.15,34.9,11.6,0,16.2,8.9,60+,0.895,Battery_Critical
10257,E-Scooter,4.58,17.43,20.37,23.77,22.8,13.1,1,11.5,13.7,,0.803,Battery_Critical
10258,E-Scooter,1.57,3.57,18.47,25.26,86.3,74.7,5,6.9,18.0,26-35,0.872,Hard_Braking
10259,E-Scooter,4.19,12.24,22.43,29.85,77.9,64.1,2,1.3,34.9,46-60,0.625,Hard_Braking
10260,E-Scooter,0.54,2.0,18.32,18.8,41.4,37.6,0,35.7,21.5,46-60,0.778,Normal
10261,E-Bike,2.64,11.9,10.05,19.69,28.0,17.7,1,44.8,30.4,26-35,0.826,Normal
10262,E-Scooter,0.79,6.79,16.29,23.01,27.1,23.5,1,20.0,31.6,26-35,0.808,Normal
10263,E-Bike,13.03,45.74,16.22,22.06,79.6,41.7,0,16.8,20.8,26-35,0.771,Normal
10264,E-Scooter,3.58,14.97,18.75,30.54,84.5,70.8,2,21.2,22.2,36-45,0.719,Hard_Braking
10265,E-Scooter,10.79,44.61,15.89,23.43,20.2,0.0,3,3.2,39.9,26-35,0.862,Battery_Critical
10266,E-Bike,1.57,10.08,11.82,16.35,57.0,57.4,1,19.7,6.6,36-45,0.682,Normal
10267,E-Scooter,3.33,13.28,12.41,19.59,38.3,23.5,2,11.7,14.0,18-25,0.844,Normal
10268,E-Bike,5.42,42.39,7.91,17.03,50.2,33.1,6,6.9,34.2,36-45,0.892,Hard_Braking
10269,E-Scooter,0.3,7.63,19.17,24.4,58.8,61.6,3,42.5,34.0,26-35,0.723,Hard_Braking
10270,E-Scooter,3.42,11.04,17.84,25.28,73.8,65.8,0,10.2,26.9,46-60,0.876,Normal
10271,E-Bike,0.6,6.71,12.86,13.72,67.2,65.2,0,0.0,28.9,26-35,0.77,Normal
10272,E-Scooter,1.95,9.92,13.45,13.78,68.1,60.7,1,21.1,21.5,26-35,0.819,Normal
10273,E-Bike,1.7,9.81,13.08,16.68,89.9,88.2,1,2.3,29.6,18-25,0.602,Normal
10274,E-Scooter,1.67,7.74,14.04,22.03,79.9,74.4,3,7.6,20.7,26-35,0.693,Hard_Braking
10275,E-Scooter,0.72,6.39,18.36,18.87,87.0,81.9,2,22.5,18.0,60+,0.708,Normal
10276,E-Bike,2.54,16.14,9.8,16.41,25.1,19.7,1,7.5,15.8,36-45,0.794,Normal
10277,E-Scooter,1.83,9.46,14.9,16.42,62.8,58.7,1,7.6,13.9,26-35,0.874,Normal
10278,E-Scooter,2.79,10.2,22.79,23.62,37.0,26.6,0,34.3,9.4,36-45,0.365,Improper_Parking
10279,E-Scooter,2.03,12.53,10.47,12.77,40.3,33.7,1,26.5,22.6,26-35,0.803,Hard_Braking
10280,E-Scooter,7.51,30.84,15.96,23.51,90.9,69.1,2,85.7,29.1,36-45,0.619,Mechanical_Fault
10281,E-Scooter,3.56,19.79,14.56,22.02,49.5,35.4,0,67.0,20.6,36-45,0.914,Normal
10282,E-Scooter,3.24,9.89,17.49,24.17,79.2,66.9,0,5.9,29.5,26-35,0.672,Normal
10283,E-Bike,2.48,8.15,12.13,14.76,66.8,57.4,3,9.2,26.1,46-60,0.8,Mechanical_Fault
10284,E-Bike,0.3,2.0,13.8,21.05,28.9,24.0,1,5.4,17.7,26-35,0.762,Normal
10285,E-Scooter,6.78,19.88,20.37,27.44,45.7,27.3,0,12.8,19.2,36-45,0.908,Improper_Parking
10286,E-Scooter,4.66,20.72,16.17,21.56,86.7,72.8,2,33.8,21.0,26-35,0.755,Battery_Critical
10287,E-Bike,6.49,29.4,13.41,16.54,74.3,55.1,1,9.1,23.1,18-25,0.766,Normal
10288,E-Bike,1.54,9.21,10.92,11.92,44.2,40.6,0,16.3,11.9,36-45,0.661,Normal
10289,E-Scooter,7.7,15.3,22.99,25.98,65.5,44.9,2,22.0,32.3,46-60,0.807,Hard_Braking
10290,E-Scooter,1.52,6.51,16.77,20.98,49.8,42.8,0,15.4,9.0,46-60,0.753,Normal
10291,E-Scooter,3.16,26.58,7.67,16.44,74.1,67.5,0,36.7,25.7,18-25,0.762,Normal
10292,E-Bike,2.03,20.29,9.6,21.43,48.5,43.5,1,1.1,5.0,36-45,0.485,Normal
10293,E-Scooter,3.77,14.57,17.29,21.39,87.3,75.0,1,2.5,31.2,26-35,0.178,Improper_Parking
10294,E-Scooter,2.09,5.46,15.39,20.52,84.1,85.8,3,2.4,28.2,26-35,0.787,Hard_Braking
10295,E-Scooter,5.99,23.69,16.45,17.79,46.3,27.8,2,11.7,30.8,18-25,0.563,Hard_Braking
10296,E-Scooter,0.35,3.42,10.43,16.52,79.5,83.5,3,16.9,12.2,46-60,0.974,Hard_Braking
10297,E-Bike,3.37,15.96,12.64,17.25,38.8,30.7,1,59.2,12.9,26-35,0.73,Normal
10298,E-Scooter,0.3,2.0,7.91,10.47,67.7,72.1,2,41.4,19.9,60+,0.906,Hard_Braking
10299,E-Bike,4.48,20.46,10.22,13.89,39.9,24.6,0,3.3,23.8,18-25,0.948,Normal
10300,E-Bike,0.72,3.28,15.05,20.77,36.5,34.6,2,11.8,40.3,26-35,0.855,Normal
10301,E-Scooter,0.82,7.81,14.09,19.47,24.1,15.1,1,16.3,21.4,18-25,0.837,Normal
10302,E-Scooter,3.01,25.85,9.42,15.78,99.9,100.0,1,18.9,17.4,18-25,0.844,Normal
10303,E-Bike,3.8,25.47,9.64,16.45,56.8,49.3,0,14.7,34.9,18-25,0.675,Normal
10304,E-Scooter,1.51,9.22,19.22,24.1,55.0,47.6,0,1.9,5.2,36-45,0.856,Normal
10305,E-Bike,2.04,12.47,14.69,16.23,62.2,59.5,1,17.4,24.3,18-25,0.559,Normal
10306,E-Bike,2.12,10.01,14.32,77.64,54.1,41.5,0,3.6,21.6,46-60,0.283,Improper_Parking
10307,E-Scooter,8.28,24.45,17.98,25.62,77.7,53.6,0,44.9,21.4,18-25,0.715,Normal
10308,E-Bike,0.94,5.25,12.91,13.85,49.1,46.2,4,8.4,29.6,46-60,0.794,Hard_Braking
10309,E-Bike,3.23,18.89,10.36,15.64,79.1,68.6,0,2.8,19.4,36-45,0.925,Normal
10310,E-Bike,2.08,4.81,18.54,20.22,82.8,71.1,2,82.1,20.2,26-35,0.895,Normal
10311,E-Bike,1.17,4.33,10.69,17.06,59.4,55.7,1,5.7,26.2,26-35,0.834,Normal
10312,E-Bike,6.34,34.52,11.38,18.29,73.0,54.0,1,7.2,19.6,46-60,0.978,Normal
10313,E-Bike,1.03,4.52,11.25,19.06,20.5,21.6,2,0.7,31.4,18-25,0.891,Hard_Braking
10314,E-Scooter,1.03,5.02,18.16,21.08,81.9,70.9,2,4.1,12.1,26-35,0.885,Battery_Critical
10315,E-Bike,4.75,23.51,12.35,15.44,33.4,9.8,1,12.8,15.6,36-45,0.697,Battery_Critical
10316,E-Bike,3.2,12.33,15.75,18.26,88.6,75.8,2,3.8,15.6,60+,0.854,Normal
10317,E-Bike,0.76,4.12,16.37,18.26,54.0,55.6,2,11.8,29.4,18-25,0.637,Hard_Braking
10318,E-Bike,6.52,26.29,12.21,15.05,54.7,34.7,1,19.4,34.6,18-25,0.833,Normal
10319,E-Bike,3.2,9.98,15.44,21.74,50.0,40.1,1,26.3,34.1,36-45,0.714,Battery_Critical
10320,E-Scooter,5.16,50.85,6.03,10.48,63.2,52.9,0,19.4,22.1,26-35,0.811,Normal
10321,E-Scooter,1.32,9.42,15.44,21.03,49.3,45.2,0,6.5,24.0,18-25,0.922,Normal
10322,E-Scooter,2.97,6.31,21.34,25.78,99.1,89.0,1,13.6,3.5,36-45,0.93,Improper_Parking
10323,E-Bike,3.02,9.36,15.96,24.6,56.6,45.1,1,8.6,30.0,18-25,0.691,Normal
10324,E-Bike,3.87,18.63,13.89,20.55,56.6,41.5,0,16.0,37.3,26-35,0.79,Normal
10325,E-Scooter,4.16,14.68,16.54,23.26,96.1,82.0,1,4.7,15.8,36-45,0.977,Normal
10326,E-Scooter,0.81,5.6,11.55,16.89,75.8,71.7,2,19.2,12.0,18-25,0.538,Hard_Braking
10327,E-Bike,2.75,8.97,21.33,26.92,27.3,20.9,1,19.0,26.2,26-35,0.8,Normal
10328,E-Bike,2.72,11.52,13.89,15.87,20.6,5.7,0,11.6,18.9,36-45,0.829,Battery_Critical
10329,E-Scooter,0.38,2.0,11.5,15.4,81.1,80.7,2,23.0,30.9,26-35,0.69,Normal
10330,E-Bike,1.18,2.0,17.08,22.27,67.5,63.5,2,0.5,25.1,18-25,0.71,Normal
10331,E-Scooter,10.28,34.04,19.45,20.17,21.8,0.0,2,33.0,19.5,18-25,0.667,Battery_Critical
10332,E-Bike,0.3,2.0,13.0,21.13,29.0,29.1,1,46.1,29.1,26-35,0.961,Normal
10333,E-Scooter,4.43,15.87,18.5,27.65,61.7,45.9,0,5.0,16.8,18-25,0.848,Normal
10334,E-Scooter,1.91,2.0,25.04,30.3,79.3,74.4,2,31.9,16.3,18-25,0.839,Hard_Braking
10335,E-Bike,9.63,40.35,13.35,23.6,47.1,18.5,0,12.8,27.9,46-60,0.474,Normal
10336,E-Scooter,3.19,9.67,26.75,32.9,75.9,58.0,0,56.5,35.4,36-45,0.65,Normal
10337,E-Bike,7.73,22.92,17.31,22.22,97.3,71.5,1,6.8,19.2,26-35,0.938,Battery_Critical
10338,E-Scooter,2.1,6.52,17.48,21.31,68.4,58.9,1,19.0,20.3,36-45,0.672,Normal
10339,E-Scooter,3.59,14.72,16.95,23.51,39.3,26.8,2,0.3,16.9,18-25,0.968,Hard_Braking
10340,E-Bike,3.35,13.01,13.41,24.99,98.5,87.3,1,60.6,14.7,18-25,0.839,Hard_Braking
10341,E-Scooter,3.6,11.94,20.54,22.02,39.3,22.7,1,7.2,27.0,46-60,0.785,Normal
10342,E-Bike,4.48,30.28,9.14,15.05,48.4,37.2,2,7.2,11.8,18-25,0.691,Hard_Braking
10343,E-Bike,8.1,36.36,13.12,20.56,87.5,61.9,1,32.8,19.6,46-60,0.403,Improper_Parking
10344,E-Scooter,3.38,13.27,16.85,20.32,30.6,17.6,2,34.2,21.0,26-35,0.924,Battery_Critical
10345,E-Bike,5.0,16.45,16.47,24.94,84.5,70.7,1,17.1,16.0,36-45,0.792,Normal
10346,E-Bike,2.57,5.6,14.66,17.46,76.5,69.7,3,15.1,30.2,36-45,0.691,Hard_Braking
10347,E-Scooter,0.88,2.04,21.0,24.77,93.0,92.7,1,17.6,11.3,18-25,0.732,Normal
10348,E-Scooter,5.98,15.8,18.26,19.87,23.4,0.0,0,23.3,31.9,26-35,0.868,Battery_Critical
10349,E-Scooter,4.44,8.07,21.18,23.08,48.3,29.9,2,12.3,25.5,18-25,0.864,Hard_Braking
10350,E-Bike,3.03,10.08,14.96,17.08,38.6,23.4,1,5.7,24.4,18-25,0.971,Normal
10351,E-Scooter,1.8,2.0,18.35,22.77,59.5,59.2,0,4.9,27.2,36-45,0.622,Normal
10352,E-Bike,5.48,27.9,13.04,20.04,34.0,16.3,3,6.6,22.6,18-25,0.916,Hard_Braking
10353,E-Scooter,4.69,14.22,18.71,26.63,69.3,48.4,0,14.3,24.7,26-35,0.71,Normal
10354,E-Scooter,4.64,14.99,20.04,23.67,90.6,77.8,2,12.2,18.2,46-60,0.902,Normal
10355,E-Bike,6.5,23.82,17.48,20.47,86.0,73.9,2,38.8,11.0,18-25,0.634,Improper_Parking
10356,E-Bike,12.97,71.96,10.81,15.24,94.1,52.7,1,18.1,22.5,60+,0.579,Normal
10357,E-Bike,2.44,7.12,15.76,17.89,44.9,40.6,1,9.0,21.6,18-25,0.641,Hard_Braking
10358,E-Bike,1.54,12.31,13.51,16.85,59.0,59.8,0,2.1,29.3,36-45,0.811,Improper_Parking
10359,E-Scooter,2.24,7.14,19.57,24.11,54.9,44.6,1,25.7,29.0,46-60,0.304,Improper_Parking
10360,E-Scooter,1.53,7.18,12.38,16.6,31.5,24.5,1,2.6,39.4,18-25,0.789,Normal
10361,E-Scooter,7.19,23.47,20.34,23.56,39.7,16.3,0,3.8,27.4,18-25,0.873,Normal
10362,E-Scooter,0.3,2.0,18.92,23.74,34.0,27.8,2,3.9,26.9,18-25,0.912,Hard_Braking
10363,E-Bike,7.13,39.06,11.96,18.08,97.7,82.5,2,10.4,21.4,26-35,0.47,Normal
10364,E-Scooter,6.55,29.43,12.99,16.84,46.2,24.2,2,47.1,34.2,26-35,0.504,Normal
10365,E-Scooter,0.3,2.0,19.94,31.36,55.3,59.2,2,10.0,33.1,18-25,0.884,Hard_Braking
10366,E-Scooter,6.06,41.94,8.55,9.11,92.2,76.5,2,6.2,31.5,36-45,0.488,Mechanical_Fault
10367,E-Scooter,1.64,9.54,15.43,20.58,46.7,46.9,2,4.3,35.3,18-25,0.801,Normal
10368,E-Bike,2.15,7.38,13.24,21.92,52.0,50.6,0,0.8,33.2,60+,0.867,Battery_Critical
10369,E-Scooter,4.36,27.73,12.28,18.58,91.0,75.6,1,31.6,29.7,18-25,0.98,Normal
10370,E-Scooter,3.59,4.54,18.0,25.68,32.6,17.6,0,1.2,20.5,18-25,,Battery_Critical
10371,E-Scooter,1.13,2.0,15.02,17.58,37.5,34.7,1,1.4,19.3,36-45,0.416,Improper_Parking
10372,E-Bike,8.84,32.66,14.98,19.88,49.9,22.8,3,3.6,28.3,26-35,0.636,Battery_Critical
10373,E-Scooter,3.38,13.86,12.89,18.37,41.1,34.5,0,5.1,37.6,26-35,0.948,Normal
10374,E-Scooter,1.72,11.57,12.23,16.8,78.4,79.5,3,2.3,29.5,18-25,0.945,Hard_Braking
10375,E-Bike,8.79,36.43,13.04,19.68,95.0,71.2,3,2.9,14.1,18-25,0.695,Hard_Braking
10376,E-Scooter,0.97,9.78,14.76,18.02,34.7,29.0,1,43.2,21.6,18-25,0.809,Battery_Critical
10377,E-Scooter,0.87,4.34,15.81,20.48,84.7,83.0,0,5.0,26.6,36-45,0.746,Normal
10378,E-Bike,4.62,29.04,8.01,14.8,33.1,20.1,0,41.7,10.3,60+,0.961,Normal
10379,E-Bike,0.3,5.15,5.0,10.99,82.0,84.7,1,11.6,24.0,26-35,0.919,Normal
10380,E-Scooter,6.47,18.99,21.79,24.37,23.2,0.6,4,24.1,19.0,26-35,0.608,Battery_Critical
10381,E-Bike,4.5,11.16,16.47,24.29,56.8,49.9,1,30.3,24.4,18-25,0.752,Hard_Braking
10382,E-Bike,1.47,10.01,11.08,11.29,26.2,22.2,2,50.3,16.9,26-35,0.86,Hard_Braking
10383,E-Scooter,1.6,15.61,5.84,11.25,53.7,52.6,1,14.7,42.0,18-25,0.795,Improper_Parking
10384,E-Bike,2.0,5.93,18.49,30.3,71.3,69.0,1,45.3,21.7,26-35,0.872,Improper_Parking
10385,E-Scooter,1.87,2.0,16.12,16.51,85.3,78.9,3,1.1,22.7,18-25,0.941,Hard_Braking
10386,E-Bike,1.08,4.74,14.28,17.04,58.0,52.5,0,12.5,31.8,18-25,0.934,Normal
10387,E-Bike,1.63,2.0,14.75,20.14,92.8,88.4,2,20.2,18.8,60+,0.695,Normal
10388,E-Scooter,1.68,16.74,15.83,16.91,74.1,63.6,0,11.5,15.1,18-25,0.747,Normal
10389,E-Scooter,3.32,2.75,19.04,21.78,61.8,54.8,0,0.9,18.1,,0.378,Improper_Parking
10390,E-Scooter,6.42,25.65,13.95,17.43,51.1,39.1,0,27.4,12.8,26-35,0.628,Normal
10391,E-Scooter,0.63,2.0,16.75,24.82,63.0,60.3,1,4.3,20.3,18-25,0.667,Normal
10392,E-Bike,3.73,29.65,7.08,21.04,45.6,35.5,2,2.2,29.8,36-45,0.764,Hard_Braking
10393,E-Scooter,2.93,11.24,15.17,20.14,46.6,35.7,1,4.1,18.5,26-35,0.927,Normal
10394,E-Scooter,3.03,6.09,20.4,28.08,24.8,19.0,2,16.0,31.0,18-25,0.58,Mechanical_Fault
10395,E-Scooter,3.82,23.43,8.27,13.43,50.2,38.8,1,35.5,18.3,36-45,0.615,Mechanical_Fault
10396,E-Bike,1.44,8.34,10.35,16.11,95.1,88.5,1,50.8,21.3,46-60,0.983,Normal
10397,E-Scooter,2.48,7.63,13.14,19.5,33.9,33.6,1,3.2,31.8,36-45,0.888,Normal
10398,E-Scooter,4.67,21.13,14.68,15.63,39.1,21.1,2,5.1,21.9,26-35,0.905,Battery_Critical
10399,E-Bike,2.42,13.16,10.18,11.47,38.4,28.1,2,49.2,29.2,46-60,0.493,Normal
10400,E-Scooter,4.49,15.95,20.96,26.11,83.9,70.1,4,0.3,28.2,26-35,0.279,Improper_Parking
10401,E-Bike,4.84,10.36,19.11,27.71,86.9,72.4,3,12.8,24.3,36-45,0.902,Hard_Braking
10402,E-Bike,2.15,9.36,16.03,22.12,63.6,57.8,2,5.9,41.3,36-45,0.583,Normal
10403,E-Scooter,0.45,2.0,22.92,31.66,37.3,40.4,0,19.4,32.1,18-25,0.795,Normal
10404,E-Scooter,1.57,6.79,23.82,30.2,88.5,84.7,1,54.8,20.9,46-60,0.937,Normal
10405,E-Scooter,4.06,24.92,9.98,13.59,44.3,35.6,3,13.1,30.7,18-25,0.706,Hard_Braking
10406,E-Scooter,6.99,41.31,9.51,13.37,64.6,46.2,3,37.9,18.5,26-35,0.817,Hard_Braking
10407,E-Scooter,0.65,2.64,14.52,19.62,86.5,83.0,0,21.5,23.6,18-25,0.803,Normal
10408,E-Scooter,1.59,9.76,20.24,26.66,42.9,27.8,1,4.3,29.9,46-60,0.554,Mechanical_Fault
10409,E-Scooter,4.95,21.04,13.49,16.29,96.1,78.7,0,19.7,13.5,46-60,0.445,Normal
10410,E-Bike,4.57,18.04,14.72,18.32,66.1,52.6,1,10.4,15.6,26-35,0.958,Battery_Critical
10411,E-Scooter,7.29,27.42,13.91,14.32,21.6,4.0,0,22.9,35.6,26-35,0.371,Battery_Critical
10412,E-Bike,2.76,6.81,16.45,22.18,39.5,32.9,0,2.4,16.7,26-35,0.596,Normal
10413,E-Scooter,2.84,6.88,17.25,20.31,53.1,41.4,0,10.4,18.7,60+,0.84,Normal
10414,E-Bike,2.36,12.81,11.99,15.1,52.8,46.3,2,21.7,17.1,36-45,0.853,Normal
10415,E-Scooter,1.84,8.87,21.77,29.1,84.6,82.9,1,15.6,16.0,60+,0.79,Normal
10416,E-Bike,1.15,3.19,21.39,28.19,84.1,77.2,4,6.4,36.1,18-25,0.736,Hard_Braking
10417,E-Scooter,6.51,21.86,22.34,27.02,58.5,40.6,1,52.7,30.7,60+,0.81,Normal
10418,E-Bike,2.74,32.4,5.0,13.0,50.2,44.7,1,144.3,29.8,18-25,0.753,Mechanical_Fault
10419,E-Scooter,2.17,10.96,10.26,13.17,29.7,18.5,3,13.2,29.4,18-25,0.585,Hard_Braking
10420,E-Scooter,4.14,13.52,14.22,17.04,23.5,14.1,1,6.6,19.4,36-45,0.718,Battery_Critical
10421,E-Scooter,1.45,14.41,5.49,13.81,32.7,34.4,1,10.9,31.4,18-25,0.517,Normal
10422,E-Bike,6.84,34.91,12.41,16.11,59.3,31.6,1,1.0,25.2,26-35,0.851,Normal
10423,E-Scooter,4.36,11.67,30.96,40.55,72.7,62.9,0,1.9,19.4,26-35,0.803,Hard_Braking
10424,E-Bike,2.99,18.92,11.39,15.86,62.8,54.8,1,13.2,18.0,26-35,0.781,Normal
10425,E-Bike,3.79,17.3,13.78,22.64,43.8,30.8,1,1.0,25.4,26-35,0.615,Battery_Critical
10426,E-Scooter,3.07,10.68,18.61,21.57,41.5,27.6,0,58.3,22.7,36-45,0.916,Normal
10427,E-Bike,0.89,10.48,9.91,15.09,26.1,26.2,1,47.8,35.6,18-25,0.849,Improper_Parking
10428,E-Scooter,1.0,2.0,24.4,24.83,26.5,30.9,2,18.0,21.7,18-25,0.791,Hard_Braking
10429,E-Bike,4.08,14.76,18.85,26.96,70.0,56.9,6,4.6,24.1,26-35,0.883,Hard_Braking
10430,E-Bike,0.75,2.0,16.93,21.9,63.9,53.8,1,0.2,15.0,26-35,0.888,Mechanical_Fault
10431,E-Scooter,5.36,16.94,19.47,21.67,77.0,68.9,2,3.1,9.9,46-60,0.793,Improper_Parking
10432,E-Scooter,2.45,3.57,20.6,23.59,59.4,57.5,0,13.6,25.8,46-60,0.477,Normal
10433,E-Bike,1.53,2.75,14.07,20.0,20.2,15.5,1,7.0,11.9,46-60,0.812,Normal
10434,E-Scooter,4.94,23.02,14.59,18.76,93.0,85.1,1,3.3,32.7,18-25,0.861,Normal
10435,E-Bike,2.32,20.04,6.68,14.88,93.8,86.8,2,13.7,26.1,26-35,0.481,Hard_Braking
10436,E-Scooter,1.46,7.1,10.05,15.88,61.6,51.0,0,6.6,28.3,46-60,0.937,Hard_Braking
10437,E-Bike,5.28,21.28,15.15,21.78,53.3,39.3,1,32.3,25.8,36-45,0.667,Normal
10438,E-Bike,2.34,11.25,14.12,20.72,63.5,51.4,1,2.9,29.9,26-35,0.828,Hard_Braking
10439,E-Scooter,1.81,2.0,21.59,29.33,44.3,40.9,0,12.7,13.2,18-25,0.763,Normal
10440,E-Bike,2.6,24.56,6.61,17.06,79.2,73.8,2,9.7,5.6,36-45,0.911,Improper_Parking
10441,E-Scooter,1.99,5.02,21.47,29.15,93.2,84.1,1,8.3,17.8,60+,0.775,Normal
10442,E-Scooter,1.58,4.35,11.76,18.45,51.2,47.3,0,3.7,15.2,18-25,0.757,Normal
10443,E-Scooter,1.0,8.04,9.45,19.83,26.6,24.2,2,14.1,33.2,36-45,0.539,Hard_Braking
10444,E-Scooter,5.31,19.27,16.93,22.78,86.2,72.5,1,44.3,24.7,36-45,0.788,Normal
10445,E-Bike,6.42,41.62,9.5,19.88,92.6,68.0,2,29.4,16.5,26-35,0.721,Normal
10446,E-Bike,1.29,5.62,13.33,15.25,100.0,93.1,1,28.5,34.2,46-60,0.928,Normal
10447,E-Scooter,1.38,2.24,17.38,21.53,40.6,39.4,2,26.1,25.5,18-25,0.308,Improper_Parking
10448,E-Scooter,7.47,38.84,12.36,18.76,94.8,76.0,1,11.6,22.3,18-25,0.617,Improper_Parking
10449,E-Scooter,0.77,5.3,18.17,27.12,70.9,59.6,0,8.2,23.7,18-25,0.835,Normal
10450,E-Scooter,4.84,12.64,20.42,26.22,21.8,9.9,1,33.6,25.7,46-60,0.781,Battery_Critical
10451,E-Scooter,1.36,2.93,17.77,26.49,43.3,37.7,3,1.9,25.9,26-35,0.685,Hard_Braking
10452,E-Scooter,1.01,2.0,21.91,28.97,74.4,73.2,1,16.3,26.5,36-45,0.676,Hard_Braking
10453,E-Bike,3.06,12.41,16.96,22.08,91.5,91.8,3,54.2,32.0,46-60,0.564,Hard_Braking
10454,E-Bike,2.88,25.54,5.79,11.09,95.8,83.9,2,5.5,18.2,18-25,0.806,Hard_Braking
10455,E-Bike,3.06,11.15,15.96,23.23,22.5,13.7,1,19.0,42.0,18-25,0.699,Normal
10456,E-Bike,4.62,24.06,12.42,17.15,95.0,82.8,4,58.8,14.2,26-35,0.825,Hard_Braking
10457,E-Scooter,5.77,29.31,11.19,16.98,85.4,66.9,0,12.1,23.0,18-25,0.902,Normal
10458,E-Scooter,0.72,5.61,15.69,22.78,66.6,66.3,1,12.8,29.0,18-25,0.78,Normal
10459,E-Bike,4.52,13.18,19.31,22.87,70.7,61.3,0,16.2,31.3,36-45,0.78,Mechanical_Fault
10460,E-Bike,5.53,18.08,18.86,24.21,25.7,15.4,4,23.6,22.2,26-35,0.826,Hard_Braking
10461,E-Scooter,1.16,8.16,12.99,16.29,58.4,61.3,1,16.0,26.3,36-45,0.642,Normal
10462,E-Scooter,1.28,6.59,17.64,19.78,93.8,87.9,0,22.1,29.0,18-25,0.922,Normal
10463,E-Scooter,0.3,2.0,25.23,28.53,94.3,89.8,1,2.5,32.5,18-25,0.855,Normal
10464,E-Bike,3.96,25.79,9.56,17.31,50.9,42.9,0,6.3,32.4,18-25,0.973,Normal
10465,E-Bike,5.07,14.54,18.81,26.96,85.9,67.3,1,34.6,41.5,18-25,0.693,Normal
10466,E-Scooter,0.86,2.0,22.57,28.06,37.4,39.7,1,0.3,20.5,26-35,0.684,Normal
10467,E-Scooter,3.88,13.53,18.69,24.75,90.5,76.8,0,74.5,33.1,18-25,0.633,Normal
10468,E-Bike,2.72,18.45,10.62,17.94,50.9,51.4,0,19.6,32.2,26-35,0.52,Normal
10469,E-Bike,2.63,9.29,17.1,21.09,96.0,94.6,2,2.3,28.0,46-60,0.884,Normal
10470,E-Bike,2.97,12.34,19.06,25.79,49.1,42.3,1,5.9,26.0,18-25,0.507,Normal
10471,E-Bike,0.46,2.98,12.33,25.16,35.7,28.0,1,64.3,10.4,18-25,0.548,Normal
10472,E-Scooter,2.47,15.48,14.9,18.9,49.5,42.8,2,1.3,35.5,18-25,0.837,Normal
10473,E-Scooter,0.3,4.08,7.71,18.75,80.7,80.4,1,6.6,29.5,18-25,0.879,Normal
10474,E-Scooter,1.85,2.0,17.54,20.87,76.0,74.0,1,26.1,33.4,26-35,0.741,Normal
10475,E-Scooter,3.83,17.2,17.96,23.88,38.0,31.8,0,12.6,12.0,26-35,0.734,Normal
10476,E-Bike,2.83,15.78,14.86,16.78,65.8,58.3,1,4.3,40.2,26-35,0.736,Normal
10477,E-Bike,1.33,9.37,18.04,24.24,67.4,63.5,0,37.5,25.0,46-60,0.912,Normal
10478,E-Bike,1.92,15.49,8.77,14.65,60.5,55.1,0,21.2,31.1,36-45,0.785,Mechanical_Fault
10479,E-Scooter,3.56,9.93,18.25,19.4,38.4,29.2,0,23.6,17.1,18-25,0.812,Normal
10480,E-Bike,1.18,2.41,14.95,19.36,73.5,69.1,4,3.5,30.0,46-60,0.701,Hard_Braking
10481,E-Bike,1.72,7.85,12.93,17.21,87.8,77.6,3,8.7,32.0,36-45,0.636,Normal
10482,E-Scooter,4.51,16.63,18.68,19.48,48.4,35.8,0,20.0,34.3,26-35,0.756,Normal
10483,E-Bike,4.48,22.66,13.44,16.08,49.5,31.0,2,18.6,28.6,26-35,0.499,Normal
10484,E-Scooter,1.7,6.91,14.98,16.94,86.7,81.1,0,3.3,31.0,18-25,0.664,Normal
10485,E-Bike,5.61,28.52,13.98,15.51,36.9,18.8,1,0.9,25.3,26-35,0.857,Normal
10486,E-Bike,2.04,11.07,14.31,20.17,77.1,79.2,2,23.4,19.5,46-60,0.514,Normal
10487,E-Bike,4.7,30.16,9.5,14.01,31.9,17.0,1,10.8,18.4,26-35,0.952,Mechanical_Fault
10488,E-Scooter,2.44,9.46,20.28,24.24,92.8,84.8,0,0.4,17.4,,0.921,Normal
10489,E-Scooter,1.74,10.18,12.58,17.73,51.2,44.0,2,11.4,32.7,18-25,0.829,Normal
10490,E-Scooter,5.15,13.98,19.46,22.88,79.0,64.1,1,23.0,19.6,26-35,0.704,Normal
10491,E-Scooter,2.86,14.86,13.12,19.3,40.9,37.0,1,17.3,25.2,18-25,0.821,Normal
10492,E-Scooter,3.59,14.82,15.18,19.71,73.1,63.1,0,90.8,27.4,36-45,0.832,Normal
10493,E-Scooter,2.53,12.98,10.71,15.0,62.4,55.3,3,43.6,14.1,18-25,0.888,Mechanical_Fault
10494,E-Scooter,3.1,6.97,16.51,19.2,39.7,29.3,0,14.6,26.5,26-35,0.638,Normal
10495,E-Bike,3.79,14.75,18.71,27.27,64.2,45.3,2,6.0,21.6,18-25,0.423,Hard_Braking
10496,E-Scooter,4.92,31.1,11.63,18.06,82.1,69.7,1,27.8,18.9,26-35,0.851,Normal
10497,E-Scooter,4.24,16.06,18.96,69.79,29.5,16.1,3,23.4,19.5,36-45,0.701,Improper_Parking
10498,E-Scooter,4.64,24.78,11.86,22.33,69.5,63.2,1,14.0,12.9,60+,0.826,Battery_Critical
10499,E-Bike,6.35,17.22,18.07,20.52,85.3,61.8,4,20.6,31.5,36-45,0.775,Hard_Braking
10500,E-Scooter,2.67,12.4,10.56,16.48,43.2,33.7,2,34.1,28.9,36-45,0.662,Hard_Braking
10501,E-Bike,0.68,4.57,13.05,20.83,87.5,82.4,1,3.0,19.8,36-45,0.283,Improper_Parking
10502,E-Scooter,2.78,15.29,12.73,21.65,65.7,50.6,2,2.0,21.3,18-25,0.892,Normal
10503,E-Scooter,3.21,7.21,21.37,29.64,89.6,74.1,0,8.1,15.2,18-25,0.818,Normal
10504,E-Scooter,3.11,19.83,10.32,15.85,27.6,19.4,1,45.6,3.3,18-25,0.75,Normal
10505,E-Bike,1.82,10.92,10.97,16.38,26.2,20.4,2,0.4,24.9,46-60,0.616,Normal
10506,E-Bike,1.8,7.27,20.43,22.55,25.8,18.2,2,16.2,15.7,36-45,0.605,Mechanical_Fault
10507,E-Bike,2.35,15.8,13.03,17.04,44.2,29.4,0,1.6,29.5,36-45,0.837,Normal
10508,E-Bike,3.3,17.21,14.09,15.37,52.7,40.5,2,2.0,21.7,18-25,0.768,Improper_Parking
10509,E-Scooter,0.3,2.0,25.76,33.27,20.7,22.8,0,1.5,8.6,26-35,0.654,Normal
10510,E-Scooter,5.82,26.53,16.09,20.85,27.8,13.7,1,53.8,10.1,26-35,0.708,Battery_Critical
10511,E-Scooter,7.28,27.51,15.09,18.6,25.3,2.4,1,21.0,27.8,18-25,0.757,Battery_Critical
10512,E-Bike,0.78,2.46,13.03,19.03,68.1,70.2,0,4.9,24.7,26-35,0.912,Normal
10513,E-Bike,6.49,25.95,13.35,20.5,51.1,27.3,0,6.1,23.4,46-60,0.495,Normal
10514,E-Bike,7.06,18.36,20.63,24.96,78.2,50.4,3,2.0,19.5,18-25,0.51,Hard_Braking
10515,E-Scooter,5.14,21.38,11.57,14.77,52.8,37.2,2,9.1,22.0,26-35,0.748,Hard_Braking
10516,E-Scooter,0.59,2.0,18.73,25.86,22.7,21.9,1,35.1,19.1,36-45,0.923,Mechanical_Fault
10517,E-Scooter,0.3,2.0,23.54,26.42,96.4,94.2,0,13.0,9.0,46-60,0.806,Normal
10518,E-Scooter,14.0,45.71,17.69,23.47,67.2,26.6,1,18.9,23.5,26-35,0.759,Normal
10519,E-Bike,0.65,5.86,11.24,17.92,99.1,100.0,1,28.1,19.8,26-35,0.694,Normal
10520,E-Scooter,2.53,7.38,22.8,29.98,98.2,87.6,3,18.6,23.6,46-60,0.747,Hard_Braking
10521,E-Scooter,2.24,6.14,15.43,25.86,40.8,37.3,1,12.3,25.8,18-25,0.557,Normal
10522,E-Scooter,4.41,13.29,19.82,21.25,74.7,65.0,0,50.3,15.7,46-60,0.407,Improper_Parking
10523,E-Scooter,3.19,6.93,19.89,22.61,92.6,80.5,3,3.4,31.9,26-35,0.928,Hard_Braking
10524,E-Scooter,0.69,5.41,15.19,19.94,96.4,95.2,0,11.6,41.9,18-25,0.825,Mechanical_Fault
10525,E-Scooter,1.83,6.25,17.22,24.04,28.8,22.5,0,20.8,8.2,18-25,0.728,Normal
10526,E-Scooter,4.27,17.9,17.77,21.4,76.5,65.0,1,7.5,14.1,60+,0.751,Normal
10527,E-Scooter,2.66,17.5,13.44,16.35,69.9,64.2,0,33.7,25.4,18-25,0.844,Normal
10528,E-Bike,2.26,10.31,14.22,16.92,35.2,27.7,3,36.6,26.2,18-25,0.691,Hard_Braking
10529,E-Bike,5.16,19.36,20.04,28.42,49.6,37.8,0,12.2,18.3,26-35,0.847,Battery_Critical
10530,E-Bike,1.28,2.0,14.22,14.25,89.8,91.9,1,33.2,28.7,18-25,0.914,Hard_Braking
10531,E-Bike,0.71,5.74,15.12,19.34,53.6,51.7,3,18.9,19.9,46-60,0.886,Hard_Braking
10532,E-Scooter,3.51,11.73,19.55,25.12,31.5,17.5,1,38.2,30.5,26-35,0.706,Battery_Critical
10533,E-Scooter,1.89,9.93,27.05,30.4,61.1,56.6,2,25.2,28.9,26-35,0.647,Normal
10534,E-Scooter,4.37,14.2,18.32,20.77,34.1,14.5,2,5.7,30.0,46-60,0.676,Battery_Critical
10535,E-Scooter,4.4,9.91,17.36,22.31,90.5,73.1,2,17.1,39.4,18-25,0.638,Normal
10536,E-Bike,4.53,14.98,15.85,22.54,58.6,41.7,1,61.8,25.5,18-25,0.791,Normal
10537,E-Scooter,6.85,18.54,18.24,26.21,45.6,30.3,0,6.5,31.0,36-45,0.79,Normal
10538,E-Bike,5.99,22.37,14.88,16.1,43.6,34.8,1,7.6,5.6,18-25,0.83,Hard_Braking
10539,E-Bike,4.12,13.43,14.77,18.13,32.5,14.9,0,7.0,38.0,18-25,0.845,Normal
10540,E-Bike,1.59,6.89,17.01,26.96,29.6,23.0,2,33.4,16.0,26-35,0.402,Improper_Parking
10541,E-Scooter,0.72,3.52,22.3,28.11,28.8,30.0,2,26.5,36.0,18-25,0.88,Hard_Braking
10542,E-Bike,2.6,9.3,10.92,12.0,49.8,46.3,1,35.9,17.7,26-35,0.943,Normal
10543,E-Bike,11.49,58.92,12.06,15.46,56.3,20.9,1,43.5,24.5,60+,0.683,Improper_Parking
10544,E-Scooter,3.0,12.2,19.72,22.81,31.0,16.9,1,56.8,34.8,18-25,0.587,Normal
10545,E-Bike,10.24,37.41,14.4,17.65,87.7,57.5,0,8.9,20.9,26-35,0.816,Normal
10546,E-Bike,9.53,54.59,11.06,20.82,53.8,23.0,0,6.6,21.0,26-35,0.711,Normal
10547,E-Scooter,0.78,2.0,14.79,15.46,83.7,77.2,1,34.2,17.8,,0.769,Normal
10548,E-Scooter,2.14,17.34,12.18,16.33,96.8,91.2,1,22.9,9.6,18-25,0.846,Normal
10549,E-Scooter,3.53,8.78,25.98,28.91,43.3,39.5,3,45.5,31.0,36-45,0.562,Hard_Braking
10550,E-Scooter,3.55,6.54,26.44,35.71,26.1,14.4,1,19.7,21.3,26-35,0.775,Battery_Critical
10551,E-Scooter,1.44,4.79,21.62,30.63,24.0,18.7,4,1.4,10.9,46-60,0.786,Hard_Braking
10552,E-Scooter,2.39,6.85,21.76,27.11,33.0,17.9,1,10.4,35.8,18-25,0.921,Normal
10553,E-Bike,2.88,12.32,10.14,12.54,47.8,39.4,2,25.9,22.8,18-25,0.875,Battery_Critical
10554,E-Bike,5.52,43.05,8.47,16.19,69.6,50.8,2,19.9,37.0,18-25,0.735,Normal
10555,E-Bike,2.23,19.45,9.12,12.13,50.1,44.0,1,31.7,39.2,36-45,0.719,Normal
10556,E-Bike,3.2,21.22,11.04,17.12,84.2,75.0,2,10.3,30.0,46-60,0.857,Normal
10557,E-Bike,1.96,15.02,7.52,11.73,61.8,52.5,3,10.8,16.5,18-25,0.777,Hard_Braking
10558,E-Bike,2.95,7.0,14.35,19.04,86.8,80.8,1,39.3,16.8,18-25,0.677,Normal
10559,E-Scooter,5.07,30.06,9.27,12.68,75.0,58.8,1,12.5,25.4,26-35,0.784,Normal
10560,E-Bike,0.47,6.41,7.77,13.4,96.2,92.2,0,25.7,22.9,18-25,0.931,Normal
10561,E-Scooter,4.24,11.43,20.28,31.38,74.8,65.8,2,4.1,17.3,,0.849,Hard_Braking
10562,E-Scooter,1.26,6.88,23.19,31.35,26.7,21.6,0,17.3,21.4,18-25,0.537,Normal
10563,E-Bike,0.3,2.0,12.79,16.64,52.0,46.7,1,37.8,31.0,18-25,0.657,Normal
10564,E-Scooter,1.01,8.51,10.58,14.15,99.0,93.8,1,12.5,23.9,36-45,0.527,Hard_Braking
10565,E-Bike,1.36,11.69,12.18,22.15,42.3,40.4,0,23.6,26.9,18-25,0.876,Normal
10566,E-Bike,1.45,6.64,17.79,26.73,72.6,69.1,1,7.3,29.7,26-35,0.611,Normal
10567,E-Scooter,3.44,6.62,24.97,26.23,59.2,51.8,2,1.3,22.9,18-25,0.932,Hard_Braking
10568,E-Scooter,2.62,10.12,20.46,23.65,37.9,29.1,1,25.4,23.0,18-25,0.864,Battery_Critical
10569,E-Scooter,7.25,17.58,20.94,27.6,92.5,69.3,0,4.5,30.7,18-25,0.587,Normal
10570,E-Scooter,1.54,13.67,5.94,10.81,54.9,56.0,1,10.0,21.3,18-25,0.739,Normal
10571,E-Scooter,2.86,11.44,18.95,25.86,25.6,16.9,0,67.7,7.9,36-45,0.851,Mechanical_Fault
10572,E-Scooter,3.81,17.44,16.12,16.58,70.1,48.5,1,23.1,29.2,36-45,0.447,Hard_Braking
10573,E-Scooter,2.11,6.08,22.25,29.33,59.5,60.1,0,41.7,13.2,18-25,0.841,Normal
10574,E-Scooter,3.0,7.8,16.52,23.26,54.7,37.8,1,24.7,17.4,36-45,0.828,Normal
10575,E-Bike,4.23,15.05,13.86,22.33,43.2,35.0,6,23.3,27.7,36-45,0.454,Hard_Braking
10576,E-Scooter,4.86,27.87,11.14,14.74,30.7,19.7,0,6.4,17.8,36-45,0.615,Normal
10577,E-Bike,1.21,2.51,19.24,27.92,95.3,93.1,2,34.1,16.3,46-60,0.713,Normal
10578,E-Bike,2.83,11.5,17.88,25.18,87.4,73.1,0,79.2,18.5,36-45,0.98,Normal
10579,E-Scooter,1.91,6.26,18.23,27.59,74.9,63.9,0,3.5,21.8,36-45,0.853,Normal
10580,E-Scooter,0.89,5.79,22.08,29.03,76.0,68.9,1,10.4,21.4,46-60,0.684,Hard_Braking
10581,E-Scooter,3.06,21.83,7.75,15.74,66.6,63.7,1,4.2,25.5,26-35,0.693,Normal
10582,E-Bike,2.42,14.67,9.89,15.53,32.6,18.4,2,3.2,20.3,18-25,0.525,Mechanical_Fault
10583,E-Bike,4.1,23.2,11.09,19.21,86.6,72.5,1,19.9,27.6,26-35,0.929,Mechanical_Fault
10584,E-Bike,0.42,2.0,13.04,19.25,64.0,58.1,2,22.5,18.0,26-35,0.815,Normal
10585,E-Scooter,4.55,10.51,20.43,28.56,44.4,28.4,1,7.9,24.6,18-25,0.915,Normal
10586,E-Bike,1.9,17.51,7.19,10.85,93.8,85.2,1,13.3,18.1,36-45,0.771,Normal
10587,E-Bike,1.45,6.81,13.18,20.99,54.7,45.4,2,8.9,32.8,26-35,0.604,Hard_Braking
10588,E-Scooter,3.54,10.16,20.39,25.44,22.5,17.2,1,3.5,34.5,18-25,0.942,Improper_Parking
10589,E-Bike,0.66,2.0,12.29,18.06,30.7,31.6,2,22.7,29.4,18-25,0.702,Hard_Braking
10590,E-Scooter,3.76,16.41,14.83,23.57,56.8,47.8,3,3.9,22.9,18-25,0.613,Hard_Braking
10591,E-Bike,8.74,32.05,16.36,20.69,44.8,16.3,2,1.5,13.4,60+,0.499,Battery_Critical
10592,E-Bike,7.68,38.78,12.24,17.04,79.3,60.9,2,40.2,19.4,18-25,0.756,Mechanical_Fault
10593,E-Scooter,0.91,5.39,18.56,22.95,89.4,78.7,2,38.5,32.8,18-25,0.77,Mechanical_Fault
10594,E-Scooter,8.44,22.94,20.81,29.74,27.0,4.9,2,2.2,25.2,46-60,0.834,Battery_Critical
10595,E-Scooter,3.71,10.94,20.09,27.23,45.7,31.6,1,97.9,36.3,,0.701,Hard_Braking
10596,E-Scooter,5.22,16.26,18.09,19.95,41.4,23.2,1,36.1,10.3,26-35,0.772,Normal
10597,E-Bike,1.28,4.08,15.58,21.31,64.2,69.8,4,15.1,32.1,26-35,0.699,Hard_Braking
10598,E-Scooter,1.38,8.62,18.68,29.7,76.6,71.4,5,0.5,25.3,26-35,0.638,Hard_Braking
10599,E-Scooter,1.48,4.89,18.33,22.57,80.2,74.3,0,24.0,16.5,36-45,0.698,Mechanical_Fault
10600,E-Scooter,3.75,12.38,16.91,18.39,99.4,94.3,0,18.2,20.7,26-35,0.824,Normal
10601,E-Bike,0.3,2.0,18.43,23.55,82.5,71.5,1,3.7,12.3,18-25,0.915,Hard_Braking
10602,E-Scooter,2.68,7.95,17.84,25.54,65.2,53.5,0,2.4,34.8,46-60,0.37,Improper_Parking
10603,E-Bike,2.78,23.61,6.13,10.0,67.0,54.1,1,36.6,17.3,36-45,0.879,Normal
10604,E-Scooter,6.71,23.33,13.96,21.42,82.7,58.4,0,26.7,10.2,26-35,0.875,Normal
10605,E-Bike,2.5,9.82,16.39,20.13,37.5,30.0,0,20.5,16.1,18-25,0.837,Normal
10606,E-Bike,10.43,62.43,10.72,15.85,86.6,60.2,2,4.7,19.1,26-35,0.824,Improper_Parking
10607,E-Bike,0.69,4.62,14.38,19.18,87.3,91.1,1,38.0,12.4,26-35,0.868,Mechanical_Fault
10608,E-Bike,1.56,2.97,14.86,18.99,47.8,40.5,1,23.7,19.9,18-25,0.851,Normal
10609,E-Scooter,7.14,27.38,16.54,21.6,22.4,0.0,0,31.7,21.1,36-45,0.929,Battery_Critical
10610,E-Bike,3.06,14.71,13.62,22.64,84.3,75.1,1,3.3,27.2,18-25,0.801,Normal
10611,E-Bike,10.48,46.76,13.32,14.92,42.2,3.7,1,13.9,30.3,18-25,0.747,Battery_Critical
10612,E-Bike,3.02,10.93,18.34,26.15,57.7,42.8,1,14.0,18.3,46-60,0.83,Normal
10613,E-Scooter,1.62,3.69,14.78,21.33,43.6,36.2,2,11.4,42.0,18-25,0.752,Normal
10614,E-Scooter,1.54,5.42,15.98,18.88,52.1,44.9,0,15.8,28.7,26-35,0.776,Normal
10615,E-Bike,2.22,6.4,19.16,23.2,30.5,23.2,0,12.1,29.9,46-60,0.8,Normal
10616,E-Scooter,0.84,5.87,16.46,22.46,90.2,85.8,0,17.8,30.2,26-35,0.643,Normal
10617,E-Bike,7.12,38.54,11.25,13.37,76.7,58.7,0,12.9,25.5,46-60,0.889,Normal
10618,E-Scooter,3.41,20.83,18.03,25.93,35.2,27.2,2,9.0,10.3,46-60,0.747,Hard_Braking
10619,E-Scooter,3.7,20.51,9.32,14.73,25.6,12.7,1,45.3,28.4,26-35,0.968,Normal
10620,E-Bike,6.37,27.51,15.84,24.18,38.6,25.0,2,21.5,22.1,26-35,0.632,Normal
10621,E-Scooter,4.92,23.51,14.75,21.26,66.0,52.0,3,23.6,9.4,46-60,0.547,Hard_Braking
10622,E-Bike,0.3,2.7,11.75,18.38,62.0,59.6,0,0.9,17.2,18-25,0.866,Normal
10623,E-Scooter,1.77,5.29,15.94,20.3,44.2,41.0,4,23.4,27.9,26-35,0.889,Hard_Braking
10624,E-Bike,5.84,23.31,15.24,19.42,62.5,38.8,0,29.1,36.6,18-25,0.92,Normal
10625,E-Scooter,1.25,2.0,18.4,26.65,80.6,80.6,3,13.3,32.2,18-25,0.974,Hard_Braking
10626,E-Bike,0.4,3.94,13.85,17.24,87.6,82.9,3,2.7,28.1,26-35,0.661,Hard_Braking
10627,E-Bike,1.19,5.84,13.42,18.12,94.1,87.9,0,32.5,15.2,26-35,0.687,Normal
10628,E-Bike,9.61,47.73,12.9,15.58,48.3,19.2,0,17.2,29.4,26-35,0.831,Normal
10629,E-Scooter,7.18,27.28,14.54,22.56,31.4,7.0,1,1.5,32.4,18-25,0.529,Battery_Critical
10630,E-Bike,0.87,2.0,18.14,19.17,46.9,42.3,1,7.4,30.9,18-25,0.796,Normal
10631,E-Scooter,1.83,4.17,16.22,22.55,20.1,14.4,3,1.8,16.3,46-60,0.545,Hard_Braking
10632,E-Scooter,6.57,19.38,16.26,19.36,37.1,17.9,2,38.0,39.5,60+,0.887,Hard_Braking
10633,E-Scooter,1.31,3.88,15.85,18.1,22.6,20.5,2,17.9,13.6,18-25,0.665,Hard_Braking
10634,E-Bike,1.22,3.69,17.2,22.63,65.4,60.1,2,50.4,30.7,36-45,0.792,Normal
10635,E-Bike,2.13,4.98,14.51,23.06,94.1,87.7,0,11.5,16.9,18-25,0.871,Normal
10636,E-Scooter,3.93,16.12,10.98,24.69,72.8,65.9,1,81.7,17.7,60+,0.704,Normal
10637,E-Scooter,6.16,44.24,8.87,19.82,69.3,43.0,0,2.4,8.8,18-25,,Battery_Critical
10638,E-Scooter,2.05,14.2,19.91,20.56,54.0,40.6,3,13.7,5.5,36-45,0.441,Hard_Braking
10639,E-Scooter,7.32,41.08,10.84,17.02,62.6,36.5,0,78.5,14.9,18-25,0.673,Normal
10640,E-Bike,2.08,14.7,10.27,13.47,87.9,74.5,3,9.5,23.5,60+,0.809,Hard_Braking
10641,E-Scooter,3.25,11.54,14.05,17.2,49.1,37.7,2,30.1,22.1,26-35,0.659,Hard_Braking
10642,E-Bike,2.84,16.1,11.1,17.91,31.4,25.2,1,5.9,28.1,18-25,0.662,Normal
10643,E-Scooter,1.36,4.55,13.86,17.35,39.6,37.1,1,9.1,13.8,36-45,0.928,Normal
10644,E-Bike,1.63,4.38,16.41,17.69,21.0,19.7,1,2.6,31.8,18-25,0.857,Normal
10645,E-Bike,2.52,6.69,16.09,21.99,53.7,49.5,1,42.2,38.7,60+,0.899,Mechanical_Fault
10646,E-Scooter,2.71,6.67,19.7,29.96,57.3,44.6,3,21.7,22.8,26-35,0.642,Hard_Braking
10647,E-Bike,1.31,8.55,13.0,13.12,32.2,25.0,2,1.6,32.0,26-35,0.789,Hard_Braking
10648,E-Bike,11.59,74.4,9.37,14.31,26.5,0.0,2,19.2,31.9,36-45,0.795,Battery_Critical
10649,E-Scooter,0.35,4.6,16.71,24.73,93.5,94.8,1,6.4,28.3,36-45,0.763,Normal
10650,E-Bike,3.21,17.58,11.68,14.17,72.1,59.0,1,7.1,27.3,18-25,0.939,Normal
10651,E-Scooter,1.73,2.0,22.95,30.65,78.0,77.2,3,65.9,15.1,18-25,0.834,Hard_Braking
10652,E-Scooter,1.15,3.95,17.86,22.06,68.7,66.1,3,14.1,15.6,60+,0.725,Hard_Braking
10653,E-Scooter,5.81,18.03,18.47,19.34,63.6,43.2,2,22.7,12.5,46-60,0.494,Hard_Braking
10654,E-Scooter,1.62,2.94,21.15,21.98,59.9,60.9,2,20.4,17.6,26-35,0.916,Normal
10655,E-Bike,10.05,37.26,15.02,21.67,37.7,10.1,6,36.6,22.0,46-60,0.724,Hard_Braking
10656,E-Scooter,0.94,5.78,12.7,16.12,53.1,49.7,1,40.2,30.5,36-45,0.978,Mechanical_Fault
10657,E-Bike,3.71,16.13,11.94,14.8,94.7,72.9,1,56.0,32.2,26-35,0.713,Mechanical_Fault
10658,E-Scooter,0.89,6.88,18.44,24.55,81.5,72.9,1,29.0,13.3,18-25,0.661,Mechanical_Fault
10659,E-Scooter,3.08,24.56,7.97,13.76,40.8,28.5,2,24.1,9.0,36-45,0.787,Normal
10660,E-Scooter,5.37,21.88,14.78,14.87,46.5,30.4,0,10.2,22.6,36-45,0.855,Normal
10661,E-Bike,6.51,43.53,8.73,13.39,70.9,47.0,4,26.9,17.9,26-35,0.876,Hard_Braking
10662,E-Scooter,0.88,2.69,16.01,26.15,30.5,29.5,1,3.3,42.0,26-35,0.863,Normal
10663,E-Bike,2.93,8.55,13.43,14.74,91.3,82.2,3,18.9,24.4,18-25,0.839,Hard_Braking
10664,E-Bike,2.01,14.23,8.72,16.0,46.1,42.5,1,5.1,10.6,18-25,0.938,Battery_Critical
10665,E-Bike,2.22,11.78,12.35,19.37,44.3,34.8,0,8.3,21.1,46-60,0.674,Normal
10666,E-Bike,1.36,9.5,11.48,22.34,71.1,68.0,0,83.3,30.9,18-25,0.828,Mechanical_Fault
10667,E-Scooter,3.3,4.15,19.51,22.0,46.8,35.6,1,51.8,21.9,26-35,0.935,Normal
10668,E-Bike,1.42,9.82,11.75,14.93,50.1,45.0,2,9.8,17.6,36-45,0.719,Hard_Braking
10669,E-Scooter,1.48,2.0,21.83,24.97,66.6,60.8,1,21.0,26.5,46-60,0.673,Hard_Braking
10670,E-Scooter,3.2,7.37,13.86,20.8,92.5,90.8,3,37.7,24.8,18-25,0.792,Normal
10671,E-Scooter,3.42,18.47,12.44,15.42,75.0,62.6,3,3.6,33.5,26-35,0.928,Normal
10672,E-Scooter,1.62,8.41,10.96,14.19,64.6,64.3,0,146.8,33.3,60+,0.823,Mechanical_Fault
10673,E-Scooter,2.04,8.58,10.93,11.87,86.1,82.1,1,8.5,12.1,36-45,0.903,Normal
10674,E-Scooter,1.11,3.49,19.12,23.92,48.2,43.2,2,27.9,8.7,60+,0.906,Normal
10675,E-Bike,5.13,19.55,14.71,18.08,23.1,13.1,3,55.3,27.8,,0.675,Hard_Braking
10676,E-Scooter,7.67,26.87,18.17,24.99,61.2,37.1,0,1.6,19.7,18-25,0.858,Normal
10677,E-Scooter,4.4,20.02,19.14,23.84,49.2,34.9,1,32.0,28.8,36-45,0.773,Normal
10678,E-Scooter,11.23,35.36,19.55,23.42,54.6,25.8,2,5.7,32.6,26-35,0.686,Normal
10679,E-Scooter,6.53,22.49,19.94,30.04,59.7,44.4,1,8.9,10.1,18-25,0.531,Normal
10680,E-Scooter,2.51,4.78,17.06,17.76,50.9,43.4,1,15.1,8.8,18-25,0.642,Hard_Braking
10681,E-Bike,8.07,37.63,12.78,17.62,80.4,55.3,2,23.2,31.9,26-35,0.795,Normal
10682,E-Scooter,2.47,9.77,15.59,17.54,68.8,61.7,1,36.4,29.9,60+,0.765,Normal
10683,E-Bike,2.12,14.26,10.57,19.2,95.5,95.8,3,18.2,39.2,26-35,0.86,Hard_Braking
10684,E-Bike,2.2,13.44,12.61,16.45,26.5,18.1,2,21.6,23.3,18-25,0.867,Mechanical_Fault
10685,E-Bike,3.91,28.64,9.24,17.58,46.7,37.6,1,19.9,21.8,60+,0.503,Battery_Critical
10686,E-Scooter,5.41,21.57,18.56,21.55,79.0,56.2,1,28.9,30.1,36-45,0.613,Normal
10687,E-Scooter,2.26,5.06,15.87,22.41,92.5,89.8,2,12.9,29.5,36-45,0.686,Hard_Braking
10688,E-Scooter,4.59,18.04,20.22,26.32,63.5,46.3,4,58.3,11.0,36-45,0.853,Hard_Braking
10689,E-Scooter,0.44,2.0,21.74,27.19,93.2,96.4,3,4.5,19.1,18-25,0.571,Hard_Braking
10690,E-Bike,6.18,23.89,11.65,13.49,24.0,12.2,2,10.5,34.4,36-45,0.895,Battery_Critical
10691,E-Bike,0.56,2.0,14.99,18.16,27.3,21.0,1,22.1,24.9,26-35,0.783,Normal
10692,E-Bike,4.56,24.22,12.09,18.4,73.8,58.6,2,3.3,33.2,26-35,0.503,Hard_Braking
10693,E-Scooter,1.11,2.0,22.27,26.24,24.2,19.2,1,11.3,25.1,46-60,0.634,Normal
10694,E-Bike,6.0,20.91,15.74,21.45,74.8,53.3,1,18.9,39.2,46-60,0.639,Normal
10695,E-Scooter,2.87,9.28,16.77,19.75,48.7,33.5,0,12.3,14.4,36-45,0.745,Hard_Braking
10696,E-Bike,2.26,9.42,14.48,22.8,35.0,24.0,0,61.8,16.6,18-25,0.874,Normal
10697,E-Bike,8.51,28.05,18.03,24.26,74.9,46.8,0,12.4,16.4,36-45,0.449,Improper_Parking
10698,E-Scooter,5.58,12.7,20.19,29.84,75.8,57.1,3,37.4,37.1,46-60,0.75,Hard_Braking
10699,E-Scooter,4.94,54.78,5.0,5.04,41.7,29.6,1,14.2,28.1,18-25,0.711,Normal
10700,E-Scooter,3.72,20.45,11.47,20.02,51.2,35.4,3,20.4,20.7,26-35,0.921,Normal
10701,E-Scooter,4.66,25.11,10.25,16.03,54.8,32.4,2,36.1,30.9,46-60,0.709,Improper_Parking
10702,E-Bike,5.9,35.98,9.16,14.14,31.0,13.2,3,12.9,42.0,36-45,0.757,Hard_Braking
10703,E-Bike,7.32,33.42,13.74,18.66,34.4,11.8,0,31.8,29.4,26-35,0.907,Normal
10704,E-Scooter,4.9,15.69,19.23,23.51,94.2,81.4,2,23.0,26.9,18-25,0.903,Mechanical_Fault
10705,E-Scooter,2.35,6.64,16.0,18.65,34.8,24.7,0,17.6,19.8,26-35,0.657,Normal
10706,E-Scooter,4.55,11.27,21.53,27.92,33.1,14.6,1,27.9,24.4,46-60,0.715,Battery_Critical
10707,E-Scooter,2.4,12.44,11.64,19.82,83.3,73.4,1,4.3,14.1,26-35,0.927,Normal
10708,E-Scooter,2.85,9.16,18.1,22.23,41.3,34.2,2,10.0,21.3,26-35,0.765,Mechanical_Fault
10709,E-Bike,8.99,40.22,15.06,20.52,63.1,31.0,2,27.1,15.2,26-35,0.69,Battery_Critical
10710,E-Scooter,3.79,18.26,16.08,19.21,86.5,75.6,1,58.6,34.7,36-45,0.978,Mechanical_Fault
10711,E-Scooter,2.45,10.15,14.0,17.47,81.3,73.1,1,54.7,34.3,18-25,0.497,Normal
10712,E-Scooter,0.93,7.53,12.22,21.17,49.9,49.3,1,38.6,22.1,36-45,0.777,Hard_Braking
10713,E-Scooter,3.22,11.16,19.87,25.62,83.8,75.4,3,5.0,15.1,36-45,0.851,Hard_Braking
10714,E-Scooter,2.35,7.91,19.2,25.0,32.3,20.1,0,3.5,14.5,36-45,0.644,Normal
10715,E-Bike,4.88,24.74,12.08,17.76,69.8,52.4,1,20.7,31.7,26-35,0.298,Improper_Parking
10716,E-Scooter,1.49,7.71,17.0,22.53,78.0,76.2,1,16.5,19.3,36-45,0.596,Normal
10717,E-Bike,2.67,17.65,10.34,21.7,56.7,50.2,0,2.7,16.4,26-35,0.799,Normal
10718,E-Scooter,4.58,22.67,11.45,22.41,68.1,52.6,1,24.0,21.7,36-45,0.676,Normal
10719,E-Bike,2.4,12.04,15.15,19.51,27.2,18.9,3,10.3,31.2,26-35,0.824,Hard_Braking
10720,E-Bike,5.1,22.53,15.48,17.65,40.5,33.0,1,18.6,7.6,26-35,0.686,Normal
10721,E-Bike,2.23,13.71,9.49,16.33,33.2,24.7,2,44.1,23.5,36-45,0.93,Hard_Braking
10722,E-Bike,1.37,6.1,14.41,17.5,80.4,67.7,1,6.9,19.6,46-60,0.963,Improper_Parking
10723,E-Scooter,6.2,22.48,16.59,20.68,40.7,19.0,2,36.7,8.0,26-35,0.858,Battery_Critical
10724,E-Scooter,1.37,10.78,11.84,19.93,54.5,49.9,1,5.4,33.6,26-35,0.779,Battery_Critical
10725,E-Bike,9.06,50.76,10.2,18.33,63.2,34.3,1,25.0,24.6,18-25,0.888,Battery_Critical
10726,E-Bike,2.02,12.25,9.33,18.81,51.0,46.9,2,21.5,32.7,60+,0.847,Mechanical_Fault
10727,E-Scooter,0.46,2.0,21.17,28.1,85.7,77.0,1,24.3,24.4,26-35,0.824,Normal
10728,E-Scooter,3.58,15.27,16.58,22.35,20.8,13.3,1,27.2,18.7,46-60,0.601,Battery_Critical
10729,E-Scooter,0.97,5.41,20.97,28.52,75.2,75.9,3,6.4,20.0,18-25,0.307,Improper_Parking
10730,E-Scooter,7.03,18.09,20.33,22.41,70.6,58.4,3,26.6,16.1,36-45,0.869,Hard_Braking
10731,E-Scooter,2.87,12.78,13.74,14.98,52.0,40.9,0,3.8,24.3,18-25,0.74,Normal
10732,E-Scooter,1.11,3.37,13.24,22.8,71.5,68.7,0,10.4,25.9,26-35,0.915,Mechanical_Fault
10733,E-Bike,3.5,12.47,20.24,28.08,20.4,16.8,1,1.6,27.7,36-45,0.901,Battery_Critical
10734,E-Scooter,5.78,21.66,18.28,24.41,27.2,11.2,2,11.0,23.8,26-35,0.958,Battery_Critical
10735,E-Scooter,1.34,3.6,17.51,29.92,96.4,94.4,2,3.1,16.7,26-35,0.966,Hard_Braking
10736,E-Scooter,1.52,2.66,13.73,15.13,30.0,29.3,2,71.7,9.6,36-45,0.486,Normal
10737,E-Scooter,2.27,8.74,15.18,18.85,58.5,44.8,3,36.6,28.3,18-25,0.705,Normal
10738,E-Scooter,4.64,13.79,15.08,18.7,49.0,34.1,1,1.6,20.2,26-35,0.935,Battery_Critical
10739,E-Scooter,2.39,12.37,16.02,27.39,54.1,55.6,1,18.4,22.0,46-60,0.938,Normal
10740,E-Bike,6.49,31.1,12.72,20.08,34.3,21.5,2,32.0,20.7,18-25,0.785,Hard_Braking
10741,E-Bike,4.11,18.72,16.42,17.63,61.1,53.1,0,56.7,32.4,18-25,0.527,Normal
10742,E-Bike,2.25,6.0,12.38,17.86,99.1,89.5,0,17.5,11.5,26-35,0.581,Normal
10743,E-Scooter,4.22,9.85,26.55,30.81,38.8,27.8,3,58.5,12.0,26-35,0.866,Hard_Braking
10744,E-Scooter,0.78,3.13,22.48,22.56,53.2,51.2,3,12.9,31.0,18-25,0.74,Hard_Braking
10745,E-Scooter,4.16,17.56,13.64,23.09,81.5,65.7,1,7.6,20.0,36-45,0.762,Normal
10746,E-Bike,3.33,10.53,13.58,14.13,36.3,30.3,1,2.1,19.2,46-60,0.621,Hard_Braking
10747,E-Bike,1.59,8.33,10.77,16.29,71.3,69.9,1,6.8,31.0,26-35,0.593,Improper_Parking
10748,E-Scooter,0.32,2.0,18.33,24.03,41.1,46.1,4,5.0,8.0,18-25,0.734,Hard_Braking
10749,E-Scooter,2.02,8.23,13.78,14.73,32.9,27.1,1,4.6,31.1,18-25,0.913,Normal
10750,E-Bike,2.42,19.03,11.45,13.98,83.9,75.4,1,9.4,14.4,18-25,0.679,Normal
10751,E-Bike,6.32,27.06,13.03,16.77,23.6,6.6,0,56.4,11.5,18-25,0.759,Battery_Critical
10752,E-Bike,0.62,2.0,12.41,17.73,92.4,88.5,2,36.2,23.9,18-25,0.823,Battery_Critical
10753,E-Scooter,4.32,14.5,19.64,26.73,40.5,28.3,1,15.8,30.2,26-35,0.88,Normal
10754,E-Bike,5.7,46.16,7.15,8.41,73.4,57.0,0,2.1,42.0,26-35,0.974,Normal
10755,E-Scooter,6.69,17.88,18.69,25.41,72.1,56.3,0,19.2,24.3,26-35,0.807,Normal
10756,E-Bike,1.9,7.71,13.07,20.6,30.7,30.0,0,12.6,36.6,26-35,0.891,Normal
10757,E-Scooter,2.06,2.0,17.74,21.9,70.0,65.3,2,2.7,23.7,26-35,0.986,Normal
10758,E-Bike,9.46,73.8,7.34,12.1,98.4,74.0,2,28.3,17.4,60+,0.745,Normal
10759,E-Scooter,2.48,9.21,15.41,24.4,38.8,29.3,1,31.5,13.7,18-25,0.711,Normal
10760,E-Scooter,4.06,6.33,25.2,28.76,33.0,23.6,1,6.4,18.4,36-45,0.839,Hard_Braking
10761,E-Bike,4.38,17.2,13.76,17.39,76.2,68.0,0,35.8,18.2,,0.404,Improper_Parking
10762,E-Bike,6.77,26.74,15.79,16.42,38.0,17.5,2,13.3,27.1,18-25,0.75,Hard_Braking
10763,E-Bike,5.44,24.19,12.87,14.43,74.1,58.4,1,0.5,23.6,26-35,0.915,Normal
10764,E-Bike,2.8,13.31,13.02,14.95,92.3,85.5,4,31.4,17.9,26-35,0.702,Hard_Braking
10765,E-Scooter,3.98,9.42,17.92,18.82,56.8,38.3,4,12.2,21.9,36-45,0.662,Hard_Braking
10766,E-Bike,3.35,12.14,14.11,17.81,43.4,34.3,3,19.3,10.0,26-35,0.927,Normal
10767,E-Scooter,4.26,16.99,18.52,19.23,50.7,45.0,2,61.2,17.1,26-35,0.797,Mechanical_Fault
10768,E-Scooter,3.7,18.74,12.94,14.21,48.6,35.9,0,10.3,32.7,26-35,0.835,Normal
10769,E-Bike,1.37,6.94,13.06,19.67,49.6,40.5,2,44.2,18.6,18-25,0.707,Mechanical_Fault
10770,E-Bike,3.92,25.93,8.99,10.72,56.6,46.5,1,22.8,36.4,36-45,0.977,Mechanical_Fault
10771,E-Scooter,7.28,11.61,22.58,26.15,66.7,43.0,1,12.4,15.3,18-25,0.713,Normal
10772,E-Scooter,4.1,20.06,11.77,14.92,25.9,10.8,1,39.6,22.4,18-25,0.72,Battery_Critical
10773,E-Scooter,7.46,28.94,15.39,16.73,23.3,9.2,0,50.3,16.0,36-45,0.644,Battery_Critical
10774,E-Scooter,4.88,28.68,10.37,20.04,78.4,56.4,2,9.3,15.1,18-25,0.789,Normal
10775,E-Scooter,1.34,2.0,19.0,25.54,91.4,83.3,3,18.1,30.1,26-35,0.718,Mechanical_Fault
10776,E-Bike,2.54,12.36,11.14,13.89,89.2,88.9,3,5.8,22.0,26-35,0.88,Hard_Braking
10777,E-Scooter,3.99,21.74,13.92,18.53,51.8,42.8,2,17.9,23.8,36-45,0.767,Hard_Braking
10778,E-Scooter,2.52,7.82,16.98,19.38,21.8,17.1,0,13.4,32.0,26-35,0.707,Normal
10779,E-Bike,1.21,4.98,16.36,21.32,68.6,62.8,1,44.0,23.7,36-45,0.963,Normal
10780,E-Scooter,2.21,8.78,23.22,26.94,71.0,61.5,1,28.5,40.3,18-25,0.82,Normal
10781,E-Scooter,8.32,28.06,17.4,24.7,24.7,1.0,2,24.1,31.8,26-35,0.924,Battery_Critical
10782,E-Scooter,2.07,2.0,20.07,23.76,89.1,83.1,2,4.1,16.4,26-35,0.744,Normal
10783,E-Bike,1.66,7.77,9.34,16.41,97.4,89.7,2,22.0,27.9,18-25,0.834,Hard_Braking
10784,E-Bike,2.05,9.06,14.55,26.27,20.5,9.9,0,27.9,27.2,36-45,0.664,Battery_Critical
10785,E-Bike,2.62,14.29,10.37,13.19,24.1,14.1,0,26.7,28.7,36-45,0.739,Normal
10786,E-Bike,6.81,28.42,14.7,19.5,41.0,22.8,3,11.2,31.6,18-25,0.794,Hard_Braking
10787,E-Bike,1.62,3.06,14.55,17.11,48.6,47.7,1,30.3,21.4,26-35,0.897,Normal
10788,E-Bike,2.4,8.52,12.37,16.11,47.2,44.2,2,41.5,16.4,18-25,0.848,Normal
10789,E-Bike,1.29,4.93,13.27,15.21,61.0,58.3,2,5.2,26.9,26-35,0.437,Hard_Braking
10790,E-Scooter,1.15,5.77,24.2,32.54,71.1,68.7,2,20.1,14.2,18-25,0.907,Normal
10791,E-Bike,3.7,11.8,14.99,20.92,52.1,35.7,1,12.6,42.0,18-25,0.844,Battery_Critical
10792,E-Bike,0.52,2.26,12.93,13.62,40.5,36.9,3,9.6,18.2,60+,0.72,Mechanical_Fault
10793,E-Bike,1.1,8.62,8.12,12.73,57.3,55.9,0,30.1,32.3,46-60,0.884,Normal
10794,E-Scooter,4.09,17.85,14.38,17.37,78.4,67.9,0,33.8,11.4,18-25,0.789,Normal
10795,E-Bike,1.58,6.79,12.51,17.3,87.6,91.7,2,17.9,35.3,26-35,0.825,Hard_Braking
10796,E-Scooter,1.04,2.63,13.0,18.74,45.8,40.5,0,68.2,17.5,26-35,0.797,Normal
10797,E-Bike,4.09,19.27,13.76,25.08,32.2,22.5,5,36.1,18.3,26-35,0.777,Hard_Braking
10798,E-Bike,4.63,21.1,9.88,19.07,59.4,45.2,0,8.9,18.2,,0.771,Normal
10799,E-Scooter,2.79,17.62,12.6,21.84,24.9,18.1,4,30.7,21.0,36-45,0.714,Hard_Braking
10800,E-Bike,1.75,5.54,11.62,17.17,32.2,26.4,1,5.9,18.6,60+,0.793,Normal
10801,E-Scooter,1.77,11.43,13.85,15.64,99.2,93.8,1,0.4,34.4,26-35,0.783,Normal
10802,E-Bike,10.07,40.17,14.41,22.18,38.4,3.9,0,28.9,25.2,26-35,0.855,Battery_Critical
10803,E-Scooter,3.62,9.11,17.1,20.14,85.1,78.9,0,34.9,34.4,18-25,0.855,Normal
10804,E-Bike,0.3,2.94,8.99,14.59,47.1,54.7,1,6.7,32.9,26-35,0.812,Normal
10805,E-Bike,3.65,21.63,14.36,22.51,26.7,7.2,3,4.9,17.9,18-25,0.557,Battery_Critical
10806,E-Scooter,8.66,41.94,14.25,22.05,38.2,12.6,1,51.9,27.0,26-35,0.337,Improper_Parking
10807,E-Scooter,0.42,3.34,26.15,34.28,64.1,71.1,0,1.5,16.8,60+,0.639,Normal
10808,E-Bike,0.75,7.64,15.58,20.32,76.9,71.8,1,33.6,18.2,46-60,0.59,Mechanical_Fault
10809,E-Scooter,0.94,5.8,20.77,24.99,99.2,100.0,0,25.2,26.6,26-35,0.792,Normal
10810,E-Scooter,4.55,21.22,13.55,18.47,43.7,29.7,1,72.2,20.3,26-35,0.838,Normal
10811,E-Scooter,8.72,29.08,19.84,28.29,96.8,68.6,0,19.7,37.8,26-35,0.63,Hard_Braking
10812,E-Bike,2.65,18.7,12.78,18.13,31.3,24.0,2,30.5,15.3,36-45,0.847,Mechanical_Fault
10813,E-Scooter,6.54,29.31,13.2,20.32,86.4,65.0,1,6.4,15.9,36-45,0.943,Improper_Parking
10814,E-Bike,2.43,8.96,12.62,19.71,53.4,53.6,1,6.5,23.4,18-25,0.702,Normal
10815,E-Scooter,1.81,5.66,15.74,22.05,53.7,47.4,4,70.0,27.6,18-25,0.566,Hard_Braking
10816,E-Scooter,14.0,42.17,20.46,24.76,81.9,36.7,1,43.0,32.7,18-25,0.848,Hard_Braking
10817,E-Bike,6.28,34.18,11.58,17.58,57.7,42.1,2,7.5,16.2,46-60,0.845,Normal
10818,E-Scooter,1.57,2.0,18.14,21.91,39.3,33.8,3,20.8,25.9,18-25,0.897,Hard_Braking
10819,E-Scooter,3.1,12.48,16.1,19.87,27.1,24.1,1,43.5,22.3,36-45,0.977,Mechanical_Fault
10820,E-Bike,10.62,54.41,11.28,16.97,39.8,6.6,3,6.1,14.8,26-35,0.911,Battery_Critical
10821,E-Scooter,9.29,22.76,22.51,27.01,68.4,37.7,1,2.1,12.8,18-25,0.763,Normal
10822,E-Scooter,5.02,20.0,22.18,34.3,57.7,40.9,2,55.7,34.7,18-25,0.729,Hard_Braking
10823,E-Bike,7.64,29.88,12.71,18.12,32.8,10.0,0,0.0,30.3,18-25,0.697,Battery_Critical
10824,E-Scooter,2.34,10.11,22.43,31.0,37.9,30.8,2,3.3,31.2,36-45,0.841,Normal
10825,E-Scooter,3.5,12.09,20.66,23.42,46.2,39.3,2,10.2,24.2,26-35,0.775,Normal
10826,E-Scooter,2.44,13.17,15.59,23.19,36.4,30.7,2,16.3,17.5,26-35,0.763,Normal
10827,E-Scooter,2.55,6.03,19.15,22.17,26.4,15.6,2,27.9,10.1,26-35,0.764,Battery_Critical
10828,E-Scooter,1.05,7.99,11.14,21.67,49.4,47.5,1,36.0,21.2,26-35,0.482,Normal
10829,E-Bike,2.36,17.92,10.71,20.53,55.8,45.6,0,43.6,18.5,26-35,0.765,Mechanical_Fault
10830,E-Scooter,2.61,11.14,15.71,21.19,49.7,43.3,1,35.1,25.1,18-25,0.631,Normal
10831,E-Scooter,0.71,2.0,17.51,20.72,82.1,73.2,1,27.6,15.7,36-45,0.691,Normal
10832,E-Bike,0.86,6.11,7.45,9.92,46.2,44.5,0,38.5,22.9,26-35,0.719,Normal
10833,E-Bike,4.75,13.6,13.79,20.47,86.4,72.2,4,60.7,34.0,26-35,0.87,Hard_Braking
10834,E-Scooter,1.56,2.18,19.81,21.1,48.7,44.8,1,3.4,20.6,18-25,0.602,Normal
10835,E-Bike,1.78,6.63,9.57,12.79,70.0,66.5,2,49.2,18.6,36-45,0.719,Mechanical_Fault
10836,E-Scooter,3.24,19.41,12.56,15.9,70.6,55.7,3,4.8,28.7,36-45,0.612,Hard_Braking
10837,E-Scooter,1.66,2.0,15.58,24.37,41.2,31.3,0,41.8,35.2,36-45,0.789,Normal
10838,E-Scooter,1.04,6.15,13.88,15.93,23.3,19.7,3,25.7,24.3,18-25,0.893,Hard_Braking
10839,E-Scooter,1.78,11.04,13.46,15.65,39.3,26.8,0,2.5,27.4,36-45,0.828,Normal
10840,E-Bike,0.88,11.63,16.43,22.14,47.7,47.6,1,3.7,17.5,26-35,0.883,Normal
10841,E-Scooter,6.76,18.32,20.91,28.84,33.0,22.2,4,12.3,19.9,46-60,0.638,Hard_Braking
10842,E-Scooter,4.08,12.52,17.29,22.85,66.0,54.5,1,12.1,29.8,18-25,0.927,Normal
10843,E-Scooter,2.66,14.25,14.65,20.71,83.0,78.2,1,32.7,30.5,18-25,0.863,Normal
10844,E-Bike,1.36,8.27,16.48,23.16,25.7,18.2,1,30.3,22.3,36-45,0.965,Normal
10845,E-Scooter,1.43,2.8,19.61,19.82,91.1,88.1,3,4.3,29.4,36-45,0.898,Hard_Braking
10846,E-Bike,2.2,10.31,10.42,13.75,76.9,70.5,0,13.0,34.9,36-45,0.751,Normal
10847,E-Bike,2.3,7.54,15.68,18.41,85.5,75.3,2,14.5,25.8,26-35,0.933,Hard_Braking
10848,E-Scooter,0.39,2.0,17.94,29.5,58.5,62.2,1,5.4,27.3,36-45,0.717,Normal
10849,E-Bike,1.31,3.46,18.69,22.33,66.5,56.4,1,20.5,8.5,26-35,,Normal
10850,E-Scooter,2.78,18.08,11.65,16.96,92.0,81.9,0,16.0,35.5,26-35,0.657,Normal
10851,E-Scooter,0.97,2.33,14.44,23.55,73.2,78.1,1,4.7,36.8,26-35,0.913,Normal
10852,E-Scooter,1.99,6.96,21.23,25.49,67.3,53.3,1,66.3,26.4,18-25,0.892,Normal
10853,E-Scooter,3.14,9.5,22.51,27.85,98.1,94.1,1,0.7,14.8,46-60,0.616,Normal
10854,E-Scooter,3.09,18.63,11.77,15.88,46.9,33.8,3,2.2,27.3,26-35,0.528,Hard_Braking
10855,E-Scooter,2.8,2.88,25.03,28.65,68.8,53.7,0,8.6,15.6,18-25,0.947,Normal
10856,E-Scooter,4.98,26.57,12.18,21.86,69.8,53.0,1,18.1,33.9,18-25,0.706,Normal
10857,E-Scooter,3.08,6.26,20.23,27.33,31.4,26.9,1,31.8,22.6,26-35,0.837,Improper_Parking
10858,E-Bike,2.84,19.11,9.1,13.05,84.5,72.2,1,31.3,14.4,46-60,0.64,Normal
10859,E-Scooter,7.29,24.61,16.17,18.88,48.2,18.3,3,28.9,27.8,26-35,0.889,Hard_Braking
10860,E-Scooter,2.2,9.09,12.05,17.91,31.8,28.2,0,0.2,31.3,36-45,0.84,Normal
10861,E-Scooter,2.34,4.87,21.13,22.94,75.0,73.0,1,2.9,35.0,26-35,0.601,Normal
10862,E-Bike,3.16,16.2,11.65,12.97,61.8,47.9,1,14.4,17.2,18-25,0.773,Hard_Braking
10863,E-Scooter,2.81,17.4,10.85,16.54,41.5,23.5,1,31.9,26.6,26-35,0.832,Normal
10864,E-Scooter,2.47,14.12,19.02,24.87,20.7,22.8,1,30.6,28.6,26-35,0.753,Normal
10865,E-Scooter,4.66,12.42,25.32,31.83,84.5,74.6,1,6.2,9.8,36-45,0.765,Normal
10866,E-Bike,7.31,31.38,13.53,16.43,95.2,72.6,1,31.5,35.1,26-35,0.908,Mechanical_Fault
10867,E-Bike,1.85,11.67,12.16,13.53,31.1,23.8,2,46.2,30.8,26-35,0.704,Hard_Braking
10868,E-Scooter,3.82,19.68,11.74,13.54,63.8,49.1,2,4.8,16.1,36-45,0.813,Improper_Parking
10869,E-Scooter,5.13,12.58,19.01,28.3,30.1,22.6,3,19.4,22.0,26-35,0.533,Hard_Braking
10870,E-Bike,3.34,20.7,11.47,17.61,66.8,58.3,1,6.2,20.8,26-35,0.687,Normal
10871,E-Scooter,2.03,2.07,23.8,27.53,27.9,20.2,0,34.2,20.7,26-35,0.897,Normal
10872,E-Scooter,3.72,12.58,20.88,28.52,52.9,40.5,0,7.9,19.1,18-25,0.94,Normal
10873,E-Bike,3.81,14.92,17.47,23.74,47.7,35.7,4,6.3,34.5,18-25,0.857,Hard_Braking
10874,E-Bike,2.3,20.22,8.91,14.51,29.5,20.8,1,0.2,16.3,26-35,0.709,Normal
10875,E-Scooter,2.68,5.36,19.06,25.28,60.3,55.9,6,63.9,36.1,26-35,0.585,Hard_Braking
10876,E-Scooter,6.2,19.71,19.36,30.69,94.1,74.5,1,10.7,25.4,46-60,0.522,Normal
10877,E-Scooter,2.31,2.09,24.53,29.02,31.9,21.2,3,6.6,15.2,18-25,0.809,Hard_Braking
10878,E-Scooter,4.9,23.35,11.57,15.77,74.2,62.5,0,4.4,34.3,18-25,0.687,Normal
10879,E-Scooter,4.81,21.0,13.27,21.98,95.4,82.3,1,17.5,25.5,26-35,0.851,Normal
10880,E-Scooter,3.02,6.43,19.39,26.26,39.4,27.1,2,9.5,19.9,26-35,0.982,Hard_Braking
10881,E-Scooter,3.01,10.32,21.02,29.53,39.6,21.8,1,3.4,30.3,36-45,0.614,Normal
10882,E-Bike,1.47,2.49,17.82,24.2,27.3,27.7,3,67.3,19.9,26-35,0.816,Mechanical_Fault
10883,E-Scooter,1.81,4.13,18.81,23.35,96.3,90.0,1,2.7,34.4,36-45,0.48,Normal
10884,E-Bike,1.72,2.0,16.15,19.94,79.7,70.4,2,33.9,26.3,26-35,0.892,Normal
10885,E-Scooter,3.52,14.08,14.05,18.96,91.6,83.1,2,16.4,9.9,46-60,0.914,Mechanical_Fault
10886,E-Scooter,1.42,6.02,17.09,17.36,88.9,82.1,1,29.0,32.8,60+,0.979,Normal
10887,E-Bike,0.3,3.99,13.8,20.54,23.3,22.1,2,29.7,16.9,26-35,0.954,Normal
10888,E-Bike,4.97,19.34,13.17,17.92,91.8,71.5,1,4.1,32.2,18-25,0.977,Normal
10889,E-Scooter,5.35,10.47,22.57,30.96,42.8,22.0,1,51.2,12.2,26-35,0.641,Mechanical_Fault
10890,E-Scooter,6.1,25.64,11.66,17.4,62.4,44.8,1,6.8,21.4,26-35,0.753,Normal
10891,E-Scooter,1.2,13.35,5.0,8.9,88.4,86.0,1,4.9,20.8,26-35,0.654,Normal
10892,E-Scooter,1.22,3.22,18.97,20.45,77.1,76.1,0,59.9,23.1,18-25,0.718,Normal
10893,E-Bike,4.22,19.38,14.87,26.25,22.0,6.9,1,60.9,7.9,26-35,0.696,Battery_Critical
10894,E-Scooter,11.43,36.5,18.57,21.2,70.0,34.1,4,8.4,29.2,26-35,0.733,Hard_Braking
10895,E-Scooter,0.84,2.0,14.0,17.84,22.3,18.6,0,43.2,23.0,36-45,0.717,Normal
10896,E-Scooter,4.66,15.44,20.17,25.34,39.9,30.4,0,9.6,17.6,18-25,0.746,Normal
10897,E-Bike,5.28,20.0,14.95,18.25,40.4,31.8,2,93.0,24.7,60+,0.649,Mechanical_Fault
10898,E-Bike,4.7,14.12,14.86,24.02,48.4,32.1,1,2.4,13.7,46-60,0.803,Normal
10899,E-Scooter,1.41,5.24,15.69,16.98,82.9,82.7,0,6.8,30.1,46-60,0.487,Normal
10900,E-Scooter,1.25,5.63,15.27,15.7,62.0,58.2,1,1.6,30.6,46-60,0.543,Improper_Parking
10901,E-Scooter,1.17,4.32,11.12,16.22,89.7,84.2,0,7.7,21.7,26-35,0.918,Normal
10902,E-Bike,0.7,8.49,14.37,24.33,93.0,94.2,2,26.6,30.1,46-60,0.827,Normal
10903,E-Bike,1.9,6.23,16.52,20.51,41.8,35.3,1,14.3,25.7,18-25,0.741,Normal
10904,E-Scooter,0.63,4.76,18.59,24.66,26.9,27.0,0,70.7,23.4,26-35,0.487,Normal
10905,E-Bike,2.51,10.78,10.64,18.23,93.9,84.7,0,78.0,19.0,18-25,0.823,Normal
10906,E-Bike,4.46,20.98,13.47,14.25,39.0,15.3,2,16.7,25.4,18-25,0.764,Normal
10907,E-Bike,1.35,2.0,14.54,20.51,52.1,49.6,1,7.1,23.2,46-60,0.665,Normal
10908,E-Scooter,2.45,11.63,14.88,23.04,25.8,18.4,2,20.8,24.0,36-45,0.843,Normal
10909,E-Scooter,2.49,5.93,12.82,19.18,63.2,61.8,3,20.1,16.9,26-35,0.416,Improper_Parking
10910,E-Scooter,2.1,5.71,14.47,19.48,73.6,70.8,2,51.0,21.5,26-35,0.856,Normal
10911,E-Scooter,1.5,5.78,16.9,17.74,81.5,79.0,1,80.1,21.2,26-35,0.713,Normal
10912,E-Bike,5.2,21.47,13.82,17.72,60.9,46.3,0,27.3,20.9,46-60,0.864,Normal
10913,E-Scooter,2.3,7.8,19.15,24.1,22.4,15.7,2,8.4,31.4,26-35,0.825,Hard_Braking
10914,E-Scooter,1.37,9.33,15.37,19.76,35.4,26.4,3,21.6,28.6,36-45,0.797,Normal
10915,E-Bike,0.84,4.55,14.51,23.24,78.3,79.3,2,23.9,27.1,36-45,0.984,Mechanical_Fault
10916,E-Bike,0.98,3.95,15.68,26.12,86.2,91.3,1,20.6,35.7,18-25,0.86,Normal
10917,E-Scooter,1.5,6.08,19.7,27.53,60.1,49.3,0,15.5,23.9,36-45,0.51,Normal
10918,E-Scooter,0.61,4.1,11.85,13.7,99.5,91.5,1,29.3,30.9,36-45,0.866,Normal
10919,E-Scooter,1.59,4.91,13.46,20.05,85.4,86.1,0,13.1,35.3,18-25,0.624,Normal
10920,E-Scooter,1.73,10.25,14.1,22.25,31.5,27.5,1,5.1,33.9,18-25,0.838,Normal
10921,E-Scooter,2.45,7.96,15.62,17.46,38.8,38.1,0,10.5,22.4,18-25,0.872,Normal
10922,E-Scooter,5.18,17.05,19.73,21.01,68.0,53.1,2,18.8,8.8,18-25,0.839,Battery_Critical
10923,E-Scooter,6.11,17.9,20.95,26.22,77.2,63.1,2,33.3,15.0,26-35,0.441,Mechanical_Fault
10924,E-Bike,5.98,22.23,15.45,22.92,35.8,13.9,4,7.2,25.9,36-45,0.516,Battery_Critical
10925,E-Bike,5.31,15.11,19.9,27.85,80.1,69.1,0,2.7,24.6,26-35,0.726,Normal
10926,E-Bike,0.35,5.01,7.16,7.46,84.7,82.6,1,2.6,38.2,26-35,0.695,Normal
10927,E-Scooter,2.47,9.96,22.92,25.71,33.3,26.9,2,33.6,24.4,36-45,0.81,Hard_Braking
10928,E-Bike,6.1,24.39,13.67,15.75,85.5,63.6,5,5.1,32.0,60+,0.556,Hard_Braking
10929,E-Scooter,5.28,16.46,19.44,26.59,24.2,6.6,1,30.3,23.2,36-45,0.742,Battery_Critical
10930,E-Scooter,2.28,9.8,22.58,29.43,48.9,44.0,0,6.2,31.8,26-35,0.757,Normal
10931,E-Bike,1.21,9.55,11.52,11.53,56.3,58.2,2,14.7,31.8,,0.827,Normal
10932,E-Scooter,2.22,10.28,17.84,18.24,56.0,51.1,1,8.8,24.3,18-25,0.833,Normal
10933,E-Bike,4.32,12.09,19.2,31.61,22.6,10.0,2,6.6,22.9,60+,0.655,Battery_Critical
10934,E-Bike,1.33,9.04,9.44,15.18,79.4,79.3,2,21.5,24.0,18-25,0.69,Mechanical_Fault
10935,E-Scooter,3.74,10.88,16.44,16.44,98.4,85.6,2,47.2,23.8,18-25,0.807,Normal
10936,E-Scooter,2.73,13.35,14.93,19.3,29.0,26.6,1,16.3,12.7,46-60,0.71,Normal
10937,E-Scooter,3.36,9.68,17.4,25.35,27.2,14.2,1,45.9,15.5,26-35,0.856,Battery_Critical
10938,E-Scooter,1.5,6.8,15.08,18.71,94.2,92.0,0,9.6,30.3,36-45,0.901,Normal
10939,E-Bike,5.91,19.44,17.93,23.04,77.0,59.1,1,0.8,21.8,26-35,0.723,Hard_Braking
10940,E-Scooter,9.83,60.72,9.82,15.85,48.9,20.5,2,1.3,29.3,26-35,0.957,Mechanical_Fault
10941,E-Bike,0.69,2.0,11.9,18.64,71.7,66.7,0,38.7,25.5,46-60,0.727,Normal
10942,E-Bike,3.98,26.49,9.98,19.8,95.2,92.2,3,3.2,29.2,26-35,0.684,Hard_Braking
10943,E-Bike,2.44,11.22,11.2,16.65,69.6,58.8,0,10.4,20.8,36-45,0.834,Normal
10944,E-Scooter,5.41,26.41,15.23,22.43,84.4,66.4,2,2.2,37.8,18-25,0.787,Normal
10945,E-Scooter,0.52,2.0,15.68,23.76,91.0,93.7,3,17.2,23.3,18-25,0.826,Hard_Braking
10946,E-Bike,1.7,3.12,13.67,16.61,32.7,28.5,0,18.8,17.0,18-25,0.536,Normal
10947,E-Scooter,1.36,3.07,14.91,19.4,85.5,90.7,0,36.2,22.9,26-35,0.503,Mechanical_Fault
10948,E-Scooter,5.69,16.7,22.34,28.26,61.8,46.9,2,26.0,12.7,36-45,0.638,Hard_Braking
10949,E-Bike,2.56,18.1,11.43,12.89,25.9,16.6,1,33.7,37.2,36-45,0.862,Battery_Critical
10950,E-Scooter,4.89,17.87,23.67,24.12,97.9,90.9,0,48.7,39.3,36-45,0.805,Normal
10951,E-Scooter,0.71,2.0,20.13,29.2,59.9,64.3,1,49.4,23.0,18-25,0.758,Hard_Braking
10952,E-Bike,4.17,31.06,7.68,8.21,48.0,38.5,2,41.7,14.8,18-25,0.77,Hard_Braking
10953,E-Scooter,2.74,12.63,19.87,29.74,42.7,37.8,3,3.6,19.1,18-25,0.433,Hard_Braking
10954,E-Scooter,11.37,29.62,19.53,20.58,35.1,4.0,2,17.9,23.6,46-60,0.874,Battery_Critical
10955,E-Scooter,2.89,7.27,19.89,22.95,90.7,84.6,1,7.7,25.2,18-25,0.278,Improper_Parking
10956,E-Scooter,2.52,7.59,23.63,35.73,32.1,30.4,1,10.5,10.5,18-25,0.903,Hard_Braking
10957,E-Bike,5.16,20.99,15.71,21.16,26.4,6.2,3,10.7,24.0,46-60,0.39,Improper_Parking
10958,E-Scooter,1.74,5.49,16.46,25.46,58.9,60.7,1,2.0,23.0,26-35,0.872,Hard_Braking
10959,E-Bike,1.76,9.68,9.83,19.99,60.2,56.3,1,6.3,35.7,26-35,0.77,Normal
10960,E-Bike,1.47,5.76,16.54,20.49,34.2,30.6,1,76.7,20.7,18-25,,Mechanical_Fault
10961,E-Bike,0.98,2.74,11.99,19.18,97.6,100.0,1,3.2,21.1,46-60,0.859,Normal
10962,E-Scooter,1.66,6.79,21.21,27.49,23.1,20.8,1,3.5,27.7,18-25,0.98,Normal
10963,E-Scooter,1.86,11.04,20.04,28.71,39.9,34.4,0,0.0,18.8,26-35,0.864,Normal
10964,E-Bike,4.9,20.87,12.36,18.28,43.4,21.9,1,5.9,32.9,46-60,0.812,Improper_Parking
10965,E-Bike,3.34,19.59,12.12,17.03,75.7,67.2,2,7.4,17.6,26-35,0.813,Normal
10966,E-Bike,1.74,8.81,14.02,21.27,54.9,47.5,1,15.8,23.9,60+,0.899,Battery_Critical
10967,E-Scooter,1.82,6.01,16.34,24.41,34.5,30.5,0,114.7,33.2,26-35,0.777,Mechanical_Fault
10968,E-Scooter,3.06,26.22,7.65,10.39,99.2,93.8,3,31.9,26.2,26-35,0.716,Hard_Braking
10969,E-Scooter,1.84,6.59,16.95,22.4,56.1,51.3,0,51.4,29.3,26-35,0.836,Normal
10970,E-Scooter,1.94,13.06,10.77,13.4,80.3,73.7,0,13.0,26.5,36-45,0.793,Normal
10971,E-Scooter,5.57,24.07,15.26,20.94,85.4,67.2,1,58.2,24.2,26-35,0.672,Normal
10972,E-Scooter,4.53,15.03,19.16,21.79,40.8,23.3,0,7.2,30.9,18-25,0.885,Normal
10973,E-Scooter,7.14,18.3,23.12,25.34,84.2,63.4,2,17.4,18.9,60+,0.742,Normal
10974,E-Scooter,3.63,10.89,16.51,22.74,67.6,54.2,3,1.7,17.9,18-25,0.827,Hard_Braking
10975,E-Bike,5.26,21.8,16.39,20.27,84.9,72.0,1,3.3,39.1,46-60,0.725,Hard_Braking
10976,E-Scooter,3.18,4.99,19.09,20.55,47.4,42.5,0,18.8,11.1,18-25,0.826,Normal
10977,E-Bike,0.73,2.0,15.25,16.94,82.6,84.8,2,81.7,12.3,26-35,0.758,Normal
10978,E-Scooter,6.02,13.82,22.95,33.96,56.6,32.7,1,4.4,25.0,36-45,0.759,Normal
10979,E-Bike,1.95,11.26,13.54,16.47,89.1,84.7,1,26.2,13.9,18-25,0.75,Normal
10980,E-Scooter,1.9,4.83,21.5,25.98,27.3,29.9,0,7.4,30.5,18-25,0.839,Normal
10981,E-Scooter,2.72,8.72,16.2,20.2,47.0,32.6,1,38.3,36.6,60+,0.89,Normal
10982,E-Scooter,1.88,10.82,10.68,18.06,44.4,42.3,1,50.1,14.5,26-35,0.621,Normal
10983,E-Scooter,2.43,13.66,18.64,21.74,84.6,79.3,1,4.5,18.4,18-25,0.476,Improper_Parking
10984,E-Bike,1.63,9.86,10.76,13.02,92.9,88.1,4,9.4,27.1,26-35,0.692,Hard_Braking
10985,E-Bike,4.84,20.71,11.75,14.94,53.1,37.8,3,1.2,18.7,36-45,0.495,Battery_Critical
10986,E-Bike,3.02,11.16,13.64,19.37,38.2,32.3,0,13.4,29.7,18-25,0.862,Normal
10987,E-Scooter,0.43,2.0,25.1,25.96,63.6,65.9,1,3.4,24.8,26-35,0.828,Normal
10988,E-Scooter,1.18,7.02,18.96,21.6,71.9,68.7,2,24.1,15.0,60+,0.837,Hard_Braking
10989,E-Scooter,3.62,15.68,16.78,21.49,24.9,12.4,4,14.6,32.5,18-25,0.528,Hard_Braking
10990,E-Bike,3.27,11.14,18.18,20.15,24.3,19.5,2,0.7,21.8,18-25,0.862,Normal
10991,E-Bike,5.01,33.17,9.78,14.15,28.7,15.3,1,11.8,6.0,18-25,0.817,Normal
10992,E-Scooter,4.61,16.86,15.07,22.8,91.1,75.3,0,2.4,26.0,18-25,0.34,Improper_Parking
10993,E-Scooter,4.15,16.99,16.11,24.74,52.2,43.8,0,31.2,15.0,26-35,0.929,Normal
10994,E-Bike,1.97,7.62,15.58,21.02,41.2,37.1,0,1.5,15.7,36-45,0.785,Normal
10995,E-Scooter,1.87,9.76,12.82,18.47,56.6,50.9,2,24.4,31.9,60+,0.792,Battery_Critical
10996,E-Scooter,0.73,5.26,13.95,19.34,86.6,81.3,2,13.2,19.3,18-25,0.872,Normal
10997,E-Scooter,3.69,13.38,16.24,23.94,23.4,12.4,1,9.8,26.0,46-60,0.683,Battery_Critical
10998,E-Bike,14.0,69.2,12.52,18.36,59.7,17.4,1,55.3,13.1,26-35,0.916,Mechanical_Fault
10999,E-Bike,2.29,12.13,15.23,16.56,81.0,72.8,2,4.5,24.7,26-35,0.658,Battery_Critical
11000,E-Bike,3.68,15.57,15.27,23.73,24.6,13.7,1,22.8,20.4,46-60,0.911,Normal
11001,E-Scooter,3.55,5.9,21.56,25.55,71.5,59.9,4,35.9,17.4,60+,0.794,Hard_Braking
11002,E-Bike,1.03,4.85,15.89,22.9,35.8,30.2,2,14.5,34.6,46-60,0.863,Hard_Braking
11003,E-Bike,1.18,2.57,13.95,17.61,87.3,79.3,0,38.9,16.0,26-35,0.86,Normal
11004,E-Bike,1.19,2.0,15.22,21.65,97.2,95.1,1,12.4,15.0,18-25,0.939,Hard_Braking
11005,E-Scooter,4.67,19.23,13.97,18.86,78.7,64.1,3,14.0,13.0,18-25,0.871,Hard_Braking
11006,E-Scooter,1.24,10.86,11.92,19.1,92.5,90.4,4,13.3,21.5,26-35,0.886,Hard_Braking
11007,E-Bike,1.66,7.42,15.68,19.77,58.5,59.8,0,4.7,25.1,26-35,0.687,Normal
11008,E-Scooter,2.23,11.75,12.76,16.04,64.4,62.4,2,57.9,7.6,36-45,0.937,Normal
11009,E-Scooter,4.63,15.48,18.66,20.61,29.5,22.8,1,26.8,25.3,36-45,0.63,Normal
11010,E-Scooter,1.3,2.0,20.74,27.01,46.1,45.7,4,1.9,17.1,18-25,0.795,Battery_Critical
11011,E-Scooter,2.56,10.12,14.56,21.86,62.5,55.7,5,6.9,28.4,18-25,0.631,Hard_Braking
11012,E-Scooter,1.52,13.51,7.74,13.67,28.9,28.6,1,60.4,10.8,18-25,0.91,Mechanical_Fault
11013,E-Scooter,0.55,2.0,15.38,19.47,68.2,63.8,0,5.3,23.6,18-25,,Normal
11014,E-Scooter,2.52,11.63,18.97,26.75,79.7,68.5,1,4.8,28.6,18-25,0.79,Normal
11015,E-Scooter,3.28,14.13,15.47,25.7,40.9,23.6,2,5.4,23.6,36-45,0.561,Normal
11016,E-Scooter,3.07,5.67,21.3,24.03,77.8,64.8,0,10.4,17.8,26-35,0.836,Normal
11017,E-Bike,1.65,9.83,9.8,17.51,47.4,35.2,0,0.4,28.4,60+,0.901,Normal
11018,E-Scooter,5.8,27.71,12.34,18.26,34.0,20.0,1,51.1,32.2,26-35,0.619,Normal
11019,E-Bike,9.6,40.94,13.85,14.86,92.6,65.3,2,6.5,16.0,46-60,0.622,Normal
11020,E-Scooter,4.86,20.64,16.18,18.88,39.6,25.6,0,12.6,21.4,26-35,0.897,Normal
11021,E-Bike,11.43,38.55,18.61,30.04,23.2,0.0,1,6.9,37.2,46-60,0.506,Battery_Critical
11022,E-Bike,3.31,15.73,12.7,19.88,90.8,85.5,0,14.3,16.3,46-60,0.74,Normal
11023,E-Bike,1.45,10.22,19.7,26.29,40.4,30.4,0,65.8,28.3,60+,0.561,Normal
11024,E-Bike,1.0,5.17,11.84,18.18,22.3,18.7,2,86.2,25.6,26-35,0.466,Hard_Braking
11025,E-Scooter,2.1,8.14,16.39,18.23,61.9,56.7,1,5.1,21.7,26-35,0.945,Normal
11026,E-Scooter,3.81,12.89,19.48,26.66,23.6,6.5,1,25.2,32.6,18-25,0.785,Battery_Critical
11027,E-Bike,1.83,9.72,10.4,15.81,79.3,68.8,2,13.1,22.6,26-35,0.843,Hard_Braking
11028,E-Scooter,4.51,16.47,16.85,31.27,86.7,73.0,3,20.6,30.0,46-60,0.922,Hard_Braking
11029,E-Bike,2.38,10.74,10.45,17.9,77.6,75.8,2,1.1,16.4,18-25,0.774,Normal
11030,E-Bike,3.49,17.75,13.32,16.05,83.9,78.6,0,4.5,26.4,18-25,0.641,Normal
11031,E-Bike,5.7,22.83,16.33,16.88,76.3,55.4,2,31.0,28.2,36-45,0.845,Normal
11032,E-Bike,7.52,33.99,12.69,19.47,54.4,28.9,2,11.5,23.9,26-35,0.582,Battery_Critical
11033,E-Scooter,4.77,15.59,21.82,28.38,78.6,61.8,1,18.9,25.8,18-25,0.796,Normal
11034,E-Scooter,2.76,14.26,19.25,26.57,69.8,57.6,0,1.4,14.4,60+,0.822,Normal
11035,E-Scooter,1.47,7.59,20.35,23.38,36.2,38.5,2,148.5,17.7,,0.957,Mechanical_Fault
11036,E-Bike,4.82,16.28,15.52,21.1,40.9,29.4,1,1.4,11.9,60+,0.647,Improper_Parking
11037,E-Bike,6.11,31.09,13.78,16.87,85.3,65.1,0,3.5,38.9,18-25,0.738,Normal
11038,E-Scooter,6.9,19.02,19.37,27.61,30.8,7.1,2,3.6,28.6,36-45,0.78,Battery_Critical
11039,E-Scooter,1.53,6.68,9.44,11.89,66.2,66.1,1,28.1,24.0,18-25,0.589,Mechanical_Fault
11040,E-Scooter,1.41,10.13,16.3,16.56,76.0,65.5,3,12.6,29.6,18-25,0.717,Hard_Braking
11041,E-Scooter,3.52,11.7,17.29,23.07,31.8,15.7,1,12.1,20.5,46-60,0.793,Hard_Braking
11042,E-Scooter,1.52,9.15,6.27,12.12,68.5,58.6,1,32.5,26.5,26-35,0.751,Normal
11043,E-Scooter,0.3,2.0,21.78,31.24,25.5,25.8,3,3.6,21.8,18-25,0.675,Hard_Braking
11044,E-Scooter,7.05,22.89,17.52,26.75,33.9,14.1,0,26.2,22.2,18-25,0.789,Battery_Critical
11045,E-Bike,3.36,11.19,19.92,23.58,91.2,80.5,1,23.1,22.6,26-35,0.835,Hard_Braking
11046,E-Scooter,1.2,2.0,21.05,21.44,90.4,87.7,0,2.9,27.3,36-45,0.748,Normal
11047,E-Bike,2.61,15.93,12.87,18.15,40.6,32.4,0,27.8,18.1,36-45,0.954,Normal
11048,E-Scooter,4.19,22.39,13.09,17.14,29.6,11.9,1,17.3,26.9,18-25,0.848,Battery_Critical
11049,E-Bike,4.45,18.74,16.16,22.88,88.4,76.1,2,0.9,12.6,26-35,0.867,Hard_Braking
11050,E-Bike,10.63,51.42,12.53,15.06,53.4,16.0,3,121.6,14.0,36-45,0.742,Mechanical_Fault
11051,E-Scooter,1.49,2.0,16.64,20.62,95.9,93.7,2,0.7,14.9,18-25,0.929,Battery_Critical
11052,E-Bike,4.4,18.46,19.46,23.84,98.4,80.4,1,14.2,27.0,18-25,0.575,Improper_Parking
11053,E-Scooter,0.53,7.19,16.29,17.76,81.1,75.0,1,30.3,19.2,18-25,0.551,Normal
11054,E-Scooter,10.02,39.87,14.82,20.57,68.1,34.1,3,23.6,26.8,46-60,0.712,Hard_Braking
11055,E-Scooter,4.55,18.1,14.14,20.2,24.2,0.0,0,6.2,25.3,26-35,0.733,Battery_Critical
11056,E-Scooter,10.39,35.27,18.35,25.53,77.9,52.2,2,16.6,27.1,18-25,0.616,Normal
11057,E-Bike,10.85,61.72,11.1,14.53,79.7,42.7,0,32.0,30.1,18-25,0.707,Mechanical_Fault
11058,E-Scooter,0.8,2.03,12.78,17.36,92.3,88.6,3,11.9,23.3,26-35,0.864,Hard_Braking
11059,E-Scooter,2.33,6.87,20.54,22.27,89.2,82.3,3,13.8,39.4,18-25,0.842,Hard_Braking
11060,E-Scooter,4.5,13.17,15.09,15.27,80.8,64.2,0,19.6,6.9,46-60,0.854,Normal
11061,E-Scooter,2.06,5.4,14.69,24.57,80.4,73.7,0,12.2,30.5,36-45,0.808,Normal
11062,E-Bike,0.38,8.13,18.76,29.84,27.6,24.8,0,15.1,35.3,60+,0.68,Normal
11063,E-Bike,1.9,7.03,11.7,13.88,43.3,45.4,2,2.7,30.3,18-25,0.788,Hard_Braking
11064,E-Bike,2.66,7.8,17.06,22.15,36.4,26.6,1,0.6,30.3,60+,0.596,Normal
11065,E-Scooter,1.67,3.27,21.79,27.78,72.6,68.9,2,45.4,15.8,26-35,0.61,Mechanical_Fault
11066,E-Bike,2.74,24.05,6.07,10.74,79.0,65.0,0,7.6,25.4,26-35,0.743,Normal
11067,E-Bike,2.05,10.29,14.78,22.49,94.7,90.9,2,16.7,22.5,36-45,0.945,Normal
11068,E-Bike,4.76,27.5,11.14,14.79,65.0,52.9,1,14.6,42.0,26-35,0.55,Normal
11069,E-Scooter,4.5,3.34,27.26,28.05,46.2,36.4,1,6.0,36.4,46-60,0.62,Normal
11070,E-Scooter,5.27,13.2,16.79,24.43,87.8,61.4,0,9.2,19.9,60+,0.652,Normal
11071,E-Bike,1.95,6.9,18.21,22.26,66.0,59.9,1,16.9,18.7,18-25,0.792,Normal
11072,E-Scooter,4.08,16.47,15.6,17.46,85.2,73.8,2,58.1,28.8,36-45,0.809,Mechanical_Fault
11073,E-Scooter,2.5,7.18,17.73,19.98,92.3,85.0,2,3.6,26.1,26-35,0.636,Improper_Parking
11074,E-Bike,1.44,12.41,9.06,13.38,83.9,76.3,1,12.8,19.6,46-60,0.764,Normal
11075,E-Scooter,4.72,23.6,12.59,19.55,47.2,36.4,4,80.4,17.0,60+,0.587,Hard_Braking
11076,E-Scooter,2.46,10.89,11.73,20.47,74.9,67.1,2,3.3,28.4,26-35,0.796,Normal
11077,E-Scooter,4.99,9.15,20.51,27.96,42.7,36.6,3,34.3,20.9,26-35,0.785,Hard_Braking
11078,E-Scooter,3.85,14.73,14.92,19.21,28.2,14.7,1,33.3,23.8,26-35,0.508,Normal
11079,E-Scooter,3.78,10.73,18.3,24.71,80.3,74.6,1,15.9,28.1,60+,0.721,Normal
11080,E-Scooter,3.18,9.53,20.5,24.95,36.2,31.4,0,35.3,28.9,36-45,0.846,Normal
11081,E-Bike,4.95,16.57,13.68,15.72,64.2,46.7,0,14.9,14.9,26-35,0.479,Battery_Critical
11082,E-Scooter,0.63,3.18,22.76,26.11,42.2,37.6,3,32.4,23.0,36-45,0.894,Hard_Braking
11083,E-Scooter,0.69,4.6,14.09,18.53,81.7,77.9,1,16.1,22.8,18-25,0.832,Normal
11084,E-Scooter,0.43,3.35,14.61,16.67,32.9,30.5,4,8.5,30.7,46-60,0.809,Hard_Braking
11085,E-Scooter,1.84,6.15,11.66,21.04,22.5,9.1,2,58.7,15.4,18-25,0.841,Battery_Critical
11086,E-Bike,7.39,43.7,9.97,17.45,84.6,55.9,2,64.1,25.3,36-45,0.764,Mechanical_Fault
11087,E-Scooter,3.29,18.38,12.55,16.69,28.9,20.7,3,76.7,20.9,18-25,0.524,Mechanical_Fault
11088,E-Bike,4.31,25.7,11.31,13.01,85.7,72.8,1,5.7,23.6,18-25,0.812,Normal
11089,E-Bike,1.02,7.0,10.23,15.16,37.9,39.8,1,6.4,36.6,18-25,0.558,Normal
11090,E-Bike,2.77,13.25,12.61,17.4,76.0,66.2,1,16.4,14.6,26-35,0.844,Normal
11091,E-Scooter,2.14,10.34,19.71,24.41,32.4,26.3,2,7.3,19.6,36-45,0.591,Normal
11092,E-Bike,3.9,14.4,15.74,25.37,55.5,43.4,2,3.2,27.5,18-25,0.855,Mechanical_Fault
11093,E-Scooter,2.15,11.42,15.24,19.57,87.0,84.0,2,5.5,18.9,46-60,0.779,Normal
11094,E-Bike,1.77,8.94,12.47,13.89,70.5,61.6,2,16.6,25.4,46-60,0.775,Hard_Braking
11095,E-Bike,3.9,17.52,12.56,18.08,62.5,46.5,2,6.9,18.3,18-25,0.865,Normal
11096,E-Scooter,1.91,6.9,25.03,34.08,76.9,67.6,1,26.5,25.2,26-35,0.977,Normal
11097,E-Scooter,8.06,28.0,17.23,19.08,39.8,9.0,3,21.6,39.8,18-25,0.797,Battery_Critical
11098,E-Scooter,1.91,6.78,17.9,23.73,89.2,81.4,0,43.1,22.2,36-45,0.788,Normal
11099,E-Scooter,3.66,15.96,15.67,22.49,93.1,88.2,2,22.1,20.3,18-25,0.875,Normal
11100,E-Bike,0.77,2.0,12.22,20.27,89.2,95.3,4,0.8,18.5,18-25,0.417,Improper_Parking
11101,E-Bike,1.25,6.42,13.78,25.38,98.6,95.5,2,0.1,15.7,46-60,0.664,Hard_Braking
11102,E-Scooter,2.86,5.92,16.38,23.37,86.7,81.8,1,3.4,19.2,26-35,0.806,Improper_Parking
11103,E-Bike,6.42,30.62,14.18,26.91,80.0,57.5,2,1.7,25.7,18-25,0.781,Hard_Braking
11104,E-Bike,0.33,4.69,11.97,15.03,42.0,36.8,1,0.6,31.2,26-35,0.968,Normal
11105,E-Bike,3.22,16.59,11.59,20.46,94.7,81.9,2,8.1,13.1,36-45,0.965,Hard_Braking
11106,E-Scooter,7.07,40.79,10.55,12.55,83.3,53.8,2,7.1,30.8,26-35,0.882,Hard_Braking
11107,E-Bike,1.81,6.97,11.58,19.35,45.8,45.3,0,12.4,17.9,36-45,0.758,Normal
11108,E-Scooter,0.94,2.0,20.54,26.67,96.1,86.9,0,5.1,11.0,18-25,0.73,Normal
11109,E-Scooter,1.42,2.34,17.84,28.03,34.3,25.3,2,1.0,26.9,26-35,0.782,Hard_Braking
11110,E-Bike,0.98,7.93,10.9,21.7,55.2,49.9,1,22.9,26.2,26-35,0.704,Mechanical_Fault
11111,E-Scooter,5.42,41.41,8.15,12.8,97.1,78.2,0,47.9,13.2,26-35,0.747,Normal
11112,E-Bike,0.38,2.0,10.0,14.42,51.2,53.7,1,17.1,20.2,36-45,0.715,Normal
11113,E-Bike,4.06,16.45,17.0,23.24,60.8,54.0,1,67.7,31.9,26-35,0.966,Mechanical_Fault
11114,E-Scooter,0.3,2.0,19.46,30.7,46.2,45.3,0,35.4,26.4,18-25,0.754,Normal
11115,E-Scooter,8.65,33.82,15.4,18.12,23.8,0.1,1,9.3,16.1,18-25,0.705,Battery_Critical
11116,E-Bike,0.3,6.27,11.68,14.63,40.7,35.4,0,38.1,15.5,26-35,0.966,Normal
11117,E-Bike,0.69,4.78,14.3,19.63,84.5,86.7,0,14.2,25.3,46-60,0.907,Normal
11118,E-Bike,2.65,8.38,14.59,21.83,80.9,73.6,1,22.2,24.0,26-35,0.812,Mechanical_Fault
11119,E-Scooter,5.36,19.0,13.92,22.03,69.7,55.7,1,58.5,13.7,18-25,0.639,Hard_Braking
11120,E-Scooter,4.0,12.37,21.18,26.14,94.1,86.6,0,4.8,29.3,36-45,0.825,Normal
11121,E-Scooter,2.33,4.26,18.0,24.16,36.8,29.6,3,24.7,23.6,36-45,0.747,Hard_Braking
11122,E-Scooter,2.17,3.74,17.46,19.11,38.9,28.2,1,20.1,27.9,36-45,0.855,Normal
11123,E-Scooter,7.84,57.64,7.74,19.06,63.3,37.7,1,7.0,29.0,18-25,0.818,Battery_Critical
11124,E-Scooter,2.15,13.29,8.8,8.95,31.4,18.4,2,12.1,13.1,26-35,0.446,Battery_Critical
11125,E-Bike,3.8,19.42,14.05,19.97,23.5,18.4,2,13.9,20.1,46-60,0.969,Hard_Braking
11126,E-Bike,2.88,14.12,14.0,18.97,22.8,10.2,0,34.6,8.1,18-25,0.491,Battery_Critical
11127,E-Scooter,1.52,3.69,19.61,23.71,36.6,41.9,0,10.9,27.1,46-60,0.911,Normal
11128,E-Scooter,2.25,8.49,9.77,15.67,77.0,68.1,2,7.6,21.7,36-45,0.805,Hard_Braking
11129,E-Scooter,1.0,2.0,18.03,19.07,88.8,80.2,0,34.2,35.6,26-35,0.563,Normal
11130,E-Scooter,4.35,9.09,18.06,21.47,47.8,35.2,0,15.5,10.0,46-60,0.728,Normal
11131,E-Scooter,2.86,7.53,12.99,21.4,80.9,69.4,1,22.5,29.6,46-60,0.646,Battery_Critical
11132,E-Bike,2.94,8.84,11.82,79.42,62.8,55.2,1,8.0,18.4,26-35,,Normal
11133,E-Scooter,1.76,3.06,19.0,22.93,87.2,81.3,1,26.4,24.0,26-35,0.789,Normal
11134,E-Scooter,1.18,10.67,14.33,20.33,41.5,36.0,0,3.9,9.3,26-35,0.813,Normal
11135,E-Bike,2.65,13.14,17.14,23.01,40.0,29.8,0,15.7,25.4,26-35,0.731,Normal
11136,E-Bike,1.25,6.43,14.67,20.88,79.2,73.4,2,0.2,26.6,36-45,0.794,Hard_Braking
11137,E-Scooter,6.26,28.53,12.62,15.99,53.8,42.2,1,40.0,25.5,46-60,0.856,Normal
11138,E-Scooter,7.85,28.46,19.37,20.82,65.2,35.9,4,97.2,17.5,46-60,0.96,Hard_Braking
11139,E-Bike,0.78,2.0,15.85,25.38,52.7,48.5,3,45.5,26.3,18-25,0.844,Hard_Braking
11140,E-Scooter,3.99,8.3,25.08,32.48,31.7,25.6,0,22.5,16.8,26-35,0.792,Hard_Braking
11141,E-Bike,4.12,23.8,11.28,14.98,34.1,21.1,2,66.4,21.6,26-35,0.607,Hard_Braking
11142,E-Scooter,0.61,2.0,20.56,22.97,29.1,24.3,3,32.5,19.4,18-25,0.965,Hard_Braking
11143,E-Bike,5.73,21.82,14.52,20.57,77.4,65.5,0,160.0,38.1,26-35,0.932,Mechanical_Fault
11144,E-Scooter,2.62,3.56,22.6,28.43,71.4,59.5,2,11.0,17.0,26-35,0.802,Hard_Braking
11145,E-Scooter,14.0,56.8,14.54,21.08,85.4,44.9,0,21.1,38.7,18-25,0.939,Improper_Parking
11146,E-Bike,2.4,9.85,16.85,22.13,94.4,88.1,1,15.1,30.1,26-35,0.654,Normal
11147,E-Bike,5.97,19.36,16.14,22.84,53.2,34.8,1,12.7,22.3,18-25,0.771,Normal
11148,E-Scooter,1.41,3.7,15.14,18.36,76.7,68.9,2,40.2,27.7,18-25,0.783,Hard_Braking
11149,E-Scooter,2.68,7.65,17.3,19.56,61.2,58.7,3,15.0,19.0,36-45,0.87,Hard_Braking
11150,E-Scooter,3.32,15.19,18.65,25.77,65.4,55.2,1,2.6,-0.3,26-35,0.931,Battery_Critical
11151,E-Scooter,5.27,18.3,22.31,31.43,79.8,66.8,2,11.3,22.7,26-35,0.862,Hard_Braking
11152,E-Scooter,9.96,34.63,15.47,25.76,54.0,21.0,1,19.6,20.9,18-25,0.755,Normal
11153,E-Bike,4.59,25.72,9.19,17.42,39.1,24.7,2,2.2,13.6,26-35,0.607,Hard_Braking
11154,E-Scooter,1.71,7.1,19.81,21.75,97.1,91.8,2,23.5,33.1,26-35,0.585,Normal
11155,E-Bike,3.18,18.32,11.96,19.72,33.9,23.4,3,20.7,9.0,18-25,0.617,Hard_Braking
11156,E-Bike,1.77,8.31,15.65,18.13,43.0,44.3,1,4.3,30.2,18-25,0.751,Normal
11157,E-Scooter,1.53,6.73,16.48,17.87,47.7,44.7,0,6.2,18.3,26-35,0.493,Normal
11158,E-Bike,0.54,2.0,10.42,14.31,42.3,41.9,0,20.3,30.9,18-25,0.416,Improper_Parking
11159,E-Bike,3.46,18.31,12.39,14.51,58.0,47.1,2,35.9,27.7,18-25,0.84,Mechanical_Fault
11160,E-Scooter,3.91,24.03,13.53,19.08,59.4,45.3,1,66.2,32.3,46-60,0.849,Normal
11161,E-Bike,1.59,16.76,10.42,16.28,67.2,65.3,2,20.0,26.0,36-45,0.9,Normal
11162,E-Bike,8.31,34.72,13.34,20.34,71.8,39.5,3,0.6,20.8,36-45,0.855,Hard_Braking
11163,E-Bike,5.08,24.22,12.51,13.98,53.1,46.1,1,2.6,31.0,18-25,0.946,Normal
11164,E-Scooter,2.85,9.32,20.93,26.68,83.6,73.8,1,9.9,12.8,18-25,0.728,Normal
11165,E-Scooter,1.2,3.52,11.58,14.43,43.1,40.0,2,48.4,6.4,36-45,0.573,Mechanical_Fault
11166,E-Scooter,4.68,14.59,21.9,25.55,96.6,85.0,1,15.4,23.3,26-35,,Improper_Parking
11167,E-Bike,3.69,11.18,14.42,20.05,49.1,40.7,1,53.5,23.1,26-35,0.808,Normal
11168,E-Bike,3.17,16.5,16.19,22.69,89.5,74.4,0,12.9,26.1,46-60,0.741,Normal
11169,E-Scooter,6.38,19.33,16.59,23.07,86.4,71.8,0,63.1,35.5,18-25,0.621,Normal
11170,E-Scooter,2.98,12.03,15.48,22.01,90.1,76.2,0,10.1,22.0,36-45,0.673,Normal
11171,E-Scooter,7.17,23.58,18.16,22.22,45.9,20.4,0,6.0,14.9,36-45,0.967,Normal
11172,E-Bike,4.81,39.27,7.54,12.94,35.2,17.6,0,2.7,27.3,36-45,0.852,Improper_Parking
11173,E-Scooter,4.57,18.63,15.12,17.9,36.8,30.2,2,15.1,12.5,26-35,0.797,Battery_Critical
11174,E-Bike,5.17,28.14,10.67,15.78,90.7,77.1,0,37.2,42.0,36-45,0.95,Improper_Parking
11175,E-Scooter,3.73,12.31,15.71,21.19,52.0,40.3,1,10.0,38.9,26-35,0.741,Normal
11176,E-Bike,3.66,15.26,18.8,28.53,53.5,39.5,1,24.8,21.7,36-45,0.775,Normal
11177,E-Bike,0.72,5.21,12.55,16.42,98.5,91.9,0,23.8,25.6,18-25,0.597,Normal
11178,E-Scooter,1.12,9.96,19.32,21.09,90.5,84.7,1,66.3,24.4,26-35,0.776,Mechanical_Fault
11179,E-Scooter,5.57,28.21,12.19,16.43,23.9,11.0,2,25.9,21.3,18-25,0.37,Improper_Parking
11180,E-Scooter,5.35,15.99,23.77,31.99,50.7,34.6,0,1.1,34.5,36-45,0.562,Normal
11181,E-Bike,5.17,34.32,9.4,14.68,70.0,55.1,0,8.9,25.9,60+,0.795,Normal
11182,E-Scooter,1.59,2.0,21.49,29.22,39.0,35.7,0,8.9,8.4,46-60,0.904,Normal
11183,E-Bike,3.67,16.94,11.24,18.28,70.2,59.3,0,3.2,7.9,60+,0.517,Normal
11184,E-Bike,1.28,7.28,13.45,14.78,88.1,85.9,1,75.6,22.9,46-60,0.645,Mechanical_Fault
11185,E-Scooter,2.11,6.29,20.16,24.46,25.3,24.2,1,44.5,21.3,36-45,0.405,Improper_Parking
11186,E-Scooter,2.99,10.48,16.89,24.07,59.1,48.1,1,33.5,16.0,26-35,0.679,Normal
11187,E-Scooter,13.98,46.18,20.6,25.03,31.9,0.0,0,15.9,31.4,18-25,0.98,Battery_Critical
11188,E-Scooter,3.47,9.87,14.42,21.33,88.8,75.3,1,21.5,29.9,36-45,0.706,Normal
11189,E-Scooter,3.44,11.47,19.56,20.1,43.0,31.1,2,0.4,24.1,60+,0.668,Normal
11190,E-Scooter,5.71,22.08,15.44,21.93,31.5,15.6,2,6.2,22.5,36-45,0.474,Battery_Critical
11191,E-Scooter,4.55,16.89,11.76,16.33,44.8,28.4,0,20.0,21.7,46-60,0.724,Normal
11192,E-Bike,3.26,15.62,11.21,12.37,98.0,88.9,1,9.1,24.1,36-45,0.897,Normal
11193,E-Scooter,3.15,18.95,12.94,16.29,31.2,25.2,2,1.0,21.6,46-60,0.839,Hard_Braking
11194,E-Scooter,3.97,15.78,15.73,15.89,76.4,69.0,1,20.6,12.7,18-25,0.965,Mechanical_Fault
11195,E-Scooter,4.18,22.19,13.28,17.32,62.1,49.2,3,70.7,21.3,18-25,0.746,Hard_Braking
11196,E-Bike,7.19,39.94,10.44,18.72,54.2,31.1,2,8.7,22.5,26-35,0.842,Hard_Braking
11197,E-Scooter,3.18,13.65,17.0,17.51,61.5,58.3,1,1.2,26.5,18-25,0.703,Normal
11198,E-Scooter,2.41,10.02,13.57,17.83,47.8,33.3,2,1.4,22.0,18-25,0.625,Normal
11199,E-Scooter,4.73,5.62,20.12,26.47,53.9,36.1,2,16.9,14.6,18-25,0.608,Hard_Braking
11200,E-Bike,4.7,25.27,9.6,14.95,40.0,29.7,0,2.7,29.3,18-25,0.786,Normal
11201,E-Bike,4.96,18.07,15.27,17.72,97.9,80.1,4,2.3,11.3,36-45,0.84,Hard_Braking
11202,E-Scooter,0.9,2.0,8.52,15.15,63.7,60.0,0,3.8,16.8,60+,0.477,Normal
11203,E-Bike,1.82,2.0,14.89,16.37,44.3,42.3,1,69.7,20.4,18-25,0.918,Normal
11204,E-Scooter,1.15,4.64,15.15,20.4,39.7,38.9,1,9.5,28.0,26-35,0.43,Improper_Parking
11205,E-Scooter,1.53,3.07,20.37,23.57,98.3,100.0,0,95.3,22.4,36-45,0.812,Mechanical_Fault
11206,E-Scooter,1.13,7.53,19.58,25.91,76.2,81.7,2,4.7,29.1,36-45,0.821,Hard_Braking
11207,E-Scooter,3.02,9.65,17.27,28.06,73.5,62.6,1,2.1,21.0,18-25,0.762,Normal
11208,E-Scooter,2.3,9.95,19.44,24.15,20.7,15.0,0,0.1,11.0,18-25,0.695,Hard_Braking
11209,E-Scooter,1.26,9.39,18.11,19.21,91.3,88.6,2,7.9,28.5,36-45,0.909,Normal
11210,E-Bike,4.15,13.25,12.92,19.54,29.5,18.6,0,16.0,11.5,36-45,0.964,Mechanical_Fault
11211,E-Scooter,5.77,30.71,14.53,20.6,46.8,26.6,1,3.0,16.7,18-25,0.989,Hard_Braking
11212,E-Scooter,0.67,2.89,16.25,21.04,60.8,62.7,1,8.9,15.2,18-25,0.877,Normal
11213,E-Scooter,0.94,7.08,8.3,15.94,78.9,80.8,3,4.2,27.0,18-25,0.712,Hard_Braking
11214,E-Bike,2.11,13.4,13.4,13.73,77.8,74.3,1,0.8,12.9,36-45,0.793,Normal
11215,E-Scooter,2.52,12.28,9.91,16.31,75.0,71.4,0,3.5,23.9,60+,0.861,Normal
11216,E-Scooter,1.46,3.77,22.37,25.9,58.5,54.5,1,2.1,13.3,18-25,0.904,Normal
11217,E-Bike,4.49,14.78,19.08,25.7,51.6,46.1,0,3.0,19.6,26-35,0.881,Normal
11218,E-Bike,1.47,8.21,13.44,17.47,88.5,82.7,0,15.9,33.9,18-25,0.904,Normal
11219,E-Bike,1.09,6.26,12.37,17.63,45.7,43.4,1,3.1,26.9,60+,0.93,Normal
11220,E-Bike,0.72,4.35,12.11,15.08,39.9,41.2,3,13.6,18.1,26-35,0.912,Hard_Braking
11221,E-Scooter,0.87,2.0,12.92,16.85,38.3,26.9,1,24.2,25.0,18-25,0.722,Normal
11222,E-Scooter,5.46,16.61,17.51,19.3,55.9,42.5,3,50.4,34.3,26-35,0.692,Hard_Braking
11223,E-Scooter,1.83,2.0,20.33,25.22,81.1,78.0,1,33.5,23.2,36-45,0.99,Normal
11224,E-Bike,1.71,6.45,15.27,26.56,61.0,58.0,2,70.7,14.9,18-25,0.638,Hard_Braking
11225,E-Bike,0.71,11.7,13.9,18.77,33.3,34.6,0,30.4,15.0,46-60,0.584,Improper_Parking
11226,E-Scooter,1.77,5.3,20.18,21.63,90.5,83.8,1,23.8,16.8,18-25,0.633,Normal
11227,E-Scooter,1.02,4.33,15.37,21.82,58.6,49.1,1,0.7,37.7,36-45,0.599,Hard_Braking
11228,E-Bike,1.79,7.42,12.94,16.11,97.6,95.0,2,6.6,29.8,36-45,0.609,Improper_Parking
11229,E-Scooter,2.47,7.86,16.21,21.31,75.2,64.4,2,75.8,23.5,36-45,0.861,Mechanical_Fault
11230,E-Bike,3.06,26.25,6.72,8.52,29.1,17.3,2,0.9,31.2,36-45,0.602,Battery_Critical
11231,E-Scooter,2.54,4.97,18.94,19.4,59.4,58.0,3,23.8,16.2,18-25,0.934,Hard_Braking
11232,E-Bike,3.2,13.23,13.47,22.04,69.9,61.8,3,0.2,32.1,26-35,0.669,Normal
11233,E-Bike,3.88,15.07,14.5,22.23,27.4,15.1,0,2.8,29.2,18-25,0.604,Battery_Critical
11234,E-Bike,3.08,11.25,17.64,24.45,50.5,46.4,2,37.0,30.2,36-45,0.612,Hard_Braking
11235,E-Scooter,1.44,11.19,17.22,21.06,82.3,78.8,4,5.1,18.7,46-60,0.661,Hard_Braking
11236,E-Bike,7.72,31.24,14.49,15.35,55.8,30.6,0,29.4,36.5,18-25,0.555,Normal
11237,E-Bike,7.07,36.07,11.63,16.59,77.5,61.7,3,58.5,25.4,36-45,0.896,Hard_Braking
11238,E-Scooter,1.57,11.86,12.38,17.46,20.6,16.1,2,34.5,21.6,18-25,0.945,Mechanical_Fault
11239,E-Bike,0.87,2.0,13.85,22.05,88.6,85.5,0,14.2,20.0,18-25,0.871,Normal
11240,E-Scooter,3.61,15.67,16.31,17.85,85.7,70.5,2,51.4,25.4,26-35,0.771,Normal
11241,E-Bike,1.51,11.7,12.28,18.72,55.9,48.6,1,32.4,32.3,26-35,0.52,Battery_Critical
11242,E-Scooter,2.99,12.56,12.63,17.97,44.3,35.6,2,25.7,16.9,36-45,0.715,Normal
11243,E-Scooter,0.3,3.53,19.1,20.98,68.3,69.8,2,7.5,24.7,26-35,0.454,Hard_Braking
11244,E-Scooter,1.02,2.11,12.96,23.34,63.4,65.2,1,46.4,15.4,18-25,0.84,Normal
11245,E-Scooter,4.11,16.27,17.4,24.12,68.0,62.4,1,32.4,27.9,26-35,0.69,Hard_Braking
11246,E-Bike,0.73,2.0,14.28,17.43,34.5,27.9,0,32.7,20.6,18-25,0.66,Normal
11247,E-Scooter,8.64,30.11,18.41,23.9,49.0,28.3,1,4.5,20.1,18-25,0.591,Hard_Braking
11248,E-Scooter,5.92,23.94,14.83,18.96,39.6,22.2,0,6.0,27.8,46-60,0.921,Normal
11249,E-Scooter,1.5,2.0,19.85,26.47,20.7,20.3,0,15.4,21.4,26-35,0.712,Normal
11250,E-Scooter,3.99,17.96,12.38,24.23,21.1,12.0,2,7.5,25.9,18-25,0.359,Improper_Parking
11251,E-Bike,5.07,14.83,16.27,20.13,51.4,40.7,1,11.7,36.7,26-35,0.696,Normal
11252,E-Scooter,3.55,17.56,12.96,18.06,93.0,81.1,1,10.7,20.5,36-45,0.763,Normal
11253,E-Scooter,1.46,6.84,14.46,15.86,69.4,64.9,1,14.6,32.2,36-45,0.699,Normal
11254,E-Bike,3.16,18.17,13.82,16.16,44.1,41.5,1,4.7,22.3,60+,0.563,Normal
11255,E-Bike,7.06,19.66,19.74,25.25,42.2,24.6,1,18.5,31.1,36-45,0.472,Battery_Critical
11256,E-Bike,5.25,37.09,8.28,15.58,51.2,33.8,1,52.0,22.1,18-25,0.692,Normal
11257,E-Scooter,6.44,17.55,23.15,26.05,57.9,37.3,0,58.7,18.9,46-60,0.932,Mechanical_Fault
11258,E-Bike,2.52,11.98,18.89,26.77,99.5,91.3,1,20.9,24.3,46-60,0.966,Mechanical_Fault
11259,E-Bike,2.72,28.4,5.05,7.73,89.8,78.1,2,24.4,15.1,26-35,0.851,Normal
11260,E-Bike,2.78,11.38,12.89,15.42,51.7,39.7,1,1.2,16.1,18-25,0.799,Normal
11261,E-Scooter,0.97,2.0,12.34,12.37,67.9,61.8,0,53.4,26.4,36-45,0.837,Mechanical_Fault
11262,E-Bike,1.49,2.0,13.16,17.96,50.4,45.3,3,52.1,17.0,36-45,0.876,Hard_Braking
11263,E-Scooter,2.73,9.58,17.12,26.55,73.6,66.9,1,21.6,36.5,36-45,0.936,Normal
11264,E-Scooter,3.52,14.33,15.35,23.1,52.9,46.3,2,11.3,24.5,18-25,0.826,Normal
11265,E-Bike,2.89,21.5,8.44,19.27,73.6,65.3,3,22.5,32.0,18-25,0.947,Hard_Braking
11266,E-Scooter,3.51,9.36,20.19,24.13,71.5,60.1,1,33.3,11.7,46-60,0.709,Mechanical_Fault
11267,E-Bike,3.11,15.68,12.33,17.4,24.6,18.6,1,13.1,25.6,36-45,0.79,Normal
11268,E-Scooter,3.38,18.11,12.6,15.46,75.1,63.6,3,8.2,25.3,46-60,0.901,Normal
11269,E-Scooter,7.24,30.0,16.28,23.1,67.7,47.0,1,6.3,23.7,46-60,0.869,Battery_Critical
11270,E-Bike,1.8,2.05,16.37,21.02,34.3,30.5,1,8.1,12.2,26-35,0.786,Normal
11271,E-Scooter,5.77,20.21,16.84,27.13,65.3,51.1,1,8.8,22.6,36-45,0.915,Normal
11272,E-Bike,3.82,12.05,15.31,17.34,89.1,75.2,2,0.6,31.6,36-45,0.911,Hard_Braking
11273,E-Bike,0.84,3.29,9.51,18.49,42.9,35.0,0,24.2,20.8,26-35,0.91,Normal
11274,E-Scooter,1.22,5.8,20.76,32.08,71.1,70.2,1,13.4,29.0,26-35,0.542,Hard_Braking
11275,E-Scooter,1.01,2.0,27.2,37.88,96.2,90.4,0,12.0,18.1,18-25,0.706,Normal
11276,E-Bike,1.16,2.04,16.45,20.57,29.7,25.3,1,37.3,24.3,26-35,0.903,Normal
11277,E-Bike,11.32,57.67,12.58,20.89,70.2,36.7,3,21.6,34.6,46-60,0.873,Hard_Braking
11278,E-Bike,3.9,18.13,17.63,22.74,69.6,58.7,0,29.6,24.0,26-35,0.646,Normal
11279,E-Bike,4.68,17.78,16.96,27.29,68.6,51.2,0,27.4,27.8,18-25,0.714,Normal
11280,E-Scooter,1.36,6.39,24.78,27.63,77.9,69.4,2,16.3,30.5,26-35,0.669,Improper_Parking
11281,E-Scooter,3.03,10.86,26.99,30.97,94.4,91.5,1,2.1,28.2,18-25,0.651,Normal
11282,E-Scooter,8.12,32.83,17.75,22.45,43.1,17.6,4,4.9,35.2,26-35,0.809,Hard_Braking
11283,E-Bike,3.03,14.27,11.21,17.98,50.9,36.3,0,2.2,20.5,18-25,0.729,Normal
11284,E-Scooter,3.84,13.86,18.66,22.59,58.4,51.2,1,46.0,7.0,,0.841,Normal
11285,E-Scooter,2.05,4.21,15.11,18.98,50.3,46.0,0,47.3,32.1,18-25,0.9,Normal
11286,E-Scooter,1.98,2.0,14.86,17.08,83.0,75.8,0,23.8,25.6,18-25,0.6,Normal
11287,E-Bike,1.84,10.9,11.3,16.88,77.1,70.2,1,18.1,15.0,26-35,0.933,Normal
11288,E-Scooter,4.27,14.95,16.91,23.24,96.7,82.1,1,1.6,17.7,18-25,0.654,Normal
11289,E-Bike,4.0,24.3,13.36,21.6,50.4,39.5,1,1.2,30.8,46-60,0.731,Improper_Parking
11290,E-Bike,3.17,12.08,16.93,23.24,50.2,33.2,3,3.8,28.0,26-35,0.908,Hard_Braking
11291,E-Scooter,0.46,2.14,8.13,9.4,43.8,44.0,0,17.9,17.2,26-35,0.71,Normal
11292,E-Bike,3.56,13.6,16.17,20.96,65.2,57.0,1,2.0,30.0,18-25,0.603,Normal
11293,E-Scooter,0.62,8.17,7.66,18.77,34.4,42.5,3,10.7,29.8,18-25,0.734,Hard_Braking
11294,E-Scooter,0.85,2.0,17.82,20.77,35.4,30.3,1,14.4,21.2,26-35,0.647,Normal
11295,E-Bike,3.12,20.23,8.98,13.55,31.3,20.7,1,6.5,29.9,18-25,0.735,Normal
11296,E-Bike,1.49,7.63,11.57,15.81,95.0,85.2,2,4.0,23.5,36-45,0.67,Normal
11297,E-Bike,2.96,23.24,7.49,14.32,71.8,59.5,2,15.3,29.4,46-60,0.843,Hard_Braking
11298,E-Scooter,4.32,16.43,17.09,22.86,39.4,32.8,2,9.7,2.0,26-35,0.85,Hard_Braking
11299,E-Scooter,6.24,21.23,19.64,23.65,71.7,56.7,0,39.3,36.6,18-25,0.515,Mechanical_Fault
11300,E-Bike,3.05,12.09,17.1,23.97,23.3,14.3,1,4.5,18.2,18-25,0.569,Battery_Critical
11301,E-Scooter,7.61,25.02,18.45,21.32,20.8,5.8,1,13.4,27.6,18-25,0.56,Battery_Critical
11302,E-Bike,2.18,7.99,12.87,17.66,29.3,32.3,1,17.3,28.0,36-45,0.799,Normal
11303,E-Bike,5.81,32.92,11.23,15.52,52.4,32.8,1,39.9,23.9,60+,0.754,Improper_Parking
11304,E-Bike,1.56,5.39,15.6,21.78,27.8,16.8,1,64.7,16.2,18-25,0.657,Normal
11305,E-Bike,9.2,47.61,12.6,14.57,80.6,57.3,0,21.5,22.4,26-35,0.863,Normal
11306,E-Scooter,1.7,5.1,17.51,20.72,41.7,31.8,2,39.1,25.3,26-35,0.793,Hard_Braking
11307,E-Scooter,1.64,12.18,17.76,24.57,40.0,34.7,3,40.1,30.5,46-60,0.81,Hard_Braking
11308,E-Scooter,1.06,2.65,18.05,26.36,37.2,37.6,1,15.2,31.4,36-45,0.609,Normal
11309,E-Scooter,3.63,14.29,14.28,14.56,75.6,59.7,0,14.9,23.3,18-25,0.697,Normal
11310,E-Scooter,0.38,3.04,19.91,22.73,36.8,35.7,3,48.0,9.7,18-25,0.866,Hard_Braking
11311,E-Scooter,1.04,2.0,18.07,26.6,32.1,32.4,0,41.6,33.5,18-25,0.899,Normal
11312,E-Scooter,1.38,8.44,18.82,27.41,96.1,92.3,3,34.5,22.7,36-45,0.857,Hard_Braking
11313,E-Scooter,2.45,5.08,21.14,28.45,92.8,85.5,1,2.7,26.0,18-25,0.788,Normal
11314,E-Bike,5.77,22.46,13.4,16.01,34.7,12.9,2,12.8,23.3,26-35,0.691,Battery_Critical
11315,E-Scooter,4.29,11.85,19.46,25.56,93.9,82.4,1,25.3,24.8,18-25,0.947,Mechanical_Fault
11316,E-Bike,1.7,3.98,16.64,18.01,36.0,35.0,3,1.5,30.1,26-35,0.912,Hard_Braking
11317,E-Scooter,4.08,13.91,15.63,23.23,85.7,78.0,0,22.6,25.6,26-35,0.933,Normal
11318,E-Scooter,3.35,10.6,24.92,28.78,47.9,43.4,3,1.3,16.8,36-45,0.758,Improper_Parking
11319,E-Bike,4.76,20.75,13.59,20.65,68.2,47.9,2,21.0,20.2,18-25,0.909,Normal
11320,E-Bike,4.59,16.94,13.64,16.13,93.9,85.8,1,62.9,1.1,18-25,0.762,Normal
11321,E-Bike,4.43,19.23,13.51,18.4,66.7,56.7,0,19.9,19.4,18-25,0.848,Normal
11322,E-Scooter,2.9,3.03,24.39,31.56,31.0,19.2,1,29.7,19.8,26-35,0.532,Battery_Critical
11323,E-Bike,1.54,5.59,11.62,14.55,88.8,81.0,0,0.2,16.4,26-35,0.744,Mechanical_Fault
11324,E-Scooter,1.1,3.19,18.54,28.37,38.6,35.7,0,26.8,22.9,36-45,0.81,Normal
11325,E-Bike,2.74,20.23,13.43,21.47,99.4,86.2,1,8.7,21.2,18-25,0.812,Normal
11326,E-Bike,9.34,36.67,14.32,17.91,93.5,65.7,3,17.1,20.2,46-60,0.876,Hard_Braking
11327,E-Bike,2.14,6.4,12.91,18.99,25.7,20.9,1,72.2,20.1,26-35,0.833,Normal
11328,E-Scooter,6.71,36.53,12.32,19.65,68.8,50.6,1,77.2,28.3,26-35,0.467,Mechanical_Fault
11329,E-Scooter,3.37,10.82,15.71,27.1,60.4,51.6,1,28.4,23.0,18-25,0.74,Normal
11330,E-Scooter,2.61,7.35,18.53,22.23,60.0,51.2,0,38.7,20.3,18-25,0.765,Normal
11331,E-Scooter,2.96,7.2,22.3,24.84,79.4,68.2,1,2.7,15.5,18-25,0.817,Normal
11332,E-Bike,1.12,2.0,12.04,12.42,61.1,59.8,1,28.8,16.6,26-35,0.687,Normal
11333,E-Bike,1.82,13.18,10.72,11.32,67.8,61.9,1,17.0,22.5,26-35,0.915,Normal
11334,E-Bike,7.4,36.35,13.34,21.26,25.7,5.2,3,17.2,19.4,,0.844,Battery_Critical
11335,E-Scooter,1.27,10.84,15.74,21.51,44.8,37.3,4,10.7,19.6,60+,0.569,Hard_Braking
11336,E-Scooter,3.91,19.14,11.07,15.13,88.3,73.1,0,9.9,11.7,26-35,0.548,Normal
11337,E-Bike,2.41,7.45,11.48,14.46,28.0,16.7,0,6.3,12.8,,0.6,Normal
11338,E-Bike,1.27,8.65,13.75,20.19,77.4,63.6,2,44.7,12.7,36-45,0.692,Hard_Braking
11339,E-Scooter,2.66,9.26,17.98,22.83,47.4,36.1,4,29.1,25.5,26-35,0.625,Hard_Braking
11340,E-Scooter,5.03,17.8,15.53,20.09,65.5,51.5,2,8.3,36.0,36-45,0.779,Normal
11341,E-Bike,9.47,36.33,16.37,18.77,95.1,70.7,1,7.0,17.4,18-25,0.868,Battery_Critical
11342,E-Bike,3.31,10.44,16.19,25.17,99.3,90.3,1,25.5,27.7,18-25,0.691,Normal
11343,E-Bike,1.54,7.85,12.38,16.73,44.9,40.2,1,41.3,22.7,18-25,0.694,Mechanical_Fault
11344,E-Bike,1.2,7.98,13.76,20.69,62.7,56.7,0,36.4,19.8,18-25,0.709,Normal
11345,E-Bike,2.9,18.28,10.84,16.26,23.9,14.2,1,27.3,16.4,36-45,0.838,Normal
11346,E-Bike,6.24,28.01,12.05,19.31,25.2,1.9,2,43.7,22.1,18-25,0.845,Battery_Critical
11347,E-Bike,3.9,19.05,10.63,16.07,27.5,10.2,2,3.9,33.5,36-45,0.648,Battery_Critical
11348,E-Scooter,8.61,35.02,15.21,21.96,71.0,39.0,1,54.5,13.2,26-35,0.906,Hard_Braking
11349,E-Bike,2.59,6.33,16.66,26.17,68.7,60.4,0,19.9,28.4,46-60,0.628,Normal
11350,E-Scooter,0.54,2.72,22.18,22.62,35.8,38.5,2,0.1,22.1,26-35,0.973,Normal
11351,E-Bike,0.68,3.29,13.09,20.25,23.0,19.1,1,9.4,12.4,36-45,0.777,Normal
11352,E-Scooter,5.81,26.42,14.8,19.05,55.6,35.2,0,9.7,24.1,60+,0.919,Normal
11353,E-Bike,6.66,29.13,14.66,16.97,43.9,24.5,0,12.4,21.8,36-45,0.512,Normal
11354,E-Bike,3.23,10.0,16.18,18.43,98.1,91.4,1,2.2,42.0,,0.729,Battery_Critical
11355,E-Scooter,3.68,5.9,26.41,36.38,25.7,13.4,1,13.5,17.9,26-35,0.557,Battery_Critical
11356,E-Bike,8.19,69.04,7.64,14.53,63.9,54.5,1,19.6,5.7,46-60,0.667,Normal
11357,E-Scooter,5.26,24.81,15.01,20.67,96.7,83.4,1,16.0,24.9,18-25,0.93,Hard_Braking
11358,E-Bike,3.25,13.95,11.99,16.95,35.3,18.8,2,11.1,31.1,18-25,0.774,Hard_Braking
11359,E-Scooter,2.28,16.31,9.16,15.22,28.6,19.1,4,12.1,19.6,46-60,0.567,Improper_Parking
11360,E-Scooter,7.13,63.31,7.32,8.43,22.0,2.2,2,31.9,9.1,46-60,0.759,Battery_Critical
11361,E-Scooter,3.02,39.9,5.0,10.4,25.4,13.5,0,7.8,19.9,18-25,0.711,Battery_Critical
11362,E-Scooter,2.09,7.18,11.57,19.32,98.6,93.5,1,6.6,21.6,60+,0.675,Normal
11363,E-Bike,8.16,35.05,11.97,22.58,99.6,69.4,0,38.2,31.8,18-25,0.645,Improper_Parking
11364,E-Bike,3.01,12.43,13.07,17.92,98.9,96.8,0,7.9,33.4,18-25,0.528,Normal
11365,E-Scooter,4.95,8.9,25.94,28.04,51.7,37.3,3,2.1,22.2,18-25,0.713,Normal
11366,E-Scooter,7.33,29.7,13.98,19.89,25.3,4.0,2,9.7,32.7,26-35,0.712,Battery_Critical
11367,E-Scooter,7.15,26.64,14.33,19.43,25.5,6.1,1,12.1,17.3,26-35,0.704,Battery_Critical
11368,E-Bike,5.23,26.1,12.58,17.45,76.3,57.1,2,24.1,22.1,18-25,0.846,Hard_Braking
11369,E-Scooter,5.75,19.54,17.87,23.12,65.2,44.4,2,36.1,30.1,26-35,0.962,Normal
11370,E-Bike,1.42,7.1,16.59,21.89,84.7,84.3,0,2.2,33.0,26-35,0.69,Normal
11371,E-Bike,3.97,20.38,12.48,20.2,54.6,46.2,5,11.7,19.3,18-25,0.386,Improper_Parking
11372,E-Scooter,0.93,2.55,16.11,27.82,77.6,78.9,1,4.5,30.3,36-45,0.799,Normal
11373,E-Bike,5.92,45.1,8.14,17.96,90.3,65.6,3,21.4,7.6,18-25,0.539,Improper_Parking
11374,E-Scooter,1.72,8.12,12.18,13.11,22.3,16.7,1,1.6,31.1,60+,0.933,Normal
11375,E-Scooter,5.54,38.49,9.15,17.21,83.3,68.6,1,19.1,27.7,18-25,0.937,Normal
11376,E-Scooter,1.93,12.22,17.08,26.89,44.4,41.6,2,1.2,34.4,46-60,0.806,Hard_Braking
11377,E-Scooter,3.75,4.12,20.44,21.49,88.8,72.5,2,68.4,25.3,26-35,0.84,Hard_Braking
11378,E-Scooter,4.51,7.14,20.53,25.24,58.9,42.3,4,8.7,22.9,18-25,0.812,Hard_Braking
11379,E-Bike,0.3,4.79,10.49,15.54,25.5,22.4,0,17.2,31.1,26-35,0.358,Improper_Parking
11380,E-Bike,3.54,19.5,12.94,20.22,20.2,7.6,4,17.2,16.0,18-25,0.783,Battery_Critical
11381,E-Bike,6.52,35.11,14.49,21.27,50.0,29.2,3,23.4,32.3,46-60,0.715,Mechanical_Fault
11382,E-Scooter,1.34,2.0,19.67,31.39,31.2,32.2,2,18.6,23.0,18-25,0.765,Hard_Braking
11383,E-Bike,7.67,27.52,15.91,21.06,90.5,62.6,2,35.9,26.0,60+,0.928,Normal
11384,E-Scooter,3.11,7.65,16.85,17.88,22.5,18.4,2,1.6,6.3,26-35,0.517,Hard_Braking
11385,E-Scooter,1.99,12.88,16.27,21.17,64.2,57.4,2,26.1,31.9,26-35,0.815,Hard_Braking
11386,E-Bike,0.41,2.15,11.36,21.58,23.2,24.1,2,40.8,29.0,36-45,0.756,Hard_Braking
11387,E-Scooter,2.53,12.69,12.58,18.63,24.5,21.4,3,25.4,42.0,18-25,0.802,Hard_Braking
11388,E-Scooter,3.07,17.76,12.67,17.12,75.9,63.8,4,3.0,17.0,36-45,0.615,Hard_Braking
11389,E-Bike,2.28,22.66,9.88,13.94,68.6,66.4,2,13.8,31.1,26-35,0.656,Hard_Braking
11390,E-Scooter,2.93,7.78,18.24,21.7,64.8,57.5,2,2.6,17.7,36-45,0.918,Hard_Braking
11391,E-Scooter,3.84,11.89,19.99,26.63,23.2,12.7,0,9.5,14.9,36-45,0.681,Battery_Critical
11392,E-Scooter,4.29,11.55,19.54,27.12,21.2,8.2,5,12.7,30.9,26-35,0.721,Battery_Critical
11393,E-Scooter,1.79,4.82,17.02,21.93,34.5,32.8,1,15.0,22.2,26-35,0.792,Mechanical_Fault
11394,E-Scooter,4.99,23.39,15.85,16.67,42.3,26.7,2,7.0,28.4,36-45,0.699,Mechanical_Fault
11395,E-Bike,6.14,24.19,16.05,19.36,73.6,60.4,0,1.8,29.1,36-45,0.797,Normal
11396,E-Scooter,4.66,15.82,13.4,20.32,49.1,44.1,0,9.1,17.7,18-25,0.805,Normal
11397,E-Bike,5.76,18.13,19.1,28.32,98.1,83.9,2,0.8,23.3,46-60,0.863,Hard_Braking
11398,E-Bike,0.42,8.6,11.43,14.25,94.4,89.3,0,23.4,24.4,36-45,0.698,Normal
11399,E-Scooter,2.1,11.25,10.86,15.05,65.8,54.4,1,21.0,7.1,26-35,0.832,Normal
11400,E-Scooter,6.68,24.12,16.63,20.94,92.8,70.6,2,19.3,15.4,26-35,0.84,Normal
11401,E-Bike,1.02,3.79,18.05,25.82,57.0,56.2,2,11.3,33.4,26-35,0.782,Hard_Braking
11402,E-Bike,1.82,6.29,13.81,18.56,77.5,68.4,2,69.1,19.1,26-35,0.459,Normal
11403,E-Scooter,1.77,8.66,12.87,22.51,95.7,86.3,3,21.8,22.6,26-35,0.846,Mechanical_Fault
11404,E-Scooter,3.4,10.27,15.98,18.49,58.1,54.8,0,6.2,39.4,18-25,0.716,Battery_Critical
11405,E-Bike,0.92,8.75,14.66,18.62,74.8,83.6,2,53.0,17.0,18-25,0.716,Hard_Braking
11406,E-Bike,4.19,19.14,13.37,22.31,95.9,84.7,1,2.9,23.9,18-25,0.807,Normal
11407,E-Scooter,5.92,28.3,11.59,22.39,43.2,23.9,0,7.1,27.9,18-25,0.21,Improper_Parking
11408,E-Scooter,2.18,7.77,23.12,29.81,29.4,17.3,0,16.6,17.3,46-60,0.844,Improper_Parking
11409,E-Bike,0.51,2.43,8.97,15.94,33.0,35.1,0,22.4,33.6,26-35,0.54,Normal
11410,E-Bike,5.23,9.18,18.82,22.77,55.3,35.2,3,89.8,24.8,26-35,0.793,Normal
11411,E-Scooter,3.56,22.21,10.09,18.62,73.6,63.4,0,21.4,31.3,46-60,0.685,Normal
11412,E-Scooter,0.53,4.13,14.74,21.76,81.7,87.2,2,72.1,25.7,18-25,0.75,Hard_Braking
11413,E-Scooter,4.34,25.99,10.64,14.88,32.0,17.3,2,3.9,20.4,46-60,0.836,Hard_Braking
11414,E-Scooter,1.5,2.0,20.46,21.86,25.2,22.3,0,72.9,16.4,18-25,0.805,Normal
11415,E-Scooter,6.02,34.78,13.83,18.2,54.9,34.8,0,16.5,24.6,18-25,0.416,Improper_Parking
11416,E-Scooter,4.7,15.38,15.25,22.59,73.4,57.5,2,44.0,32.6,18-25,0.802,Normal
11417,E-Bike,2.93,24.44,8.94,15.3,25.5,17.8,2,4.4,29.3,36-45,0.579,Battery_Critical
11418,E-Scooter,3.64,8.74,20.79,30.03,71.6,63.9,2,9.0,32.5,46-60,0.639,Hard_Braking
11419,E-Scooter,8.19,12.73,31.14,34.14,27.5,2.9,3,1.7,26.3,26-35,0.583,Battery_Critical
11420,E-Scooter,4.1,14.76,19.51,22.21,51.0,36.6,2,1.3,22.3,26-35,0.854,Normal
11421,E-Scooter,14.0,48.4,16.75,20.48,63.5,17.2,0,31.2,21.9,18-25,0.934,Normal
11422,E-Scooter,4.95,26.3,9.32,10.96,28.4,9.7,1,3.7,22.0,18-25,0.919,Battery_Critical
11423,E-Scooter,2.96,14.13,12.85,18.53,65.0,57.7,0,12.0,14.3,18-25,0.476,Normal
11424,E-Bike,0.45,2.0,10.98,13.61,32.4,38.4,1,15.4,24.1,36-45,0.91,Normal
11425,E-Scooter,6.62,22.09,17.25,30.05,88.6,72.9,1,6.6,40.5,36-45,0.922,Normal
11426,E-Scooter,3.44,10.71,15.94,18.75,71.6,63.5,3,11.2,7.5,18-25,0.397,Improper_Parking
11427,E-Scooter,2.09,8.36,21.34,28.36,97.1,86.9,0,5.0,10.5,26-35,0.774,Normal
11428,E-Scooter,14.0,32.72,25.43,27.92,58.6,18.2,4,16.6,42.0,46-60,0.858,Hard_Braking
11429,E-Scooter,3.45,11.65,18.9,25.58,86.8,74.5,3,20.9,36.4,26-35,0.897,Battery_Critical
11430,E-Scooter,3.03,9.62,16.02,22.68,21.1,15.7,0,0.9,31.0,18-25,0.884,Normal
11431,E-Scooter,0.76,2.0,17.75,25.01,53.9,45.4,0,5.6,18.6,26-35,0.43,Hard_Braking
11432,E-Scooter,3.43,39.01,5.0,15.61,29.7,17.8,0,27.9,16.7,26-35,0.527,Mechanical_Fault
11433,E-Bike,8.53,56.83,9.38,17.34,48.4,26.6,2,2.9,5.9,18-25,0.783,Improper_Parking
11434,E-Scooter,5.92,19.07,21.19,25.49,60.4,49.4,1,17.7,30.8,18-25,0.817,Normal
11435,E-Bike,0.48,2.17,12.77,18.27,62.4,56.6,1,5.7,29.2,36-45,0.772,Normal
11436,E-Bike,5.34,17.64,18.43,21.31,30.4,15.3,0,1.3,16.6,60+,0.747,Battery_Critical
11437,E-Bike,4.2,14.43,16.46,22.61,99.3,84.3,1,20.6,22.6,26-35,0.648,Mechanical_Fault
11438,E-Scooter,1.1,2.89,18.63,28.15,65.6,66.7,1,19.5,21.6,46-60,0.868,Hard_Braking
11439,E-Scooter,1.87,2.0,22.9,32.09,97.4,89.0,2,10.6,23.5,26-35,0.625,Normal
11440,E-Bike,3.99,18.54,16.25,19.52,63.4,51.5,1,33.1,30.6,18-25,0.474,Mechanical_Fault
11441,E-Scooter,2.92,15.22,16.25,17.77,54.0,43.5,3,22.5,14.1,26-35,0.789,Hard_Braking
11442,E-Scooter,1.95,10.5,13.47,16.23,68.8,61.4,1,8.5,11.5,18-25,0.564,Normal
11443,E-Bike,2.25,14.68,13.65,16.23,48.0,42.6,1,29.3,32.3,18-25,0.711,Normal
11444,E-Bike,1.36,9.69,10.0,15.23,87.6,82.7,2,32.0,27.5,46-60,0.703,Normal
11445,E-Bike,0.75,2.95,13.34,19.12,45.9,38.2,0,9.2,15.7,60+,0.661,Normal
11446,E-Bike,3.71,13.87,11.72,21.71,43.5,35.9,1,41.7,39.4,36-45,0.798,Improper_Parking
11447,E-Bike,1.6,3.6,11.49,20.33,55.7,58.7,3,2.8,15.5,60+,0.561,Hard_Braking
11448,E-Scooter,2.77,15.68,15.83,17.17,66.9,65.2,1,18.4,26.6,18-25,0.937,Normal
11449,E-Scooter,5.41,16.58,18.5,22.82,87.3,70.8,1,19.7,37.3,18-25,0.935,Hard_Braking
11450,E-Bike,2.26,18.38,10.07,12.31,28.6,25.5,2,34.5,35.3,26-35,0.922,Hard_Braking
11451,E-Bike,5.62,22.65,17.83,22.77,65.8,49.5,0,52.0,28.2,26-35,0.818,Normal
11452,E-Scooter,3.31,8.28,19.68,22.47,66.8,62.0,0,15.4,27.6,18-25,0.69,Normal
11453,E-Scooter,2.66,10.11,14.77,22.29,88.1,83.0,1,11.2,31.5,46-60,0.538,Normal
11454,E-Scooter,7.26,16.52,21.06,30.88,65.4,46.9,0,1.6,29.4,46-60,0.922,Normal
11455,E-Scooter,2.79,15.56,11.65,12.65,60.4,49.4,1,24.5,27.8,46-60,0.924,Normal
11456,E-Scooter,0.38,2.48,11.7,13.68,20.7,20.8,1,34.8,22.1,36-45,0.848,Normal
11457,E-Bike,2.17,7.61,15.9,20.39,86.4,83.8,3,13.9,28.4,26-35,0.828,Hard_Braking
11458,E-Bike,2.85,10.07,13.33,18.91,44.8,39.0,2,8.4,38.1,18-25,0.716,Hard_Braking
11459,E-Scooter,3.77,12.93,24.33,29.46,63.2,51.7,0,43.4,36.5,26-35,0.71,Normal
11460,E-Scooter,6.85,15.52,26.88,27.97,67.3,47.2,0,15.3,14.4,60+,0.512,Battery_Critical
11461,E-Scooter,14.0,31.68,24.85,29.49,41.7,3.3,0,35.8,28.4,26-35,0.951,Battery_Critical
11462,E-Scooter,1.81,5.99,17.43,23.43,53.4,59.0,0,9.1,17.7,36-45,0.451,Normal
11463,E-Scooter,3.9,13.8,15.69,19.45,90.9,72.5,2,11.6,31.1,26-35,0.596,Mechanical_Fault
11464,E-Bike,2.13,5.28,13.97,19.16,65.6,60.3,1,10.4,26.8,18-25,0.857,Normal
11465,E-Scooter,5.07,12.11,19.18,26.41,32.9,11.9,3,5.8,20.8,26-35,0.943,Battery_Critical
11466,E-Scooter,7.0,23.09,24.38,24.41,46.1,17.9,2,35.9,8.2,26-35,0.838,Improper_Parking
11467,E-Scooter,1.91,5.36,16.86,17.14,23.5,10.3,2,7.8,14.7,18-25,0.728,Normal
11468,E-Scooter,4.02,11.64,15.79,24.64,63.1,56.1,3,41.3,32.5,18-25,0.725,Hard_Braking
11469,E-Bike,2.42,7.52,13.87,21.61,45.5,45.9,1,51.8,24.6,18-25,0.556,Normal
11470,E-Bike,4.29,20.59,11.69,17.05,38.0,31.6,1,31.6,26.8,36-45,0.687,Normal
11471,E-Bike,2.38,7.01,15.77,16.49,73.2,69.9,1,1.6,21.9,36-45,0.541,Normal
11472,E-Scooter,3.67,9.23,21.88,27.62,65.0,44.3,6,0.3,25.3,46-60,0.847,Hard_Braking
11473,E-Scooter,3.86,17.8,16.25,20.63,86.5,74.1,0,32.9,17.4,18-25,0.584,Normal
11474,E-Bike,5.66,21.78,15.1,23.43,43.1,27.3,1,16.0,14.6,60+,0.635,Normal
11475,E-Bike,2.27,13.32,15.7,16.66,42.9,33.9,1,14.0,34.6,18-25,0.607,Hard_Braking
11476,E-Bike,2.4,18.9,7.99,10.41,40.6,32.4,3,27.3,20.3,18-25,0.798,Hard_Braking
11477,E-Bike,8.37,41.52,10.68,15.26,36.1,9.4,0,4.1,29.7,18-25,0.425,Battery_Critical
11478,E-Scooter,0.83,7.44,12.49,12.68,47.9,45.9,2,1.7,19.7,26-35,0.764,Hard_Braking
11479,E-Bike,1.24,2.0,11.41,13.5,84.1,80.9,2,22.8,11.6,36-45,0.769,Battery_Critical
11480,E-Scooter,2.52,13.91,16.98,25.2,89.2,89.5,1,12.6,28.8,18-25,0.819,Normal
11481,E-Bike,0.43,3.1,13.7,22.73,31.6,27.1,1,6.0,23.5,26-35,,Normal
11482,E-Scooter,2.17,13.99,13.44,20.72,27.5,20.8,2,16.6,22.2,46-60,0.713,Mechanical_Fault
11483,E-Scooter,4.42,17.74,13.27,15.75,58.6,39.7,0,4.7,22.1,46-60,0.807,Normal
11484,E-Scooter,7.84,42.88,12.57,21.43,73.2,49.4,0,15.6,29.0,26-35,0.79,Normal
11485,E-Scooter,1.73,6.62,18.95,21.89,87.2,84.2,1,15.8,25.2,26-35,0.706,Normal
11486,E-Scooter,3.39,5.03,22.85,29.13,78.1,68.5,2,5.6,41.5,26-35,0.734,Normal
11487,E-Scooter,3.06,4.77,20.42,20.5,85.8,72.6,1,15.2,15.5,18-25,0.813,Normal
11488,E-Scooter,1.09,4.8,19.46,20.73,61.1,52.0,2,22.8,13.3,26-35,0.319,Improper_Parking
11489,E-Scooter,4.23,22.79,13.89,19.02,64.8,52.0,0,11.0,33.1,26-35,0.684,Normal
11490,E-Scooter,0.56,2.0,20.57,22.26,30.9,27.4,2,6.2,10.2,46-60,0.692,Hard_Braking
11491,E-Bike,2.35,10.12,10.82,21.92,72.7,57.0,0,51.8,18.0,46-60,0.585,Normal
11492,E-Scooter,2.43,7.58,15.84,24.97,21.3,19.4,1,12.8,10.1,36-45,0.67,Normal
11493,E-Bike,5.26,15.36,14.91,22.1,94.7,75.7,0,22.7,28.8,26-35,0.948,Normal
11494,E-Scooter,0.89,3.79,15.76,22.38,25.3,21.4,0,30.6,38.5,18-25,0.959,Normal
11495,E-Scooter,4.52,21.76,13.63,24.79,42.2,35.0,1,47.5,29.2,26-35,0.763,Normal
11496,E-Scooter,7.26,33.71,13.99,25.79,46.9,28.3,1,19.1,22.3,46-60,0.638,Improper_Parking
11497,E-Bike,1.26,3.18,18.14,22.13,60.9,54.9,2,1.6,28.1,18-25,0.826,Hard_Braking
11498,E-Bike,6.96,26.65,15.53,20.18,58.6,40.3,0,4.0,20.4,26-35,0.779,Normal
11499,E-Scooter,8.53,31.61,19.97,20.32,21.9,2.1,1,88.8,10.0,36-45,0.702,Battery_Critical
11500,E-Scooter,3.78,13.05,21.06,23.84,36.1,24.3,0,7.2,16.5,36-45,0.664,Normal
11501,E-Bike,2.33,6.51,16.1,18.14,42.0,26.3,0,9.9,35.9,18-25,0.767,Normal
11502,E-Scooter,9.12,37.86,13.3,17.42,61.4,33.8,0,13.4,37.5,36-45,0.653,Normal
11503,E-Bike,10.62,62.23,10.09,13.75,21.9,0.0,0,74.4,15.7,18-25,0.899,Battery_Critical
11504,E-Scooter,1.73,6.46,20.29,20.3,72.8,73.5,0,38.3,22.4,26-35,0.667,Normal
11505,E-Scooter,9.14,32.32,18.34,26.99,29.5,0.0,0,52.0,33.0,18-25,0.795,Battery_Critical
11506,E-Bike,3.19,22.03,8.25,12.42,68.0,57.4,1,7.4,26.2,18-25,0.461,Mechanical_Fault
11507,E-Bike,2.12,10.0,12.83,18.72,42.7,39.9,1,17.8,12.9,18-25,0.663,Normal
11508,E-Scooter,14.0,57.88,14.96,17.14,43.1,0.0,1,14.5,17.6,46-60,0.893,Battery_Critical
11509,E-Bike,1.02,2.0,16.65,21.77,91.5,87.4,1,7.3,29.6,36-45,0.84,Normal
11510,E-Bike,2.77,11.84,16.88,21.19,30.1,27.6,3,16.5,24.2,26-35,0.638,Hard_Braking
11511,E-Scooter,2.3,14.03,12.31,17.94,27.3,21.4,2,50.4,26.3,46-60,0.631,Battery_Critical
11512,E-Scooter,4.79,16.18,18.69,28.88,82.6,74.3,0,25.8,21.1,26-35,0.861,Normal
11513,E-Bike,1.6,6.3,16.8,20.5,43.4,42.7,0,36.9,9.8,26-35,0.926,Normal
11514,E-Scooter,3.11,11.43,14.0,21.88,88.8,82.3,2,5.8,31.1,18-25,0.886,Normal
11515,E-Scooter,2.57,10.25,16.08,21.94,54.8,43.7,0,6.6,31.1,36-45,0.794,Normal
11516,E-Bike,7.69,28.45,15.11,18.21,23.8,5.8,2,72.0,30.9,36-45,0.612,Battery_Critical
11517,E-Scooter,3.33,13.5,16.68,19.73,74.8,67.1,1,12.7,15.1,26-35,0.865,Normal
11518,E-Scooter,3.07,10.46,14.5,17.05,47.5,46.2,2,1.0,42.0,36-45,0.637,Normal
11519,E-Bike,1.58,16.19,10.17,12.73,61.5,65.9,1,2.1,42.0,26-35,0.973,Normal
11520,E-Scooter,3.31,18.49,14.0,16.16,60.9,50.3,1,33.6,19.5,46-60,0.789,Normal
11521,E-Scooter,0.3,2.0,12.42,23.89,97.1,96.6,3,18.0,20.2,18-25,0.915,Hard_Braking
11522,E-Scooter,6.4,29.63,10.09,16.53,72.2,50.6,1,1.0,17.4,18-25,0.837,Normal
11523,E-Scooter,0.5,5.45,18.75,27.37,82.7,81.5,2,3.3,25.0,36-45,0.761,Normal
11524,E-Scooter,5.62,17.93,17.61,22.38,98.8,81.3,1,22.6,12.5,18-25,0.682,Normal
11525,E-Bike,2.43,15.65,13.39,23.84,86.5,85.1,1,18.0,16.3,26-35,0.401,Improper_Parking
11526,E-Scooter,6.39,21.04,15.5,17.8,94.9,73.9,4,2.9,9.7,60+,0.877,Hard_Braking
11527,E-Bike,1.38,8.19,10.86,13.3,39.2,29.4,0,18.4,36.7,26-35,0.874,Normal
11528,E-Bike,3.81,20.73,12.3,14.47,61.2,41.2,1,22.9,9.1,26-35,0.771,Normal
11529,E-Bike,1.66,13.09,13.86,25.55,22.6,19.7,1,3.0,5.4,60+,0.743,Hard_Braking
11530,E-Bike,2.13,14.54,13.36,20.31,90.6,85.7,2,68.1,29.3,36-45,0.955,Normal
11531,E-Bike,1.46,5.22,14.14,17.53,97.8,89.2,1,35.0,34.1,36-45,0.848,Normal
11532,E-Scooter,2.74,6.26,15.27,15.54,26.9,12.7,1,1.5,15.4,18-25,0.609,Normal
11533,E-Scooter,0.96,3.63,18.57,24.59,66.8,60.8,0,23.9,17.5,26-35,0.758,Normal
11534,E-Bike,6.0,25.15,13.62,18.55,52.2,28.7,3,4.9,18.7,36-45,0.828,Hard_Braking
11535,E-Scooter,2.87,11.29,13.45,18.48,20.9,13.1,0,28.1,4.0,26-35,0.807,Normal
11536,E-Scooter,2.83,5.81,19.6,22.76,87.3,80.2,1,1.4,28.6,18-25,0.701,Normal
11537,E-Scooter,13.0,31.37,22.99,25.09,29.0,0.0,1,2.4,31.4,36-45,0.598,Battery_Critical
11538,E-Scooter,1.07,7.76,12.92,16.31,58.5,60.4,1,10.0,23.5,26-35,0.415,Improper_Parking
11539,E-Scooter,1.91,2.52,12.69,13.69,80.2,69.8,4,8.0,12.0,18-25,0.701,Hard_Braking
11540,E-Scooter,2.15,3.85,18.43,19.8,66.0,55.8,1,87.5,16.4,18-25,0.816,Mechanical_Fault
11541,E-Bike,2.96,14.17,13.44,16.71,34.0,26.7,2,29.8,35.2,26-35,0.922,Normal
11542,E-Bike,1.86,14.19,10.44,13.56,86.8,83.6,0,18.0,20.6,18-25,0.769,Normal
11543,E-Bike,1.36,10.42,9.83,12.66,63.4,59.3,3,6.4,26.3,26-35,0.905,Hard_Braking
11544,E-Bike,4.72,25.06,10.19,13.18,36.1,25.2,0,8.7,28.1,36-45,0.91,Improper_Parking
11545,E-Scooter,0.63,4.09,14.92,17.01,36.9,34.9,2,9.4,15.3,18-25,0.52,Normal
11546,E-Bike,1.4,9.67,10.54,16.09,53.7,43.4,1,52.3,20.4,,0.929,Normal
11547,E-Scooter,2.79,10.39,20.02,28.9,73.4,64.8,1,15.7,17.6,46-60,0.84,Normal
11548,E-Bike,5.62,18.68,16.24,16.37,70.7,45.9,2,0.2,16.8,18-25,0.867,Normal
11549,E-Bike,1.93,2.57,18.63,26.29,67.6,61.1,0,12.9,31.3,26-35,0.847,Normal
11550,E-Bike,4.66,21.55,11.95,20.73,99.4,86.6,3,11.8,19.7,36-45,0.735,Hard_Braking
11551,E-Scooter,4.88,23.43,11.69,16.86,83.8,64.3,4,56.2,16.5,26-35,0.808,Hard_Braking
11552,E-Scooter,1.92,3.22,18.49,21.88,72.3,65.3,0,13.0,36.0,60+,0.642,Normal
11553,E-Scooter,1.84,10.56,15.05,19.57,91.1,82.7,2,10.7,37.2,26-35,0.776,Normal
11554,E-Bike,2.04,19.43,9.47,10.17,81.6,73.6,1,17.5,16.9,18-25,0.806,Battery_Critical
11555,E-Scooter,2.59,8.01,19.87,22.91,28.1,20.5,1,9.4,20.2,36-45,0.712,Normal
11556,E-Scooter,5.39,21.63,15.4,26.97,77.9,68.6,2,5.3,22.0,18-25,0.622,Normal
11557,E-Bike,2.88,19.17,11.49,12.3,56.7,49.6,1,13.6,25.3,18-25,0.939,Normal
11558,E-Scooter,5.29,27.71,11.04,15.62,26.2,11.3,3,1.7,22.7,26-35,0.783,Battery_Critical
11559,E-Scooter,2.41,11.36,19.33,25.34,73.4,70.2,0,24.4,34.1,60+,0.631,Normal
11560,E-Bike,3.1,13.9,14.39,23.46,63.1,62.2,0,9.4,25.4,26-35,0.589,Normal
11561,E-Scooter,7.93,26.94,17.57,25.2,84.6,61.5,2,26.1,9.7,46-60,0.898,Battery_Critical
11562,E-Bike,1.99,11.95,16.12,18.2,74.0,65.2,0,3.5,28.0,60+,0.708,Normal
11563,E-Bike,4.63,28.37,10.6,15.45,38.2,20.4,2,16.1,29.5,26-35,0.892,Hard_Braking
11564,E-Scooter,2.63,8.49,19.9,24.06,46.6,46.3,1,21.4,27.1,18-25,0.874,Improper_Parking
11565,E-Scooter,2.29,14.49,16.79,21.36,39.7,24.0,1,8.0,19.2,26-35,0.92,Normal
11566,E-Bike,4.87,17.69,17.98,21.45,42.6,27.2,1,16.0,37.7,46-60,0.849,Normal
11567,E-Bike,10.32,48.87,13.29,17.73,91.5,62.0,0,8.7,36.4,18-25,0.43,Battery_Critical
11568,E-Scooter,1.49,5.92,14.61,16.64,98.3,91.3,3,23.2,23.2,18-25,0.816,Hard_Braking
11569,E-Bike,1.39,5.37,13.48,16.14,46.7,31.9,1,50.7,25.1,26-35,0.774,Normal
11570,E-Scooter,1.93,4.68,14.12,15.36,83.7,81.3,1,1.2,19.6,18-25,0.88,Normal
11571,E-Bike,1.08,12.35,9.37,13.99,87.3,83.2,2,25.4,10.9,18-25,0.96,Hard_Braking
11572,E-Scooter,1.64,2.0,24.85,29.49,68.8,63.4,3,62.6,6.3,26-35,0.844,Hard_Braking
11573,E-Scooter,1.81,2.65,11.88,16.86,61.7,58.8,1,30.5,9.6,18-25,0.561,Mechanical_Fault
11574,E-Scooter,1.04,2.0,16.48,24.45,34.9,24.1,4,19.9,22.1,18-25,0.781,Hard_Braking
11575,E-Scooter,6.59,42.24,8.77,8.79,32.6,16.6,3,17.9,31.0,18-25,0.653,Hard_Braking
11576,E-Bike,2.57,7.64,19.67,22.73,24.3,20.8,1,39.0,12.3,26-35,0.791,Battery_Critical
11577,E-Scooter,3.63,15.11,12.77,18.42,56.6,38.7,4,17.7,21.1,46-60,0.92,Hard_Braking
11578,E-Bike,4.67,24.69,12.74,23.29,97.3,81.9,3,43.7,21.8,18-25,0.862,Hard_Braking
11579,E-Bike,3.97,14.29,12.92,19.44,63.0,50.5,3,1.7,15.9,36-45,0.633,Normal
11580,E-Scooter,0.83,5.05,12.03,19.22,40.0,40.2,1,86.0,35.3,26-35,0.765,Normal
11581,E-Bike,2.11,9.95,10.84,16.83,27.9,22.3,2,1.8,37.9,60+,0.733,Normal
11582,E-Bike,1.38,2.0,16.57,23.01,63.7,60.2,2,5.9,27.9,26-35,0.891,Normal
11583,E-Bike,2.46,9.32,13.18,20.43,42.1,40.6,1,5.5,15.9,36-45,0.319,Improper_Parking
11584,E-Bike,3.02,15.87,14.47,21.43,67.3,60.2,0,24.1,14.5,36-45,0.772,Normal
11585,E-Bike,1.81,5.9,16.77,20.33,62.7,67.4,2,23.5,24.5,18-25,0.891,Hard_Braking
11586,E-Scooter,1.54,4.21,20.61,24.05,35.0,28.9,0,25.6,24.1,60+,0.883,Normal
11587,E-Scooter,0.92,3.43,18.15,22.55,83.2,83.5,0,10.8,24.2,36-45,0.639,Normal
11588,E-Bike,1.25,2.96,13.78,21.74,54.4,44.7,1,12.0,35.4,60+,0.795,Battery_Critical
11589,E-Bike,1.26,9.29,12.78,17.58,94.3,92.9,2,20.1,20.9,18-25,0.874,Hard_Braking
11590,E-Bike,1.35,8.92,8.81,14.75,74.2,67.4,3,28.1,19.1,18-25,0.713,Improper_Parking
11591,E-Scooter,4.5,11.27,16.72,21.82,33.1,19.0,1,48.7,24.1,18-25,0.658,Hard_Braking
11592,E-Scooter,6.7,21.81,19.54,24.74,45.9,20.3,1,7.7,39.8,36-45,0.886,Normal
11593,E-Scooter,3.18,17.49,11.84,20.72,96.5,89.1,1,27.6,24.5,26-35,0.791,Normal
11594,E-Scooter,0.3,6.13,13.66,18.38,89.2,90.2,0,15.2,22.7,36-45,0.898,Normal
11595,E-Scooter,1.37,2.0,18.33,22.33,42.8,40.0,1,32.5,19.9,18-25,0.792,Normal
11596,E-Scooter,2.99,7.45,20.15,24.06,66.2,55.6,1,8.6,23.2,18-25,0.771,Normal
11597,E-Scooter,2.89,14.31,14.13,22.16,36.7,26.8,4,9.7,29.7,36-45,0.457,Hard_Braking
11598,E-Scooter,8.8,35.66,16.55,22.4,35.7,12.5,1,62.4,24.2,46-60,0.845,Mechanical_Fault
11599,E-Scooter,1.44,2.0,21.69,26.59,61.8,55.1,3,13.6,26.0,18-25,0.92,Mechanical_Fault
11600,E-Scooter,6.87,22.91,17.22,20.09,41.5,13.0,1,0.1,29.5,36-45,0.832,Battery_Critical
11601,E-Scooter,2.49,10.26,16.4,17.96,85.0,74.9,5,14.1,16.9,26-35,0.934,Hard_Braking
11602,E-Bike,8.71,56.35,8.94,12.54,84.6,56.6,0,4.2,31.0,26-35,0.701,Normal
11603,E-Scooter,5.95,18.42,18.68,25.55,60.2,42.6,4,34.2,23.6,36-45,0.689,Mechanical_Fault
11604,E-Bike,3.76,20.2,11.31,16.94,65.6,50.7,2,0.9,20.4,46-60,0.641,Normal
11605,E-Scooter,6.39,24.26,15.46,21.05,83.7,68.2,2,3.1,39.7,18-25,0.53,Mechanical_Fault
11606,E-Scooter,3.51,5.82,16.32,20.81,70.5,61.5,0,21.1,32.5,36-45,0.811,Normal
11607,E-Bike,6.69,39.94,9.83,13.92,20.4,0.0,2,17.0,30.9,36-45,0.944,Battery_Critical
11608,E-Scooter,1.44,7.59,15.07,21.33,74.7,65.5,1,27.2,31.1,18-25,0.766,Normal
11609,E-Bike,1.72,4.5,14.98,19.62,97.7,91.6,2,25.7,22.5,26-35,0.903,Mechanical_Fault
11610,E-Bike,0.71,3.46,17.95,28.07,32.6,27.0,1,36.7,24.0,36-45,0.967,Normal
11611,E-Bike,5.81,35.89,10.1,11.7,53.4,33.5,3,6.1,15.2,36-45,0.765,Improper_Parking
11612,E-Bike,0.8,6.97,8.14,11.26,64.3,58.5,0,12.0,25.3,36-45,0.702,Normal
11613,E-Scooter,1.09,7.54,13.96,15.81,57.9,56.0,1,5.3,29.3,18-25,0.834,Normal
11614,E-Bike,4.66,32.77,8.86,15.37,95.1,79.1,3,31.4,27.4,18-25,0.753,Battery_Critical
11615,E-Scooter,2.49,14.59,11.11,14.19,24.4,12.7,3,10.6,26.4,18-25,0.61,Battery_Critical
11616,E-Bike,0.37,2.0,15.73,21.88,60.7,63.6,3,5.8,28.9,26-35,0.833,Hard_Braking
11617,E-Bike,1.77,10.19,10.54,13.93,81.6,78.5,0,6.2,17.0,26-35,0.59,Normal
11618,E-Bike,3.7,19.74,13.06,14.49,93.8,86.0,1,14.5,25.9,26-35,0.857,Normal
11619,E-Scooter,1.92,2.72,22.06,26.39,33.9,23.9,0,19.6,24.6,18-25,0.599,Improper_Parking
11620,E-Bike,2.07,10.68,11.34,17.9,88.6,88.0,1,1.5,32.8,18-25,0.878,Normal
11621,E-Scooter,5.02,14.87,20.17,26.23,26.8,9.9,2,6.7,34.2,18-25,0.387,Improper_Parking
11622,E-Scooter,1.51,5.67,15.74,21.98,91.3,90.4,2,28.3,28.9,18-25,0.839,Hard_Braking
11623,E-Scooter,5.48,17.55,16.47,20.2,74.2,59.3,1,1.9,23.3,36-45,0.849,Normal
11624,E-Bike,4.46,23.31,12.13,15.94,79.6,68.8,1,3.9,37.6,46-60,0.979,Normal
11625,E-Bike,1.51,8.69,10.68,14.34,98.9,94.1,3,13.6,21.5,18-25,0.63,Hard_Braking
11626,E-Scooter,3.91,18.05,15.17,25.23,30.2,19.5,0,16.0,23.7,18-25,0.6,Normal
11627,E-Scooter,2.71,11.55,20.68,28.66,32.8,15.3,1,7.9,23.8,26-35,0.89,Normal
11628,E-Bike,1.64,8.11,11.55,15.38,22.8,12.5,3,13.4,13.5,26-35,0.769,Battery_Critical
11629,E-Bike,2.96,15.44,15.25,21.79,64.9,61.7,1,30.4,27.6,18-25,0.724,Hard_Braking
11630,E-Scooter,5.89,30.79,10.04,21.53,40.8,17.8,3,52.3,19.7,36-45,0.983,Normal
11631,E-Scooter,0.41,3.94,11.92,15.48,32.4,38.9,1,10.2,29.9,36-45,0.935,Normal
11632,E-Bike,2.52,9.45,18.31,22.66,27.3,16.6,0,10.3,18.0,26-35,0.729,Normal
11633,E-Scooter,8.11,33.19,13.71,17.07,28.9,6.9,1,77.9,17.1,46-60,0.523,Battery_Critical
11634,E-Bike,0.86,12.37,9.08,12.41,60.7,56.3,3,20.8,21.6,26-35,0.759,Battery_Critical
11635,E-Scooter,1.22,2.0,20.89,23.62,46.3,40.5,0,3.4,30.8,26-35,0.81,Normal
11636,E-Bike,6.15,37.85,9.67,13.79,97.2,76.2,2,2.5,26.7,18-25,0.812,Normal
11637,E-Bike,4.27,24.17,11.25,14.64,28.6,15.5,1,2.0,14.7,26-35,0.874,Normal
11638,E-Bike,2.55,15.09,11.48,21.03,29.8,21.4,3,18.2,27.7,18-25,0.455,Hard_Braking
11639,E-Scooter,8.73,38.31,15.12,21.04,90.8,66.0,2,25.4,19.5,46-60,0.976,Hard_Braking
11640,E-Scooter,4.23,18.68,16.12,19.79,37.9,26.4,0,9.7,28.3,18-25,0.798,Normal
11641,E-Scooter,7.36,20.37,20.66,25.01,42.1,24.4,1,56.6,32.5,18-25,0.803,Mechanical_Fault
11642,E-Bike,1.35,2.9,19.14,21.23,33.2,27.9,1,12.0,23.6,26-35,0.757,Normal
11643,E-Scooter,1.88,8.04,14.79,20.1,38.0,26.2,2,45.2,30.8,36-45,0.869,Hard_Braking
11644,E-Scooter,3.28,13.67,15.43,17.77,61.1,52.5,1,0.9,8.9,46-60,0.794,Battery_Critical
11645,E-Scooter,0.67,2.16,24.18,33.49,41.2,40.0,0,28.1,31.9,18-25,0.674,Normal
11646,E-Bike,2.63,9.08,15.85,19.36,72.8,65.1,1,19.5,19.7,18-25,0.707,Normal
11647,E-Scooter,1.08,6.26,23.17,26.85,49.4,40.8,0,6.4,27.1,18-25,0.83,Normal
11648,E-Scooter,2.35,7.61,12.05,20.02,49.8,44.1,0,3.4,8.4,26-35,0.877,Normal
11649,E-Bike,9.66,52.78,11.81,13.13,50.3,24.3,0,6.6,26.9,36-45,0.929,Normal
11650,E-Bike,3.09,13.22,11.19,11.83,91.8,92.1,1,7.4,25.0,18-25,0.81,Normal
11651,E-Bike,3.57,13.68,14.89,23.97,61.0,46.5,1,10.5,23.9,26-35,,Normal
11652,E-Bike,2.43,18.23,10.83,16.35,82.8,71.3,3,69.8,31.3,26-35,0.757,Hard_Braking
11653,E-Bike,0.61,2.0,13.91,17.82,94.4,90.6,3,0.2,14.3,26-35,0.903,Hard_Braking
11654,E-Scooter,3.27,8.85,19.09,23.63,72.0,54.7,2,5.8,26.0,36-45,0.937,Normal
11655,E-Scooter,4.56,15.85,17.45,25.53,77.9,72.7,1,2.7,17.7,18-25,0.81,Normal
11656,E-Scooter,3.24,13.02,16.65,16.7,39.0,27.7,2,27.3,35.6,36-45,0.656,Hard_Braking
11657,E-Scooter,2.3,3.87,16.71,21.97,46.5,37.4,1,31.8,21.3,26-35,0.426,Mechanical_Fault
11658,E-Scooter,4.07,17.39,18.71,20.01,97.4,84.4,4,1.6,13.1,60+,0.591,Hard_Braking
11659,E-Bike,0.97,2.24,18.9,19.47,41.3,36.5,1,5.8,21.9,18-25,0.759,Normal
11660,E-Bike,4.47,40.55,6.69,9.39,23.0,15.1,0,2.8,20.4,26-35,0.482,Mechanical_Fault
11661,E-Scooter,0.39,3.29,17.8,23.25,52.0,54.1,1,9.1,30.5,18-25,0.99,Normal
11662,E-Scooter,2.12,6.38,16.97,20.56,42.6,37.2,3,0.3,27.1,26-35,0.964,Hard_Braking
11663,E-Bike,4.7,24.25,10.75,18.7,87.7,79.1,5,11.6,23.2,18-25,0.835,Hard_Braking
11664,E-Scooter,3.52,19.19,12.87,18.75,84.2,75.2,0,64.1,17.9,18-25,0.658,Normal
11665,E-Bike,2.76,11.62,16.77,27.59,64.5,47.7,0,40.9,14.9,18-25,0.865,Normal
11666,E-Scooter,0.53,2.0,10.45,13.62,75.2,73.1,1,6.5,32.6,18-25,0.659,Normal
11667,E-Bike,2.4,4.55,15.37,18.36,57.8,61.4,1,9.1,20.2,26-35,0.874,Normal
11668,E-Scooter,1.76,12.39,16.93,24.09,91.4,92.9,1,36.3,31.9,26-35,0.491,Mechanical_Fault
11669,E-Bike,2.69,11.5,14.45,19.47,82.5,72.9,2,9.7,18.3,26-35,0.906,Hard_Braking
11670,E-Bike,1.02,5.52,15.59,21.25,63.4,63.2,1,8.9,19.2,18-25,0.854,Normal
11671,E-Scooter,1.52,9.71,16.01,21.67,82.4,77.8,2,13.2,3.1,18-25,0.915,Normal
11672,E-Scooter,4.03,4.86,25.0,25.59,42.4,35.4,1,9.2,25.1,26-35,0.798,Normal
11673,E-Bike,3.25,12.27,14.61,14.87,70.3,58.6,1,10.4,32.0,18-25,0.299,Improper_Parking
11674,E-Bike,2.33,12.38,8.86,11.45,26.1,19.2,0,9.7,36.9,26-35,0.926,Normal
11675,E-Bike,4.33,31.0,8.05,8.47,87.9,75.8,3,5.2,31.1,18-25,0.527,Hard_Braking
11676,E-Bike,3.66,22.65,11.31,12.69,99.0,93.2,1,7.7,26.9,18-25,0.736,Mechanical_Fault
11677,E-Scooter,2.22,9.46,15.67,18.87,78.5,78.7,4,17.0,19.4,18-25,0.658,Hard_Braking
11678,E-Scooter,0.93,2.0,18.38,25.3,29.9,35.4,2,6.4,14.6,26-35,0.795,Hard_Braking
11679,E-Bike,3.1,15.14,15.49,15.74,96.4,85.8,0,1.1,21.1,60+,0.919,Battery_Critical
11680,E-Bike,2.18,14.54,11.98,17.97,55.5,46.4,0,22.2,23.9,26-35,0.794,Normal
11681,E-Scooter,5.3,18.26,17.2,25.44,20.5,10.8,3,27.3,24.8,36-45,0.849,Hard_Braking
11682,E-Bike,0.33,2.0,11.39,19.33,74.5,78.2,1,11.1,18.1,60+,0.774,Normal
11683,E-Scooter,2.95,7.05,20.57,22.26,22.4,19.2,1,4.3,27.5,26-35,0.874,Normal
11684,E-Bike,2.08,10.68,14.66,14.84,98.9,95.0,2,2.7,37.6,26-35,0.681,Normal
11685,E-Scooter,1.15,3.18,14.29,20.65,38.2,34.3,1,4.9,20.9,18-25,0.544,Normal
11686,E-Bike,7.57,41.89,10.15,18.67,37.8,10.1,3,49.2,23.2,18-25,0.829,Battery_Critical
11687,E-Scooter,2.71,4.72,22.15,26.27,87.4,81.3,2,0.5,34.2,46-60,0.381,Improper_Parking
11688,E-Scooter,6.86,48.88,9.19,11.1,22.8,3.5,2,15.8,17.7,36-45,0.738,Battery_Critical
11689,E-Scooter,11.89,49.27,14.88,18.11,29.3,0.0,1,7.6,29.8,26-35,0.905,Battery_Critical
11690,E-Bike,1.34,2.0,13.21,19.21,82.2,72.7,3,111.9,34.2,46-60,0.73,Hard_Braking
11691,E-Scooter,3.04,10.95,19.57,24.6,88.3,81.1,2,27.9,6.1,26-35,0.863,Normal
11692,E-Scooter,0.76,2.0,17.42,24.85,47.1,45.2,1,15.7,38.5,36-45,0.808,Normal
11693,E-Bike,9.19,37.77,14.18,15.44,42.4,17.2,0,21.6,19.7,18-25,0.938,Normal
11694,E-Bike,2.6,6.89,11.72,17.96,34.0,31.0,1,16.2,29.4,18-25,0.895,Normal
11695,E-Bike,2.06,8.7,15.54,20.07,93.4,93.4,1,18.8,15.2,36-45,0.675,Mechanical_Fault
11696,E-Scooter,1.89,10.82,17.89,22.3,82.7,78.0,1,3.5,17.9,46-60,0.476,Normal
11697,E-Bike,5.68,27.54,10.8,14.39,96.4,80.8,0,5.2,28.3,18-25,0.91,Normal
11698,E-Scooter,4.56,17.48,13.88,17.52,41.7,26.7,1,4.2,29.5,18-25,0.794,Mechanical_Fault
11699,E-Scooter,1.71,7.99,17.97,19.32,69.7,60.9,0,17.4,22.4,36-45,0.807,Normal
11700,E-Scooter,1.45,7.96,19.34,20.65,53.0,44.0,3,14.1,28.4,26-35,0.981,Hard_Braking
11701,E-Scooter,8.95,29.1,19.16,28.41,43.2,17.3,0,1.3,36.3,46-60,0.56,Hard_Braking
11702,E-Bike,7.44,28.32,14.09,20.36,92.0,72.6,1,16.4,36.6,36-45,0.652,Battery_Critical
11703,E-Bike,2.9,16.94,8.48,12.07,89.6,74.6,1,14.3,7.4,18-25,0.734,Normal
11704,E-Scooter,0.37,2.0,19.75,25.52,30.0,29.1,1,27.3,35.7,36-45,0.673,Normal
11705,E-Bike,8.33,45.89,11.12,17.69,52.4,31.9,3,14.9,4.2,46-60,0.279,Improper_Parking
11706,E-Scooter,5.75,10.69,19.41,21.57,52.4,39.7,3,16.4,19.6,26-35,0.947,Battery_Critical
11707,E-Scooter,1.81,5.27,16.85,17.83,68.7,66.0,2,12.0,19.0,26-35,0.856,Hard_Braking
11708,E-Scooter,2.16,5.66,23.06,27.69,51.2,50.4,0,19.0,33.9,46-60,0.955,Normal
11709,E-Scooter,1.66,8.66,14.68,18.62,81.5,85.5,2,5.7,23.7,60+,0.739,Normal
11710,E-Bike,1.99,5.98,13.35,17.98,72.8,65.6,1,3.0,17.7,26-35,0.794,Normal
11711,E-Bike,0.4,3.59,17.58,20.6,59.6,52.7,1,6.5,17.0,18-25,0.95,Hard_Braking
11712,E-Scooter,4.09,14.36,15.22,17.79,75.9,69.0,1,10.4,24.0,36-45,0.89,Normal
11713,E-Scooter,3.32,16.74,12.82,20.87,84.1,82.1,0,0.5,29.1,18-25,0.816,Normal
11714,E-Scooter,1.94,7.99,18.72,22.63,68.6,64.0,2,0.6,18.8,18-25,0.747,Hard_Braking
11715,E-Scooter,3.51,8.24,15.69,16.22,91.8,81.6,2,10.9,38.4,18-25,0.759,Normal
11716,E-Scooter,1.05,5.51,17.28,21.82,69.4,70.0,2,52.5,14.6,18-25,0.725,Hard_Braking
11717,E-Bike,4.32,23.44,10.75,23.13,81.5,67.9,2,1.8,14.7,36-45,0.593,Normal
11718,E-Scooter,0.94,2.0,19.0,22.08,98.4,85.2,1,0.1,13.8,26-35,0.645,Normal
11719,E-Bike,0.53,2.0,11.25,18.91,51.3,44.8,1,22.6,30.6,18-25,0.782,Normal
11720,E-Scooter,4.79,9.88,22.31,32.46,60.2,43.6,1,0.6,24.9,26-35,0.902,Normal
11721,E-Scooter,8.44,39.94,14.15,15.06,49.4,21.9,4,1.2,30.6,18-25,0.543,Hard_Braking
11722,E-Scooter,1.88,4.59,17.76,24.69,56.0,45.5,0,13.3,22.5,18-25,0.547,Normal
11723,E-Scooter,2.2,2.79,16.43,22.7,86.8,73.9,1,29.2,36.6,26-35,0.773,Normal
11724,E-Scooter,0.96,8.66,9.65,14.19,81.9,79.0,2,10.1,41.5,18-25,0.833,Hard_Braking
11725,E-Scooter,0.3,2.0,18.8,24.41,63.5,61.0,0,21.3,13.7,18-25,0.965,Normal
11726,E-Scooter,3.73,9.73,19.98,21.99,36.0,20.9,0,55.8,20.4,26-35,0.917,Normal
11727,E-Scooter,4.59,14.88,21.25,21.37,35.9,24.4,1,0.2,20.7,18-25,0.694,Normal
11728,E-Scooter,2.02,8.73,15.39,19.65,69.9,61.6,1,26.2,19.7,26-35,0.824,Normal
11729,E-Bike,0.53,2.0,12.64,21.53,58.7,58.5,0,5.8,30.8,36-45,0.281,Improper_Parking
11730,E-Scooter,1.16,6.8,8.96,16.17,62.2,63.0,4,4.0,21.3,26-35,0.863,Hard_Braking
11731,E-Scooter,1.66,4.4,21.41,23.98,74.2,68.3,1,8.1,26.6,26-35,0.549,Normal
11732,E-Bike,7.54,37.78,11.61,16.4,77.0,47.6,1,42.8,20.8,18-25,0.606,Normal
11733,E-Scooter,9.04,16.98,20.79,24.1,21.9,0.0,0,27.6,27.8,26-35,0.733,Battery_Critical
11734,E-Bike,3.33,10.25,20.71,25.05,34.9,27.0,2,15.3,9.4,18-25,0.913,Hard_Braking
11735,E-Bike,3.27,21.77,8.6,10.75,97.1,94.5,3,20.6,10.1,18-25,0.922,Hard_Braking
11736,E-Scooter,2.67,16.09,14.54,22.27,75.9,73.9,2,8.7,27.4,26-35,0.672,Normal
11737,E-Bike,11.15,46.0,14.49,17.57,51.4,17.2,3,1.6,25.6,26-35,0.752,Hard_Braking
11738,E-Bike,4.14,13.82,14.81,22.47,45.4,33.3,2,2.3,22.7,26-35,0.817,Hard_Braking
11739,E-Bike,3.23,12.84,13.44,20.09,44.9,37.8,3,1.2,16.3,36-45,0.897,Hard_Braking
11740,E-Bike,4.63,24.43,10.44,16.64,95.8,76.8,2,28.0,22.0,26-35,0.362,Improper_Parking
11741,E-Scooter,2.51,8.61,14.89,18.7,33.5,33.5,1,37.1,28.3,46-60,0.766,Mechanical_Fault
11742,E-Scooter,1.59,2.24,23.9,25.92,67.5,63.7,3,1.8,19.7,26-35,0.834,Hard_Braking
11743,E-Bike,9.54,61.01,9.48,16.52,74.8,51.2,2,4.1,25.3,36-45,0.913,Hard_Braking
11744,E-Scooter,6.15,16.09,23.01,26.31,68.4,49.8,1,5.8,30.5,18-25,0.961,Normal
11745,E-Scooter,9.33,32.27,16.26,17.53,67.2,37.8,1,6.4,27.1,26-35,0.818,Improper_Parking
11746,E-Bike,0.93,6.94,12.46,21.69,36.9,35.7,2,7.8,19.7,36-45,0.649,Normal
11747,E-Scooter,2.08,13.82,11.39,18.13,40.7,26.8,2,1.5,23.5,26-35,0.658,Normal
11748,E-Bike,0.3,5.05,10.9,16.56,43.9,45.4,1,1.2,12.3,46-60,0.64,Normal
11749,E-Scooter,4.44,15.38,18.14,25.46,88.4,81.4,2,45.8,21.0,60+,0.737,Mechanical_Fault
11750,E-Bike,1.85,11.73,10.1,17.14,96.0,88.6,1,11.5,25.9,26-35,0.86,Normal
11751,E-Scooter,0.53,2.0,23.88,30.09,41.7,40.5,1,4.3,25.5,36-45,0.951,Normal
11752,E-Bike,1.52,13.17,9.61,13.39,86.5,94.3,2,36.1,16.9,26-35,0.635,Normal
11753,E-Bike,2.77,15.79,10.79,11.94,98.6,90.2,1,2.1,38.6,18-25,0.868,Normal
11754,E-Scooter,3.2,13.5,18.58,24.4,85.2,80.4,2,49.9,20.2,26-35,0.755,Normal
11755,E-Scooter,0.94,2.0,23.38,29.57,85.8,80.7,2,65.4,24.6,26-35,0.923,Normal
11756,E-Bike,3.72,23.11,11.08,16.86,45.6,34.0,0,25.6,24.0,60+,0.625,Mechanical_Fault
11757,E-Bike,3.8,9.07,14.96,20.81,57.7,55.1,0,33.0,26.4,18-25,0.919,Normal
11758,E-Bike,2.01,9.21,15.21,22.04,86.4,80.9,2,1.8,18.7,46-60,0.731,Hard_Braking
11759,E-Bike,5.31,36.82,9.13,16.65,48.4,31.6,0,0.2,27.1,26-35,0.87,Normal
11760,E-Scooter,3.97,27.66,9.88,21.96,93.9,82.7,0,10.0,24.9,46-60,0.852,Normal
11761,E-Bike,7.25,31.56,13.92,15.94,96.7,70.4,1,7.1,11.3,26-35,0.646,Normal
11762,E-Bike,1.49,5.88,15.85,25.58,76.3,70.3,0,3.3,37.4,18-25,0.797,Normal
11763,E-Bike,3.02,8.54,15.17,16.3,55.7,47.7,2,7.7,6.6,60+,0.755,Normal
11764,E-Scooter,2.38,13.49,10.42,17.59,39.8,33.7,1,1.4,14.6,36-45,0.879,Mechanical_Fault
11765,E-Scooter,3.85,12.83,14.41,19.79,72.3,57.9,1,3.4,10.2,36-45,0.869,Normal
11766,E-Bike,2.42,11.02,14.81,14.83,79.6,71.8,0,40.6,32.9,46-60,0.648,Normal
11767,E-Scooter,1.88,7.31,16.45,20.95,93.8,83.7,1,3.5,22.2,18-25,0.863,Hard_Braking
11768,E-Scooter,0.83,11.74,9.48,11.27,79.3,73.0,2,10.2,27.0,18-25,0.602,Hard_Braking
11769,E-Bike,2.91,11.92,15.63,24.86,75.5,70.9,3,0.9,19.1,18-25,0.784,Normal
11770,E-Scooter,1.55,9.38,20.41,24.04,29.5,29.7,3,1.6,26.2,36-45,0.691,Hard_Braking
11771,E-Scooter,1.17,4.89,16.27,22.17,29.6,21.7,1,35.1,13.4,26-35,0.537,Normal
11772,E-Scooter,4.97,8.86,23.8,32.91,49.3,37.7,1,5.6,27.8,18-25,0.762,Hard_Braking
11773,E-Scooter,3.62,8.87,20.9,25.31,30.7,22.1,0,25.0,24.2,18-25,0.962,Normal
11774,E-Scooter,2.24,9.81,10.84,19.01,82.7,70.6,1,1.4,24.7,26-35,0.661,Normal
11775,E-Scooter,8.45,21.98,20.3,24.59,55.5,27.9,2,35.5,11.4,26-35,0.674,Hard_Braking
11776,E-Scooter,10.97,43.04,15.54,20.89,45.5,14.2,1,11.1,29.3,18-25,0.737,Normal
11777,E-Scooter,3.51,14.54,17.72,19.6,34.5,24.4,2,17.1,16.1,36-45,0.806,Normal
11778,E-Scooter,3.33,9.89,19.67,26.01,58.7,52.8,2,24.2,39.7,26-35,0.709,Improper_Parking
11779,E-Scooter,0.8,5.22,14.71,19.61,96.9,93.9,2,2.4,30.6,26-35,0.93,Improper_Parking
11780,E-Scooter,0.43,2.0,20.89,21.66,24.5,28.2,2,12.7,19.8,36-45,0.628,Hard_Braking
11781,E-Scooter,1.34,5.13,20.01,26.3,89.2,88.1,1,32.2,15.9,36-45,0.894,Normal
11782,E-Bike,1.58,10.3,13.39,17.69,83.9,82.0,0,12.4,25.5,60+,0.926,Normal
11783,E-Scooter,5.82,18.67,15.82,19.95,52.8,31.9,3,9.7,2.5,26-35,0.826,Hard_Braking
11784,E-Scooter,4.36,7.8,20.32,28.31,54.9,47.6,1,26.5,21.1,36-45,0.409,Improper_Parking
11785,E-Bike,3.41,17.06,15.21,22.11,20.8,12.7,5,6.5,37.7,26-35,0.904,Hard_Braking
11786,E-Scooter,5.52,26.22,11.47,20.98,60.6,49.0,2,0.1,23.8,26-35,0.862,Normal
11787,E-Bike,2.95,16.46,13.76,15.13,55.2,45.5,2,14.7,33.7,46-60,0.847,Hard_Braking
11788,E-Scooter,4.8,22.6,16.34,19.15,75.8,60.6,2,2.4,28.7,18-25,0.91,Hard_Braking
11789,E-Scooter,8.35,25.61,16.27,23.77,30.0,0.0,2,83.3,14.9,18-25,0.921,Battery_Critical
11790,E-Scooter,1.33,2.63,15.43,21.01,68.5,59.3,1,9.9,22.0,18-25,0.62,Normal
11791,E-Scooter,4.81,16.67,19.86,22.75,54.3,37.2,2,9.3,28.4,26-35,0.904,Normal
11792,E-Scooter,3.82,18.6,16.36,20.62,71.8,61.6,1,9.4,26.4,26-35,0.977,Normal
11793,E-Scooter,4.26,16.44,13.42,15.55,50.8,35.9,2,14.1,13.5,36-45,0.819,Normal
11794,E-Scooter,7.62,42.0,10.72,21.75,55.6,29.7,3,40.5,42.0,18-25,0.66,Mechanical_Fault
11795,E-Bike,12.37,58.73,13.36,19.08,69.7,35.3,1,21.3,34.3,60+,0.874,Normal
11796,E-Scooter,3.44,17.75,13.8,18.49,50.3,40.4,2,27.1,24.8,26-35,0.966,Normal
11797,E-Bike,3.06,13.37,12.35,20.01,89.1,73.6,0,0.8,20.9,18-25,0.851,Mechanical_Fault
11798,E-Scooter,2.45,8.46,17.25,18.89,90.9,85.0,1,14.7,20.1,26-35,,Normal
11799,E-Bike,3.2,14.05,16.83,20.38,39.9,27.5,1,22.2,27.3,18-25,0.943,Normal
11800,E-Scooter,2.87,14.59,17.84,23.95,35.6,24.2,1,15.1,14.6,18-25,0.783,Normal
11801,E-Scooter,1.49,3.18,18.86,19.73,45.3,36.8,1,6.1,22.6,18-25,0.465,Normal
11802,E-Bike,6.63,24.11,13.97,15.59,79.7,57.0,3,8.9,8.9,18-25,0.694,Hard_Braking
11803,E-Scooter,2.1,11.53,11.94,12.27,96.5,89.1,1,40.2,42.0,18-25,0.731,Normal
11804,E-Scooter,3.03,6.11,22.73,26.58,78.9,68.7,3,23.1,42.0,46-60,0.872,Hard_Braking
11805,E-Scooter,10.69,64.71,10.16,20.19,75.8,47.4,3,18.9,20.7,18-25,0.82,Hard_Braking
11806,E-Scooter,4.18,19.11,11.85,19.61,22.6,7.4,1,52.8,23.2,60+,0.63,Battery_Critical
11807,E-Scooter,5.45,13.29,18.26,25.73,98.5,81.4,4,26.5,12.1,18-25,0.789,Hard_Braking
11808,E-Scooter,4.16,11.96,20.33,28.8,65.1,53.2,5,43.8,13.5,60+,0.521,Hard_Braking
11809,E-Scooter,0.96,2.0,17.64,21.88,59.1,56.6,0,23.0,27.7,18-25,0.621,Normal
11810,E-Bike,1.96,2.21,19.78,22.21,41.4,28.2,2,3.1,23.7,36-45,0.829,Hard_Braking
11811,E-Scooter,5.22,16.44,23.76,29.33,44.0,30.2,0,15.2,13.4,18-25,0.8,Mechanical_Fault
11812,E-Scooter,2.7,10.67,20.42,26.57,81.6,71.4,2,25.3,18.4,36-45,0.86,Normal
11813,E-Scooter,2.0,10.76,13.89,19.89,59.6,53.1,0,5.1,27.8,18-25,0.734,Normal
11814,E-Bike,3.44,15.47,12.21,16.1,56.5,53.3,0,12.2,30.2,36-45,0.91,Normal
11815,E-Scooter,0.84,2.0,16.57,20.35,48.1,38.8,1,19.2,29.1,36-45,0.869,Battery_Critical
11816,E-Bike,3.11,17.86,10.53,19.98,76.8,62.9,0,11.8,13.1,46-60,0.69,Normal
11817,E-Scooter,4.91,20.3,14.15,22.5,63.5,50.2,1,42.0,14.9,26-35,0.962,Improper_Parking
11818,E-Scooter,8.91,34.29,16.62,26.25,51.9,22.5,2,27.7,12.1,26-35,0.594,Mechanical_Fault
11819,E-Bike,2.88,8.85,11.93,19.47,93.9,85.2,4,2.0,27.2,36-45,0.827,Hard_Braking
11820,E-Bike,4.51,19.88,14.82,24.91,39.6,22.5,1,30.7,22.6,46-60,0.805,Normal
11821,E-Scooter,6.94,32.41,14.7,24.17,64.1,38.5,1,89.3,10.2,18-25,0.625,Mechanical_Fault
11822,E-Scooter,5.07,20.72,15.63,18.41,90.9,78.9,1,1.4,20.5,60+,0.984,Normal
11823,E-Scooter,0.58,2.0,23.83,29.13,23.9,20.1,0,7.4,33.8,18-25,0.808,Normal
11824,E-Scooter,1.51,2.0,20.46,26.01,99.1,91.3,2,16.6,24.4,26-35,0.607,Normal
11825,E-Bike,6.69,42.99,9.18,9.49,28.4,9.9,0,11.4,11.7,18-25,0.834,Battery_Critical
11826,E-Scooter,6.42,36.81,12.35,15.04,47.4,25.1,3,11.6,31.0,46-60,0.646,Hard_Braking
11827,E-Bike,4.42,21.1,11.91,16.35,63.9,46.2,1,9.8,23.9,46-60,0.936,Normal
11828,E-Scooter,2.26,6.46,18.59,20.61,55.2,52.5,3,4.1,17.5,18-25,0.523,Hard_Braking
11829,E-Scooter,3.98,17.35,13.9,22.64,57.3,45.8,6,10.9,35.3,36-45,0.892,Hard_Braking
11830,E-Scooter,2.11,9.15,9.35,12.9,93.6,86.7,0,20.9,24.9,26-35,0.677,Normal
11831,E-Bike,4.83,17.2,20.32,27.71,40.0,30.6,1,33.3,14.5,36-45,0.853,Hard_Braking
11832,E-Scooter,3.26,10.49,13.64,17.52,52.9,39.8,1,33.4,18.4,26-35,0.718,Normal
11833,E-Bike,2.07,8.06,11.24,16.75,78.4,68.5,1,33.2,23.0,18-25,0.939,Normal
11834,E-Bike,0.56,2.67,15.65,22.83,86.5,88.8,0,35.6,27.0,36-45,0.782,Normal
11835,E-Bike,1.53,15.39,12.29,23.74,21.5,17.2,2,18.8,29.9,26-35,0.84,Battery_Critical
11836,E-Scooter,13.6,40.45,21.58,23.11,25.8,0.0,2,15.5,15.8,18-25,0.967,Battery_Critical
11837,E-Scooter,2.92,8.81,22.18,29.39,90.2,73.3,1,34.4,21.0,36-45,0.479,Normal
11838,E-Scooter,3.56,8.89,16.73,20.48,62.0,50.0,1,5.8,28.1,46-60,,Normal
11839,E-Bike,1.39,11.09,12.23,17.05,34.8,25.6,4,10.5,27.7,18-25,0.745,Hard_Braking
11840,E-Bike,2.12,6.67,11.54,14.02,76.5,73.0,1,3.3,32.1,26-35,0.793,Normal
11841,E-Scooter,13.2,37.33,19.85,23.44,25.3,0.0,0,30.6,25.5,18-25,0.535,Battery_Critical
11842,E-Scooter,1.04,2.0,20.15,29.65,31.5,32.5,4,6.1,26.6,26-35,0.856,Hard_Braking
11843,E-Scooter,1.16,3.09,13.97,20.51,33.3,25.3,1,12.8,37.8,36-45,0.751,Normal
11844,E-Bike,2.09,9.42,15.13,16.33,64.2,61.6,1,12.8,29.3,60+,0.618,Normal
11845,E-Bike,0.92,2.0,16.32,25.65,33.0,23.7,1,22.0,12.0,26-35,0.798,Normal
11846,E-Scooter,4.48,18.03,13.25,24.61,23.4,11.4,1,7.3,28.2,36-45,0.852,Battery_Critical
11847,E-Scooter,1.78,10.53,12.53,18.12,92.2,87.3,0,36.1,26.9,26-35,0.604,Mechanical_Fault
11848,E-Scooter,6.51,40.97,11.02,19.06,97.3,77.5,0,13.5,14.6,18-25,0.84,Improper_Parking
11849,E-Bike,3.65,14.46,12.43,19.22,31.7,24.7,2,9.2,22.4,18-25,0.485,Hard_Braking
11850,E-Bike,1.35,3.86,14.58,20.59,47.2,39.8,2,36.7,32.5,18-25,0.794,Hard_Braking
11851,E-Bike,4.7,18.61,18.52,24.86,57.7,40.8,3,5.8,33.9,36-45,0.839,Hard_Braking
11852,E-Scooter,1.26,6.27,15.13,15.28,28.2,23.5,0,11.3,1.8,26-35,0.618,Normal
11853,E-Scooter,4.31,13.63,17.89,26.71,78.4,69.2,4,27.8,17.8,18-25,,Hard_Braking
11854,E-Bike,4.0,11.94,17.43,21.91,98.8,89.8,2,14.7,28.6,18-25,0.971,Normal
11855,E-Scooter,1.86,4.97,18.53,25.44,46.3,38.4,2,63.6,31.7,46-60,0.572,Normal
11856,E-Bike,2.47,7.9,14.46,15.49,60.5,55.6,0,9.1,23.5,46-60,0.489,Normal
11857,E-Scooter,4.17,16.42,18.0,24.37,37.6,25.7,3,44.4,5.4,36-45,0.74,Hard_Braking
11858,E-Scooter,1.67,9.21,15.08,21.87,95.5,86.1,1,19.4,27.1,18-25,0.887,Normal
11859,E-Scooter,0.93,6.91,18.26,18.42,58.6,52.6,0,0.5,20.7,26-35,0.956,Normal
11860,E-Bike,12.53,77.18,10.21,11.91,86.5,49.6,1,23.1,19.0,26-35,0.919,Normal
11861,E-Bike,4.37,19.55,13.29,15.54,71.5,56.1,2,24.6,31.6,18-25,0.262,Improper_Parking
11862,E-Scooter,1.58,7.63,13.85,14.57,63.7,58.4,3,19.6,25.9,18-25,0.881,Hard_Braking
11863,E-Scooter,4.68,12.26,17.29,20.5,75.6,62.3,1,0.4,15.7,36-45,0.82,Improper_Parking
11864,E-Scooter,6.1,32.83,11.95,19.25,91.5,81.0,0,7.9,24.0,36-45,0.88,Normal
11865,E-Bike,3.7,18.24,10.86,18.95,94.9,83.8,2,5.6,28.5,36-45,0.834,Improper_Parking
11866,E-Scooter,1.66,6.63,13.47,22.11,52.2,50.2,2,31.2,31.2,18-25,0.859,Mechanical_Fault
11867,E-Scooter,0.72,2.0,12.02,12.92,37.7,33.9,1,3.1,26.6,36-45,0.852,Normal
11868,E-Scooter,1.56,5.68,12.75,23.76,66.3,61.8,1,50.4,18.7,36-45,0.824,Normal
11869,E-Scooter,8.36,18.95,21.39,23.3,70.9,42.4,3,25.0,18.8,18-25,0.918,Normal
11870,E-Scooter,2.17,3.3,30.77,38.46,68.8,60.5,0,5.8,42.0,18-25,0.774,Normal
11871,E-Scooter,5.1,28.68,9.54,12.03,40.2,31.2,2,10.7,24.7,46-60,0.567,Normal
11872,E-Bike,6.7,21.51,17.58,20.11,36.0,14.7,1,31.4,24.7,26-35,0.72,Mechanical_Fault
11873,E-Bike,10.47,42.66,14.44,20.36,87.2,55.5,5,17.5,34.6,26-35,0.717,Hard_Braking
11874,E-Bike,3.19,27.68,6.56,14.58,92.6,76.0,3,6.0,26.2,26-35,0.869,Hard_Braking
11875,E-Bike,1.32,9.51,18.56,27.02,74.0,72.5,2,3.3,10.8,18-25,0.755,Normal
11876,E-Scooter,2.22,13.86,9.89,24.82,61.9,56.8,0,13.4,16.3,36-45,0.744,Normal
11877,E-Scooter,1.88,5.42,22.93,29.99,41.4,37.0,1,3.9,24.9,36-45,0.867,Normal
11878,E-Scooter,2.86,4.04,19.82,20.12,63.2,57.2,2,0.8,25.7,18-25,0.825,Hard_Braking
11879,E-Scooter,4.0,22.41,12.29,17.47,89.7,84.3,0,13.1,22.0,26-35,0.573,Normal
11880,E-Bike,3.7,19.81,11.52,15.84,35.4,23.4,2,70.8,28.4,18-25,0.498,Hard_Braking
11881,E-Bike,4.0,19.11,14.56,19.2,41.9,33.8,1,40.3,17.1,46-60,0.892,Normal
11882,E-Scooter,4.5,26.01,11.94,14.57,80.4,68.0,0,19.0,16.8,26-35,0.893,Normal
11883,E-Bike,1.97,13.79,9.91,14.07,85.8,79.1,0,0.1,22.2,18-25,0.576,Normal
11884,E-Scooter,4.91,25.79,13.89,17.14,75.9,66.7,2,28.4,30.9,26-35,0.662,Mechanical_Fault
11885,E-Bike,6.28,25.34,15.7,23.58,63.4,42.1,1,5.5,9.6,26-35,0.974,Normal
11886,E-Bike,7.86,35.99,12.04,16.28,73.6,59.6,1,23.8,16.8,26-35,0.92,Normal
11887,E-Bike,3.91,12.93,17.77,26.78,83.6,72.0,2,4.0,31.1,36-45,0.905,Normal
11888,E-Scooter,2.48,2.44,19.14,27.07,35.5,35.4,1,3.3,14.8,26-35,0.917,Normal
11889,E-Scooter,5.4,14.6,19.92,30.06,74.4,53.8,1,8.0,28.6,26-35,0.705,Normal
11890,E-Scooter,6.16,21.57,16.42,25.88,82.9,72.3,1,31.1,22.0,36-45,0.396,Improper_Parking
11891,E-Bike,0.89,2.12,15.28,21.98,33.4,33.6,2,19.3,16.3,18-25,0.951,Mechanical_Fault
11892,E-Scooter,3.24,11.85,18.2,26.34,42.1,32.2,1,22.3,31.7,18-25,0.73,Normal
11893,E-Bike,2.07,21.5,6.8,11.41,68.6,68.6,3,20.0,20.9,18-25,0.696,Mechanical_Fault
11894,E-Bike,5.32,32.28,11.13,19.55,21.2,5.2,1,18.4,19.8,26-35,0.803,Battery_Critical
11895,E-Scooter,3.41,8.59,22.39,26.51,76.8,64.8,1,20.5,19.4,18-25,0.743,Normal
11896,E-Scooter,1.04,3.4,12.31,18.58,59.3,62.1,3,2.5,36.0,36-45,0.932,Normal
11897,E-Scooter,2.45,6.17,19.54,24.51,20.7,9.3,1,0.3,5.6,36-45,0.387,Improper_Parking
11898,E-Bike,1.22,7.38,15.56,22.4,49.4,58.3,2,1.2,31.9,26-35,0.773,Hard_Braking
11899,E-Bike,3.31,14.75,10.58,15.26,40.5,27.4,0,24.6,26.5,36-45,0.885,Normal
11900,E-Scooter,5.88,23.21,15.29,16.06,58.7,39.4,2,8.5,35.9,18-25,0.594,Hard_Braking
11901,E-Scooter,0.96,2.97,16.75,19.94,26.3,21.9,0,0.1,17.9,18-25,0.978,Normal
11902,E-Scooter,1.88,12.15,12.47,17.07,99.1,93.5,0,0.9,24.1,,0.85,Normal
11903,E-Scooter,2.32,6.55,14.76,23.21,39.2,32.8,1,7.9,23.8,36-45,0.918,Hard_Braking
11904,E-Scooter,4.61,11.81,20.0,23.41,88.0,70.8,2,8.3,25.8,18-25,0.488,Normal
11905,E-Scooter,2.88,9.51,22.87,28.64,60.6,44.7,3,31.0,21.2,18-25,0.726,Hard_Braking
11906,E-Bike,2.43,13.38,14.72,19.47,44.0,36.7,1,6.7,33.2,18-25,0.638,Normal
11907,E-Scooter,0.74,4.52,9.36,14.14,43.5,39.9,2,11.2,33.7,26-35,0.96,Hard_Braking
11908,E-Scooter,2.45,13.58,10.32,14.33,90.3,79.2,1,39.2,35.7,60+,0.633,Normal
11909,E-Scooter,2.44,5.94,20.95,32.48,25.8,21.0,0,16.1,9.0,46-60,0.828,Improper_Parking
11910,E-Bike,2.33,12.59,17.81,27.51,85.7,75.1,1,1.6,18.2,26-35,0.908,Normal
11911,E-Scooter,3.0,9.02,19.42,25.0,60.5,54.4,2,19.4,13.1,26-35,0.625,Normal
11912,E-Bike,11.37,39.05,17.61,21.23,85.0,48.8,3,14.4,29.6,18-25,0.827,Normal
11913,E-Bike,2.11,2.91,18.16,19.9,78.0,72.3,0,15.3,18.0,18-25,0.282,Improper_Parking
11914,E-Scooter,0.44,2.0,15.93,23.69,63.5,63.7,4,2.6,19.2,26-35,0.801,Hard_Braking
11915,E-Scooter,0.62,2.0,18.18,31.4,89.4,83.4,1,4.3,28.0,26-35,0.485,Normal
11916,E-Bike,0.49,5.54,18.1,21.56,92.7,95.1,0,12.6,18.3,26-35,0.75,Normal
11917,E-Bike,4.76,24.02,13.81,14.77,69.1,56.5,2,7.0,28.9,36-45,0.704,Hard_Braking
11918,E-Bike,2.42,11.78,11.89,14.07,35.2,27.8,0,13.3,33.3,46-60,0.879,Normal
11919,E-Scooter,3.35,3.39,17.41,25.3,37.1,21.8,1,21.4,12.8,36-45,0.654,Normal
11920,E-Bike,6.59,46.61,8.62,14.84,69.2,46.0,2,7.9,29.5,46-60,0.864,Normal
11921,E-Scooter,3.01,13.97,18.18,23.19,44.6,36.4,1,42.5,24.9,46-60,0.785,Normal
11922,E-Scooter,3.65,21.02,12.12,18.78,90.1,83.2,0,62.8,35.1,36-45,0.41,Improper_Parking
11923,E-Scooter,5.11,7.68,21.8,23.73,56.2,40.3,0,5.4,40.4,26-35,0.788,Normal
11924,E-Scooter,4.11,16.75,14.71,17.97,56.3,41.9,2,27.7,27.9,36-45,0.715,Battery_Critical
11925,E-Scooter,3.1,15.43,15.8,24.33,95.1,78.1,1,21.0,16.2,46-60,0.53,Normal
11926,E-Bike,1.85,8.96,12.13,20.1,99.6,93.6,2,16.1,20.4,18-25,0.776,Hard_Braking
11927,E-Scooter,6.04,27.21,14.08,14.87,44.9,22.4,0,36.6,32.2,36-45,0.854,Normal
11928,E-Scooter,2.35,7.53,24.52,34.67,26.0,21.2,2,65.7,23.6,36-45,0.758,Hard_Braking
11929,E-Bike,4.23,12.57,19.9,23.45,60.7,49.1,0,23.9,38.5,26-35,0.555,Normal
11930,E-Bike,2.13,7.72,11.88,15.17,37.8,34.0,3,0.1,26.2,26-35,0.602,Hard_Braking
11931,E-Scooter,4.81,23.04,15.46,23.13,60.1,43.3,0,12.1,19.8,18-25,0.728,Normal
11932,E-Bike,2.65,7.99,12.84,21.88,78.2,63.5,2,4.0,1.1,46-60,0.785,Hard_Braking
11933,E-Scooter,6.09,19.34,18.77,19.96,33.8,15.0,2,27.1,32.0,18-25,0.886,Mechanical_Fault
11934,E-Bike,0.3,2.0,14.21,24.52,22.7,23.7,4,41.6,28.0,46-60,0.841,Hard_Braking
11935,E-Bike,2.31,9.29,17.34,22.51,74.0,70.5,1,4.3,12.6,26-35,0.776,Normal
11936,E-Bike,7.12,30.16,12.65,14.99,37.9,24.6,2,61.1,30.8,36-45,0.89,Improper_Parking
11937,E-Bike,5.35,18.07,19.52,25.58,49.6,29.4,4,16.4,20.4,18-25,0.759,Hard_Braking
11938,E-Scooter,1.44,5.6,18.09,20.46,36.2,35.0,0,15.8,25.8,46-60,0.613,Normal
11939,E-Scooter,3.91,11.85,20.01,26.4,87.6,77.0,2,15.6,17.2,18-25,0.633,Normal
11940,E-Scooter,1.73,14.49,11.25,17.04,25.1,18.1,0,0.6,20.4,36-45,0.694,Normal
11941,E-Scooter,5.67,21.27,18.53,20.58,36.6,17.9,1,28.0,15.3,26-35,0.791,Normal
11942,E-Scooter,2.39,7.17,18.18,24.28,45.4,38.4,2,13.3,17.3,46-60,0.759,Normal
11943,E-Bike,2.95,6.37,15.15,16.03,50.3,40.3,0,33.2,33.6,26-35,0.798,Normal
11944,E-Scooter,4.24,15.26,18.31,32.67,67.1,52.2,2,37.5,41.3,60+,0.859,Hard_Braking
11945,E-Scooter,3.35,16.46,11.98,18.34,25.6,13.8,3,24.5,17.7,18-25,0.918,Battery_Critical
11946,E-Scooter,0.96,2.0,22.41,25.75,32.9,29.5,0,0.5,27.0,36-45,0.439,Improper_Parking
11947,E-Scooter,2.84,9.62,13.41,18.36,45.0,34.5,0,11.7,25.9,26-35,0.703,Normal
11948,E-Bike,1.99,8.22,12.02,16.79,86.5,78.0,5,1.2,31.7,26-35,0.378,Improper_Parking
11949,E-Bike,4.57,15.73,12.84,19.56,25.9,17.8,2,40.3,29.7,46-60,0.878,Mechanical_Fault
11950,E-Scooter,2.82,7.72,18.01,19.87,69.7,62.5,3,10.2,27.7,36-45,0.696,Normal
11951,E-Bike,0.86,2.0,12.61,17.66,83.6,82.6,2,14.0,30.2,26-35,0.586,Mechanical_Fault
11952,E-Scooter,2.05,9.2,13.87,21.19,54.8,44.4,4,0.6,18.7,18-25,0.748,Battery_Critical
11953,E-Scooter,1.9,9.93,13.16,17.3,80.8,74.6,2,25.1,14.6,18-25,0.853,Hard_Braking
11954,E-Bike,1.97,7.51,14.1,14.36,80.2,71.3,1,20.4,27.7,26-35,0.849,Improper_Parking
11955,E-Scooter,6.93,19.49,20.36,26.39,88.8,67.0,2,10.8,23.0,36-45,0.45,Normal
11956,E-Bike,1.43,6.46,13.63,19.6,94.6,87.6,4,21.9,24.0,18-25,0.519,Hard_Braking
11957,E-Bike,1.61,12.48,10.78,16.49,85.7,82.7,2,36.5,29.9,46-60,0.591,Normal
11958,E-Scooter,4.06,28.6,9.44,16.44,48.8,39.2,1,17.1,18.1,36-45,0.915,Normal
11959,E-Scooter,6.72,39.52,10.31,16.81,48.0,28.5,0,5.8,16.2,26-35,0.814,Normal
11960,E-Bike,7.49,80.0,5.0,12.81,47.7,16.0,1,34.8,27.8,36-45,0.794,Hard_Braking
11961,E-Scooter,3.36,6.87,23.29,26.0,36.2,26.4,1,36.9,35.2,26-35,0.636,Improper_Parking
11962,E-Scooter,2.32,12.98,14.88,28.37,93.7,87.8,2,62.2,15.9,46-60,0.843,Normal
11963,E-Bike,2.73,9.51,17.26,20.95,87.4,75.7,2,52.8,24.0,46-60,0.815,Normal
11964,E-Bike,1.12,6.02,14.32,17.64,63.8,55.8,1,5.9,17.7,46-60,0.644,Normal
11965,E-Bike,9.57,48.94,12.41,15.15,73.0,43.3,2,1.7,16.5,26-35,0.696,Hard_Braking
11966,E-Scooter,2.14,6.85,21.3,25.62,37.5,31.0,1,27.1,26.7,36-45,0.671,Normal
11967,E-Scooter,7.23,34.02,12.75,15.08,37.7,17.8,1,0.7,30.2,36-45,0.815,Normal
11968,E-Scooter,0.92,5.05,11.72,17.89,53.2,48.6,0,0.3,28.5,26-35,0.45,Normal
11969,E-Scooter,5.74,13.53,24.02,26.82,52.0,36.0,0,1.1,17.8,26-35,0.689,Normal
11970,E-Bike,2.54,13.27,10.27,13.46,87.5,80.1,0,20.8,20.8,36-45,0.759,Battery_Critical
11971,E-Scooter,4.67,19.76,15.08,23.13,38.7,24.9,1,32.5,18.2,60+,0.772,Improper_Parking
11972,E-Scooter,2.65,20.67,8.08,10.45,64.1,62.9,1,8.3,19.3,18-25,0.922,Normal
11973,E-Bike,3.75,23.43,9.86,14.55,88.8,79.5,1,22.6,28.8,46-60,0.883,Normal
11974,E-Bike,1.08,4.3,19.3,24.89,72.8,69.9,3,7.6,21.2,36-45,0.748,Hard_Braking
11975,E-Scooter,7.18,29.03,16.71,21.76,22.1,0.0,4,13.5,22.1,36-45,0.87,Battery_Critical
11976,E-Bike,4.88,24.8,16.47,25.59,31.6,16.6,0,14.3,27.1,18-25,0.867,Normal
11977,E-Scooter,7.56,26.87,15.68,19.53,42.5,18.5,1,44.5,34.1,18-25,0.781,Mechanical_Fault
11978,E-Bike,3.9,22.04,12.85,19.34,51.0,40.4,2,33.5,31.1,36-45,0.792,Hard_Braking
11979,E-Scooter,4.3,14.16,20.2,21.17,85.0,73.5,0,37.5,17.3,36-45,0.746,Normal
11980,E-Bike,3.77,22.69,12.42,19.4,99.0,80.4,1,3.0,25.7,60+,0.438,Battery_Critical
11981,E-Bike,0.3,2.0,15.98,19.45,26.3,26.0,3,16.0,21.4,26-35,0.753,Hard_Braking
11982,E-Scooter,2.31,5.97,17.54,23.2,91.1,79.6,1,3.9,26.3,26-35,0.789,Normal
11983,E-Bike,3.94,14.46,15.59,23.64,20.4,10.6,1,19.1,25.3,18-25,0.542,Battery_Critical
11984,E-Bike,7.56,28.81,12.85,21.48,88.2,67.5,1,2.6,22.2,26-35,0.884,Improper_Parking
11985,E-Scooter,6.37,27.21,15.97,16.32,69.4,50.8,0,6.7,35.8,36-45,0.955,Normal
11986,E-Scooter,12.97,48.28,14.86,20.34,28.4,0.0,1,19.5,18.9,18-25,0.792,Battery_Critical
11987,E-Bike,1.84,12.96,11.31,11.75,85.1,77.0,0,41.8,24.1,36-45,0.933,Normal
11988,E-Bike,0.7,3.04,12.75,17.64,43.1,41.6,0,24.0,20.3,26-35,0.505,Normal
11989,E-Bike,1.14,2.0,12.62,13.64,54.2,46.1,1,34.0,42.0,18-25,0.859,Normal
11990,E-Scooter,5.94,25.75,18.57,20.25,32.4,16.2,0,19.5,12.7,36-45,0.672,Normal
11991,E-Scooter,4.06,25.4,11.42,16.63,85.4,78.3,0,29.4,5.7,46-60,0.768,Normal
11992,E-Scooter,2.55,6.16,16.35,20.89,77.4,70.0,3,4.1,13.1,26-35,0.76,Hard_Braking
11993,E-Scooter,2.18,9.01,19.89,25.88,63.8,51.9,1,6.0,17.2,36-45,0.836,Normal
11994,E-Scooter,0.87,2.0,14.45,19.04,68.8,65.5,4,7.7,23.4,26-35,0.821,Hard_Braking
11995,E-Bike,2.03,26.06,5.3,14.79,62.4,56.1,0,41.3,15.9,18-25,0.874,Improper_Parking
11996,E-Bike,2.65,9.36,13.66,19.77,27.8,20.9,3,7.8,16.1,18-25,0.708,Hard_Braking
11997,E-Bike,1.7,13.79,9.33,18.71,42.7,40.3,3,3.8,19.0,26-35,0.87,Hard_Braking
11998,E-Scooter,5.11,15.4,14.0,21.56,26.5,17.7,0,3.6,21.3,18-25,0.824,Normal
11999,E-Bike,0.55,2.15,14.7,17.08,72.8,66.2,0,37.9,17.3,36-45,0.855,Normal
12000,E-Scooter,1.94,6.1,20.58,21.24,37.3,32.5,0,6.0,31.5,26-35,0.537,Normal
12001,E-Scooter,5.7,25.63,17.57,21.14,47.1,26.3,1,54.7,19.9,36-45,0.774,Normal
12002,E-Bike,1.93,13.26,9.89,16.81,24.4,23.7,1,85.6,38.9,46-60,0.627,Battery_Critical
12003,E-Scooter,4.04,7.33,23.0,27.99,39.4,34.1,0,10.5,17.2,18-25,0.494,Normal
12004,E-Scooter,6.0,24.13,16.57,25.45,51.1,35.3,1,34.1,13.9,26-35,0.895,Normal
12005,E-Scooter,0.42,2.0,23.79,29.5,45.2,43.2,1,21.4,20.4,46-60,0.794,Hard_Braking
12006,E-Bike,4.32,11.15,16.28,25.96,75.6,72.4,3,3.9,41.6,36-45,0.896,Hard_Braking
12007,E-Scooter,1.74,4.33,21.79,22.5,84.8,78.2,1,1.2,34.4,36-45,0.413,Improper_Parking
12008,E-Scooter,3.35,18.96,13.28,13.84,96.0,83.8,2,25.2,11.0,18-25,0.787,Mechanical_Fault
12009,E-Scooter,4.16,15.77,14.2,15.32,82.9,67.9,1,46.5,24.3,26-35,0.743,Hard_Braking
12010,E-Scooter,5.25,10.84,21.31,24.77,81.4,65.1,2,9.4,28.6,26-35,0.698,Hard_Braking
12011,E-Scooter,4.5,10.83,22.61,22.93,54.8,37.7,2,36.4,23.7,18-25,0.698,Hard_Braking
12012,E-Scooter,6.08,32.69,13.36,14.46,37.8,19.2,0,28.9,26.8,36-45,0.751,Normal
12013,E-Bike,5.95,21.12,15.67,20.25,95.1,79.4,1,36.1,27.6,18-25,0.658,Hard_Braking
12014,E-Scooter,4.4,12.26,19.99,25.23,88.6,71.1,2,33.7,26.5,18-25,0.749,Mechanical_Fault
12015,E-Scooter,9.77,39.56,14.83,22.4,28.1,0.0,3,27.8,31.4,26-35,0.87,Battery_Critical
12016,E-Bike,0.86,5.87,11.29,16.75,52.5,50.8,0,37.9,25.3,26-35,0.806,Normal
12017,E-Scooter,4.75,15.92,13.51,22.51,25.7,8.3,0,26.3,17.3,26-35,0.489,Battery_Critical
12018,E-Bike,2.08,17.59,9.23,17.01,86.2,83.3,1,6.5,26.7,18-25,0.548,Normal
12019,E-Bike,3.27,16.89,14.04,17.66,95.2,81.1,2,5.9,21.3,18-25,0.612,Mechanical_Fault
12020,E-Scooter,1.76,4.33,18.64,22.32,49.0,41.9,0,2.4,17.4,36-45,0.74,Normal
12021,E-Scooter,0.64,2.18,14.71,20.1,37.7,38.5,1,5.2,17.8,18-25,0.834,Improper_Parking
12022,E-Scooter,4.12,13.52,16.76,24.44,41.0,31.5,1,13.4,28.4,18-25,0.915,Normal
12023,E-Scooter,7.72,34.64,14.45,19.31,76.0,46.7,2,4.7,24.2,26-35,0.687,Normal
12024,E-Scooter,5.53,25.08,13.2,18.29,78.6,65.2,0,14.5,28.6,26-35,0.917,Normal
12025,E-Scooter,0.68,2.0,14.83,17.33,65.1,62.1,0,17.1,19.5,26-35,0.764,Normal
12026,E-Scooter,2.53,4.72,17.32,21.85,25.0,24.6,1,4.8,10.7,36-45,0.848,Normal
12027,E-Bike,0.81,2.0,12.71,14.35,26.3,20.4,1,7.6,23.5,60+,0.764,Normal
12028,E-Scooter,3.29,17.88,10.06,16.14,27.8,22.8,0,34.5,8.9,18-25,0.856,Normal
12029,E-Bike,1.56,9.55,6.7,7.27,69.0,60.4,1,8.3,5.2,60+,0.501,Mechanical_Fault
12030,E-Scooter,7.45,24.97,16.67,23.6,28.2,0.0,0,59.1,18.5,18-25,0.909,Battery_Critical
